time,flux,flux_err,centroid_col,centroid_row,cadenceno,quality
1468.3081191677181,0.9952212261013748,0.0007818182427820361,778.3929831834769,1678.0073247216583,11560,0
1468.3289526786975,0.9966192833112277,0.0007819807633906109,778.3932574006528,1678.0062621794207,11561,0
1468.3497861882793,0.9946562339525232,0.0007823377230696243,778.3924673390939,1678.007789782911,11562,0
1468.3706196964645,0.9976768819254933,0.0007825778436084192,778.3920897102315,1678.005466692271,11563,0
1468.4122867100414,0.9962624524773814,0.0007815509476261679,778.3926857895976,1678.0044414486458,11565,0
1468.4331202149676,0.9978915801414883,0.000782050164082921,778.3922222930547,1678.00541993719,11566,0
1468.4539537189612,0.9976820994519714,0.0007815953406428523,778.3927637645996,1678.0047833229733,11567,0
1468.474787221558,0.9973271277367551,0.0007815185606364231,778.3924264893221,1678.0036262366882,11568,0
1468.4956207232249,0.99804348812504,0.0007817764266686948,778.3914343180099,1678.0032074114959,11569,0
1468.5164542234947,0.9988992224390154,0.0007822929200910442,778.3917582023297,1678.0036997380496,11570,0
1468.537287722832,0.9957844790747334,0.000781589366912375,778.3918371708137,1678.0042227545032,11571,0
1468.558121220772,0.9959494008886961,0.0007818981267856744,778.3915895691529,1678.0044820543876,11572,0
1468.578954717782,0.9983511422725411,0.0007821231373003207,778.391302129131,1678.0042794119556,11573,0
1468.5997882133945,0.9987376590329007,0.0007824068894979943,778.3906981836692,1678.0039895884768,11574,0
1468.6206217080758,0.9965707663121385,0.0007819010550849279,778.392404327016,1678.0043265639476,11575,0
1468.6414552018255,0.9983763303314009,0.0007819620222753878,778.3915075371104,1678.0034248623247,11576,0
1468.6622886941777,1.0012784744845928,0.0007824930986280202,778.3909599665001,1678.0032193578256,11577,0
1468.6831221851337,0.9987405976397676,0.0007821042204871425,778.3923134069528,1678.0034774792705,11578,0
1468.7039556756245,0.9972567211150853,0.0007816404364513577,778.3912670712602,1678.0036812225908,11579,0
1468.7247891642521,0.9962354052998915,0.0007817558114419494,778.391630700129,1678.003668378026,11580,0
1468.7456226519478,0.9980272358299186,0.0007835858813434775,778.3922174508837,1678.0040313329675,11581,0
1468.7664561387128,0.9993884105250127,0.0007826347111799241,778.3921852412512,1678.0042779576277,11582,0
1468.7872896245462,0.9996964844734948,0.000782390373890204,778.392257587087,1678.0041449279963,11583,0
1468.8081231089827,0.9978287299374763,0.0007822966683140889,778.3912021009819,1678.00397855396,11584,0
1468.8289565920231,0.9981597130252071,0.0007823948834710546,778.3925260382464,1678.0036595804393,11585,0
1468.8497900741309,0.9999994608386363,0.0007822683223773141,778.3920210723414,1678.0022593588533,11586,0
1468.8706235553072,0.998974906558732,0.000781974438264223,778.3922991367239,1678.003191086134,11587,0
1468.8914570350878,1.0022989506978246,0.000782770584265291,778.3917264880898,1678.002271076636,11588,0
1468.9122905139366,1.000329004608718,0.000782230840146868,778.3908821952855,1678.0031936497328,11589,0
1468.9331239918533,1.0018276341393038,0.0007827675974000525,778.3922250211358,1678.002683173653,11590,0
1468.9539574683736,0.9983359694656566,0.0007822357011236289,778.392698091951,1678.0039249442132,11591,0
1468.9747909439627,1.0001361960153035,0.0007828810982791217,778.3907869527163,1678.003317971784,11592,0
1468.9956244181549,0.999096588871652,0.0007825069202004972,778.392202215324,1678.0032380578377,11593,0
1469.0164578914162,0.999135330505041,0.0007824089978734569,778.3920695604481,1678.0030603228363,11594,0
1469.0372913632793,1.0005799256522159,0.0007828444945384518,778.3921646530246,1678.0031649613695,11595,0
1469.058124834211,0.9995836779527445,0.000782331749339147,778.3923297624989,1678.0026856029167,11596,0
1469.0789583042128,1.001775039073542,0.0007827978174483495,778.3924040228947,1678.0033392044236,11597,0
1469.0997917728178,0.9998429950158624,0.0007822621729488815,778.3920449017661,1678.0032634754782,11598,0
1469.1206252404904,1.0017912913686633,0.0007826900560358171,778.3923492901915,1678.0018460963395,11599,0
1469.1414587067663,1.0014592287926958,0.0007830690365252177,778.3918380907575,1678.0023703114427,11600,0
1469.1622921725766,1.0003876568029197,0.0007825951205740155,778.3916416412366,1678.0024885263394,11601,0
1469.1831256365233,1.0014613877691694,0.0007833141351727437,778.391472847806,1678.0024018839433,11602,0
1469.2039591000052,1.0017740195568738,0.0007832204295966286,778.3915747088492,1678.0025809624453,11603,0
1469.224792562091,1.0022029961878827,0.0007833977088334414,778.3910605248622,1678.0021313513603,11604,0
1469.2456260227787,1.0026542822424531,0.0007832327870194788,778.3916796315914,1678.0029847002722,11605,0
1469.2664594825346,1.0026613588875612,0.000783784068636961,778.3922631593979,1678.0026520064514,11606,0
1469.2872929413597,1.001110014348076,0.0007831347475604684,778.39253553846,1678.0012342335838,11607,0
1469.3081263992538,1.0028521284476395,0.0007829970589295643,778.3922523910088,1678.0025223523462,11608,0
1469.3289598557508,1.0043108768850306,0.0007835751052022243,778.3918444095615,1678.0016192909543,11609,0
1469.3497933108515,1.003574186134952,0.0007833571226057866,778.3912431291019,1678.0020868776041,11610,0
1469.370626765485,1.0031529458363073,0.0007834681051474979,778.3914204754764,1678.002824234708,11611,0
1469.3914602187217,1.003134354650006,0.0007834591445517819,778.3923780142587,1678.0023591997276,11612,0
1469.4122936705626,1.0044847944343003,0.0007838061480133332,778.3912823949138,1678.00205449204,11613,0
1469.4331271219373,1.0046933755502865,0.0007842737974041327,778.3926351214404,1678.001749337112,11614,0
1469.453960571915,1.005774662934194,0.0007844683536065416,778.3922062138234,1678.0022235874128,11615,0
1469.4747940204957,1.003661564710568,0.0007834888960721984,778.3917701797686,1678.0019812135915,11616,0
1469.4956274681444,1.006251378426581,0.0007835059173340478,778.3911806158399,1678.0011503821052,11617,0
1469.5164609148624,1.0062440099435286,0.0007835509519465676,778.39155793339,1678.001671397961,11618,0
1469.5372943606499,1.0033488842492189,0.0007826274941861608,778.3915905494989,1678.0014041500613,11619,0
1469.5581278050397,1.0041589525524026,0.0007823946522307234,778.3920811006188,1678.0012054698393,11620,0
1469.5789612484982,1.0041954206775723,0.0007824498759619192,778.3915730048379,1678.000341717564,11621,0
1469.5997946905595,1.0032320209379086,0.0007827246188890568,778.3908683826045,1678.0022291790044,11622,0
1469.620628131689,1.0044492950239512,0.0007821364155437443,778.3906824163503,1678.0008292782525,11623,0
1469.6414615718877,1.0018226013528386,0.0007816234887859925,778.3912079503691,1678.0017458405587,11624,0
1469.6622950106903,1.00006782842697,0.0007807737251346434,778.3915876424638,1678.0019572778772,11625,0
1469.6831284485615,1.0028535096242224,0.0007811685617737191,778.3912450023187,1678.0010705483778,11626,0
1469.7039618855001,1.0035923611089492,0.0007813134637458416,778.3907447479821,1678.0005139348432,11627,0
1469.7247953215071,1.0023705435727583,0.0007805778376866133,778.391591604925,1678.001688878024,11628,0
1469.7456287561188,1.003787070269625,0.0007805772352237991,778.3909055945871,1678.000219957464,11629,0
1469.7664621893327,1.0021764830792834,0.0007800230215876801,778.3910886494929,1678.0005426617417,11630,0
1469.7872956220808,1.0031376252354032,0.0007802899656526236,778.3916810492395,1678.000926685952,11631,0
1469.8081290534328,1.0016742636542422,0.0007799333919404589,778.390756569031,1678.0007609016434,11632,0
1469.8289624838521,1.0013953205002615,0.000779732813661549,778.3909153589428,1678.0014155419176,11633,0
1469.8497959128742,1.0015216159932745,0.0007796838401403166,778.3912401936882,1678.0013967031616,11634,0
1469.8706293409664,1.0031417131082065,0.0007798375655944667,778.389898398011,1677.9998705887342,11635,0
1469.8914627681268,1.0008871852200885,0.0007794914532436774,778.3900858003483,1678.000840324398,11636,0
1469.9122961938901,1.001295496359435,0.0007788034082684122,778.3906172788031,1678.0004434942566,11637,0
1469.933129618722,1.0012101016767367,0.000778355569130815,778.3906748581531,1678.0007388195027,11638,0
1469.953963042622,1.0024861902044653,0.0007789190578721295,778.3909010921005,1677.9999997830762,11639,0
1469.9747964655915,1.0018407368182347,0.0007784378386945924,778.3905345048898,1677.9997725576138,11640,0
1469.9956298871643,1.0016103373202918,0.0007783028197402484,778.3907948583239,1678.0006574663794,11641,0
1470.0164633078055,1.0007901348399149,0.0007783083733534212,778.3907480944363,1678.0013336749,11642,0
1470.0372967270496,1.0013758170094051,0.0007782612488892204,778.3908711194973,1678.0003403735711,11643,0
1470.0581301453622,0.9934642767364208,0.0007763572447847246,778.3910713688483,1678.000741701169,11644,0
1470.078963562743,0.9899038337917696,0.0007750897699519249,778.3906579973816,1678.0000007740277,11645,0
1470.099796979193,0.9901986557054865,0.0007748990700503627,778.3908144032307,1677.9997546859972,11646,0
1470.1206303942467,0.9900835556871814,0.0007746807335746425,778.3901721763153,1677.9999654024289,11647,0
1470.1414638083686,0.990612368776744,0.0007746112189173582,778.3914735720393,1678.0002483505914,11648,0
1470.1622972215591,0.9925587153324802,0.0007748430849755859,778.3906320109729,1677.999716902682,11649,0
1470.1831306333524,0.9934111042831154,0.000775053911638693,778.390950111866,1677.998984300576,11650,0
1470.203964044214,0.9929621286936724,0.0007744390411581577,778.3902289650739,1677.9997848179744,11651,0
1470.2247974541447,0.9945855961655788,0.0007747480949794035,778.3910698432425,1678.0005153228396,11652,0
1470.2456308626793,0.9995836767501085,0.0007760921338405487,778.3903882772405,1677.9998548562535,11653,0
1470.2664642702825,1.0000945805860604,0.0007759609716926549,778.3905016155417,1677.9995752674647,11654,0
1470.2872976769536,0.999903699612942,0.0007759115595202629,778.3893458289339,1677.9996043702047,11655,0
1470.3081310826929,0.9997842918663918,0.0007755625246228888,778.3898884062362,1677.999084458757,11656,0
1470.3289644870358,0.9990744056320716,0.0007753221251872059,778.3910482110682,1677.9997408689055,11657,0
1470.3497978904475,0.9989463363444683,0.0007751865081235254,778.3897009525956,1677.9988851441642,11658,0
1470.370631292462,0.9998044949489244,0.0007746357502722269,778.3899317868257,1677.9983182209505,11659,0
1470.3914646940116,0.9991769784509217,0.0007747031751678254,778.3904369454151,1677.9988120363632,11660,0
1470.4122980941634,1.0000635728413223,0.0007747527206641613,778.3900993060527,1677.999111939374,11661,0
1470.4331314929177,0.999314583385361,0.0007747815907320744,778.3904253826645,1677.9994319344064,11662,0
1470.4539648912069,0.9988016948009394,0.000775145013882044,778.3900514083202,1677.9985134897222,11663,0
1470.4747982880992,0.9995333993396504,0.0007750283458203987,778.3892348859621,1677.9985556556296,11664,0
1470.4956316840603,1.0001074055221186,0.0007748086854575919,778.3902265583018,1677.9991469670929,11665,0
1470.516465078625,1.0000757426726623,0.0007747621220581013,778.3899785152623,1677.998987376243,11666,0
1470.5372984727233,0.9989016539628656,0.0007743753607266361,778.3900615231462,1677.9989704852271,11667,0
1470.558131865424,1.0004700364563943,0.0007745090972326873,778.3893400103397,1677.9980356054218,11668,0
1470.5789652567282,1.000804234880402,0.0007742512578036635,778.3902812039489,1677.998119339524,11669,0
1470.599798647567,0.9992876151219744,0.0007738086907346013,778.3894535559243,1677.9978323076405,11670,0
1470.6206320370088,0.9995038538010116,0.0007738860372536344,778.3902622788846,1677.9985664606393,11671,0
1470.64146542552,1.0004663761285013,0.0007741447679078898,778.3903626718371,1677.9974832097,11672,0
1470.6622988126333,1.0013706758178131,0.0007742232280140149,778.3897777591461,1677.9977429717383,11673,0
1470.6831321988154,1.0012198185515733,0.0007741671139905291,778.3898512775618,1677.9981337085733,11674,0
1470.7039655840663,1.0007709059349963,0.000774095416602606,778.3900250412504,1677.9981191508875,11675,0
1470.724798968385,0.9999129618710505,0.000774305020201701,778.3893471825635,1677.998023653915,11676,0
1470.7456323513074,0.998944297432091,0.0007734652733400609,778.3895773167876,1677.9978994594073,11677,0
1470.7664657332994,1.0009111484002606,0.000773625508565752,778.3891832616304,1677.9969552498064,11678,0
1470.787299114359,1.0018077450411182,0.0007736640918835387,778.388745454244,1677.9962435177576,11679,0
1470.8081324944876,1.0005738836676972,0.0007732624924857406,778.3895803134305,1677.9979324367246,11680,0
1470.8289658732192,1.0007823067182882,0.0007734102321385971,778.3894082110492,1677.9969676994576,11681,0
1470.8497992510186,1.000868581743232,0.000773115618356431,778.3889446271575,1677.99700461211,11682,0
1470.8706326278875,1.00076324434495,0.0007731529643155611,778.3894456935227,1677.9974100406075,11683,0
1470.89146600336,0.9997268867076202,0.0007731385609438664,778.3888405879741,1677.997377399647,11684,0
1470.9122993779013,1.0004394639693004,0.0007738281324598241,778.3888673502905,1677.9969700852803,11685,0
1470.9331327515106,1.0000165961800518,0.0007731780378197819,778.3893323420598,1677.997049091794,11686,0
1470.9539661241884,0.998878237103972,0.0007729544892002799,778.3892103833662,1677.9979155420428,11687,0
1470.9747994954694,1.0011808316426187,0.0007732101087870378,778.3893327483669,1677.9969314272157,11688,0
1470.9956328658182,0.9997135984622378,0.0007727053367842207,778.3891140535546,1677.996926792565,11689,0
1471.0164662352365,1.000563018611381,0.0007726015106124198,778.3898204195037,1677.9967112024556,11690,0
1471.0372996032586,1.0021870545407778,0.0007728754345191999,778.388735327142,1677.996058025386,11691,0
1471.0581329708143,1.001127698235571,0.0007723656806445709,778.389278988365,1677.9960583858401,11692,0
1471.0789663365072,1.0005103273093523,0.0007723376428824653,778.3886226125215,1677.9962977719856,11693,0
1471.0997997017353,1.0003105143687898,0.0007723752433577899,778.3888338559664,1677.995718337684,11694,0
1471.1206330660307,1.0008247143842743,0.0007724773527060264,778.3891092931763,1677.9962672111362,11695,0
1471.1414664289289,0.9993185796082229,0.0007723363925997862,778.3889061613514,1677.9966003601223,11696,0
1471.1622997904317,0.9989962685152833,0.0007718816768200433,778.388967832512,1677.995833824625,11697,0
1471.1831331514682,1.000285212956444,0.0007721548370947089,778.3887776077647,1677.9953792899164,11698,0
1471.2039665111074,0.9995557738673982,0.000771682774002288,778.3895393699723,1677.9962969045828,11699,0
1471.2247998698163,1.0011054222926243,0.0007717486821791289,778.3889501090895,1677.9957482662123,11700,0
1471.2456332275929,1.0026063195064083,0.0007721996009566098,778.3888710352521,1677.9951460541115,11701,0
1471.2664665844377,1.0007634295352843,0.0007715753638870926,778.3885711573845,1677.9954710291956,11702,0
1471.287299939886,0.9997178463171517,0.0007714611667666609,778.3888207106983,1677.9956278008528,11703,0
1471.3081332944032,0.9989157179618683,0.0007713925663319583,778.3884517176177,1677.9967690669994,11704,0
1471.3289666475234,1.0016984382712781,0.0007719311828650969,778.3880569162866,1677.9956450026018,11705,0
1471.3498000001787,0.9998433960819068,0.000771621520120998,778.3893171405954,1677.996223618462,11706,0
1471.370633351436,0.9984264250194099,0.0007713640952767575,778.3884838276801,1677.9963111308925,11707,0
1471.3914667017623,1.0004828701353616,0.0007717589946015031,778.3884999555233,1677.9951237066425,11708,0
1471.4123000506916,1.0015157186018577,0.0007715865972863999,778.3883371288107,1677.9946926842895,11709,0
1471.4331333991543,1.0007436355947414,0.0007714319593116802,778.388673721812,1677.9952898060003,11710,0
1471.4539667462209,1.001337464516706,0.0007710954982997314,778.3884068316509,1677.9950995741024,11711,0
1471.4748000918912,1.00061486352395,0.0007709296010945535,778.388030764073,1677.9942528837169,11712,0
1471.4956334370956,1.0032620447308782,0.0007713889896147202,778.3874544274123,1677.9939867644227,11713,0
1471.5581334657231,0.9958610153141617,0.0007703411869528524,778.390035956158,1677.993055088791,11716,0
1471.5789668062698,0.998572695853172,0.0007707278645862982,778.3890550529003,1677.9929682191919,11717,0
1471.599800145885,1.0005659021290783,0.000771039525001458,778.3896407093032,1677.993457298802,11718,0
1471.6206334845704,0.9977667841051809,0.0007700717639569382,778.3890356727384,1677.9913611027212,11719,0
1471.6414668223238,0.9972417232909743,0.0007698767078968392,778.3902599502127,1677.9930042882193,11720,0
1471.66230015868,1.0018269782616998,0.0007708393447150084,778.3889927560526,1677.992832512234,11721,0
1471.7039668285993,0.9975995119206347,0.0007696707412309342,778.3893314616741,1677.9919052049008,11723,0
1471.724800162161,1.0012469028156865,0.0007704447725395175,778.389108083357,1677.993248087356,11724,0
1471.7456334943265,0.9989275165334921,0.0007702037447623803,778.3896419190648,1677.9914378792705,11725,0
1471.7873001558632,0.9991841657283915,0.000770304743388678,778.3884044594291,1677.9924409855173,11727,0
1471.8081334847698,0.9980458820398271,0.0007701323848444459,778.3898653754094,1677.9911319946586,11728,0
1471.8289668132097,0.9982113981390693,0.0007696439396082051,778.3886280286468,1677.9919347500218,11729,0
1471.849800140253,1.001557244775582,0.0007703799515490072,778.3883064702381,1677.9920944940911,11730,0
1471.8706334658998,0.9978526666913955,0.0007691341752065019,778.38857020985,1677.992162279622,11731,0
1471.8914667910794,1.0006525103928108,0.0007703431538877674,778.3886151062002,1677.9926528065826,11732,0
1471.9123001148623,1.0021190319460413,0.0007702649565026853,778.3890317135615,1677.9906361520943,11733,0
1471.9331334377152,1.0001412096387947,0.0007694124317359525,778.3879984888179,1677.992293603232,11734,0
1471.9539667591703,1.0019760017604982,0.0007698858911872552,778.3880523615878,1677.991031209753,11735,0
1471.9748000801599,1.0010265013348592,0.0007699529055138792,778.3885539822114,1677.9915587968994,11736,0
1471.995633399753,0.9987494535481836,0.000769432981223896,778.3879325635127,1677.9908368116994,11737,0
1472.0164667184142,0.9991302819431306,0.000769070249299568,778.3878353510783,1677.9907984554359,11738,0
1472.0373000356785,0.9988472177124559,0.000768627473671981,778.3878447078528,1677.990781962341,11739,0
1472.058133352477,0.9999244871416982,0.0007692156718598036,778.3871740131651,1677.9923497522118,11740,0
1472.0789666678786,1.0031511224607697,0.0007693149116379798,778.3884742724664,1677.991834568869,11741,0
1472.0997999818833,1.0014562510301386,0.0007693376339181103,778.3885683681387,1677.9914466742825,11742,0
1472.120633295422,1.0018831762573046,0.000768820756140386,778.3871751543953,1677.9915478617766,11743,0
1472.1414666075648,0.9999062635044458,0.0007683105172274996,778.3883869941071,1677.9899559564337,11744,0
1472.1622999187755,0.998606475203209,0.0007684029036245481,778.3880956530564,1677.9920689107632,11745,0
1472.1831332290549,0.9997581493129905,0.000768460680499024,778.3881374777612,1677.9907054446512,11746,0
1472.2039665379377,0.9983290456151119,0.0007680494630642831,778.387915964375,1677.991159601722,11747,0
1472.2247998458888,0.9984617414619198,0.0007683175283541756,778.3879395481713,1677.9913677251295,11748,0
1472.2456331529079,0.9990388139798214,0.0007682488249073727,778.3882609480031,1677.991888537719,11749,0
1472.266466458996,0.9991255894509377,0.000767632765735202,778.3880764910565,1677.9926310546728,11750,0
1472.2872997636875,1.0001571928517925,0.0007678988513105721,778.3881078322752,1677.9916035156955,11751,0
1472.3081330674477,1.0025440086534274,0.0007682375483468484,778.3870950892375,1677.9900127224437,11752,0
1472.328966370277,0.9982899732920609,0.0007670345660111059,778.3874830215025,1677.9907563928869,11753,0
1472.3497996717088,1.0010920101141905,0.000767468683417915,778.3871455223197,1677.991004890144,11754,0
1472.3706329726747,1.0012537306135876,0.0007674578048748208,778.386030636929,1677.9896030599164,11755,0
1472.3914662717789,1.0004540770422574,0.0007675405302636134,778.3872117854702,1677.9902744279032,11756,0
1472.4122995704165,0.997733316123931,0.000766718582005755,778.3873773743427,1677.9914148225512,11757,0
1472.4331328681224,1.0016130252049618,0.0007675696461919196,778.3868986310455,1677.9911780837126,11758,0
1472.453966164432,1.0017717121861653,0.0007677533183390598,778.3870006073478,1677.9910075751836,11759,0
1472.4747994598101,1.0005449548016943,0.0007670640373075206,778.3874388141836,1677.9911913168016,11760,0
1472.4956327537911,1.0032103784851005,0.0007672664335264164,778.3862394419066,1677.9900138311662,11761,0
1472.5164660468417,1.0011996839056838,0.0007666087613124681,778.3869724493132,1677.9908440502143,11762,0
1472.5372993394258,1.0023150131056346,0.0007666353637373735,778.3873712838808,1677.9898345182144,11763,0
1472.5581326301474,0.9998227697481623,0.0007660546181191446,778.3874688865207,1677.99069350981,11764,0
1472.578965920404,0.9996491281229403,0.0007662399523135405,778.3875154987454,1677.989850605711,11765,0
1472.599799209263,0.9990214710314683,0.000766081194600649,778.3859355654834,1677.990610887161,11766,0
1472.6206324971897,1.000902435734599,0.0007664590202632551,778.3867328073941,1677.9898948404173,11767,0
1472.641465784186,1.0012325666094437,0.0007668221627658315,778.3871733852969,1677.9905874521405,11768,0
1472.662299069786,0.9992535686379318,0.0007657871119384758,778.3863800213988,1677.9906272127505,11769,0
1472.6831323544538,1.0017539904626296,0.0007662484397179182,778.3862633603103,1677.989896326104,11770,0
1472.7039656381905,0.9987340847462528,0.0007655383270464847,778.3870068889629,1677.99098523728,11771,0
1472.7247989205307,1.0008159291831589,0.0007655037958014694,778.3864724630433,1677.9886175093495,11772,0
1472.7456322024047,0.9993024697432077,0.0007650598856524409,778.3864043954118,1677.9901046184737,11773,0
1472.7664654828818,1.000840334516446,0.00076535192820171,778.3862757932857,1677.9895139633488,11774,0
1472.7872987619626,1.000164065681305,0.0007654526098738369,778.3868327976298,1677.989504186751,11775,0
1472.808132040576,0.9997130249197133,0.000764922142659802,778.3870214720353,1677.9893601714982,11776,0
1472.8289653177926,0.9993656898947435,0.0007648537467591401,778.3853977956987,1677.9899050747194,11777,0
1472.8497985940794,1.0009658677992659,0.0007656333573128363,778.3862523690444,1677.989441100723,11778,0
1472.8706318689685,0.9983086893696858,0.0007645145765567552,778.3856916892087,1677.9895923591557,11779,0
1472.891465143392,1.0002985855696447,0.0007646157445204759,778.3861556232148,1677.989064389195,11780,0
1472.912298416419,1.0006217512146083,0.0007645784733337401,778.3864978314213,1677.9894659057047,11781,0
1472.9331316880484,1.0009365392911644,0.000764232006611895,778.3860164411242,1677.9879009045565,11782,0
1472.953964959212,1.0005238111113313,0.0007645452561343338,778.3855105607081,1677.9885314323337,11783,0
1472.9747982289796,0.9998537341791887,0.0007639191130441305,778.385972296853,1677.9888967388,11784,0
1472.995631497815,1.0002479361615226,0.0007641637207714437,778.3856630604739,1677.9882235518296,11785,0
1473.0164647652527,1.0004038736580096,0.0007641429888234469,778.3853804335716,1677.9890376316089,11786,0
1473.03729803176,1.0006330203312643,0.0007648660012847493,778.3858078188427,1677.9891641390175,11787,0
1473.0581312973359,1.0001910949270711,0.0007638578808325949,778.3858963799611,1677.9890626403119,11788,0
1473.0789645619802,0.9985055509691136,0.000764370181486029,778.3855882540281,1677.9886146514277,11789,0
1473.0997978256942,0.9989079402471583,0.0007633579700188559,778.3862885520431,1677.9883510476927,11790,0
1473.1206310880104,0.9982495335886525,0.0007636660786962616,778.3853944631994,1677.988829442526,11791,0
1473.1414643489297,0.999882007272813,0.0007630252234486957,778.3862172476142,1677.9888485983129,11792,0
1473.1622976093838,0.9998017643643096,0.0007627925685724002,778.3861218733686,1677.988179482076,11793,0
1473.1831308684405,0.9987466930254507,0.0007628803524040327,778.3858749844919,1677.9882840275668,11794,0
1473.2039641265656,1.0004215470939528,0.0007624699568316586,778.3860430032053,1677.987981905087,11795,0
1473.2247973837602,1.0000221198759884,0.000762642846016188,778.3857491023489,1677.9875841470262,11796,0
1473.2456306395566,0.997232187152573,0.0007620285260400222,778.385793394084,1677.9877287948775,11797,0
1473.2664638944213,0.9884526789523628,0.0007598480868580328,778.3856043258832,1677.9891378802647,11798,0
1473.2872971483564,0.9903208482026347,0.0007602560570800468,778.3851610687644,1677.9883881021713,11799,0
1473.3081304008942,0.9892888518530534,0.0007599297283719592,778.3849879752175,1677.9880290257329,11800,0
1473.3289636525003,0.9907847917184833,0.0007598874765570439,778.3863017131793,1677.9875096954975,11801,0
1473.349796903175,0.9888364427495376,0.0007592709183042754,778.3849952506956,1677.9869049948006,11802,0
1473.3706301524535,0.9903014236305053,0.0007592624468239464,778.385314421699,1677.9873084592655,11803,0
1473.3914634012654,0.9916141313333178,0.0007594615483863681,778.3856457926424,1677.9867035738912,11804,0
1473.4122966486805,0.9915060559130748,0.0007594528739264084,778.3861950490848,1677.9876690478893,11805,0
1473.433129894699,0.9963142519669248,0.0007604571515272502,778.3862530108034,1677.9878789155564,11806,0
1473.4539631397859,0.9993575108424022,0.0007613928058769206,778.386224862258,1677.9880899428179,11807,0
1473.4747963839407,0.9975083283494068,0.0007610545522671501,778.384685755329,1677.986932158388,11808,0
1473.4956296271648,0.9983285380425273,0.0007610286344507365,778.3855939306821,1677.9874533134112,11809,0
1473.5164628689918,0.998388173352189,0.0007610120100414284,778.3846764577454,1677.987295977477,11810,0
1473.5372961098876,0.9976722438471183,0.0007607470998213313,778.3853034816045,1677.9866765143968,11811,0
1473.5581293498526,1.00072884467684,0.0007610396887761802,778.3850419524927,1677.9865383821057,11812,0
1473.5789625884202,0.999327664024966,0.0007607560209148464,778.3835184366244,1677.9860751248968,11813,0
1473.599795826522,1.0020222670900936,0.0007608341240838664,778.3852252255313,1677.9853196431623,11814,0
1473.620629062762,1.0000971877922253,0.000760512856706164,778.3849914997068,1677.9857907106036,11815,0
1473.6414622985353,0.9999432690729542,0.0007605472619631493,778.3846787954249,1677.9861265174193,11816,0
1473.662295532912,1.0006936500753112,0.0007607015386069722,778.3845009751196,1677.9859721807654,11817,0
1473.6831287663576,0.9997804517543448,0.0007606026674736108,778.3853630361106,1677.9870266341245,11818,0
1473.7039619984052,0.999064735324059,0.0007603307874953832,778.3842431703902,1677.9864812452192,11819,0
1473.7247952295215,0.9986657375644813,0.0007604035351685401,778.3849809527744,1677.9865970611024,11820,0
1473.7456284597076,0.9988948632812459,0.0007602897935897575,778.3851212600459,1677.985917038792,11821,0
1473.766461688962,0.999535144042691,0.0007605091158284272,778.3853508718895,1677.9857536479124,11822,0
1473.787294916819,0.9992628753016245,0.000759867512753964,778.3854679808626,1677.9861611005206,11823,0
1473.8081281437458,1.0004600714602718,0.0007600113605950369,778.3854202884953,1677.9857665257398,11824,0
1473.8289613692748,1.000319398727201,0.0007598135229996921,778.3849355314128,1677.9849924068822,11825,0
1473.8497945938725,1.0020766548966575,0.0007607394977302395,778.384274300407,1677.9848375097156,11826,0
1473.8706278175393,0.9996090855130095,0.0007598047936582052,778.3847016026835,1677.9861853412986,11827,0
1473.891461040275,0.9998480866212547,0.0007597144467689195,778.3850987139185,1677.986115343728,11828,0
1473.9122942616132,0.9998465099087669,0.0007599290465261184,778.3847281389703,1677.985924492596,11829,0
1473.9331274820197,0.999189807768019,0.0007599677076687058,778.384708594915,1677.985642962662,11830,0
1473.9539607010302,0.998607740558925,0.0007596312364124908,778.3845736215287,1677.9849699277515,11831,0
1473.974793919108,1.0008746049390618,0.0007597674285974768,778.3848165910439,1677.9857236997937,11832,0
1473.9956271362541,1.0013517704359793,0.000760024142362899,778.384601314003,1677.9841733682288,11833,0
1474.0164603524706,0.9994234281914178,0.0007592596283843587,778.3847952302469,1677.9852974058929,11834,0
1474.0372935672895,1.0011810063106756,0.0007594672027731942,778.3847656229842,1677.9843682826988,11835,0
1474.0581267811767,1.0008868577216465,0.0007595997751153673,778.3841494902003,1677.9843641601299,11836,0
1474.078959993668,0.999521854797208,0.0007591477394405189,778.3849573635139,1677.9852253897507,11837,0
1474.099793205227,1.0005120445384068,0.0007590756333411483,778.3847989897048,1677.9849091309773,11838,0
1474.1206264158548,0.9994545594785381,0.0007595727779871865,778.3838262993731,1677.9840859329215,11839,0
1474.1414596250863,0.9999591896447154,0.0007590170442392813,778.3835996282382,1677.9846263037616,11840,0
1474.162292833386,1.000052114427538,0.0007590216916999862,778.3841437610502,1677.9853366652874,11841,0
1474.183126040754,1.0019167387688013,0.0007593772422326039,778.3838228313344,1677.9837622489054,11842,0
1474.2039592467258,1.0002627573072134,0.0007589437481027126,778.3855067187804,1677.9849609208648,11843,0
1474.2247924517656,0.9989448753697078,0.0007581961825163867,778.3848237529544,1677.9839267412594,11844,0
1474.2456256558735,1.0012872294524682,0.0007585070016050447,778.3844666981151,1677.9831324819538,11845,0
1474.2664588585849,0.9993336485510153,0.0007580792029560781,778.3850485572365,1677.9839754550483,11846,0
1474.2872920603652,1.0017473638402545,0.000758548789407933,778.384390454726,1677.9840078850202,11847,0
1474.3081252607485,1.0011663286587251,0.0007584639122631812,778.383818253284,1677.9832610073372,11848,0
1474.3289584606669,0.9990853225615526,0.0007581369296023311,778.3846084820977,1677.9842367139952,11849,0
1474.3497916587216,0.9997312188203611,0.0007582270818176578,778.3841423845058,1677.9839705932727,11850,0
1474.370624856311,1.000188181263317,0.0007582169756099896,778.3832074837136,1677.98417949206,11851,0
1474.3914580525038,0.9999932933146344,0.0007582155145040225,778.3849618140949,1677.9842699910866,11852,0
1474.4122912477649,0.9993983862674464,0.0007580420594113998,778.3833976963735,1677.9838184571747,11853,0
1474.433124441629,1.0008724402491365,0.0007583474136155583,778.3845650138998,1677.9832671001789,11854,0
1474.4539576345624,0.9993175975505904,0.0007574297287836919,778.3837231185759,1677.9834763730178,11855,0
1474.4747908260986,1.0005666749491633,0.0007573654998509111,778.3840411608033,1677.9831224723034,11856,0
1474.495624016703,0.9988490712434577,0.0007570405011257015,778.3853260204194,1677.9837012767146,11857,0
1474.516457206376,1.0009969135992263,0.0007575090806837678,778.3851809571827,1677.9840231140147,11858,0
1474.5372903951184,0.9990765535316476,0.0007573623925433149,778.3831576757453,1677.982531575441,11859,0
1474.5581235824625,0.9999282209958182,0.0007574466662777099,778.3846786926158,1677.984121452033,11860,0
1474.5789567684096,1.0005591746135316,0.0007574669371419097,778.384411365848,1677.9837941215342,11861,0
1474.5997899538922,0.9998446054047034,0.0007573918418293426,778.3830683911515,1677.982795343422,11862,0
1474.6206231375118,1.0005113315742031,0.0007570623488912046,778.3841376429883,1677.9825373560523,11863,0
1474.6831226832485,0.9981387728249297,0.0007559256214452113,778.3867516640427,1677.980143881052,11866,0
1474.7247890411747,0.9992940194260634,0.0007562584040867595,778.3860910926177,1677.9786751723382,11868,0
1474.745622218275,0.9993547797616019,0.0007565209596268656,778.3848670546546,1677.9810889783082,11869,0
1474.7664553944437,1.0000505849292012,0.000756489545924623,778.3848865885574,1677.9811932038906,11870,0
1474.787288569682,1.0013026564075687,0.000756937144240875,778.3849617131186,1677.9818847427637,11871,0
1474.8081217435224,1.0013454633572487,0.0007573716833688619,778.3858049177088,1677.981330117892,11872,0
1474.8289549164317,0.9999249259828659,0.0007563129643895445,778.3842576659448,1677.9816162164332,11873,0
1474.8497880884104,1.000377203908916,0.0007562568369654996,778.3848794296251,1677.9810444447628,11874,0
1474.8706212589914,1.0010098981015507,0.0007560946655794831,778.3848948310363,1677.981001589884,11875,0
1474.8914544286401,1.0009785877692239,0.0007561919002490417,778.3845238854134,1677.9800626756432,11876,0
1474.9122875968928,1.0017017189564354,0.0007558506138718939,778.3845376606806,1677.9808759852185,11877,0
1474.933120764214,0.9983537578336563,0.0007552303515853534,778.3849326835053,1677.9798153435536,11878,0
1474.9539539301384,0.9982274236686332,0.0007557119576002533,778.3840066708794,1677.9794531570856,11879,0
1474.9747870951321,1.0000385344748142,0.0007555690874995095,778.3838609419381,1677.9810083039313,11880,0
1474.9956202591939,0.9999906779204325,0.0007557795599617139,778.384049595902,1677.980217402211,11881,0
1475.0164534218584,0.9992994595808335,0.0007553627139104015,778.3848414533749,1677.9816295515213,11882,0
1475.0372865835925,1.000031718574625,0.0007551892474212061,778.3844512796436,1677.9809871532455,11883,0
1475.0581197439296,1.0015961071465211,0.0007555830469047586,778.3841731891285,1677.9806714503675,11884,0
1475.0789529033345,1.0003684259569143,0.0007549493465596563,778.3845563221716,1677.979285888584,11885,0
1475.0997860613427,1.0011475760520994,0.000755047375707651,778.3846138846957,1677.9791917810862,11886,0
1475.12061921842,0.9997955972275897,0.0007547289714863566,778.3843664415898,1677.9798184300864,11887,0
1475.1414523745655,1.0002560269272205,0.0007544920917342453,778.3844327699858,1677.9781955993867,11888,0
1475.162285529314,1.0001972834229966,0.0007546462566178142,778.3845263527852,1677.9793563153985,11889,0
1475.1831186831319,1.000008803730511,0.0007548808053142814,778.3836967262735,1677.9789744566335,11890,0
1475.2039518355518,0.9999924469440624,0.0007544421642505059,778.3845694914509,1677.9799888294144,11891,0
1475.2247849870407,0.9982326092380109,0.0007540583701309179,778.384440196169,1677.978390113247,11892,0
1475.2456181375987,0.9989916894246311,0.000754313680098692,778.3839918535627,1677.9794681875433,11893,0
1475.2664512867586,1.0005879791534886,0.0007543615877118379,778.384222028307,1677.9787386805524,11894,0
1475.2872844345216,0.9988007240614408,0.0007536342020702475,778.3841205366805,1677.9777827215896,11895,0
1475.3081175813545,0.9994615455027007,0.0007535980809229269,778.3847488125581,1677.9787714332203,11896,0
1475.3289507272552,1.0006020820461141,0.0007534010358733987,778.3845206524438,1677.9770662346602,11897,0
1475.349783871759,1.0016758599808773,0.0007536911949059135,778.3837996476815,1677.9782349316836,11898,0
1475.3706170153323,0.9991683508333647,0.0007530967695360012,778.3846881393684,1677.9793646416344,11899,0
1475.3914501579736,1.0008834578308308,0.0007536122743242553,778.3839232161473,1677.977653388856,11900,0
1475.412283299218,0.9997031024596615,0.0007533234825531425,778.3839611481974,1677.9789103133157,11901,0
1475.4331164390658,0.9976642593940017,0.0007528452725943252,778.3834953195319,1677.9783716008983,11902,0
1475.4539495779818,1.0018245656381275,0.0007542809811261346,778.3834844064352,1677.9785158881973,11903,0
1475.4747827159663,0.9973125921148738,0.0007524441441350839,778.3840513911365,1677.9783879011754,11904,0
1475.4956158525547,0.9988610154819123,0.0007525489923321269,778.3836097967039,1677.9780115468993,11905,0
1475.516448988211,1.0016440274762621,0.0007529401808179314,778.3837482076219,1677.9772743776848,11906,0
1475.5372821224705,1.0006926635274649,0.0007524838515671244,778.3848114000463,1677.977499180811,11907,0
1475.558115255799,1.0010579296963238,0.0007525343372483602,778.3841765366483,1677.9783189010166,11908,0
1475.5789483881958,1.0009529810175748,0.0007524001599739174,778.3840066417935,1677.9777780718348,11909,0
1475.5997815191954,0.9991463637737612,0.0007530384895157534,778.3839169450513,1677.9778576216834,11910,0
1475.6206146492646,1.0000708825672513,0.000752353346673674,778.3831982478678,1677.9770165829477,11911,0
1475.641447777936,0.9992625429865825,0.0007522929961742754,778.3841760912309,1677.97816429173,11912,0
1475.6622809056762,0.9988953295516699,0.0007519802292565794,778.3845017463052,1677.9779597970644,11913,0
1475.6831140320198,1.0009707841526254,0.0007526399820196758,778.3837869278061,1677.9768380705707,11914,0
1475.7039471574317,0.9991443279726252,0.000751847304297278,778.3837931194126,1677.9789932053616,11915,0
1475.7247802814459,1.0010358088727858,0.000751834073062511,778.3830355254698,1677.9768961958257,11916,0
1475.7456134045292,0.9990994374303331,0.0007511868448668629,778.3837942629327,1677.9777833009257,11917,0
1475.766446526682,1.002825311944774,0.000751829922336323,778.3848720752617,1677.9770532312384,11918,0
1475.7872796474371,1.0009350014040905,0.000752074479067783,778.3838559176743,1677.9766683515666,11919,0
1475.808112767261,1.0006727496569445,0.0007513995848676608,778.3843849039858,1677.9772415754594,11920,0
1475.8289458861543,1.001008401033441,0.0007516712444912595,778.3846148009743,1677.9773788524712,11921,0
1475.84977900365,1.0003591224391613,0.0007514617509220684,778.3845573784535,1677.9768249108085,11922,0
1475.8706121197483,1.0003475396756756,0.0007514079968852346,778.3841381433688,1677.9775647304182,11923,0
1475.891445235382,1.0002237049516882,0.0007512967335341229,778.3837602092909,1677.9771467970706,11924,0
1475.9122783496177,0.9994105866224193,0.0007508288494752635,778.3838173767159,1677.9766938974628,11925,0
1475.9331114624567,1.0002344285615299,0.0007508063625195049,778.3850160866872,1677.976559972268,11926,0
1475.953944574365,1.0005177089914508,0.000750686395360054,778.3836940438946,1677.9765688908792,11927,0
1475.9747776853415,1.0005028293634464,0.0007506659097961258,778.3839645669432,1677.9765545145037,11928,0
1475.9956107953863,1.0027766665429116,0.0007513536732513911,778.3844393488222,1677.9765266476766,11929,0
1476.016443904035,1.000544538912218,0.0007509788704446743,778.3833106890474,1677.9760638892647,11930,0
1476.0372770117515,0.9999486019677193,0.0007504717078567773,778.3846983266494,1677.9773170688086,11931,0
1476.0581101180712,0.9993716869965248,0.0007506075851398447,778.3840643659876,1677.9761727751184,11932,0
1476.0789432239258,1.0000778329384432,0.0007507973324056207,778.3837056677272,1677.9757209157765,11933,0
1476.0997763279172,0.999506172117712,0.000750531091748986,778.3838801499918,1677.9762458483176,11934,0
1476.120609431443,0.9987685930270142,0.0007503092224083119,778.3845085832763,1677.9757924056075,11935,0
1476.1414425335724,1.0000279592072112,0.0007505948190005344,778.3845341765681,1677.9755770725715,11936,0
1476.1622756352353,1.000590796712275,0.0007502269370932538,778.3846801987705,1677.9751170040417,11937,0
1476.1831087355015,1.0016474723810644,0.0007504861815745043,778.3848985460286,1677.9749595758751,11938,0
1476.203941834371,1.000699871272095,0.0007503373739933611,778.3848475061214,1677.9756956519307,11939,0
1476.2247749327746,0.9989363839309677,0.0007500264575652579,778.3849330766944,1677.9751596753108,11940,0
1476.2456080297804,0.9990326128312537,0.0007501846350839412,778.3848302601617,1677.975619092073,11941,0
1476.2664411258556,0.9996944297863928,0.0007501659701935852,778.3845704641634,1677.9751165317668,11942,0
1476.2872742214656,0.9991381575083075,0.0007500096988387954,778.3851246841036,1677.9755659417247,11943,0
1476.3081073156782,1.0004901697433386,0.000750377392462588,778.3849920024007,1677.9746976826277,11944,0
1476.3289404089592,0.9992297994342174,0.0007504393634446161,778.384573312496,1677.9747516939933,11945,0
1476.3497735013098,0.9996783368033156,0.0007502362732585108,778.3850017898974,1677.9741461884453,11946,0
1476.3706065922627,0.998922580552166,0.000749841958749759,778.3855261921954,1677.9748222831865,11947,0
1476.39143968275,0.999752473214535,0.000750014798247745,778.3843282725007,1677.973972867226,11948,0
1476.412272772772,0.9988115083082391,0.0007497571753288854,778.3861131933734,1677.9743084592446,11949,0
1476.4331058613966,1.0010328565119848,0.000750357853362195,778.3845557868548,1677.9733771376534,11950,0
1476.4539389490897,0.9978671722430539,0.0007500409587048136,778.3859885070927,1677.9731748625402,11951,0
1476.474772036318,0.9899326190544986,0.000748315065490293,778.384903690177,1677.9742985406272,11952,0
1476.4956051221486,0.9899190046063711,0.0007482166529117734,778.3858897313467,1677.9740507363135,11953,0
1476.5164382079793,0.9887853522913836,0.000748026480943011,778.3853293411145,1677.9746548543135,11954,0
1476.5372712924134,0.9877628283666317,0.0007481359561415075,778.3863932502102,1677.9748713212234,11955,0
1476.5581043763814,0.9881234381917635,0.0007479688174317481,778.3860398093942,1677.9745567763491,11956,0
1476.5789374598835,0.9890275764467367,0.0007479594877175429,778.3868511101533,1677.9748368468445,11957,0
1476.5997705424552,0.9912474981566174,0.0007485926995114767,778.386766438054,1677.9741738446905,11958,0
1476.6206036240947,0.9910254473459457,0.0007489970260039118,778.3873872656056,1677.974710706912,11959,0
1476.6414367057343,0.9969400007356001,0.0007500637392870452,778.386056376201,1677.9740537907455,11960,0
1476.6622697864434,1.000947943397743,0.0007515410204172294,778.3868110758423,1677.9735557703746,11961,0
1476.683102866686,0.9981407665747399,0.0007509792436015137,778.3877248225724,1677.9743599838837,11962,0
1476.7039359469286,1.0000996075733843,0.0007517244499510072,778.3869822507627,1677.9737547130583,11963,0
1476.7247690262407,0.9986061074271372,0.000751620297851477,778.3873231589787,1677.9730167715295,11964,0
1476.7456021055518,0.9983903776993603,0.0007516321643516663,778.3871189861607,1677.9735617349734,11965,0
1476.7664351843976,0.9970161760312973,0.0007515988303447279,778.3875063009726,1677.974032682672,11966,0
1476.7872682627783,0.996849977114735,0.000751834735519669,778.3874759308818,1677.9738857600375,11967,0
1476.808101341624,0.9995197279839297,0.0007526593444215301,778.3886235907066,1677.9744367529072,11968,0
1476.8289344200039,0.999695716394908,0.0007528157273362562,778.388915526474,1677.9743000794358,11969,0
1476.8497674983846,1.0004608543789204,0.0007534207809267859,778.3886080109032,1677.9737819615275,11970,0
1476.8706005767654,1.00006782842697,0.0007533906341683028,778.3892265772754,1677.9731304529626,11971,0
1476.8914336556109,1.000982367445081,0.0007541220325520428,778.3897974222135,1677.974034763011,11972,0
1476.9122667349222,0.9997483349273939,0.0007545214906815657,778.3893549314919,1677.9743901369216,11973,0
1476.933099814234,1.0002385883579759,0.0007553942800785161,778.3897467293093,1677.9753547615865,11974,0
1476.9539328940111,1.0007527593033245,0.0007559337169406715,778.3896866484058,1677.9744276984509,11975,0
1476.9747659747195,1.0017189156556288,0.000757646541688869,778.3891669803925,1677.9738581146137,11976,0
1476.9955990558942,1.000785576358469,0.0007640812179112695,778.3893712418536,1677.9740962924022,11977,0
1477.0164321379987,0.9989517148192933,0.0007793015829698876,778.3907334864872,1677.9747677514295,11978,0
1478.1205908368943,1.0019262386329504,0.0010803462431857468,778.396719709421,1677.9766425012988,12031,4096
1478.1414241017687,1.0025166996633341,0.0010439354872281992,778.3946784483671,1677.9777310659274,12032,4096
1478.162257366177,1.0049628793394456,0.0010122263096429623,778.3927133779865,1677.9769988171122,12033,4096
1478.1830906301202,1.0039617310738742,0.0009813973432291536,778.3927769493164,1677.9768947296172,12034,4096
1478.2039238931316,1.0034028958764567,0.0009555520783651597,778.3917082904703,1677.9764040269342,12035,4096
1478.224757155212,1.0017543152218245,0.0009354365643852804,778.3912404645631,1677.9771799901935,12036,4096
1478.2455904163608,1.0021969647350104,0.0009213264627948642,778.3914317051082,1677.977206256712,12037,4096
1478.2664236765786,1.0038023682772597,0.0009095483677334053,778.3904289513903,1677.9771135832937,12038,4096
1478.2872569358647,1.0025082885375451,0.000898548685126958,778.3905943639686,1677.976165954181,12039,4096
1478.3080901937542,1.0013429550965731,0.000884860508824327,778.3901580683565,1677.975516161036,12040,4096
1478.3289234502463,1.0006063647741499,0.0008716104119898698,778.3902250744297,1677.974137127812,12041,4096
1478.3497567058075,1.0053195110728967,0.0008586220128777132,778.3897519938073,1677.9751765171943,12042,4096
1478.3705899595057,1.0016042607377498,0.0008437093497016023,778.3901837977684,1677.975509019584,12043,4096
1478.391423212272,1.001405533872443,0.0008282194073063052,778.3886412327923,1677.9759981881687,12044,0
1478.4122564636414,1.0013034788795372,0.0008106946405412732,778.3893946489225,1677.9756976265946,12045,0
1478.4330897136147,0.9978439267683741,0.0007937017570105381,778.3901555494549,1677.9751536250458,12046,0
1478.4747562089042,1.001182022223145,0.0007671695835404471,778.3886527213684,1677.9755609733697,12048,0
1478.4955894542204,1.0021901236860353,0.0007575804073016531,778.3888689930329,1677.976671404604,12049,0
1478.5164226976744,0.999949175479174,0.0007510517089874562,778.3880377271204,1677.974446635101,12050,0
1478.5372559401967,0.9994763580614916,0.0007491400944681455,778.3887976074388,1677.975405295903,12051,0
1478.5580891808568,0.997783142366006,0.0007474560074726175,778.3888977839032,1677.973459202906,12052,0
1478.5789224201194,0.9975904715112672,0.0007472253038726904,778.3882641682507,1677.9745679265602,12053,0
1478.5997556575198,1.0014554398854574,0.0007479893692251193,778.3866970244035,1677.9745738439276,12054,0
1478.6205888935228,0.9981828390634964,0.000747802199772342,778.3868818042082,1677.9737480995573,12055,0
1478.6414221276636,0.9985917319251827,0.0007481400685621711,778.386695097198,1677.9745726674446,12056,0
1478.662255360407,0.9982362216751701,0.000747777010202922,778.3861930061299,1677.9748528390774,12057,0
1478.6830885912882,0.9978614219100149,0.0007475782316442381,778.385803769042,1677.9746617138887,12058,0
1478.703921820772,0.9983482578706788,0.0007472772710496024,778.3855269843979,1677.9748134007705,12059,0
1478.7247550488592,1.0002819196153843,0.000747547894641067,778.3855323162477,1677.9733599283575,12060,0
1478.7455882750833,0.9979966728127012,0.0007469375951819671,778.3844449212279,1677.974140002012,12061,0
1478.7664214994452,1.001363590391842,0.0007475114245253416,778.3850695601344,1677.9727580557756,12062,0
1478.7872547224097,0.9976135740701009,0.000746811428295133,778.3843538951852,1677.9733403393711,12063,0
1478.808087943511,0.9976200786740443,0.0007468640525912474,778.3846469392948,1677.9727403054649,12064,0
1478.8289211632155,0.9968693576602954,0.0007467084248601785,778.383879446359,1677.9734958881334,12065,0
1478.8497543815238,0.9962869713106691,0.0007466739808619934,778.3827744446738,1677.9733104620643,12066,0
1478.870587597969,0.9963534752785737,0.0007468607669952361,778.3829543416656,1677.9721427137008,12067,0
1478.891420812552,0.9973258014197752,0.0007468746212584171,778.3844623490203,1677.9727700537146,12068,0
1478.9122540257376,0.997710133794158,0.0007469378689816347,778.3831238085694,1677.9724044053833,12069,0
1478.9330872375267,0.9963599798825171,0.0007463737321464938,778.3832171128008,1677.97430351079,12070,0
1478.9539204474527,0.9975487523273542,0.0007463484330572066,778.3821612352422,1677.97194375285,12071,0
1478.9747536555165,1.0004650578608958,0.0007469930122346912,778.3828492938303,1677.9722737672134,12072,0
1478.9955868626485,1.0002941437848645,0.0007468090736179916,778.3817890513795,1677.9725252852384,12073,0
1479.0164200674526,0.9975406776465967,0.0007463397262277766,778.3821966912219,1677.9722674831717,12074,0
1479.037253271325,0.9977489371211309,0.0007466067904235622,778.3814287294127,1677.9721117773422,12075,0
1479.0580864733352,0.9966632290042945,0.0007466388249846725,778.3818148674166,1677.9730571547534,12076,0
1479.0789196734822,0.9997262245715951,0.0007471024225818675,778.3806533458945,1677.9720150117312,12077,0
1479.0997528722328,0.9986784225949807,0.0007470511125241576,778.3800162222485,1677.9714783057552,12078,0
1479.120586069586,0.9982141284514312,0.0007465984669136669,778.3804521136608,1677.9718014510881,12079,0
1479.1414192655425,1.0005070013414965,0.0007468207374838317,778.3805816231765,1677.9719727273362,12080,0
1479.162252459636,0.9989678774704641,0.0007465170388925201,778.380538318204,1677.9715441738492,12081,0
1479.1830856518673,0.9988132249042916,0.0007463035299117188,778.3793653365545,1677.9723966536324,12082,0
1479.2039188431668,1.001886313822539,0.0007468700761839348,778.379695894765,1677.971456130666,12083,0
1479.224752032604,1.0001168372532334,0.0007466097474599724,778.3805929239242,1677.9710151389024,12084,0
1479.2455852201779,0.9991372214696815,0.0007464471104574129,778.3793655362575,1677.9713339455793,12085,0
1479.2664184068203,1.0000189317490502,0.0007466175233705326,778.3790162663187,1677.9723638716605,12086,0
1479.2872515916006,0.9992826778716583,0.0007465868578077603,778.3799479401938,1677.9708348314716,12087,0
1479.3080847749843,0.999823569334059,0.000746886777963659,778.3789882904741,1677.9717180231505,12088,0
1479.3289179569706,1.0009175764283407,0.0007468802615315698,778.3794949866907,1677.970522409779,12089,0
1479.3497511370947,0.9989203265726707,0.0007462264279253202,778.3788475128475,1677.9717776293137,12090,0
1479.3705843158214,1.0011202284856822,0.000746897182351028,778.3790536799507,1677.9700928249363,12091,0
1479.3914174931515,1.0018305760956443,0.000746645286656828,778.3785122318899,1677.971213650851,12092,0
1479.4122506690842,1.000818437292375,0.0007465968241156612,778.3778842431734,1677.9707464499897,12093,0
1479.43308384362,1.0034708577728315,0.0007474826755602427,778.3779089670709,1677.9696702529195,12094,0
1479.4539170162934,1.0003082744761898,0.000746398319356645,778.3777387259782,1677.9706771483243,12095,0
1479.4747501875695,1.0003525730720115,0.0007464233446462644,778.376866729172,1677.970078764502,12096,0
1479.495583357449,1.0016651572884616,0.0007468305942718655,778.3774765397113,1677.9707339457957,12097,0
1479.5164165259312,1.0012505448612388,0.0007469606491139798,778.3770862293305,1677.9712646469718,12098,0
1479.5372496930167,1.0018764447682798,0.0007473117698077212,778.3767804923142,1677.9700511130557,12099,0
1479.558082858705,1.0009844284158216,0.0007468876217309997,778.3771133126061,1677.9707167334525,12100,0
1479.5789160225308,1.0016443589150799,0.0007467185671199251,778.3771639304996,1677.9694635088538,12101,0
1479.599749185425,1.0006517088475146,0.0007459562293878526,778.3765535656026,1677.9691985171091,12102,0
1479.620582346457,1.0024600103754622,0.0007462351025137476,778.3764851450047,1677.969310706268,12103,0
1479.6414155060916,1.0031504146655685,0.0007461458955621447,778.3767912585969,1677.9693117938552,12104,0
1479.6622486643287,0.9972971162547324,0.0007450425816137631,778.3760085694131,1677.9683984309506,12105,0
1479.6830818211688,0.9930595165877655,0.0007437572112522776,778.3767606790868,1677.9697646230425,12106,0
1479.7039149770785,0.9920310788162564,0.0007435942848623098,778.3758725149952,1677.9695027545777,12107,0
1479.7247481311251,0.991495667770318,0.0007434454220838565,778.3762067287781,1677.9690919399986,12108,0
1479.7455812837752,0.9905839703674922,0.0007431365417910076,778.3765888953401,1677.9697873589284,12109,0
1479.7664144350279,0.9897628515207505,0.000742806879800715,778.3760496872424,1677.969487219985,12110,0
1479.787247584884,0.9901590874459157,0.0007426271665729551,778.3755374664731,1677.968566892208,12111,0
1479.8080807333436,0.9916059144657539,0.0007425430288380898,778.375825422662,1677.968723480545,12112,0
1479.8289138804062,0.993839122638022,0.0007428398928123169,778.375965030442,1677.968462190132,12113,0
1479.8497470260709,0.9984649760070666,0.0007440323055960898,778.3757747184093,1677.9681570425223,12114,0
1479.870580170339,0.9997539651617304,0.000744188747384427,778.3753958601911,1677.9682430388068,12115,0
1479.8914133132098,1.0011940880863335,0.0007443983052370598,778.3761599266101,1677.9690318376383,12116,0
1479.912246454684,0.9995994001368661,0.0007441483952128035,778.37494325601,1677.9682665997288,12117,0
1479.9330795947608,0.9990206100233072,0.0007439518148151681,778.3755846381009,1677.9696166718159,12118,0
1479.9539127339067,1.0003380109438402,0.0007440689932699244,778.3749526704173,1677.9674900907294,12119,0
1479.9747458711895,0.9984309444025907,0.0007434822362906172,778.3752184224231,1677.9674047971484,12120,0
1479.9955790075414,0.9989420289916793,0.0007435421750495899,778.3749565241728,1677.9684411512433,12121,0
1480.0164121420303,1.0003285244635325,0.0007436436660265528,778.375230779605,1677.967590105481,12122,0
1480.0372452755882,0.9998771218340149,0.0007435834896995251,778.375255662221,1677.9674986585285,12123,0
1480.0580784077488,1.0004700731373344,0.0007434203091427992,778.3748874846942,1677.9669970130356,12124,0
1480.0789115385119,1.0004611113530557,0.0007433659628501393,778.3748343919849,1677.9666765943423,12125,0
1480.099744667878,1.000102188731814,0.0007434188679448962,778.3745635683234,1677.9668305581483,12126,0
1480.120577795848,1.000173130768643,0.0007433814962849196,778.3750667017799,1677.967625846023,12127,0
1480.1414109228863,1.0002953671513775,0.0007436640539958047,778.3741879165085,1677.9673219279077,12128,0
1480.1622440480623,0.9992211080966756,0.0007436554185145941,778.375013644922,1677.9672684133059,12129,0
1480.1830771723066,1.0004411879631583,0.0007435582027058305,778.3752571775922,1677.9681447356893,12130,0
1480.2039102951544,1.00051987478773,0.0007437256550070942,778.3746690002412,1677.9670972893791,12131,0
1480.2247434166047,1.0001492199168684,0.0007431323290067124,778.3739441099468,1677.9660379670881,12132,0
1480.2455765366585,1.0007826636309376,0.000742964220431127,778.3745443366851,1677.9664907601243,12133,0
1480.2664096557805,1.002025287463807,0.0007435993291186746,778.3745328047853,1677.9668838490973,12134,0
1480.287242773506,1.000451811893165,0.0007427178925835433,778.374715472595,1677.9664598840086,12135,0
1480.308075889834,0.9999936030986446,0.0007430616182192692,778.37411324336,1677.9664778865897,12136,0
1480.3289090047656,1.000241671151688,0.0007428134625490065,778.3737867337853,1677.9664293773856,12137,0
1480.3497421182997,1.0011805254640687,0.0007431180130342941,778.3740175737895,1677.9667782681993,12138,0
1480.370575230903,0.9991598074129252,0.0007426550745423803,778.3729726664503,1677.9661132999145,12139,0
1480.3914083421087,1.0005143251753101,0.0007430291197863396,778.3735869196299,1677.9662680161046,12140,0
1480.412241451918,0.9993748774512189,0.0007425870132955473,778.3743161418078,1677.9664449649101,12141,0
1480.4330745603297,1.00006649190916,0.000742515695284123,778.3733480154671,1677.9659144092573,12142,0
1480.4539076678107,0.9990882722553223,0.0007422909284572249,778.3732860010406,1677.9659918972284,12143,0
1480.4747407738942,1.0013595000272373,0.000742634996935431,778.3734902452039,1677.9665037687705,12144,0
1480.4955738785802,1.0013913037727218,0.0007431544884083054,778.3737170344131,1677.9650130023376,12145,0
1480.516406982335,1.0016879403529475,0.0007426562644791821,778.3730898423934,1677.965687150091,12146,0
1480.537240084228,1.000882184818268,0.0007425332783135084,778.3731988472823,1677.9652040555259,12147,0
1480.5580731856548,1.000787817180159,0.0007423786794197113,778.3738484219508,1677.966085737565,12148,0
1480.5789062852195,1.0011533002044455,0.0007428315261684072,778.3728316233097,1677.9657671581585,12149,0
1480.5997393838525,1.0002506468465298,0.0007425238494331867,778.3736525943253,1677.9657496661034,12150,0
1480.6205724810889,0.9988399930126709,0.000742029603407331,778.3733821529205,1677.9658460322291,12151,0
1480.6414055769278,1.0000249997509731,0.000742307842135239,778.3728621481448,1677.9649062849955,12152,0
1480.662238671836,0.9994792034506284,0.0007418702049765514,778.373124913822,1677.964795840005,12153,0
1480.6830717653474,0.999561466715191,0.0007414808889351221,778.3732337087891,1677.9641510622962,12154,0
1480.703904857462,1.0000617123958755,0.0007416452748823599,778.3738484623718,1677.9650472027695,12155,0
1480.7247379486444,0.9995166792944276,0.000741548742124808,778.3731310011782,1677.9654429731158,12156,0
1480.7455710384302,0.9986728504172709,0.0007413787236040136,778.3728434885185,1677.964386733866,12157,0
1480.7664041272842,0.9996840049382812,0.0007415313266154203,778.3736092042514,1677.9653293795895,12158,0
1480.7872372147417,0.9977270761347474,0.0007411369322096493,778.3730469942271,1677.964883657168,12159,0
1480.8080703008018,0.9997113347716828,0.0007415773574414462,778.3724278000975,1677.9642546531659,12160,0
1480.8289033854653,0.9981970493073435,0.0007411237412191731,778.3725224323355,1677.9645878070273,12161,0
1480.849736469197,0.9999923943795166,0.0007415194877295608,778.3725806397073,1677.965033211439,12162,0
1480.870569551998,0.998762079933043,0.0007409414783311406,778.3728702789374,1677.9643931153175,12163,0
1480.8914026329358,1.0005706177979758,0.0007410750190794557,778.3732594224377,1677.9643888426183,12164,0
1480.9122357134083,1.0003039180926776,0.0007413326270022497,778.3743104215213,1677.965281993072,12165,0
1480.9330687920174,1.0005819371501057,0.0007409746818992265,778.3728161942558,1677.963899391424,12166,0
1480.953901869695,1.0005894064674206,0.0007408492707616399,778.3723941955781,1677.9628447555724,12167,0
1480.974734946442,0.9999391739567693,0.0007414784650605657,778.3734047079049,1677.9639722310214,12168,0
1480.9955680213266,0.9990465061743552,0.0007404670548817608,778.3726961117858,1677.9639309467507,12169,0
1481.016401095745,0.9990061754015627,0.0007405742836504026,778.3727466392392,1677.9640223545628,12170,0
1481.0372341683014,0.9988750859826651,0.0007408716767287089,778.3724238486432,1677.9640740975572,12171,0
1481.058067239926,0.9987146407345351,0.0007403057573914454,778.3726847390734,1677.9637341139044,12172,0
1481.0789003106197,1.0005174897372304,0.0007407455554067348,778.3718382410614,1677.9638306507154,12173,0
1481.099733379916,0.9997477724761084,0.0007400027291771911,778.3727811783443,1677.9641164570312,12174,0
1481.1205664478157,0.9997354013137535,0.0007398671983829248,778.3727940668598,1677.9630853913436,12175,0
1481.1413995147836,1.0011041706729813,0.000740110886714628,778.3728219119464,1677.9619868462676,12176,0
1481.1622325808207,1.0007361194998747,0.0007401261043349016,778.372592965105,1677.9636454986282,12177,0
1481.1830656449947,0.9991793448094436,0.0007397221735072406,778.3728289983351,1677.9639998830808,12178,0
1481.2038987087035,0.9993940175748565,0.000739968646365007,778.3726273551667,1677.963702232882,12179,0
1481.2247317710148,0.9993348642295685,0.0007397120647095926,778.3723673110452,1677.9633214200728,12180,0
1481.2455648319296,0.9992548996047744,0.0007396410724693789,778.3732968429848,1677.9634092419499,12181,0
1481.266397891447,0.9985890995331521,0.0007394100878645789,778.3717309354087,1677.9631285166242,12182,0
1481.3080640076882,1.0001165483582382,0.0007390339198545799,778.3729018618699,1677.9618204389287,12184,0
1481.3288970644126,1.0019353148690164,0.000739397117226079,778.3723060058479,1677.960744936815,12185,0
1481.3497301192738,1.0017545137881327,0.0007392358773582717,778.3719543817315,1677.9609637565056,12186,0
1481.3705631732028,1.0018290523050832,0.0007391681164307416,778.3716947793536,1677.9613071898168,12187,0
1481.3913962262009,1.0009750664121677,0.0007389914204284316,778.3716201248362,1677.9610636433479,12188,0
1481.4122292778025,1.0013655228610623,0.0007393775532676907,778.3725896043491,1677.9627952382302,12189,0
1481.4330623284723,0.9999353132044086,0.000738783556775581,778.3709756648203,1677.961518178299,12190,0
1481.4538953777455,1.0009867499243266,0.0007390459009500698,778.371825711487,1677.961812374904,12191,0
1481.474728426087,0.9995287825162451,0.0007384472753176314,778.3722379350976,1677.9623217284955,12192,0
1481.495561473032,1.0002449335255417,0.0007383304044653062,778.3714884811923,1677.9618736866125,12193,0
1481.5163945190452,1.000698083383032,0.0007381844744155828,778.3708812325564,1677.960384839359,12194,0
1481.5372275636619,1.0012757372470575,0.0007382527196550963,778.3719571342757,1677.960933240317,12195,0
1481.5580606073468,1.0000487136364822,0.0007377046476526359,778.3721094137387,1677.9606856552225,12196,0
1481.5788936501008,1.0001820563548418,0.0007376190960965561,778.3714467905476,1677.9607118927568,12197,0
1481.5997266914574,1.0017551005744822,0.000737833973589299,778.3726274716339,1677.9608181765382,12198,0
1481.6205597314174,1.0000328213032703,0.0007379328974017456,778.3714599569608,1677.960401242389,12199,0
1481.6413927704457,0.9989042726154687,0.0007374506182622367,778.3712187825979,1677.9609350379753,12200,0
1481.662225808543,0.9993848839695009,0.0007376705110555162,778.3703856339672,1677.96099291948,12201,0
1481.683058845243,0.9993047453989559,0.0007373317009179559,778.3712990392471,1677.9608319307602,12202,0
1481.7038918810122,0.9997731500348226,0.0007373336052248522,778.3705085725195,1677.9599977028222,12203,0
1481.7247249153838,0.99997810965093,0.000737394888455233,778.3711234146439,1677.9595501565009,12204,0
1481.7455579488246,1.0016415908693759,0.0007375811083212375,778.3700429565156,1677.9591265682916,12205,0
1481.7663909808673,1.0009206585070534,0.0007370293431364114,778.3712160989448,1677.9596218893168,12206,0
1481.7872240119787,1.0010984663688818,0.0007369746011547276,778.3711032147359,1677.9601506859974,12207,0
1481.8080570421598,0.9991949276975096,0.0007364839777487636,778.3709545293593,1677.9595498142928,12208,0
1481.8288900709435,0.9996538322667152,0.0007367632106285076,778.3718072114058,1677.9605638804971,12209,0
1481.8497230983307,0.9994625869757993,0.0007368375247023753,778.3711239709418,1677.9603676676513,12210,0
1481.8705561252518,0.9990259887821552,0.0007367378070520899,778.3705746600181,1677.9596419530492,12211,0
1481.8913891507768,1.0021457890040237,0.0007372638213674963,778.3694023339046,1677.957911310357,12212,0
1481.9122221749049,0.9987263030415348,0.0007365508998884265,778.3706440830013,1677.9589603015306,12213,0
1481.933055198101,1.0004422791006813,0.0007363147412169884,778.3700264542651,1677.9583762786883,12214,0
1481.9538882203656,1.00066104159742,0.000736353569470428,778.3707627719048,1677.958213188911,12215,0
1481.9747212412335,0.9995312186813319,0.0007358546918448923,778.3714830465976,1677.9588644130097,12216,0
1481.9955542611697,1.0003023328452139,0.0007359636873692961,778.3710030832718,1677.9578274764176,12217,0
1482.0163872797093,0.9999977849612429,0.0007358756201684575,778.3705184472431,1677.9585027545536,12218,0
1482.0372202977828,1.0002913615536213,0.000735936730417411,778.37143591734,1677.9590361298108,12219,0
1482.0580533139942,0.9998421265032529,0.0007359761591372821,778.3704853399558,1677.9579121005052,12220,0
1482.0788863292737,0.99978128439928,0.0007359111666228387,778.3707152423709,1677.9581606172565,12221,0
1482.0997193436224,0.998752869915052,0.0007356912532637644,778.3700167038107,1677.9582177023751,12222,0
1482.1205523570393,1.0011391636536635,0.0007362627388918517,778.3710741847055,1677.9581321489477,12223,0
1482.1413853690597,0.9982051774916078,0.0007351280250171508,778.3701948851502,1677.9585906517177,12224,0
1482.1622183801483,0.9999355871800955,0.0007353464373107727,778.3702282483656,1677.9581268392014,12225,0
1482.1830513898394,1.001231646311807,0.0007354728061997437,778.369873241877,1677.9573700873389,12226,0
1482.2038843985993,1.00049853260651,0.0007353503020236593,778.3713564025016,1677.9580302646066,12227,0
1482.2247174064287,0.9998498681530951,0.0007351886097808953,778.3707073725794,1677.9585321142351,12228,0
1482.2455504128607,0.9979384582763358,0.0007345210320333347,778.3704542493113,1677.9578855540913,12229,0
1482.2663834183618,0.9991284058502675,0.0007349234782125505,778.3689658509603,1677.957577361251,12230,0
1482.2872164229311,1.0004447529123943,0.0007353113992722228,778.3703924240187,1677.9581204833669,12231,0
1482.308049426104,1.000597359927491,0.000735359186398758,778.3697874486464,1677.957908480355,12232,0
1482.328882428345,0.9988862769512409,0.0007346751486505632,778.3700451758103,1677.9576306703198,12233,0
1482.3497154291895,0.9978426240981024,0.0007343074130912419,778.370196802884,1677.9583804222698,12234,0
1482.3705484291022,0.9995140226769973,0.0007347099843672764,778.3705963209023,1677.9567796274607,12235,0
1482.3913814280845,0.9998373739061346,0.0007346410436867291,778.3699808508577,1677.957042449132,12236,0
1482.4122144261355,1.0001210957312765,0.0007344791063117562,778.3701242776153,1677.9559580639404,12237,0
1482.433047422789,1.0000263186679907,0.0007340418753094478,778.3699743714868,1677.9563377917218,12238,0
1482.4538804180452,0.9997956369204959,0.0007341469524834785,778.3702577233379,1677.95651134154,12239,0
1482.474713412836,1.000416281935944,0.0007342228669317811,778.3695019445443,1677.9561658683087,12240,0
1482.4955464062296,0.9986930868888149,0.0007338919528541022,778.3694469567781,1677.95625246959,12241,0
1482.5163793986922,1.0004448316064931,0.0007343553962879468,778.3688029955848,1677.9564806979565,12242,0
1482.5372123897573,0.9983008202145567,0.0007337900762727777,778.3704074619873,1677.9573978445753,12243,0
1482.5580453798916,0.9989817856897562,0.0007340514538790249,778.3697757119469,1677.9574312950065,12244,0
1482.5788783690941,0.9997459436077787,0.0007338476782222064,778.369371741446,1677.9563189552716,12245,0
1482.5997113568992,1.0018906080739196,0.0007341245379452676,778.3707208384035,1677.957067575624,12246,0
1482.620544343773,1.0001528295315838,0.000733702361664024,778.3703206554322,1677.9569024287493,12247,0
1482.6413773297163,0.9998584796839018,0.0007333752118073118,778.3688462267198,1677.9558401238721,12248,0
1482.6622103142622,1.0023543472494445,0.0007340131773946584,778.3694521138005,1677.9559725945799,12249,0
1482.683043298343,1.000593636646621,0.0007337636968801157,778.3688203444301,1677.9555537920921,12250,0
1482.7038762805605,1.001252712653192,0.0007337713396527625,778.3691368260254,1677.9556018886858,12251,0
1482.724709262313,1.000645230870895,0.0007336140107244268,778.3701893241814,1677.9571282081145,12252,0
1482.7455422426679,1.0007676774592291,0.0007335861943977106,778.3698511022025,1677.9565020459345,12253,0
1482.766375222092,1.0011626874608668,0.0007337268393131608,778.3691500956214,1677.955693072392,12254,0
1482.7872082001186,1.0007609810807925,0.0007332902286090376,778.3697646269397,1677.9560729791074,12255,0
1482.80804117768,1.001071526236543,0.0007332311546368315,778.3690450360925,1677.9552856342045,12256,0
1482.8288741533793,1.0005110331349916,0.0007331261598512825,778.368901128563,1677.9550593041868,12257,0
1482.8497071286129,0.999626124338992,0.0007327675297190081,778.3697413901685,1677.955219468383,12258,0
1482.8705401024486,0.9938021714636123,0.0007311243432935137,778.369593165369,1677.9554141723,12259,0
1482.8913730753534,0.9920387877323881,0.0007306156991086134,778.3698963453551,1677.955738019739,12260,0
1482.9122060473264,0.9917347000839123,0.0007312247312255058,778.369045584808,1677.9545692175477,12261,0
1482.933039017903,0.9912856917398127,0.0007306122859075457,778.3688209466904,1677.9555114934376,12262,0
1482.9538719875477,0.9909135262776446,0.0007308519277353224,778.3696509747851,1677.955686809274,12263,0
1482.9747049562616,0.9923399571271344,0.0007306612292596243,778.3697206741002,1677.9551024531818,12264,0
1482.9955379240437,0.9907493174530038,0.0007301143639158057,778.3690589458045,1677.9560018156672,12265,0
1483.0163708904292,0.9920626861777164,0.0007306445061666906,778.3690047765359,1677.9544478158189,12266,0
1483.0372038558826,0.993337712539302,0.0007303604766070592,778.3694075271881,1677.9547646137398,12267,0
1483.058036819939,1.0000836284234902,0.0007320084813448139,778.3697773084252,1677.9550938261589,12268,0
1483.07886978353,1.0007414424888528,0.0007319781679720869,778.369829434308,1677.9548678876572,12269,0
1483.0997027457247,1.0017014154917296,0.000732482092746715,778.3691541203981,1677.954599129376,12270,0
1483.1205357065219,0.9997804034135894,0.0007315855198970981,778.3695245750292,1677.9549176578696,12271,0
1483.1413686668539,1.0003051931603297,0.0007318447020602221,778.3683899271562,1677.9543282174798,12272,0
1483.1622016257884,1.0003461201875146,0.0007317619341915419,778.3686691330574,1677.9552326112675,12273,0
1483.183034583792,0.9993529895173975,0.000731629115057699,778.3690952983616,1677.9547080204777,12274,0
1483.203867540864,1.000219893594837,0.0007316890692964701,778.369305697433,1677.9552772009843,12275,0
1483.2247004965393,1.0026021160126029,0.0007318553115857073,778.3686412596938,1677.9536753014165,12276,0
1483.2455334512838,1.0004967403927512,0.0007314264322364167,778.3690495189118,1677.9538815089081,12277,0
1483.266366405097,1.0007354328544578,0.0007312129924560222,778.3702064648627,1677.9545538078225,12278,0
1483.2871993575122,1.0018878609113027,0.000732041686589113,778.368915522375,1677.9532912175523,12279,0
1483.3080323089966,0.999932652697164,0.0007310380778684726,778.3699718414522,1677.9549980176803,12280,0
1483.3288652595493,0.9999394354954569,0.0007311967662054179,778.3690054608379,1677.954264977667,12281,0
1483.349698209171,0.9995218872575601,0.0007310794425484068,778.3689753695494,1677.954461247145,12282,0
1483.3705311573954,1.0006760400078116,0.0007311978038146813,778.369061639315,1677.9544305831653,12283,0
1483.3913641051545,1.000124037287509,0.0007313319432513497,778.3691928630449,1677.954353260236,12284,0
1483.4121970515162,0.99983614180495,0.0007310799382066218,778.3692745715933,1677.9537806241021,12285,0
1483.4330299964813,0.9995890104694224,0.0007308332109287855,778.3694214128852,1677.9535670932696,12286,0
1483.4538629405142,1.0007698284904771,0.000730958774411434,778.3688624612652,1677.9537916575723,12287,0
1483.4746958840815,1.0012625356785403,0.0007308940341451595,778.3699217683827,1677.9532762100894,12288,0
1483.4955288257866,0.99947812334236,0.0007303225356578579,778.3686874148023,1677.9538541226696,12289,0
1483.5163617670264,1.0001943507974953,0.0007307243674713282,778.3692723816703,1677.9534331781854,12290,0
1483.5371947068688,0.9982698912340975,0.0007301667096507795,778.3689626214544,1677.9538591308133,12291,0
1483.5580276457804,0.9998964085663942,0.0007307925269198902,778.3689254291066,1677.95344690903,12292,0
1483.5788605837602,1.0000150565337116,0.0007306052983617942,778.3695797151331,1677.9538896954018,12293,0
1483.5996935203434,0.9992411310250131,0.0007304657328035968,778.3684483070246,1677.9530300721894,12294,0
1483.6205264564605,0.9980905562671057,0.0007304967127979103,778.36884761827,1677.953205194688,12295,0
1483.6413593911811,0.9982815360254191,0.0007300617786520361,778.3696501567211,1677.9546746536614,12296,0
1483.6621923245052,0.9989252828553928,0.000730234751631452,778.3691018537384,1677.9534334194248,12297,0
1483.6830252573636,1.0009051258171013,0.0007300952044931158,778.3691951345997,1677.9523649870468,12298,0
1483.7038581888241,1.0003351981299535,0.0007301522945146257,778.3688244468777,1677.9529597861879,12299,0
1483.7246911193538,1.001070282667328,0.0007299747399188282,778.3682639681402,1677.951812431755,12300,0
1483.7455240489517,0.9996056608811935,0.0007297944952502583,778.3685654550604,1677.9528694316289,12301,0
1483.766356977153,1.0007137768798806,0.0007299985188346298,778.369085323238,1677.9529691921505,12302,0
1483.7871899048882,0.9990770903931991,0.0007296342963995373,778.3679698605756,1677.9533758732555,12303,0
1483.808022831227,1.0016951756926347,0.0007302899042276167,778.3685123199411,1677.9528547966208,12304,0
1483.8288557561682,0.9994137542815479,0.000729693420393561,778.3686467558206,1677.9526346740586,12305,0
1483.8496886806442,0.9991594546455479,0.0007295301989677754,778.3691429849575,1677.9528037836262,12306,0
1483.8705216037224,0.9988455823900505,0.0007292494727012032,778.3673939532384,1677.95201101809,12307,0
1483.8913545258692,0.9988536952119811,0.0007291896879575844,778.3679651089425,1677.9521789464004,12308,0
1483.9121874470852,1.0006904242856782,0.0007292150892410372,778.3695997399748,1677.952061490937,12309,0
1483.9330203669047,1.0003373064106338,0.0007290038861360056,778.3693170938008,1677.9522447151267,12310,0
1483.953853286258,0.9998958525806235,0.0007290213219616683,778.3683903344375,1677.9520158540904,12311,0
1483.9746862042148,1.0000740278059452,0.0007289227207612947,778.3694597117774,1677.9521567517932,12312,0
1483.9955191207741,0.9983646596377945,0.0007287815416032289,778.3680529118934,1677.9518395368489,12313,0
1484.0163520368683,0.9985208263053833,0.000728885686574336,778.3683710672433,1677.9523789453608,12314,0
1484.037184951566,0.9997359264532505,0.0007289120133469822,778.368281216188,1677.9511148410409,12315,0
1484.0580178653322,0.9997366279863393,0.0007291184728940564,778.368303175113,1677.9523311738158,12316,0
1484.0788507781663,0.9987295315480798,0.0007283952499628477,778.3694729041346,1677.9516652570956,12317,0
1484.0996836900695,0.9986562769283639,0.0007283319045366278,778.3686464574533,1677.9515606883022,12318,0
1484.1205166005752,1.000470359398766,0.0007283019974626688,778.3695825158222,1677.9510554191113,12319,0
1484.1413495101501,1.0011153440530467,0.0007283567555235365,778.3686654585633,1677.9508582939998,12320,0
1484.1621824187932,0.999773272994062,0.0007280892129450002,778.3701171841051,1677.9512800141645,12321,0
1484.1830153265055,1.001394915856154,0.000728838191651245,778.3686657367665,1677.9508569426177,12322,0
1484.2038482328203,0.9994981627345688,0.0007281844256139296,778.368678230226,1677.9507258931035,12323,0
1484.2246811382042,0.9982152201757796,0.000727862879598465,778.3675894616938,1677.9503308512692,12324,0
1484.2455140426564,1.0003917803581357,0.0007280270766899273,778.3686021836223,1677.9512170628686,12325,0
1484.2663469461777,0.9994664847607667,0.0007276853685150258,778.3686665552614,1677.9516598961297,12326,0
1484.2871798487668,1.000163728786781,0.0007278574637171916,778.3686703243483,1677.9503696006577,12327,0
1484.3080127499588,0.9997503479884573,0.0007274265272404887,778.3681663412818,1677.9504953052126,12328,0
1484.32884565022,1.000495643706058,0.0007275799618976468,778.3684890108922,1677.9507355461672,12329,0
1484.3496785495504,1.0017089333494162,0.0007274857464015584,778.3688248749894,1677.9497026898523,12330,0
1484.3705114474833,0.9982642000249504,0.0007266382139978223,778.3694974439189,1677.9508275255719,12331,0
1484.391344344951,1.000377275609724,0.000727149490527441,778.3684370101026,1677.9506277979917,12332,0
1484.433010136162,0.999607815227635,0.0007269878590601143,778.3688143705396,1677.949819827602,12334,0
1484.453843029904,1.0013664039465409,0.0007272430944749539,778.3683164959261,1677.9494602042325,12335,0
1484.4746759231807,1.0004081775955667,0.0007273156588193816,778.3688719392577,1677.9502028691384,12336,0
1484.49550881506,0.9996648392547878,0.0007266264826481139,778.3680451649245,1677.9497643805732,12337,0
1484.5163417060085,0.9998957604170325,0.0007264552024265217,778.3682286169402,1677.9494054925958,12338,0
1484.5371745960251,1.0011666332144313,0.0007265372585895107,778.3672079952796,1677.9494202384783,12339,0
1484.5580074846453,1.0012903478036002,0.0007265797579756716,778.3680926507694,1677.9495329030012,12340,0
1484.5788403723336,1.000162201443744,0.0007260016722472654,778.368079395779,1677.9488965662963,12341,0
1484.599673259091,1.001258773499914,0.0007262763675573026,778.3688474937082,1677.9491813218162,12342,0
1484.6205061449168,1.001053916824035,0.0007264772496753419,778.3683736197381,1677.9484630054274,12343,0
1484.6413390298117,1.0013071367419266,0.0007263511788780937,778.3681476839922,1677.9484581483757,12344,0
1484.662171913309,0.9998177583083306,0.0007260762225845159,778.3673509927197,1677.9494841353542,12345,0
1484.6830047963408,1.0015226753778734,0.0007264060975244477,778.3686863034698,1677.949325426453,12346,0
1484.7038376775104,0.9997450809818422,0.0007257376443626735,778.3676496514574,1677.9483880244495,12347,0
1484.7246705582133,0.9991828543621614,0.00072561322630545,778.3678712352298,1677.9491580964773,12348,0
1484.745503437985,1.0004395464477658,0.0007257413785698432,778.36746342532,1677.9474934146683,12349,0
1484.766336316361,1.0011245788433367,0.0007255804987128868,778.3669031942585,1677.9477378050344,12350,0
1484.7871691938058,1.0006927022561585,0.0007256678192215081,778.3681502261372,1677.9477439484237,12351,0
1484.8080020703183,1.0002577590327162,0.0007253539779209172,778.3682399060156,1677.9485085915376,12352,0
1484.8288349458999,0.9990727408971278,0.0007249591774121166,778.3679745984196,1677.948008953612,12353,0
1484.849667820084,1.0000596200721268,0.0007250797471748965,778.3674714956896,1677.9474940262803,12354,0
1484.8705006933374,0.9986546571294419,0.0007250868201195453,778.3683283931144,1677.948429227215,12355,0
1484.891333565659,1.0013080358768778,0.0007254143906746891,778.3675089715628,1677.9483710341697,12356,0
1484.9121664370496,0.9997931796647144,0.000725094045905754,778.3671737205161,1677.9475254054742,12357,0
1484.9329993070428,1.0005428804447039,0.0007250168473671597,778.3680019360731,1677.9481661085147,12358,0
1484.9538321765708,1.0004984524879224,0.0007248884206762666,778.3679355480753,1677.947858874772,12359,0
1484.9746650447014,1.0003653459377657,0.0007244767868254259,778.3682137053324,1677.9478383927808,12360,0
1484.995497911901,0.9992583525643886,0.0007242552989090098,778.3684684954608,1677.9475024898493,12361,0
1485.0163307777034,1.0007171796170555,0.0007243197336821052,778.3682262923948,1677.9475534668468,12362,0
1485.0371636430405,0.9986616616658489,0.000724035731577338,778.3680493791521,1677.94829532312,12363,0
1485.05799650698,0.9984376383815224,0.0007238561535760153,778.3678694625344,1677.9483129375062,12364,0
1485.0788293699889,0.9996247258597257,0.0007247109436771916,778.3678382764676,1677.9466039343567,12365,0
1485.0996622320658,1.000600360318184,0.000724503875426585,778.3673723741613,1677.9466766174746,12366,0
1485.1204950927468,1.0003922185949532,0.0007243717382483403,778.3678476283218,1677.9470637812847,12367,0
1485.1413279524959,1.0011420792808479,0.000724504767008937,778.3683250542003,1677.947372885227,12368,0
1485.1621608117784,0.9994135165295952,0.0007243499695269555,778.3679342287718,1677.9472228479556,12369,0
1485.1829936691988,0.9998823704163282,0.0007237304852007347,778.367686828289,1677.9476759339086,12370,0
1485.203826526154,1.0001540260583488,0.000723692406288451,778.368485681331,1677.9461102952923,12371,0
1485.2246593821774,0.9997647771454704,0.0007239474108531145,778.3681113005538,1677.9460612716423,12372,0
1485.2454922368042,0.9985697957833468,0.0007233929296276015,778.3682523398552,1677.945969036967,12373,0
1485.2663250904993,1.0000952928138647,0.0007234069758318036,778.3676101588518,1677.946793184118,12374,0
1485.2871579432635,0.9997162232985335,0.0007240940151899453,778.3679971821191,1677.9465916280894,12375,0
1485.3079907946303,0.9993101197122806,0.0007238493026035075,778.3674741998349,1677.9468777075379,12376,0
1485.3288236450662,0.999654195329005,0.0007234782696467287,778.3680230548426,1677.9469610797432,12377,0
1485.349656495036,1.0013618517134522,0.0007239694994868418,778.3680748686909,1677.9458320305616,12378,0
1485.3704893431436,0.9995212679905312,0.0007234845128280418,778.3679107785196,1677.9459662984195,12379,0
1485.391322190785,0.9983726101492343,0.0007226361906385636,778.368511094685,1677.945538345823,12380,0
1485.4121550374957,1.000074392367143,0.0007229251582121385,778.3674560046977,1677.945105077099,12381,0
1485.432987882809,0.9992986530740463,0.0007228050834523594,778.3679489155376,1677.9458721751807,12382,0
1485.4538207271917,1.001139095842004,0.0007232606115960497,778.3677841352653,1677.9454244743647,12383,0
1485.474653570643,0.9997129707324656,0.0007227442275193821,778.3679313674115,1677.9448692527671,12384,0
1485.4954864126971,0.998264396552176,0.0007227019413474153,778.3686173167422,1677.9454613893902,12385,0
1485.516319254285,0.9990684697098505,0.0007231050654892403,778.3683088719354,1677.9446406089264,12386,0
1485.5371520944764,0.9986950458934104,0.0007226646504267358,778.3674464148613,1677.9456593900454,12387,0
1485.5579849337355,1.0005300264994808,0.0007228968139349971,778.3674863510096,1677.945318276598,12388,0
1485.5788177715976,1.000326903720593,0.0007224781369359006,778.3671386118248,1677.9448785244622,12389,0
1485.5996506089946,1.0006462181925369,0.000722621445349358,778.367663518657,1677.9450672152002,12390,0
1485.620483444995,0.9996553400629629,0.0007221294115064686,778.3688784383911,1677.9457275714367,12391,0
1485.6413162800636,0.9998455963377166,0.0007220404148589898,778.3675999772279,1677.945103255335,12392,0
1485.6621491142014,1.0012335529150436,0.0007223266105008456,778.3679871005493,1677.9441172028153,12393,0
1485.6829819469417,0.999906349614913,0.0007221976173694664,778.367755541724,1677.9443533821213,12394,0
1485.7038147792168,1.0008166915214978,0.0007223839175491864,778.3685661940314,1677.945815082548,12395,0
1485.7246476100945,1.0000701915222456,0.0007222927949018042,778.3676865370995,1677.9446743823516,12396,0
1485.7454804400413,1.0006603623411876,0.0007222150544392886,778.3681549796485,1677.9456798942992,12397,0
1485.7663132685907,0.9994965156761201,0.0007220072802843135,778.3676070903556,1677.9457977871484,12398,0
1485.7871460966753,0.9994949675158256,0.0007218671509399902,778.3673448956125,1677.9439096404403,12399,0
1485.807978923363,1.0007307074816174,0.0007219798610172896,778.3678846311477,1677.9442294947753,12400,0
1485.8288117491188,1.00149457219052,0.0007220502604777824,778.3676636000739,1677.9443325925927,12401,0
1485.849644573943,1.0008775185061671,0.0007216316161693639,778.3674981261566,1677.944558656761,12402,0
1485.8704773973705,0.9995991099414557,0.000721726858640844,778.3686672595376,1677.944805711983,12403,0
1485.891310220332,1.000565045226489,0.0007215614983807721,778.3681673058609,1677.944634748615,12404,0
1485.9121430418968,1.0008316580638184,0.0007217378183169416,778.3671600482229,1677.9438636104176,12405,0
1485.93297586253,1.0008993923306078,0.0007218350333349803,778.3675667602738,1677.944790366059,12406,0
1485.9538086817665,0.9987420747225917,0.0007212703129461851,778.368140258804,1677.9445776281982,12407,0
1485.9746415005366,1.0008571212104045,0.0007217922518980426,778.3675662369471,1677.944828138736,12408,0
1485.9954743179096,1.0005055014198303,0.0007217128662931057,778.3675054187012,1677.944141326149,12409,0
1486.0163071343518,0.9992083881348971,0.0007210165245037281,778.366862971521,1677.9444173229579,12410,0
1486.0371399493974,1.0015187803652223,0.0007213058697509867,778.3680525763954,1677.9440413139052,12411,0
1486.057972763977,0.9998608711809647,0.0007208893768159063,778.3680197634978,1677.94431996057,12412,0
1486.07880557716,0.9942291372756167,0.0007194303733065168,778.3673303576415,1677.943627130938,12413,0
1486.0996383894112,0.9921840477451557,0.0007191287506515533,778.3674337891754,1677.9436373814838,12414,0
1486.120471200732,0.9924392695168156,0.000718916327907149,778.3678605619702,1677.944147310398,12415,0
1486.1413040106559,0.9906749601773442,0.0007187364021059237,778.3673299360669,1677.9437124999852,12416,0
1486.1621368201136,0.9893314517126632,0.0007188443261203715,778.367879278021,1677.9440784067426,12417,0
1486.1829696281739,0.9896596893348623,0.0007184519673843421,778.3681133530304,1677.9443568908512,12418,0
1486.2038024353033,0.9912733878806961,0.0007189621754834353,778.3667910760711,1677.9431869537823,12419,0
1486.2246352410352,0.9906067008274353,0.0007185977783756198,778.367887301063,1677.9434762124351,12420,0
1486.245468046302,0.9950611146259773,0.0007193385949305092,778.3680845543183,1677.9434898795223,12421,0
1486.2663008501713,1.0012806214486056,0.00072057011514184,778.3678791602243,1677.9432570862143,12422,0
1486.2871336531098,1.0009965026718952,0.0007204522958801149,778.3668314248849,1677.9426349275743,12423,0
1486.3079664546508,1.0009262371589838,0.0007208621791297337,778.3683309189333,1677.9435837407593,12424,0
1486.3287992557266,0.9995161098144566,0.0007199910220082692,778.3678777028634,1677.9437019452205,12425,0
1486.349632055405,1.0015725893123135,0.0007205898199364225,778.3682573278414,1677.9428358850987,12426,0
1486.3704648541525,0.9995430591422731,0.0007203677680532768,778.3670552783335,1677.9433674011639,12427,0
1486.3912976515026,0.999571700357749,0.0007201430543253427,778.3683375690296,1677.9436253853276,12428,0
1486.4121304483865,1.0000005391613638,0.0007202680512249599,778.3678076779953,1677.9425875678655,12429,0
1486.4329632438735,0.9984917295721261,0.0007197535408662909,778.3664509286195,1677.942064354352,12430,0
1486.4537960384305,0.9995492393662174,0.0007196690923351906,778.3684393331735,1677.9432918514174,12431,0
1486.4746288315905,1.0013255655516453,0.0007200853220852867,778.3681617114362,1677.94254591359,12432,0
1486.4954616242844,1.0009198483571253,0.000719662473153954,778.3683884382793,1677.9422991682654,12433,0
1486.516294415581,1.0017439333162814,0.0007196450467984687,778.3684682202926,1677.9426062819612,12434,0
1486.5371272059465,1.0001986564686993,0.0007197179503615011,778.3676767662499,1677.9420919693816,12435,0
1486.5579599953803,1.0000681490369216,0.0007194150216186266,778.3674044312836,1677.9416786438605,12436,0
1486.5787927834176,0.9988831354962692,0.0007193803968623132,778.3676730327882,1677.9419793604116,12437,0
1486.5996255705231,1.0010139894369847,0.0007200725594034468,778.3673618104162,1677.9426877043884,12438,0
1486.6204583566978,1.0001512568142186,0.0007194684420819929,778.3674002265683,1677.9411542796029,12439,0
1486.6412911419407,1.000663274925857,0.0007194008681661822,778.3673207062182,1677.9418243489492,12440,0
1486.662123925787,0.998253137463219,0.0007187384417471009,778.3686667137679,1677.9418415045816,12441,0
1486.6829567087016,1.0004688730328504,0.0007190223864692147,778.3677400244618,1677.941330171798,12442,0
1486.7037894906853,1.0002091762735403,0.0007188890762019594,778.3675748928212,1677.9408768959759,12443,0
1486.7246222717372,1.0006062347314237,0.0007186870687660379,778.3685993743752,1677.9414535026092,12444,0
1486.7454550513926,1.0004325097910027,0.0007192117063673894,778.3675483632651,1677.9415147446744,12445,0
1486.7662878301162,1.0011615975923873,0.0007188542529640399,778.3673617571,1677.9407332324547,12446,0
1486.7871206079094,1.000119894471284,0.0007187933449452612,778.3683689209779,1677.9417542136568,12447,0
1486.8079533847713,1.000503707195071,0.0007188131517126578,778.3674473455702,1677.941168998393,12448,0
1486.8287861602348,0.9999389837116777,0.0007184976189070967,778.3680929988544,1677.9420045319068,12449,0
1486.849618934767,0.999554983083671,0.0007184163630057556,778.3676549010512,1677.9408996215082,12450,0
1486.8704517083688,1.0001704026905454,0.0007184926336965667,778.3679014138764,1677.9409225396153,12451,0
1486.8912844810388,0.9995504539386614,0.000718023221329695,778.3686318445364,1677.9408635967236,12452,0
1486.9121172523123,1.0005254291234646,0.000718055623553363,778.3679270492739,1677.940423730934,12453,0
1486.932950022654,1.0021163123980328,0.000718402182467605,778.3678755677507,1677.9391033527816,12454,0
1486.9537827920649,0.9991557964583093,0.0007176537151386274,778.367913558936,1677.9413162451074,12455,0
1486.9746155600783,1.00016414158938,0.0007183445827495068,778.3683969850379,1677.9406072991026,12456,0
1486.9954483271608,0.9990703385835601,0.0007175025267827469,778.3678618914851,1677.9402156518713,12457,0
1487.0162810933116,0.9995442418503521,0.0007177633945235844,778.3683125946077,1677.9410197093937,12458,0
1487.0371138585315,1.0000746437405605,0.0007177840935848649,778.3672664825241,1677.9399643589031,12459,0
1487.057946622354,0.9999581624221285,0.00071779244963388,778.3676215464943,1677.9399041767167,12460,0
1487.0787793852455,0.9995835675361484,0.0007173811284731931,778.368608350058,1677.9401944406875,12461,0
1487.0996121472062,0.999416222335874,0.0007171423680603447,778.3681750167096,1677.9402492143838,12462,0
1487.12044490777,1.0010517799258603,0.0007173121766983406,778.368012338668,1677.9397808040937,12463,0
1487.1412776678671,1.0011157762676435,0.0007172173897019653,778.3681202275675,1677.9394988118904,12464,0
1487.1621104265678,1.0001325096949052,0.0007168211820049101,778.3681403095727,1677.940436242213,12465,0
1487.182943183871,0.9992945489090357,0.0007168144324763454,778.3680851477916,1677.9399378909973,12466,0
1487.203775940709,0.9993230741326967,0.0007170389325056099,778.3678267944582,1677.9398023719352,12467,0
1487.2246086961495,0.9993217114962432,0.0007166970352306625,778.3677538840615,1677.9391535863272,12468,0
1487.2454414501926,0.9977831872191012,0.0007169918405352483,778.3683207489681,1677.9392681361921,12469,0
1487.26627420377,1.0013724772198755,0.0007173823130642428,778.3691938366645,1677.9401124417884,12470,0
1487.2871069559515,1.001058634771996,0.0007170644628019511,778.3675407037939,1677.9387477763476,12471,0
1487.307939707201,0.9982751631475679,0.0007160969713532602,778.3681205533692,1677.9394073009898,12472,0
1487.3287724570541,0.9993414533512427,0.0007161555291425795,778.3685951130169,1677.938770904354,12473,0
1487.349605206441,1.00014516212688,0.0007162058402952873,778.3683446610848,1677.9386499162517,12474,0
1487.3704379544315,1.0002378672404824,0.0007159642671075462,778.3684347666934,1677.938139841543,12475,0
1487.3912707010245,0.9999636573384976,0.0007160102615951343,778.3689032262008,1677.9390693978687,12476,0
1487.4121034471523,0.9988256532186176,0.000715791436876247,778.3685252138496,1677.939149469794,12477,0
1487.4329361918835,1.0008828306672422,0.0007165655142354844,778.367314072252,1677.9374413968253,12478,0
1487.4537689356835,0.9990977121557234,0.0007158752919115033,778.3688193309914,1677.9386419065909,12479,0
1487.4746016780855,0.9999938733533367,0.0007162476680348153,778.368562629641,1677.9384936480744,12480,0
1487.4954344195567,0.9978176652841,0.0007153274489049204,778.3686157275984,1677.9382098054791,12481,0
1487.516267160096,0.9991371197656406,0.000715449242079435,778.3689616613229,1677.9381663415706,12482,0
1487.5579326379157,1.0026681285339987,0.0007156326213080534,778.3675472250081,1677.9383672469198,12484,0
1487.5787653751959,0.9998091370661387,0.000715294099161683,778.3690512593251,1677.9377881307507,12485,0
1487.5995981110786,1.0016411997940982,0.0007152752887861324,778.368598147865,1677.9382561156226,12486,0
1487.6204308464962,1.0003401963228287,0.000715125420689173,778.3682414997807,1677.9372876011219,12487,0
1487.6412635805164,1.0008501610076856,0.0007151634285332803,778.3688660022153,1677.9371667416078,12488,0
1487.662096313139,0.9989112302916672,0.0007147806537975035,778.368189025271,1677.9375170259702,12489,0
1487.6829290448304,1.0008347284574013,0.000715201392060546,778.368254300491,1677.9380583418267,12490,0
1487.703761775591,0.9989056120303506,0.000714655135967361,778.367945275152,1677.9377538954614,12491,0
1487.7245945054206,0.9994559050871688,0.0007146720769487438,778.3686942828341,1677.9380109663725,12492,0
1487.7454272338537,1.0016684373240312,0.0007147844389230096,778.3680118835042,1677.9373560785295,12493,0
1487.7662599613554,1.001639781807755,0.0007145133634205802,778.3679861993425,1677.936442750999,12494,0
1487.7870926879255,1.000597392692383,0.0007140938014749388,778.3687018161067,1677.9370860324564,12495,0
1487.807925413098,1.0007928127433579,0.0007142907572173477,778.3691931037903,1677.9371030321506,12496,0
1487.8287581373397,1.0009098953997868,0.0007142739417298358,778.3682286906712,1677.9363088591979,12497,0
1487.8495908606496,1.0005031733257532,0.0007143544938738135,778.3685204812339,1677.9374888370794,12498,0
1487.8704235825626,1.000048581942887,0.0007141851325013321,778.368409329658,1677.9370622215872,12499,0
1487.8912563035447,0.999809211396287,0.0007140423192895373,778.3684901197981,1677.936610786396,12500,0
1487.9120890231293,1.0014290056831692,0.0007143367925419973,778.3691438988619,1677.93635305484,12501,0
1487.9329217422487,0.9996318599485488,0.0007137464033993792,778.368152516438,1677.9364540238057,12502,0
1487.953754459505,1.0002301414016346,0.0007135961889900547,778.368461680792,1677.935473512439,12503,0
1487.9745871762962,0.9987232756268943,0.0007131473704145363,778.3692937313209,1677.9363236190059,12504,0
1487.9954198916898,1.0009617013619856,0.0007134479338794007,778.3688214644787,1677.9359254023734,12505,0
1488.0162526061526,0.9998823701859096,0.0007136649591763599,778.3691959235449,1677.9353706547915,12506,0
1488.037085319218,0.9993193914784122,0.0007128220359764832,778.3682002253972,1677.9359281318925,12507,0
1488.0579180313525,0.9998568923193643,0.0007132362504593156,778.3694238372991,1677.9362877868436,12508,0
1488.0787507425553,0.9997284615920394,0.0007130624308218682,778.3680266876814,1677.9354589532024,12509,0
1488.0995834523615,1.0002436506490073,0.0007131433214228081,778.3689783143911,1677.935790613652,12510,0
1488.1204161612359,0.9993030496285135,0.0007130059168902602,778.3684139995877,1677.9356802140323,12511,0
1488.1412488691794,0.9983768010535888,0.0007130627044967841,778.3692277943036,1677.9358786118635,12512,0
1488.1620815757256,0.9988596473463885,0.0007126358960615253,778.3684454572765,1677.9362781980617,12513,0
1488.1829142813408,0.9992510045216093,0.0007126037447442842,778.3685441161826,1677.9355140513132,12514,0
1488.2037469860243,1.0000193243339686,0.0007125908637349047,778.3688704631229,1677.9347388029937,12515,0
1488.2245796893112,1.0016568480582384,0.0007126701044414018,778.3692649324652,1677.934531894205,12516,0
1488.2454123912007,1.0008500850600222,0.000712421702531139,778.3690925594339,1677.9351909932373,12517,0
1488.266245092625,1.0013136900777144,0.0007125853455607956,778.3699059732138,1677.9357095535797,12518,0
1488.2870777926519,1.0015832514749277,0.0007128803541706394,778.3695497643607,1677.9359815212529,12519,0
1488.3079104912822,1.0025191263906723,0.000713049312631595,778.3716549732807,1677.9378698290147,12520,0
1488.3287431894464,0.9999225608799509,0.0007124599180100328,778.3698068525501,1677.9351119172177,12521,0
1488.3495758857484,0.998588211760111,0.0007120700569290188,778.3698658642696,1677.9360370890429,12522,0
1488.3704085815843,0.9990337993951094,0.0007119705715030209,778.3690093502054,1677.9341419003888,12523,0
1488.3912412760242,1.000079199995184,0.0007120917618404718,778.3691781622274,1677.9339286726704,12524,0
1488.412073969067,1.000649476700277,0.0007118078041302788,778.3695980993419,1677.9340440675692,12525,0
1488.4329066616438,0.9996475284587235,0.0007118635201440683,778.3700526923792,1677.9344368842865,12526,0
1488.4537393523574,0.9999575339708277,0.0007115849689406039,778.3691559413558,1677.93351333204,12527,0
1488.4745720426058,0.9992758938611243,0.0007115332550721995,778.3706439333012,1677.9349327241193,12528,0
1488.4954047314568,0.9986190828222323,0.0007115059648427284,778.3695155028515,1677.9341417798557,12529,0
1488.516237419376,0.9989470897358583,0.0007116558209649914,778.3699620930131,1677.9345167524402,12530,0
1488.5370701058982,0.9995580298774062,0.0007115666240459621,778.3691674558517,1677.933524191151,12531,0
1488.55790279149,0.9994791302341514,0.0007115126897330374,778.3684430812378,1677.9331828823924,12532,0
1488.5787354756844,1.0001479500021901,0.0007116251459286729,778.369826197777,1677.9335259512661,12533,0
1488.599568158948,1.0001854696749348,0.0007114543726463051,778.369602199896,1677.9327949089836,12534,0
1488.6204008412797,1.0000376604017558,0.0007110518691258199,778.3694851336493,1677.9333289923538,12535,0
1488.6412335222149,1.0006135052315714,0.0007111002453730817,778.3695111660581,1677.9330077325133,12536,0
1488.6620662017526,1.0006198352030398,0.0007109930156760831,778.3697922781836,1677.9326396547983,12537,0
1488.6828988808252,1.0008760173656457,0.000711120124012419,778.3693477175786,1677.9326253004435,12538,0
1488.7037315585003,1.00053626208402,0.000711047893760113,778.370163447592,1677.9340606127407,12539,0
1488.7245642347793,1.0003753807831184,0.0007109905912856222,778.3698836829413,1677.9331781444353,12540,0
1488.745396910127,0.9987334021731744,0.0007105660646009888,778.3697492004162,1677.933360474666,12541,0
1488.766229584543,0.9999542093785733,0.0007107453596811178,778.370005409491,1677.932766275335,12542,0
1488.7870622575615,1.0008781683581869,0.0007107000623130741,778.369674908686,1677.9334518012067,12543,0
1488.8078949296491,0.9999018570324992,0.0007106065524909882,778.3714520722896,1677.9329262111773,12544,0
1488.828727600805,1.0006974029718534,0.000710695940961593,778.3704918961007,1677.9324971583737,12545,0
1488.8495602705643,0.9994184008853538,0.0007098434054362454,778.3697885759647,1677.9325625420042,12546,0
1488.8703929389262,1.0009741523312836,0.0007106537257645996,778.3708401333857,1677.9322852980672,12547,0
1488.8912256063572,1.0020201918247131,0.0007102351137264407,778.3702138576335,1677.9316557393108,12548,0
1488.9120582728565,1.0000067729248687,0.0007098930978448598,778.3701190515218,1677.9319521597452,12549,0
1488.9328909379583,0.9993269749738306,0.0007101597380733444,778.3710972822449,1677.932272579287,12550,0
1488.9537236021288,1.0000229406058179,0.0007099707235289315,778.3706333994278,1677.9318381454402,12551,0
1488.9745562653688,0.998526640934898,0.0007097314592179094,778.3704789710713,1677.9323319501348,12552,0
1488.9953889272115,0.9999488234731072,0.0007098860420300823,778.3697684750229,1677.931975869069,12553,0
1489.0162215881232,1.0009777033208873,0.0007098770373892526,778.3708281184541,1677.9326177929934,12554,0
1489.0370542476376,0.9994381587033548,0.0007096132274910916,778.3712748223253,1677.9324390045394,12555,0
1489.0578869062215,1.0007446851986765,0.0007096035574878114,778.3706550263257,1677.9309708276119,12556,0
1489.0787195634084,1.0009442332594687,0.0007093964070177657,778.371016518226,1677.9310771320897,12557,0
1489.0995522196636,1.0006693823449042,0.0007092409372466131,778.3722719206037,1677.9318461760622,12558,0
1489.120384874987,1.0008478317125713,0.0007093852654630473,778.3708255680407,1677.9315221673228,12559,0
1489.1412175289138,0.9980564179348853,0.0007090452712694489,778.3719247209573,1677.9319014091889,12560,0
1489.1620501819089,0.9995409743403637,0.0007093005026616579,778.3711418999904,1677.9322851778445,12561,0
1489.1828828335074,0.9989007052493762,0.000709000250823438,778.3717729388807,1677.9312156029148,12562,0
1489.2037154846398,1.0011303172056512,0.0007091618261746679,778.3708823119639,1677.9307177372305,12563,0
1489.22454813391,0.9992895979890879,0.0007089506126369343,778.3714813621044,1677.9300252375078,12564,0
1489.2453807827142,0.9988440701076178,0.0007083061826732829,778.3725968201155,1677.9312591707521,12565,0
1489.2662134301218,0.9982337007895709,0.0007081191198814207,778.372441690436,1677.9309532658688,12566,0
1489.287046076132,0.9917323358596453,0.0007062121775360167,778.3716022035075,1677.9306186939396,12567,0
1489.3078787212112,0.99002528454478,0.0007055321857039758,778.3723996335701,1677.9310270603644,12568,0
1489.3287113653587,0.9899801729277675,0.0007055816623234586,778.3718557912761,1677.9305478369615,12569,0
1489.3495440085744,0.9896196729060134,0.0007054690886516142,778.3722432942567,1677.9305218162904,12570,0
1489.3703766503932,0.9878049767965528,0.0007050503932564215,778.37250765938,1677.9303377649612,12571,0
1489.391209291282,0.9883890637484812,0.0007052814113330219,778.371942001183,1677.9300020874982,12572,0
1489.4120419312394,0.9872217956193609,0.0007046765176910651,778.3727471045835,1677.9312064491867,12573,0
1489.4328745697994,0.989519408091777,0.0007049299691206888,778.373120560252,1677.9308698051912,12574,0
1489.4537072074277,0.9954132242768365,0.0007059821908172705,778.3726942228866,1677.930291734078,12575,0
1489.474539844125,0.9979038015476696,0.0007062283484162452,778.3722893747282,1677.9310956243587,12576,0
1489.4953724798906,0.9987292806631904,0.0007063129960184827,778.3731995140306,1677.9294307335076,12577,0
1489.5162051142597,0.9973535833625998,0.0007057258259161742,778.3734353792515,1677.9300211318855,12578,0
1489.5370377481627,0.9979858374087561,0.0007058528879883913,778.3735235948543,1677.9299804930452,12579,0
1489.557870380669,0.9985245107455877,0.000705949927239965,778.3730705471801,1677.9299184216145,12580,0
1489.5787030122437,0.9980320457576288,0.0007057972783703271,778.3734432698434,1677.9292778541515,12581,0
1489.5995356424219,0.9966923425613221,0.0007055329139785639,778.3737326646577,1677.9298766857733,12582,0
1489.6203682721339,0.9982492583563463,0.0007062291955109642,778.3732380832865,1677.9287302833866,12583,0
1489.641200900915,0.9981122905653006,0.0007057951947601651,778.3731221932237,1677.929022661693,12584,0
1489.6620335282987,0.9978919556005259,0.0007055625418986712,778.3742147054907,1677.9291816446168,12585,0
1489.6828661552172,0.9992907755941836,0.0007058951572281771,778.3737423231622,1677.9287057790916,12586,0
1489.7036987807383,1.00006782842697,0.0007059896819818641,778.373588192728,1677.9284981901262,12587,0
1489.7245314057946,0.9994603200710934,0.000706319146486247,778.3746896579715,1677.9296026502584,12588,0
1489.7453640299195,1.0012682740971222,0.0007066252847207686,778.3750305847909,1677.9289660637228,12589,0
1489.7661966531118,1.0007635956633985,0.0007061568789924178,778.374760685879,1677.9284194257073,12590,0
1489.7870292753728,0.9992781820510859,0.0007059661524329624,778.3746331385192,1677.9290450037797,12591,0
1489.807861897169,0.9987104318230053,0.0007058151669258636,778.3750690640805,1677.928288430489,12592,0
1489.8286945180334,1.0004343942020935,0.0007066621798665626,778.3746306072982,1677.929373875851,12593,0
1489.849527137967,1.0000551308050036,0.0007062215725469573,778.3758233843323,1677.9293168565532,12594,0
1489.8703597574345,1.0008136575991835,0.000706279913631491,778.3746332025207,1677.92742182921,12595,0
1489.891192375971,1.0018773436360275,0.0007064207351865805,778.3756933710863,1677.928158062007,12596,0
1489.9120249940415,1.0019350033292183,0.0007061923003651704,778.3760850724652,1677.9284105407726,12597,0
1489.9328576111811,1.0020512594254174,0.0007063192481257672,778.3764558432803,1677.9281352846629,12598,0
1489.9536902283203,1.0029446724332713,0.0007064788221723138,778.3762194950631,1677.9276657717344,12599,0
1489.9745228445286,1.0045099145377816,0.0007071428839768446,778.3761978001576,1677.9282816170116,12600,0
1489.9953554607364,1.001529824293853,0.0007061978905387755,778.375635926397,1677.9276484220882,12601,0
1490.0161880760133,1.0034210414147426,0.0007067392734425534,778.3766552555329,1677.9287520276102,12602,0
1490.0370206912899,1.0042913489137726,0.0007070546608734036,778.3771293674017,1677.9289667618114,12603,0
2201.745294917956,1.0025636207709887,0.0012674279648419494,1919.352481382293,1715.7455157307318,140296,0
2201.752239417041,1.001652409678147,0.0012676100737189335,1919.3510707770936,1715.746563955465,140297,0
2201.7591839151946,1.000082788753733,0.0012669117493003144,1919.3501322299164,1715.7464131493282,140298,0
2201.766128413813,1.0022431337118796,0.001267960419230675,1919.3490930937066,1715.7456143866198,140299,0
2201.773072911966,1.000570816329719,0.0012671447544022826,1919.3491542218107,1715.7453081243805,140300,0
2201.780017410119,0.9992765839264149,0.0012669317222809,1919.3479026981604,1715.7441865593235,140301,0
2201.7869619082717,0.9973976791806247,0.001266954924360436,1919.3481451002215,1715.7426209219097,140302,0
2201.79390640596,0.9972714067656616,0.0012664433744384227,1919.3479273341381,1715.745247405658,140303,0
2201.800850903648,0.9974755272531938,0.0012670286675121835,1919.3469862185948,1715.7434267696885,140304,0
2201.807795401335,1.0000630044254764,0.0012676105585818888,1919.3462023662357,1715.7443051912214,140305,0
2201.8147398985575,1.0002397697951118,0.0012674372172996689,1919.3462722144075,1715.7435988437235,140306,0
2201.821684395779,0.9987574256666226,0.001267232918369346,1919.3464865942956,1715.7453133008662,140307,0
2201.828628893001,0.9994226468754379,0.0012678422995128693,1919.3450894303032,1715.7422083830672,140308,0
2201.8355733897574,0.9969497548798862,0.0012658364435499236,1919.345546329379,1715.7432616510039,140309,0
2201.842517886513,0.9976590830833176,0.0012676486552725464,1919.3444330838704,1715.7409934171885,140310,0
2201.8494623832694,0.9998097992836574,0.001267012017117919,1919.345564303216,1715.74260292096,140311,0
2201.8564068795595,1.0015287207731285,0.0012673785093688201,1919.3459162385814,1715.7430624906017,140312,0
2201.86335137585,1.002640373361411,0.001267185473453781,1919.3445757999468,1715.7418131689767,140313,0
2201.8702958721415,0.9988530735160215,0.0012661500027064088,1919.3449929048381,1715.7414725802576,140314,0
2201.877240367967,1.000319564462841,0.001267839984301979,1919.3451304830767,1715.7422718144428,140315,0
2201.8841848637912,1.000390599297763,0.0012666772305234362,1919.344013434113,1715.7413082481194,140316,0
2201.8911293596157,1.0007855586179168,0.0012670468907277606,1919.3443148880176,1715.7418016592899,140317,0
2201.8980738549744,1.0016773335261613,0.0012667336817105696,1919.3439193351383,1715.740575222175,140318,0
2201.905018350334,1.002860293284174,0.0012671446925123131,1919.3421363633913,1715.7403106941479,140319,0
2201.9119628456933,0.9983572764988949,0.0012659360833892463,1919.3430150093197,1715.7427335920208,140320,0
2201.9189073405873,1.0024665655383174,0.0012665890568887446,1919.3433810699241,1715.7404242594084,140321,0
2201.925851835481,1.002094537389487,0.0012664560120010252,1919.3423758004935,1715.739853603764,140322,0
2201.932796330374,1.0025664179301097,0.0012666438314753753,1919.34209311746,1715.7408285524211,140323,0
2201.9397408248014,0.999284597204843,0.0012659770009279623,1919.3431564854684,1715.7410731424418,140324,0
2201.94668531923,1.0007302545008736,0.0012662736394595108,1919.3422157672646,1715.739778532565,140325,0
2201.953629813658,1.000746806655455,0.0012670699376800389,1919.342468753991,1715.7401858050835,140326,0
2201.960574307621,1.002336986507232,0.001267863098725415,1919.3428234034286,1715.7408481563973,140327,0
2201.9675188015826,1.0011200980512998,0.0012674527286987696,1919.3414182810316,1715.7407864145466,140328,0
2201.9744632955444,0.9981517264742752,0.0012661107550572194,1919.3422400573522,1715.7394447083589,140329,0
2201.9814077890405,0.9998196892433059,0.0012679489741842021,1919.3421962345524,1715.7406566753004,140330,0
2201.9883522825376,1.0013993583819731,0.001267600011306713,1919.341297026225,1715.7405135154265,140331,0
2201.995296775569,0.9985293588508095,0.001266736823353451,1919.3421790994005,1715.739720565913,140332,0
2202.0022412685994,0.9993870000346765,0.0012680320808236612,1919.341378893465,1715.7386883501006,140333,0
2202.0091857616303,1.0001957915987456,0.0012676521645189661,1919.3407195918167,1715.7393445868836,140334,0
2202.0161302541956,0.998382948841754,0.0012668227626602665,1919.3401297920827,1715.7392690023291,140335,0
2202.023074747226,1.0003080523801846,0.001267866035546281,1919.3406673629597,1715.7391612758997,140336,0
2202.030019239326,1.00036775532898,0.0012680131093680393,1919.3408231715096,1715.7388776301063,140337,0
2202.036963731892,1.0004828349359247,0.001267449118611816,1919.3403468252395,1715.7382196996393,140338,0
2202.043908223991,0.9961197736724733,0.0012660424456706527,1919.3390575786223,1715.739665883906,140339,0
2202.0508527156253,0.9974297909155216,0.0012662909980300076,1919.3402879948471,1715.7395559781241,140340,0
2202.0577972077244,1.0002857934016045,0.0012673340790123346,1919.3410180884362,1715.740223722834,140341,0
2202.064741699359,0.9986942441982889,0.0012669061180441827,1919.339684107619,1715.7398035525168,140342,0
2202.0716861905275,1.001400548129295,0.0012688895247040036,1919.3385985920438,1715.73690527079,140343,0
2202.0786306816954,0.9985382945528876,0.001266074078755462,1919.3405692130275,1715.739935062315,140344,0
2202.085575172863,0.9999681291516664,0.0012665979771600056,1919.3409263022713,1715.7389796647417,140345,0
2202.092519664031,1.000376099876385,0.0012667180780232038,1919.3406436679606,1715.7400285864783,140346,0
2202.0994641547336,1.0008753618117296,0.0012664074873151607,1919.3394176967026,1715.737968250729,140347,0
2202.106408645437,1.001198171432656,0.001266932957427752,1919.337905842788,1715.7381291734046,140348,0
2202.1133531356745,1.0028894300708067,0.00126829534968518,1919.3405933122551,1715.7385483117882,140349,0
2202.120297625911,1.0011920984040859,0.0012668144824412983,1919.3404638661207,1715.7380956680252,140350,0
2202.1272421161484,1.0036627035390229,0.0012672519190897377,1919.3387547793614,1715.738687221625,140351,0
2202.134186606385,1.0023302661995517,0.00126745240752313,1919.3384004349844,1715.7376949869729,140352,0
2202.1411310961557,1.0013007809773702,0.0012668024364997435,1919.339039106394,1715.7379660739248,140353,0
2202.1480755854614,1.0003194910805888,0.001266848401464203,1919.3391567555116,1715.739304922617,140354,0
2202.155020075233,1.0026142803120144,0.0012677990785762044,1919.3370138353835,1715.736717187696,140355,0
2202.161964564073,0.9979427158816216,0.0012675670280465627,1919.339089333859,1715.7390027367737,140356,0
2202.1689090533782,1.0018975385170341,0.001267947506080984,1919.3386518294349,1715.7381004495946,140357,0
2202.1758535422177,1.0015737835033744,0.0012678923931470779,1919.3377696600553,1715.737540735849,140358,0
2202.182798031058,1.0021453405861878,0.0012685425822039982,1919.3373063880076,1715.7361561849668,140359,0
2202.1897425198986,0.9991947021704773,0.0012680871503623614,1919.3379624047436,1715.7364247597077,140360,0
2202.1966870082733,0.9987452952621096,0.0012674572316416744,1919.337432693473,1715.737004771748,140361,0
2202.203631496647,0.9992731952014484,0.0012676244525656932,1919.337311620328,1715.737508224158,140362,0
2202.2105759845554,1.0008515409065917,0.00126857872387912,1919.3358991121606,1715.7363101649269,140363,0
2202.2175204724645,0.9985244994656398,0.0012682730174943967,1919.3371031918791,1715.7373621667114,140364,0
2202.224464960373,0.9986485329534576,0.0012679708384424188,1919.3393033967395,1715.7386077630422,140365,0
2202.231409447816,0.9982742073791567,0.0012689818566900789,1919.3359595834245,1715.7357618810959,140366,0
2202.2383539352595,1.0006204138835322,0.001269218453210526,1919.3339591248168,1715.7344274484115,140367,0
2202.245298422702,0.9967672451201387,0.0012675234510357329,1919.3378170768765,1715.737834356744,140368,0
2202.252242909679,0.9992511360566144,0.0012686904899823822,1919.335445953878,1715.7358582205088,140369,0
2202.2591873966558,0.9970230783828243,0.0012677676887486757,1919.3377225656077,1715.7378856176285,140370,0
2202.2661318836335,0.9998260423119069,0.0012685998879267103,1919.3375155507804,1715.737322891182,140371,0
2202.273076370146,0.9974399270055868,0.001267681188984572,1919.3358711573057,1715.7366384364666,140372,0
2202.2800208566578,0.9979263040139678,0.001268557872169373,1919.3370011734223,1715.7382983254936,140373,0
2202.2869653427033,1.0016819114045907,0.0012690084605150084,1919.334968744465,1715.7336577451053,140374,0
2202.2939098287493,1.0007970945809648,0.0012697196110318274,1919.336973071762,1715.7366103308575,140375,0
2202.3008543147953,0.9992858103098478,0.0012679224790915057,1919.3361411016876,1715.7359227169945,140376,0
2202.3077988008413,0.9998348025397853,0.0012683535658048993,1919.336045611635,1715.735698520956,140377,0
2202.3147432864216,1.0015093603600336,0.0012685756558160294,1919.3359846621947,1715.7355154322834,140378,0
2202.321687771536,0.9998627287334511,0.0012678511692298473,1919.3362865748127,1715.7372995918302,140379,0
2202.3286322571166,1.0017348879105012,0.001268492489516515,1919.3368395879718,1715.7371325093804,140380,0
2202.335576742231,1.0015536157162632,0.001268258634571229,1919.3343876513566,1715.7350137498581,140381,0
2202.342521227346,1.0031986279207248,0.001268841189587138,1919.3355935898983,1715.7343906133347,140382,0
2202.349465711996,1.0022180783994281,0.0012685941671486695,1919.3357252959484,1715.7357892849723,140383,0
2202.3564101966444,1.002049396824069,0.0012686959012357367,1919.3350687134248,1715.7354235788275,140384,0
2202.3633546808273,0.9995699931355168,0.0012682575740364612,1919.3354780938844,1715.7363080952598,140385,0
2202.3702991654764,0.9995948759322587,0.0012682406693248591,1919.3336282424514,1715.735052520314,140386,0
2202.3772436491936,1.0003116701761197,0.0012679028795422897,1919.3342502770952,1715.7354655811805,140387,0
2202.3841881333774,1.0045154570763344,0.0012697116073588722,1919.3361321272384,1715.7353852009044,140388,0
2202.3911326170955,0.9992517361918387,0.0012686684677415663,1919.3338060481765,1715.7347331603487,140389,0
2202.3980771008128,0.9984674788817184,0.0012682709551013619,1919.3345872607003,1715.7347097243278,140390,0
2202.4050215840653,0.9985829444572966,0.0012683174702466714,1919.3348391078498,1715.7357892962423,140391,0
2202.4119660677825,0.999108463604902,0.001268896879524667,1919.334177186525,1715.736408174844,140392,0
2202.4189105505684,0.9997936532767238,0.0012695187878800755,1919.3360515549896,1715.7363228938307,140393,0
2202.425855033821,0.9977692105027973,0.0012693903521425762,1919.335222829848,1715.7363310517499,140394,0
2202.4327995166077,0.9980377170487073,0.0012699359485590178,1919.3336333824186,1715.7352001344186,140395,0
2202.439743999394,0.9975651651952774,0.0012707552189449777,1919.3327144606233,1715.7352748779278,140396,0
2202.446688481715,0.9986955998812849,0.0012691549376893524,1919.3364883253596,1715.7368661312782,140397,0
2202.453632964035,0.9972637149739798,0.0012692062557252187,1919.3330193599072,1715.734906803586,140398,0
2202.460577446356,1.0012133051874759,0.0012704479434175345,1919.3351436303028,1715.734878382115,140399,0
2202.4675219282117,1.0026250791328841,0.001270259010709735,1919.3338709974732,1715.7330574711543,140400,0
2202.4744664100663,1.0005380769534766,0.0012698347908652707,1919.3351315248942,1715.7342138899535,140401,0
2202.481410891455,1.0005975882992828,0.0012695469355621324,1919.3334590803997,1715.7341705820274,140402,0
2202.48835537331,1.000075132321253,0.0012692926392036598,1919.3337806337663,1715.734156492939,140403,0
2202.4952998546996,1.0011617937113673,0.0012699294552687393,1919.3349442215285,1715.7345897878743,140404,0
2202.502244335624,0.9996379359076695,0.0012684825524865836,1919.3328055807176,1715.734038586845,140405,0
2202.5091888165475,0.9995798465813153,0.0012686109067573394,1919.3338192315116,1715.7357476425886,140406,0
2202.5161332974717,0.9996872441088402,0.0012685533051688717,1919.3339603723282,1715.7338960544164,140407,0
2202.523077778395,1.000225132811646,0.001268713144618368,1919.3328989630916,1715.7341041309141,140408,0
2202.5300222588526,1.0016330972461696,0.0012701431126731755,1919.3341293546387,1715.7319362617093,140409,0
2202.5369667393106,1.0011822634785534,0.0012686258967678043,1919.3352887145372,1715.733277991054,140410,0
2202.543911219303,1.002737419417056,0.0012697580811976807,1919.3338735416053,1715.7350762117576,140411,0
2202.5508556992963,1.0008127813719314,0.0012700324727602105,1919.3343412927015,1715.7341443598957,140412,0
2202.5578001792883,0.9998365312523795,0.001268180258562522,1919.3332569263225,1715.7344443048164,140413,0
2202.56474465928,1.0056769756466633,0.0012695259747221009,1919.3341734939793,1715.7335504655618,140414,0
2202.5716891388074,1.0019217942597025,0.0012685678171301177,1919.3320519287774,1715.7330810700212,140415,0
2202.578633617868,1.000694566460034,0.0012686971942636128,1919.3346716672236,1715.734616397769,140416,0
2202.5855780973952,1.0034614153870949,0.001269416365052171,1919.3312578568127,1715.734532844987,140417,0
2202.5925225764563,1.0020762172749975,0.0012695257414634573,1919.3326558291228,1715.7335258897704,140418,0
2202.599467055517,1.0000931277775298,0.0012686697080829966,1919.3346545190761,1715.7332278056292,140419,0
2202.606411534113,1.0007744013990962,0.0012692790717416288,1919.3323197891482,1715.733039786495,140420,0
2202.6133560127078,0.9983253507610723,0.001268353666730623,1919.332847675699,1715.7336059472764,140421,0
2202.620300491303,1.001082298321407,0.0012696301415610308,1919.33210905524,1715.7334348008412,140422,0
2202.6272449694343,0.9969105162151163,0.0012687595999840177,1919.33214632572,1715.7323306711087,140423,0
2202.6341894475636,1.0014739167997502,0.0012710272570921085,1919.332213066813,1715.7332316170694,140424,0
2202.641133925693,0.9987259887734548,0.001270149937770966,1919.332751204486,1715.7326567310395,140425,0
2202.6480784033565,0.9980070040308716,0.0012692163396801448,1919.3326795845753,1715.7340086061165,140426,0
2202.65502288102,0.9992876566854372,0.001269480481804851,1919.3327981002296,1715.732985912475,140427,0
2202.6619673586856,0.9971791007391243,0.0012689608599342614,1919.3331652000795,1715.7344538311447,140428,0
2202.668911835884,0.9987469930273494,0.0012692392042617288,1919.3312535459015,1715.7320518308788,140429,0
2202.675856313082,0.997666304298776,0.0012683244704900227,1919.332063749376,1715.733232255282,140430,0
2202.682800790281,0.997364012217476,0.0012704416370866352,1919.3333478533045,1715.7328182967826,140431,0
2202.689745267013,0.9981531636518954,0.0012698891479880029,1919.3319369246362,1715.732256131558,140432,0
2202.6966897437455,1.0011852120051976,0.0012712585881828754,1919.3329020918463,1715.7333161448325,140433,0
2202.7036342200126,0.9996929181708915,0.0012694708068793973,1919.3322927019185,1715.7331874210824,140434,0
2202.710578696746,0.9987514294375218,0.001269045687535146,1919.332100980996,1715.732959603392,140435,0
2202.7175231730134,1.001937757076542,0.0012696795025994945,1919.331181763962,1715.731829626127,140436,0
2202.7244676488144,0.9989556139138609,0.001268435392077272,1919.3320649660266,1715.7332163320184,140437,0
2202.7314121246154,1.0029519425868079,0.001269918357478196,1919.3329786407114,1715.7327857062912,140438,0
2202.738356600418,1.0001227110705044,0.0012688712138838743,1919.3330607197195,1715.7321151787598,140439,0
2202.745301076219,1.0013037123523205,0.0012686101625616212,1919.332624587915,1715.7332306472751,140440,0
2202.752245551555,1.0001601939852203,0.001268969381587481,1919.3316282075737,1715.7326890821907,140441,0
2202.7591900268903,1.0012970510736565,0.0012691508538048139,1919.3332073191566,1715.7335891362968,140442,0
2202.7661345022257,1.0027165227927206,0.001269072910899744,1919.3323899246382,1715.733290808141,140443,0
2202.7730789770962,1.0018607426108652,0.001268405362902958,1919.332380347173,1715.7317813301972,140444,0
2202.7800234519664,1.0034024776544772,0.001269009627975495,1919.3326829981738,1715.73209053216,140445,0
2202.7869679263713,1.000865117220447,0.001268559045754369,1919.331530085326,1715.730826328348,140446,0
2202.793912401242,1.000388294105658,0.0012683196771858566,1919.3321297097814,1715.731835540466,140447,0
2202.800856875646,0.9990273987673536,0.0012674762469777375,1919.3299382434645,1715.730626162993,140448,0
2202.807801349584,1.001802494179941,0.0012684620879999488,1919.3301379688687,1715.730656717675,140449,0
2202.8147458235226,0.9980635579701179,0.0012679146924121124,1919.3322000407572,1715.7327452481957,140450,0
2202.821690297462,1.0003986462283365,0.0012684839669433261,1919.3323889208298,1715.7322692784967,140451,0
2202.828634771401,1.000316558768285,0.0012685789290252788,1919.3316408222854,1715.7301624390543,140452,0
2202.8355792448738,1.000934093395021,0.001268633614912909,1919.331186921038,1715.7306205682833,140453,0
2202.842523718347,1.0000187355433054,0.0012688377659812718,1919.330405307423,1715.7309844263275,140454,0
2202.84946819182,0.9985347094211077,0.0012678679135449597,1919.3332278936468,1715.7322448100192,140455,0
2202.856412664827,0.9994783460715173,0.0012681396168598967,1919.3307435506924,1715.7301126393395,140456,0
2202.863357137835,0.9976823606211104,0.0012685115379739366,1919.3327324040404,1715.7311124619869,140457,0
2202.870301610378,0.9969966045204063,0.0012676796698697463,1919.3309575163548,1715.7307261228189,140458,0
2202.877246083385,0.9986628356785238,0.0012684851192200578,1919.3318705487038,1715.7302726631526,140459,0
2202.884190555461,0.999293561405833,0.0012687320831686801,1919.3326495144674,1715.7316904938612,140460,0
2202.8911350280023,1.000147824139041,0.0012686439897978245,1919.3301308593443,1715.7316495062867,140461,0
2202.898079500079,0.9990504310303143,0.001268427157468858,1919.3326007452451,1715.730796867764,140462,0
2202.9050239721555,0.9992932581235685,0.0012677970755230457,1919.3308765094878,1715.7303829823356,140463,0
2202.911968444231,0.999431245557418,0.0012682031976146944,1919.3323809900355,1715.7326101167812,140464,0
2202.9189129158412,0.9984575435665772,0.0012673833030497224,1919.3311505652573,1715.7300304890114,140465,0
2202.925857387452,1.0003689639795093,0.00126899079594548,1919.3321766989143,1715.7333527287763,140466,0
2202.9328018590622,0.9992956944317677,0.001267647891845252,1919.330344197296,1715.730298307627,140467,0
2202.9397463302075,1.0017963498439693,0.0012682146294367524,1919.3320279492373,1715.7306102362843,140468,0
2202.946690801353,1.0026469073009723,0.0012684205330361121,1919.331129761177,1715.7317054091554,140469,0
2202.953635272497,1.001361127627562,0.0012677020712940142,1919.3311771559,1715.729829813311,140470,0
2202.960579743177,1.0006161382226,0.0012677489775281385,1919.332151055101,1715.7307273428003,140471,0
2202.9675242138555,1.0023655460681233,0.0012678002547995557,1919.3311244310282,1715.7306249503317,140472,0
2202.9744686845343,0.9996859925596439,0.0012670520517406305,1919.3306706301778,1715.7318128191055,140473,0
2202.981413154748,1.0019923541519604,0.001267966080102203,1919.3302528766794,1715.730729454141,140474,0
2202.988357624962,1.0009110247144617,0.0012671373752808084,1919.3307900617913,1715.7300757464188,140475,0
2202.9953020951752,1.0053171471307143,0.0012685141560015573,1919.3303687581106,1715.730301940414,140476,0
2203.0022465649226,1.002357829141766,0.0012674470388867995,1919.3301765981498,1715.7304523780524,140477,0
2203.00919103467,1.003448880448601,0.0012679366977250567,1919.3309099522896,1715.7294969118009,140478,0
2203.0161355044193,1.0002183746025957,0.0012667558361916663,1919.3307776252636,1715.729202235753,140479,0
2203.023079973702,1.000993049673088,0.0012674003948700227,1919.3312724352838,1715.7289328624624,140480,0
2203.0300244429836,1.0015570156195805,0.0012675948521487848,1919.3318221637462,1715.7308880423404,140481,0
2203.036968912266,1.0002873084389283,0.0012681195985807742,1919.330398101437,1715.7296339835277,140482,0
2203.043913381548,1.0026288956868685,0.0012684028657951043,1919.3303993668571,1715.7297869684176,140483,0
2203.050857850364,1.0012497404305911,0.0012682576045909516,1919.3303925776675,1715.7292222941494,140484,0
2203.057802319181,0.998712709364615,0.0012669558899622228,1919.3305685871778,1715.727835743589,140485,0
2203.0647467875324,0.9981705552521731,0.0012673252752561414,1919.3306436145258,1715.7300086821754,140486,0
2203.071691255883,0.9989287771079389,0.0012677528111064832,1919.3307430078614,1715.7300029717476,140487,0
2203.078635724233,0.9993724914623927,0.0012678570051550902,1919.3292701914136,1715.7297119972004,140488,0
2203.0855801925836,0.9989219445183113,0.0012683427279266777,1919.3304515652785,1715.729503624182,140489,0
2203.0925246604693,0.9982842339033049,0.0012689556987687859,1919.3312334990662,1715.7302896502654,140490,0
2203.099469128355,0.9961876409309973,0.0012670037792996169,1919.3316088090478,1715.7296708616143,140491,0
2203.106413595775,0.9973225845953452,0.0012684654047835297,1919.330594397571,1715.7286197244168,140492,0
2203.1133580631945,1.0012911556864195,0.0012687391136438197,1919.3308605229417,1715.7306471758955,140493,0
2203.1203025306136,0.9969460214789712,0.0012665620976208786,1919.3307921824535,1715.7309153952365,140494,0
2203.1272469980327,0.9991962914986066,0.0012678482389298757,1919.329847986666,1715.7292079823867,140495,0
2203.134191464987,0.9996165723020574,0.0012676720498329373,1919.3308031422653,1715.7288175880221,140496,0
2203.141135931941,0.9988368388273244,0.0012667638816616948,1919.3303744978004,1715.7283963073771,140497,0
2203.148080398895,1.0006245671341392,0.0012675242183012821,1919.3299326702277,1715.7283791803918,140498,0
2203.155024865383,1.0014758121883505,0.0012677748994239816,1919.3302467357123,1715.729371728853,140499,0
2203.1619693318708,1.0011143980687431,0.0012673668651046132,1919.330248360419,1715.7284964154885,140500,0
2203.1689137983594,0.9992449332044956,0.0012667936778988417,1919.3319940597646,1715.7303438751396,140501,0
2203.1758582643824,1.0000553046415683,0.0012666453829389874,1919.3300489680541,1715.7276246013423,140502,0
2203.182802730405,0.9995018823694224,0.0012663290694059075,1919.3309595300345,1715.7294941181283,140503,0
2203.189747196428,1.0006111025719986,0.001267015701482016,1919.330663868895,1715.7281797891608,140504,0
2203.19669166245,1.0004681146300383,0.0012663973057125155,1919.3295469765194,1715.727894593683,140505,0
2203.2036361280066,1.002983025383718,0.0012674753461963248,1919.3304969296637,1715.7296232240478,140506,0
2203.210580593563,1.000985539185517,0.0012669471106262476,1919.3305433819228,1715.7289314698655,140507,0
2203.2175250586542,1.0010741910235483,0.0012666422784931427,1919.331766517186,1715.7278190875763,140508,0
2203.224469523747,1.0007377568031384,0.0012668388316680072,1919.3303822521766,1715.728304616052,140509,0
2203.2314139888376,1.000064509104683,0.0012666446389397335,1919.3297312535262,1715.728555497503,140510,0
2203.2383584539284,0.9995177579054184,0.0012663047955801857,1919.329095851203,1715.7281227482765,140511,0
2203.2453029185544,1.0007887351750278,0.0012671373373026992,1919.3309590663432,1715.7289462188924,140512,0
2203.2522473831796,1.000420722032218,0.0012681178973353126,1919.3303804286904,1715.7294046180223,140513,0
2203.2591918478056,0.9979531452330113,0.0012662532585757114,1919.3303655652262,1715.7287865541657,140514,0
2203.2661363119655,1.000468517620648,0.0012673343060745756,1919.3309925070355,1715.729315638453,140515,0
2203.273080776125,1.0027902488606577,0.0012680669656409706,1919.330651536245,1715.7283815187886,140516,0
2203.2800252402853,1.0008629389672141,0.0012675370535679808,1919.3304149875592,1715.7273746815229,140517,0
2203.286969703979,0.9979258330764061,0.001266560064580256,1919.3291722568038,1715.7282089617656,140518,0
2203.2939141676734,1.0009179334153488,0.0012683664573281957,1919.329997889202,1715.7279675276864,140519,0
2203.300858631369,0.9991201470817197,0.001266855007063868,1919.3298304666812,1715.7285068532235,140520,0
2203.307803094597,0.9994071089181579,0.0012666374994360868,1919.3278615172796,1715.7275811204372,140521,0
2203.3147475578253,0.9996009820578544,0.0012671274630315062,1919.3313638826426,1715.7290900521791,140522,0
2203.3216920210543,0.9982781878115884,0.0012664154233285219,1919.3293133134016,1715.72757894325,140523,0
2203.3286364842825,1.0007995865874393,0.0012671843129013552,1919.3300399768043,1715.7283118869148,140524,0
2203.335580947046,0.9979579663044502,0.0012662628530644856,1919.3312182950772,1715.7290196433753,140525,0
2203.342525409809,0.9999028992307181,0.0012662943577176017,1919.330305247055,1715.728297866578,140526,0
2203.3494698725713,0.9988524803399645,0.0012657658533705562,1919.329043674993,1715.7267574809086,140527,0
2203.3564143348685,0.9994366954701316,0.0012663831252947679,1919.329527460946,1715.7272477771317,140528,0
2203.3633587971653,1.0,0.0012663797544901134,1919.3298830406038,1715.7269438963478,140529,0
2203.370303258997,1.0000640992312393,0.0012660920370389105,1919.3295468386298,1715.727499645247,140530,0
2203.377247721295,1.0029231219855033,0.0012671011586364912,1919.3297482199907,1715.7274173554965,140531,0
2203.384192183127,1.0014856512682178,0.0012661106816846573,1919.3311145300363,1715.7277340430526,140532,0
2203.3911366449584,1.0009384798551864,0.0012659277810601543,1919.329736648107,1715.7282108186857,140533,0
2203.398081106324,1.002870593199037,0.0012661984159036853,1919.3298845507536,1715.726735577397,140534,0
2203.4050255676893,1.0021678368891105,0.001265928569287795,1919.33041289907,1715.7278969768047,140535,0
2203.411970029056,1.0006552879027228,0.00126535431671996,1919.330841048302,1715.7273763152828,140536,0
2203.418914490422,0.9989250968428537,0.0012652598386860743,1919.329700618364,1715.7271621849295,140537,0
2203.4258589513224,1.0013819504169512,0.001266216849259239,1919.3297058482356,1715.726977620295,140538,0
2203.4328034122227,1.0030567650350732,0.0012662469166710695,1919.328289740869,1715.7267310230045,140539,0
2203.439747872657,1.0009573764664679,0.0012662412115333889,1919.3295998925048,1715.726836988687,140540,0
2203.4466923335567,1.000522245087098,0.0012653876049230654,1919.3308962190288,1715.7280703990048,140541,0
2203.4536367939927,1.0009975448155488,0.0012657229883118635,1919.3291857524227,1715.727177886443,140542,0
2203.460581253962,1.000591491373488,0.0012665477469499615,1919.330794625308,1715.727126886116,140543,0
2203.4675257143963,1.0002635664205395,0.0012655289934270677,1919.3298249257248,1715.7280711652409,140544,0
2203.474470174365,0.9984793206877121,0.001265635000503922,1919.3294061946544,1715.7266324240616,140545,0
2203.4814146343333,0.9996069850062645,0.0012658465857667987,1919.3292169764345,1715.72512140979,140546,0
2203.4883590938366,0.9990090866920629,0.0012656351544890487,1919.3275615670927,1715.7257605595653,140547,0
2203.4953035533404,0.9984714867241249,0.0012655286419014492,1919.3302467155363,1715.7253747789212,140548,0
2203.5022480128437,0.9986548454797447,0.0012665035918404432,1919.3293588434685,1715.7279930767884,140549,0
2203.5091924723474,0.9968145236958164,0.0012654231562609477,1919.3311883030112,1715.7270140900996,140550,0
2203.5161369313846,0.9978530106728082,0.0012676076569453968,1919.3292578647151,1715.726630360229,140551,0
2203.523081390422,0.9971595348485955,0.0012655738268401238,1919.3291283987435,1715.7267638939795,140552,0
2203.530025849461,0.9990726657356152,0.0012657949790007537,1919.3292937572776,1715.7260268437992,140553,0
2203.536970308033,0.997528295711148,0.001265751880043327,1919.3294953505197,1715.7264970693004,140554,0
2203.5439147666043,0.9990767813932493,0.0012657171981518668,1919.3293910998732,1715.727205018542,140555,0
2203.5508592251763,1.001660986307439,0.0012672208216060598,1919.3306393596804,1715.7272688187177,140556,0
2203.557803683282,1.0004262514618096,0.0012660258624342252,1919.3293004733473,1715.7271398292523,140557,0
2203.564748141854,0.9993369378685603,0.0012665648827990274,1919.329642264952,1715.726321142584,140558,0
2203.571692599495,0.9997254308432015,0.0012659293512857677,1919.3284773413848,1715.7250548155264,140559,0
2203.5786370576016,1.0006704078315611,0.0012658375877872582,1919.3309344850936,1715.7279540711825,140560,0
2203.5855815152427,0.9970336457659532,0.0012641338928272474,1919.328915494699,1715.7266871151269,140561,0
2203.592525972883,1.001251418094554,0.0012658245325795142,1919.3302572809223,1715.7262272284886,140562,0
2203.599470430523,1.0005738264477066,0.0012656011557557849,1919.329642325724,1715.726049655637,140563,0
2203.6064148876976,1.0000427277104036,0.001265018337097505,1919.3291972923705,1715.724922455815,140564,0
2203.613359344873,1.0013350460710653,0.0012658773606253565,1919.3312945341518,1715.727265323233,140565,0
2203.620303802049,1.0032602485358801,0.0012665404778999844,1919.32829340708,1715.7248096161568,140566,0
2203.6272482592235,1.00193455066072,0.0012654876147674401,1919.3297761421272,1715.726764072109,140567,0
2203.6341927159324,1.0003487950807484,0.001265185910847645,1919.3296897673092,1715.726033597323,140568,0
2203.641137172642,1.003496256460055,0.0012661745736627559,1919.3291494350424,1715.7254534205417,140569,0
2203.6480816288854,1.0012622631292316,0.0012652962505855592,1919.3286717961219,1715.7252840687463,140570,0
2203.6550260855947,1.0017568761300248,0.0012663610143878977,1919.3290446907974,1715.7250194129629,140571,0
2203.6619705418398,1.0015736544926914,0.0012655008413569354,1919.3277910245722,1715.723919851102,140572,0
2203.6689149976173,1.0008194324773194,0.0012657831118336794,1919.3316111486968,1715.7279123967282,140573,0
2203.6758594538605,1.0009660534512537,0.001265964031566523,1919.3295126609803,1715.725845646645,140574,0
2203.682803909638,1.0010249467432228,0.0012661061035340595,1919.330720712198,1715.726835094008,140575,0
2203.6897483654166,0.9992341135370865,0.0012654851508197495,1919.32948092319,1715.725745724387,140576,0
2203.69669282073,0.9983992286218097,0.0012655460524221868,1919.3296581442712,1715.724841193263,140577,0
2203.7036372760417,1.000904400560588,0.0012663121966327376,1919.3310174255237,1715.725829280886,140578,0
2203.7105817313536,0.9993133860590646,0.0012657018281157285,1919.3302569393686,1715.7252406221753,140579,0
2203.717526186666,0.9974873129667011,0.0012652971358647542,1919.3297464973446,1715.725165427017,140580,0
2203.724470641512,1.0014183351607688,0.001267547083677887,1919.3296282895762,1715.7251504673727,140581,0
2203.7314150963593,0.9973479451889723,0.0012655623386447585,1919.3298256547528,1715.7258846459954,140582,0
2203.7383595512074,0.9983822123400894,0.0012655478732932221,1919.327949959294,1715.7232911889962,140583,0
2203.745304005588,1.0015922698977873,0.0012664878207593341,1919.3289228228086,1715.7243300177097,140584,0
2203.752248460434,0.999879104375248,0.001265804201111557,1919.3291368949265,1715.7246057745738,140585,0
2203.759192914349,0.9983191657917578,0.001266162834202656,1919.3294780279903,1715.7259159292769,140586,0
2203.7661373687297,0.9999709274115156,0.0012660302712679573,1919.3301977108692,1715.7247116652336,140587,0
2203.773081822646,0.9997715757477681,0.001265424922367509,1919.330678799645,1715.726497113773,140588,0
2203.7800262765613,1.0025712011765207,0.0012665682955057093,1919.3299002797946,1715.7254933206634,140589,0
2203.7869707304767,1.000201873019331,0.0012657638843407955,1919.3284662113153,1715.7233246075984,140590,0
2203.7939151839264,1.0024058163135487,0.001266538021532817,1919.328415978205,1715.72396073184,140591,0
2203.8008596373757,1.0004816270852381,0.0012658925448743807,1919.3287295815367,1715.725128477014,140592,0
2203.807804090826,1.001900717000454,0.001265584373427046,1919.3282111529752,1715.7243533717099,140593,0
2203.8147485442764,1.0025187337637467,0.0012657964957211454,1919.3301249985454,1715.7247899976273,140594,0
2203.8216929972605,1.0022990349162906,0.0012655735812430416,1919.330842855474,1715.724881537235,140595,0
2203.828637450244,1.0046070801964775,0.0012667946226809833,1919.3287769254705,1715.7239176254407,140596,0
2203.8355819032276,1.0004238030026062,0.0012655220759940284,1919.328693716546,1715.7240156880139,140597,0
2203.8425263557456,1.0047669079793695,0.001266248570114511,1919.3304922496673,1715.7249315830961,140598,0
2203.849470808265,1.0024379880074767,0.0012654565502753284,1919.3289898347816,1715.7245810550926,140599,0
2203.8564152607833,1.0005830184914457,0.001264679561709646,1919.328162244479,1715.7230208846477,140600,0
2203.8633597128355,0.9993017371736918,0.0012648544352758346,1919.3290918880095,1715.7227550340945,140601,0
2203.8703041648887,0.9943289839263711,0.0012620629217853648,1919.3310960647843,1715.7233124972984,140602,0
2203.877248616941,0.9918107995444068,0.0012616813815788663,1919.3287031361226,1715.7226277790492,140603,0
2203.884193068993,0.9935093258725662,0.0012619722332644176,1919.32955684341,1715.725819056235,140604,0
2203.8911375205817,0.9915571579779618,0.0012613120212500903,1919.3293121803404,1715.7245585067933,140605,0
2203.8980819721687,0.9912682785336956,0.0012619154052468985,1919.3295730130865,1715.724394847664,140606,0
2203.9050264237553,0.9913564579563441,0.0012616492761580139,1919.330464994524,1715.725047784469,140607,0
2203.9119708748767,0.9918409833789492,0.001262189871062415,1919.3290698922472,1715.7237518856684,140608,0
2203.9189153264633,0.9903707745207563,0.0012613243571091303,1919.3294730603038,1715.7244237879695,140609,0
2203.925859777119,0.9919488369381649,0.0012617556996852486,1919.3294252067417,1715.7254017290315,140610,0
2203.932804228241,0.990000691784937,0.0012615467544493388,1919.327027260374,1715.7233028907865,140611,0
2203.9397486788966,0.990845221812871,0.001261304826209604,1919.329694968583,1715.7248359281439,140612,0
2203.946693129553,0.9910001104908112,0.0012614695183195681,1919.3292750616245,1715.7241628682748,140613,0
2203.953637580208,0.9882182102009321,0.0012613573766158562,1919.3296436313703,1715.7244072624937,140614,0
2203.9605820303977,0.9911292682778722,0.001261788854118817,1919.3279752476412,1715.723002353019,140615,0
2203.967526481055,0.9897062861105822,0.0012612219760542484,1919.3312163430514,1715.7259545957763,140616,0
2203.9744709307793,0.9883705059331762,0.0012612405568354368,1919.3296728356793,1715.7241730156486,140617,0
2203.981415380969,0.9909968578382474,0.0012613828775437234,1919.3303069715812,1715.7238242575336,140618,0
2203.9883598306933,0.9915682003948404,0.001261772135260313,1919.3291161734571,1715.7231696660547,140619,0
2203.9953042804173,0.9886267003618585,0.001261488530237217,1919.3289928881122,1715.7247863557163,140620,0
2204.0022487301417,0.9908115942403493,0.0012608137356310929,1919.3299090104563,1715.724071560832,140621,0
2204.0091931794004,0.990785892230954,0.0012606194460714456,1919.3290024158377,1715.7247119892213,140622,0
2204.0161376291253,0.9923106760830082,0.0012612819347078117,1919.3307786948178,1715.7232388599655,140623,0
2204.023082077919,0.9910119264932903,0.001261291024758477,1919.3292516173296,1715.7224016941334,140624,0
2204.030026527177,0.9941083386381575,0.0012615568096567566,1919.3288214255672,1715.723678289504,140625,0
2204.03697097597,0.9954215785379185,0.0012624785178471693,1919.3298597934054,1715.7233413303502,140626,0
2204.0439154247633,0.9987580186410693,0.0012630851103197095,1919.3297064178398,1715.7232182616603,140627,0
2204.0508598735564,1.001235394361412,0.0012635694375216972,1919.3298397068095,1715.7234736036369,140628,0
2204.0578043218843,1.0034659621619881,0.001264794104389259,1919.3291388757032,1715.7231995635339,140629,0
2204.0647487702113,1.0028505547782591,0.0012645524252427563,1919.328188214711,1715.7212806425357,140630,0
2204.0716932185383,1.000833689727038,0.0012635744443651436,1919.330423177336,1715.7236406889344,140631,0
2204.078637666866,1.0025127796457163,0.0012646787791387281,1919.329939292256,1715.7226947981408,140632,0
2204.085582114728,1.0007123552615786,0.001265137473374612,1919.3272225308244,1715.721936519724,140633,0
2204.09252656259,1.0009063782205974,0.0012638648242571195,1919.328712032201,1715.722497675595,140634,0
2204.0994710104524,0.9997612132680175,0.001264103777103696,1919.3293242280806,1715.7233253299942,140635,0
2204.106415457848,1.0008148217190889,0.0012641796537918597,1919.329176353924,1715.7239160694623,140636,0
2204.1133599052437,1.0011579913292414,0.0012640040977021554,1919.3283468891184,1715.7226209705004,140637,0
2204.1203043526402,0.9995031001642997,0.0012636434918309744,1919.3290646707082,1715.7229852836297,140638,0
2204.1272488000363,1.001026952894583,0.0012642017637936184,1919.328879275561,1715.7215979912821,140639,0
2204.134193246967,1.0019616300535654,0.0012642818394230455,1919.3278804018887,1715.7223066602078,140640,0
2204.141137693897,0.9998924344908299,0.0012645935025235656,1919.3285422198364,1715.7224750381974,140641,0
2204.1480821408272,1.0002017144551547,0.0012642084933986593,1919.3290631396733,1715.7236387578432,140642,0
2204.155026587292,0.9988742143032854,0.0012645322481221806,1919.3292623931125,1715.7237288921042,140643,0
2204.1619710337563,0.9989856683299336,0.001263989761354804,1919.3285863622802,1715.722241334617,140644,0
2204.1689154802216,0.9984178038715333,0.0012636561698366729,1919.3286845596704,1715.7214057531278,140645,0
2204.1758599266877,0.9986313758786494,0.0012649941102025406,1919.328192590126,1715.723030613514,140646,0
2204.1828043726864,0.9994511722585767,0.001264836277900207,1919.3285591131319,1715.7224651478375,140647,0
2204.189748818685,1.0002645246328374,0.0012641274711352702,1919.3297783251523,1715.7219560901208,140648,0
2204.196693264684,0.9992183806013889,0.0012633507139183785,1919.3280918443706,1715.722223444964,140649,0
2204.203637710218,0.999940464564565,0.001263301320221715,1919.3285186288197,1715.722858319094,140650,0
2204.2105821562172,0.9998399012990025,0.001263250835300247,1919.3288639594784,1715.7212636201862,140651,0
2204.217526601751,1.0001045355391336,0.001263287890094901,1919.3297255160753,1715.721876793818,140652,0
2204.2244710468185,0.9988070414059926,0.0012627450366584508,1919.3291625363368,1715.722917721506,140653,0
2204.2314154923515,1.0014214746219416,0.001263854468015529,1919.3289258271461,1715.7225538625194,140654,0
2204.238359937419,1.0003206205092972,0.0012631833934331168,1919.3289881019396,1715.7216341665621,140655,0
2204.2453043820215,0.9988628400306824,0.0012628974507142468,1919.3283347384224,1715.7207721578286,140656,0
2204.25224882709,0.9992208864918982,0.0012622639701920341,1919.3278429837221,1715.7223722086558,140657,0
2204.2591932716923,1.0025766993941105,0.001263005282136904,1919.3293110782868,1715.7222679550093,140658,0
2204.266137716294,1.0029394897800386,0.0012629613848192235,1919.328632019458,1715.7215800916194,140659,0
2204.273082160896,1.0023018176348042,0.0012633307889115448,1919.3287095360404,1715.7219100135417,140660,0
2204.280026605032,1.0041105886745312,0.001263320146908784,1919.3283700008112,1715.7204965855874,140661,0
2204.2869710491686,1.0023202492062806,0.0012633686530992944,1919.3270797943167,1715.7210021326,140662,0
2204.2939154933065,1.0036667901779217,0.001263301668768821,1919.3284934728313,1715.7224958103304,140663,0
2204.3008599374425,1.0015578772610445,0.0012636901706044043,1919.3296220646482,1715.7221705132445,140664,0
2204.307804381113,1.0005089254542023,0.0012623819042621783,1919.3289853414942,1715.7208993985519,140665,0
2204.3147488247832,1.0006591716867028,0.0012629218330162354,1919.3290116349854,1715.7204474941766,140666,0
2204.3216932684536,0.9998942860808563,0.0012622309044841675,1919.331394884125,1715.7241678731648,140667,0
2204.32863771166,1.000465249323498,0.0012629156447710856,1919.329886158477,1715.7224164422923,140668,0
2204.3355821548653,1.0007020695779085,0.0012632814115939267,1919.3291764651435,1715.7220785246802,140669,0
2204.34252659807,0.9986534304927335,0.0012620661744168846,1919.3291921156335,1715.7213567150009,140670,0
2204.3494710412756,0.9995779254598822,0.0012620416856766984,1919.327866047527,1715.7204903770355,140671,0
2204.3564154840146,0.9980777564412456,0.0012617745740786078,1919.3291302252087,1715.72122061486,140672,0
2204.363359926754,0.9989828110741868,0.0012627507347317203,1919.3286429113778,1715.7217054475286,140673,0
2204.370304369495,0.9993996817281378,0.0012630073008276074,1919.3291991272424,1715.720502852914,140674,0
2204.3772488117684,1.0006713323793748,0.0012632301838392678,1919.3289985241463,1715.7204431738753,140675,0
2204.3841932540417,0.9992004495426839,0.0012627760807603261,1919.328941772981,1715.7223093021405,140676,0
2204.391137696315,0.9990310262415866,0.0012630031781904088,1919.3289626736293,1715.7218511337267,140677,0
2204.3980821385885,1.001002526452316,0.001263374384583416,1919.328058901327,1715.7215402603751,140678,0
2204.405026580398,0.9983876681057444,0.001261806126921558,1919.3291711725437,1715.721655781934,140679,0
2204.411971022206,0.9957948858932416,0.0012607943217523203,1919.3295306945963,1715.7213367818308,140680,0
2204.418915464014,1.0002130489264558,0.0012639531106438259,1919.3292982458406,1715.721698672768,140681,0
2204.425859905822,1.000304754536521,0.0012623903946913464,1919.3289072900986,1715.7206585492202,140682,0
2204.432804347164,0.9997429925033365,0.0012618582256312195,1919.3282763923696,1715.7214886686897,140683,0
2204.4397487885067,0.9980156246901419,0.001261463014576164,1919.3283131235646,1715.7208612505738,140684,0
2204.44669322985,0.9993141278504445,0.0012618851185131502,1919.3273202967082,1715.7209781771435,140685,0
2204.4536376707274,0.9993346089983747,0.0012617390448692073,1919.3288411539174,1715.721112674717,140686,0
2204.460582111604,1.002383473817865,0.0012622309042437212,1919.3291370824438,1715.7215651457175,140687,0
2204.467526552481,1.0019175196421672,0.0012634065131942492,1919.3283193887055,1715.7211773447962,140688,0
2204.4744709933575,1.000982319739245,0.0012616365418307116,1919.3294513233589,1715.7203296442806,140689,0
2204.4814154337687,1.002937089479471,0.00126241087676827,1919.3289542908797,1715.7211370012928,140690,0
2204.48835987418,1.000466735327231,0.001261138114466736,1919.3286983425076,1715.7197159967218,140691,0
2204.495304314591,0.9984391967610823,0.0012605372042979158,1919.3302738513398,1715.7207314564241,140692,0
2204.5022487545366,1.0022139135257997,0.00126284234127947,1919.3305706992733,1715.721392551091,140693,0
2204.5091931949473,1.0011839972496093,0.0012615546477437658,1919.3294891512942,1715.7217750346192,140694,0
2204.5161376348924,1.0015864424758882,0.0012621327014677099,1919.3292721252296,1715.7204588837963,140695,0
2204.5230820743736,1.0013166242503868,0.0012615267871995235,1919.330402008228,1715.7212759888755,140696,0
2204.5300265143196,1.00042417593998,0.001261369181231954,1919.3287820480352,1715.720580486241,140697,0
2204.536970953799,1.000700547765112,0.0012619307658004145,1919.3286485524595,1715.7205407799456,140698,0
2204.543915393279,0.9995720065688465,0.0012609952256379209,1919.329511345727,1715.7212333021996,140699,0
2204.550859832293,0.9995295446864891,0.0012621557886546978,1919.328420299264,1715.719495246502,140700,0
2204.5578042717725,1.0000985211811073,0.0012620326046193992,1919.3278818199528,1715.7197676266028,140701,0
2204.564748710787,1.0012917883662886,0.0012619948984145752,1919.3278143716434,1715.7196088609235,140702,0
2204.571693149336,0.9978174634788327,0.001261986767505544,1919.32896679486,1715.7187457949342,140703,0
2204.57863758835,0.9989736297771653,0.0012615273039352363,1919.3281792591806,1715.720085373207,140704,0
2204.585582026898,0.9993667920477315,0.001262068955623022,1919.3281212476045,1715.7194755831038,140705,0
2204.592526465446,0.9991404888771823,0.0012613547371796946,1919.3291732252098,1715.7193903192674,140706,0
2204.599470903996,0.9994311884747495,0.0012618105429042165,1919.3288275512507,1715.7200014927776,140707,0
2204.606415342079,0.997957419098429,0.0012612391019446519,1919.328987208349,1715.7193381434506,140708,0
2204.6133597801613,0.9965490151116205,0.0012603563123725853,1919.3301558063702,1715.720442727347,140709,0
2204.6203042182447,0.9989855978760374,0.00126252381790282,1919.3294557439256,1715.7186639130878,140710,0
2204.627248656327,0.9998766671340418,0.0012614476122411679,1919.3287296791557,1715.7199984813278,140711,0
2204.634193093944,1.0009192414970536,0.0012616300287484545,1919.3289988436513,1715.719446721371,140712,0
2204.641137531562,1.0002014351573458,0.0012619179886845526,1919.328382698306,1715.7219892403582,140713,0
2204.6480819691797,0.9977300383595122,0.0012600291902172657,1919.3286109169644,1715.719274630476,140714,0
2204.6550264063308,1.0015185067961774,0.001261906725208256,1919.3278398036857,1715.7188601369858,140715,0
2204.6619708439475,0.9997227327775045,0.0012607115226376602,1919.3299109190689,1715.7195864714217,140716,0
2204.668915280633,1.0026517927300584,0.0012617279784883882,1919.327433676003,1715.718010232908,140717,0
2204.675859717785,1.0022872957663034,0.0012610329641741822,1919.3288795168367,1715.7190011491678,140718,0
2204.682804154937,1.0034664352457563,0.0012612377176751829,1919.3296522294581,1715.7186644619721,140719,0
2204.689748591623,1.0048929547081666,0.0012617907932348993,1919.3297131194017,1715.7203762899,140720,0
2204.6966930283093,1.0013829127882556,0.001261259537300347,1919.3286130544764,1715.7183191574666,140721,0
2204.703637464529,1.0007965261606506,0.0012604070837552025,1919.3285989841827,1715.719488436579,140722,0
2204.710581900749,0.9984970668219588,0.0012601160353045658,1919.3294242144432,1715.7198789246618,140723,0
2204.717526336969,1.0000667128453702,0.001259804292339489,1919.3291366982835,1715.7206379127474,140724,0
2204.7244707731898,1.0022103206791182,0.0012610170262106072,1919.3286253896645,1715.7183040026293,140725,0
2204.7314152094104,1.0005900646787296,0.0012606910017527305,1919.3290886822674,1715.720662862471,140726,0
2204.7383596451655,1.0003242571378972,0.001260485659566785,1919.329714474818,1715.7215277230807,140727,0
2204.7453040809196,0.9998129361449425,0.0012606647696977369,1919.3283090414302,1715.7192421467503,140728,0
2204.7522485166737,1.0004476431898792,0.0012612174610008525,1919.328423792959,1715.7196360951214,140729,0
2204.7591929519626,1.0016402920806589,0.0012611550824940874,1919.328453849255,1715.7183366166225,140730,0
2204.766137387252,1.000485492516294,0.0012607689857018069,1919.3295126751832,1715.7189382737836,140731,0
2204.773081822541,0.9997628263472319,0.001260840550689546,1919.3281405819234,1715.7176560330627,140732,0
2204.7800262578294,1.0022709906476808,0.001261365979016716,1919.3305612052714,1715.7197926165536,140733,0
2204.7869706926526,0.9987014421123324,0.0012606621919323195,1919.328982731354,1715.7192896384572,140734,0
2204.793915127476,0.9994108795967516,0.0012606288677247904,1919.3279183419893,1715.7193140668269,140735,0
2204.8008595622996,0.9999662033655375,0.0012610036491554268,1919.328301830457,1715.7182743145313,140736,0
2204.8078039966576,0.9981206273249522,0.001260693726413366,1919.3279740538296,1715.7191592807492,140737,0
2204.814748431481,0.9998430141258154,0.0012615553972063437,1919.3295120586474,1715.7195469994922,140738,0
2204.8216928658385,0.9965112562711999,0.001259900495789666,1919.328330893711,1715.7195003099825,140739,0
2204.82863729973,0.9997462527823346,0.0012609985657046634,1919.3297334093334,1715.7186407055042,140740,0
2204.8355817340876,1.0029467754744603,0.0012623860794942663,1919.3279249936788,1715.7199447188511,140741,0
2204.8425261679795,0.9971473555346549,0.0012603193463137363,1919.3304614766823,1715.720025879401,140742,0
2204.849470601872,0.9984987017598864,0.0012604716117415682,1919.3280546220346,1715.7177712283587,140743,0
2204.8564150357633,0.9997115536920075,0.0012608382009377404,1919.3296491423312,1715.719199458937,140744,0
2204.863359469189,1.0004041252471236,0.0012610185702319802,1919.3288904731928,1715.7197236867228,140745,0
2204.870303902616,0.9982393210008238,0.0012601605390796502,1919.3291407322142,1715.7189928082537,140746,0
2204.8772483360426,1.0014935355531303,0.0012606695191222776,1919.3293428123131,1715.7194193230491,140747,0
2204.8841927694693,0.9991239383915852,0.0012599689306908347,1919.327926201569,1715.7184893738233,140748,0
2204.89113720243,1.0036605565170729,0.0012614254717621188,1919.3285829499773,1715.7180695328568,140749,0
2204.89808163539,1.0008747378545528,0.0012603095969086723,1919.3294158101485,1715.7183656324312,140750,0
2204.9050260683503,0.9991450641727386,0.0012597713404327324,1919.3290318831162,1715.719817548421,140751,0
2204.9119705008457,1.0007164687362073,0.0012601971233732782,1919.3289464833153,1715.7178863802155,140752,0
2204.9189149333406,1.0015547766925612,0.0012601167710040294,1919.329064294981,1715.7183920866535,140753,0
2204.925859365836,1.0014117318746818,0.0012600247930527738,1919.3277164685771,1715.7167035641303,140754,0
2204.9328037983314,1.0021364525722392,0.0012622725022907383,1919.3284243916596,1715.7182546402707,140755,0
2204.939748230826,1.001615824919966,0.0012599277825378695,1919.329052901056,1715.7170891181397,140756,0
2204.9466926628547,0.9983376512879416,0.0012591346689405476,1919.3277881214428,1715.717171418086,140757,0
2204.9536370948845,1.0002198337516672,0.0012606143325063145,1919.3299111115766,1715.7189019348625,140758,0
2204.960581526448,1.0007852741539536,0.0012604434519133932,1919.3296150423662,1715.7189434598877,140759,0
2204.967525958478,1.002223538870151,0.0012608536882218776,1919.3284636477827,1715.7179140647227,140760,0
2204.974470390041,1.0001949059372204,0.0012603080915943806,1919.3287266656089,1715.7185101058003,140761,0
2204.981414821604,1.000418582121252,0.00126045338527358,1919.329626357545,1715.717217299956,140762,0
2204.988359252702,0.9975010370497719,0.0012610175359487664,1919.3290948313002,1715.7177375306155,140763,0
2204.9953036842653,0.9998115892152343,0.0012604254678839338,1919.3297881776675,1715.7168975693307,140764,0
2205.0022481153637,0.9997131024502877,0.0012605006473518866,1919.3283134242267,1715.7177564519775,140765,0
2205.0091925459974,0.9985135034441641,0.0012603990463019876,1919.3294387793028,1715.718673644435,140766,0
2205.016136977095,0.9983514304045206,0.0012601588424047572,1919.329012914226,1715.7178147114303,140767,0
2205.0230814077267,0.9978775964066325,0.0012599402459470216,1919.3283995064505,1715.718495435485,140768,0
2205.0300258383595,0.9979310027331666,0.0012595579670522843,1919.3292012768031,1715.7192190599642,140769,0
2205.036970268992,0.9992321247776367,0.0012604526749072547,1919.3279275210575,1715.7176020519225,140770,0
2205.0439146991584,0.9987795430192798,0.0012611924236060773,1919.3294998973518,1715.7175163363338,140771,0
2205.0508591293255,0.9975509039035106,0.0012593296300700296,1919.328241108224,1715.7193012574992,140772,0
2205.0578035594917,0.9992721465825825,0.0012601844433076355,1919.3287999257275,1715.715880369041,140773,0
2205.064747989658,0.9986805944256318,0.0012599144360956806,1919.327373348004,1715.7167493173267,140774,0
2205.0716924193584,0.998872211420544,0.0012593488172783708,1919.3285280585621,1715.7169156565903,140775,0
2205.07863684906,0.9998509203972689,0.0012598169926655155,1919.3282135994452,1715.7178018493391,140776,0
2205.0855812787618,1.000935775912483,0.001259678904555727,1919.327987703513,1715.7162180441203,140777,0
2205.0925257084627,1.0017005832939132,0.001259748203801575,1919.328333467146,1715.7168032458717,140778,0
2205.0994701376976,1.0027175312159604,0.0012600076083781526,1919.3289109501077,1715.7176627899307,140779,0
2205.106414566933,0.9985138310441761,0.001258730431704993,1919.3290313915334,1715.7186520748426,140780,0
2205.1133589961682,1.000473116939129,0.0012590943930813707,1919.3283394103328,1715.7169785351848,140781,0
2205.1203034254036,0.9994683559700305,0.0012592261696044587,1919.328828979911,1715.7181676419013,140782,0
2205.127247854174,1.004446831923639,0.0012603372803743937,1919.3279300173726,1715.7156911004367,140783,0
2205.1341922829433,1.001931218848643,0.0012593649701954169,1919.3288051004458,1715.7159421328868,140784,0
2205.1411367117125,1.0032257359935137,0.0012601890644703803,1919.329235906332,1715.716453378108,140785,0
2205.148081140017,1.0037620249994088,0.001260321298998042,1919.3295530027522,1715.716251080824,140786,0
2205.1550255683214,1.0001359000218575,0.001258969997264399,1919.3286146962719,1715.7166587501747,140787,0
2205.1619699966254,1.0027679010041712,0.0012597807998273494,1919.329161931724,1715.716588674363,140788,0
2205.168914424929,1.0030549660074615,0.0012596413762088292,1919.3269324630594,1715.7144411015563,140789,0
2205.175858852767,1.0020048626529159,0.0012595830246190866,1919.3293998441363,1715.717857435532,140790,0
2205.1828032806056,1.0011844699282104,0.0012599833250316838,1919.3296591599983,1715.71825467522,140791,0
2205.1897477084435,0.9995692455505302,0.0012608878034363626,1919.3295145305674,1715.7153789645233,140792,0
2205.196692136282,1.0001880690659706,0.0012607807021379606,1919.3282449589858,1715.7166726449402,140793,0
2205.203636563656,0.9980202811308442,0.001258868109202471,1919.330148528696,1715.717221839782,140794,0
2205.210580991028,0.9997249722467036,0.001260038210626856,1919.328935199378,1715.7175101893731,140795,0
2205.2175254184003,0.9984397257243418,0.0012590436195578684,1919.3302993589484,1715.7180379792767,140796,0
2205.2244698457735,0.9963319455288926,0.0012583102380628532,1919.3289010874753,1715.7160968007129,140797,0
2205.23141427268,1.0010417361635358,0.0012604564790528506,1919.3291756779465,1715.7174414486203,140798,0
2205.2383586995875,0.9998624920594771,0.0012596860511742394,1919.328869671173,1715.7183861517676,140799,0
2205.245303126495,0.9997333551274736,0.0012615433961016835,1919.3275075653316,1715.7147170813448,140800,0
2205.252247552936,1.0000263063288357,0.0012601447366457367,1919.3293153776385,1715.716421652024,140801,0
2205.259191979843,0.9963827028649044,0.0012584038890429377,1919.3291170551558,1715.7173443360412,140802,0
2205.266136406284,0.9978309871290877,0.001258900511592928,1919.3285442584784,1715.7157758354247,140803,0
2205.2730808322603,1.0007240339858832,0.0012599406526410718,1919.3292240970316,1715.7183928496534,140804,0
2205.280025258702,0.9976704865321974,0.0012588570293813376,1919.3284154645064,1715.7171829979513,140805,0
2205.2869696846774,1.0000268475459126,0.001259441149183329,1919.3301824988464,1715.7170423854855,140806,0
2205.2939141106526,1.0006052504410865,0.0012593718815250671,1919.3278472915867,1715.7161079822881,140807,0
2205.3008585366288,1.0014605678215631,0.0012594102695609498,1919.328341694719,1715.7152263481596,140808,0
2205.3078029621383,0.9996314786416975,0.0012587748467410957,1919.327127690127,1715.713761196024,140809,0
2205.3147473876484,0.9986384172430811,0.0012587735666338392,1919.328654496751,1715.716110770637,140810,0
2205.3216918131593,1.0001807470797777,0.0012587361797883165,1919.3282703136176,1715.7153655135285,140811,0
2205.328636238669,1.0018612578567114,0.0012593610755750014,1919.3293003030676,1715.7171601156233,140812,0
2205.335580663713,0.9999485399137086,0.0012595033897684314,1919.3280973629621,1715.7159826577763,140813,0
2205.3425250887576,1.0023723471438382,0.0012592125465174977,1919.328537655813,1715.7164293563437,140814,0
2205.3494695138015,1.0018139026484079,0.001259294223822549,1919.3286651012663,1715.7146332328114,140815,0
2205.3564139388463,1.001201219671381,0.0012592867433740013,1919.3283153590974,1715.7143943617268,140816,0
2205.363358363426,1.0023940169149959,0.001259042583143598,1919.3280478011884,1715.7160481519868,140817,0
2205.370302788004,1.0020286155997409,0.0012594285902525276,1919.329852819744,1715.7169739061605,140818,0
2205.3772472125825,1.0005371929993505,0.0012586146999206199,1919.328451731012,1715.7149384342297,140819,0
2205.384191636696,0.9974708428469935,0.0012576956004265684,1919.3277888137839,1715.7161847594712,140820,0
2205.391136061274,0.9971449243093284,0.0012582870069135538,1919.3287580777944,1715.7159764580385,140821,0
2205.3980804853873,1.0016392261020544,0.001259437547358236,1919.328996773817,1715.715404160721,140822,0
2205.405024909035,1.0002571442386732,0.0012590777888228752,1919.3282828244903,1715.7164506605882,140823,0
2205.4119693331477,0.9996602350443697,0.0012592472131416265,1919.3297511063306,1715.715979628425,140824,0
2205.4189137567955,1.000527169793816,0.0012601044305411706,1919.3288874778325,1715.7165297575223,140825,0
2205.4258581804424,0.9976391317760314,0.001258575448245476,1919.3285341659848,1715.7149318792474,140826,0
2205.4328026040903,1.0016957034632914,0.001260151799761961,1919.3287939359748,1715.7171664631387,140827,0
2205.439747027273,1.0001432918243722,0.0012605249968974427,1919.3282408521893,1715.715061208361,140828,0
2205.446691450454,0.9973682769243942,0.0012585620496659534,1919.3283100140063,1715.7167609166515,140829,0
2205.4536358736354,0.9973862754098126,0.0012584969890874697,1919.329190133547,1715.7154955988406,140830,0
2205.460580296817,0.9999663926777669,0.001259948789298506,1919.3292807812481,1715.7153701637835,140831,0
2205.4675247199984,0.998001659682701,0.0012589245487214609,1919.3280669869162,1715.714593408303,140832,0
2205.474469142715,0.9988661197613231,0.001258645829808633,1919.3274311431805,1715.715150909697,140833,0
2205.4814135654324,0.9968702382405802,0.0012575781564956366,1919.3277933965267,1715.7150681263875,140834,0
2205.4883579876823,0.9987203741009469,0.0012585317132904252,1919.3290284280417,1715.7148247465739,140835,0
2205.495302410398,0.9989787206844821,0.0012583738036538938,1919.328881087748,1715.7166990036974,140836,0
2205.502246832649,0.9999912278672245,0.0012584713074154472,1919.3280527594802,1715.7138507963582,140837,0
2205.5091912548987,1.0008887448855335,0.0012586861409749775,1919.329147669141,1715.7149626877583,140838,0
2205.5161356766835,1.0018898853379776,0.0012586729005044193,1919.3277824803502,1715.7131745514725,140839,0
2205.523080098468,1.0034675593260203,0.0012588688787096359,1919.329153814532,1715.717157356652,140840,0
2205.5300245207186,0.99959368821314,0.0012580222805035326,1919.3272736921472,1715.7148484030083,140841,0
2205.5369689420377,1.0017170304980765,0.0012585395423244275,1919.3284697522986,1715.7147810264964,140842,0
2205.543913363822,1.0020006461476334,0.0012584492349763375,1919.3287095111064,1715.7150100067897,140843,0
2205.5508577851415,0.9988821953320624,0.0012568318462296835,1919.3288027062783,1715.7154152418343,140844,0
2205.5578022064615,1.0022473403469816,0.0012580219517192286,1919.3294558114642,1715.7156846271757,140845,0
2205.5647466277806,0.9999713550512238,0.0012568433887059048,1919.3277682296975,1715.7140106052548,140846,0
2205.571691049099,1.0022726177975045,0.0012576032650776464,1919.3273871236308,1715.7143142285536,140847,0
2205.5786354699526,1.0039868770146918,0.0012584084008802241,1919.3283664040634,1715.7166433306847,140848,0
2205.585579890806,1.0012333878281523,0.0012579882718824018,1919.3287532719758,1715.7154371430152,140849,0
2205.5925243116594,1.0021017002460997,0.0012582728922770645,1919.3288469823415,1715.7155216416063,140850,0
2205.599468732048,1.0009083480554386,0.001257536271358824,1919.3292807549874,1715.7146235986056,140851,0
2205.6064131524354,1.0007480480368434,0.0012580288144272863,1919.3294286133723,1715.716474546628,140852,0
2205.6133575728227,0.9989902074260589,0.0012579919999762452,1919.3283235656463,1715.7153537566219,140853,0
2205.620301993211,1.0010212659878002,0.0012578294587042146,1919.3275876722973,1715.7143982743266,140854,0
2205.6272464131325,0.9982139888335028,0.0012573621637987022,1919.3277396000465,1715.714125794298,140855,0
2205.6341908335207,0.9979827420012913,0.0012570523339778506,1919.328893306212,1715.7148583714225,140856,0
2205.641135252977,0.9996743591704276,0.0012579723507550348,1919.3302203414974,1715.7166478070462,140857,0
2205.648079672899,0.9991402707135826,0.0012581223134330059,1919.3273457884925,1715.711758738032,140858,0
2205.6550240928213,1.0008779054283146,0.0012583654792407142,1919.3285140983771,1715.7152399539957,140859,0
2205.6619685122773,0.9984767311546171,0.0012581338692573215,1919.3287264041517,1715.7146588382416,140860,0
2205.6689129317338,1.0016828721214757,0.0012600402381204286,1919.329526586801,1715.7147613428178,140861,0
2205.675857350726,0.9998805534453765,0.0012582730046845727,1919.329076294259,1715.713983162419,140862,0
2205.682801770182,0.9975965818500806,0.0012574557017709057,1919.3271927596384,1715.7142345055263,140863,0
2205.689746189172,0.9978581212572728,0.0012571762827980931,1919.328420898646,1715.715559360031,140864,0
2205.6966906081634,1.0022777248494297,0.0012587139746713506,1919.3287237718835,1715.713023482923,140865,0
2205.703635026688,0.9998991173326647,0.0012585137586350317,1919.327150874972,1715.7129522454688,140866,0
2205.7105794456793,0.9986805160613114,0.0012578418882892503,1919.3273500123396,1715.7140902201343,140867,0
2205.717523864205,1.0006439549987798,0.001257749298234864,1919.3279081191179,1715.7125572060581,140868,0
2205.7244682827295,0.9994899020738395,0.0012572745568188773,1919.3292986585955,1715.7151374877974,140869,0
2205.731412700789,0.9976437201310167,0.0012566275490072023,1919.3286424520907,1715.714791189995,140870,0
2205.7383571188484,1.000016320343957,0.0012574057288737576,1919.3290711979178,1715.7142947552734,140871,0
2205.745301537373,1.0021194865480039,0.0012575255725202283,1919.3287091926768,1715.714135036823,140872,0
2205.7522459549673,1.000112493718435,0.0012564918164544414,1919.3287840321893,1715.7139148999586,140873,0
2205.7591903730276,1.0009208879539606,0.0012569913990063352,1919.328617223916,1715.7147608879834,140874,0
2205.7661347906214,0.9991538406803019,0.0012564747297973383,1919.329132405615,1715.712174280865,140875,0
2205.7730792082148,1.0029929241807365,0.0012580441860395874,1919.3292509797361,1715.714823248188,140876,0
2205.780023625808,1.0009021829845484,0.0012576227367346114,1919.3280195987172,1715.713684268599,140877,0
2205.7869680434014,1.0019507676505135,0.0012573587886975089,1919.3289907179358,1715.7137249963234,140878,0
2205.79391246053,1.0012857429958286,0.0012580836645274438,1919.3284036261352,1715.714451868548,140879,0
2205.8008568776586,1.001266059719161,0.001256694056004399,1919.3267062916593,1715.7126908645757,140880,0
2205.8078012947863,1.0005974032288956,0.0012573240724080247,1919.328191537581,1715.7140843489697,140881,0
2205.814745711449,0.9999114826679999,0.0012566339880673565,1919.329424917045,1715.7142288646012,140882,0
2205.821690128111,1.000312856476291,0.001256666291450166,1919.3286504080995,1715.7143152853935,140883,0
2205.828634544774,0.9992763714595355,0.0012569264461661552,1919.3284158215893,1715.712844606295,140884,0
2205.8355789614375,0.9984585624920298,0.0012571749609777037,1919.3293991648186,1715.7145050339645,140885,0
2205.8425233780995,0.9983462132762341,0.0012575878783658472,1919.3295512598368,1715.71459923353,140886,0
2205.849467794296,1.0013087825835305,0.0012575933519899769,1919.3296561196744,1715.7152626436434,140887,0
2205.856412210493,0.9992479709151726,0.0012574491994608282,1919.3291597984492,1715.7124997133592,140888,0
2205.863356626224,0.9974260467743196,0.0012569245261660352,1919.328258963116,1715.7140159208782,140889,0
2205.8703010424206,0.9983959987463892,0.0012569838119360207,1919.3275953686364,1715.7128181166624,140890,0
2205.877245458153,1.0008808475052386,0.001258286926533925,1919.3286858467068,1715.7116954772362,140891,0
2205.8841898738838,0.9975481576675536,0.0012572483999133285,1919.3285122191726,1715.7144884290146,140892,0
2205.8911342896145,1.0006638940364234,0.0012578503123652721,1919.3284166473359,1715.7132822945591,140893,0
2205.8980787048804,0.9974737979835545,0.001256644600730253,1919.3300141429554,1715.7144875255528,140894,0
2205.9050231201454,0.9985197622711324,0.0012572840061370963,1919.3277965376928,1715.712388918241,140895,0
2205.9119675354113,1.0002096920030017,0.001257412755275361,1919.3298444237078,1715.7139459107925,140896,0
2205.918911950677,1.0015653036316978,0.0012581514920654794,1919.3276842374594,1715.712864627064,140897,0
2205.925856365476,1.0031307762401045,0.001258833151100279,1919.32938409739,1715.7136563899567,140898,0
2205.932800780276,0.9992664693080868,0.001256585425037212,1919.3270556987695,1715.712157518326,140899,0
2205.9397451950754,0.9996151102168584,0.0012568786100491081,1919.3306909398036,1715.7133726863822,140900,0
2205.9466896098756,1.000312638091909,0.0012564270000483212,1919.3282874072447,1715.7117911912815,140901,0
2205.953634024211,1.0003218527667974,0.0012568755714000373,1919.328898418478,1715.711514591667,140902,0
2205.960578438545,0.9998872931978543,0.0012562439573151909,1919.3297184576577,1715.7141051738254,140903,0
2205.9675228528786,0.9992682559322527,0.0012558477699362292,1919.3277874411451,1715.713176583727,140904,0
2205.974467267213,1.001807062022418,0.0012569171202271299,1919.329083166397,1715.7118942576035,140905,0
2205.981411681081,1.0023889430511352,0.0012572057195885508,1919.3293492649273,1715.7129690503327,140906,0
2205.9883560949497,1.0020620237536277,0.001257549111396564,1919.3287881881415,1715.7133954504036,140907,0
2205.995300508819,1.0000354502790094,0.0012556198819722202,1919.3291033177238,1715.713329818812,140908,0
2206.002244922687,1.0004033198302333,0.001255896610092028,1919.3282607193594,1715.7129103407397,140909,0
2206.0091893360895,1.002841443563274,0.001256768023032943,1919.328446615424,1715.7147185014041,140910,0
2206.016133749493,1.0012387839578722,0.0012570770154266282,1919.3295342647618,1715.7134012952424,140911,0
2206.023078162895,0.9965399228698779,0.0012542587713881398,1919.3279651789705,1715.713079510422,140912,0
2206.0300225762985,1.0005021409982506,0.0012559690679429733,1919.3287012734258,1715.7132092745103,140913,0
2206.0369669892366,1.0008572133600766,0.0012574620297309182,1919.328705390738,1715.7125048836895,140914,0
2206.0439114021733,1.0002147658966511,0.0012563603574179934,1919.3286612834806,1715.711505277956,140915,0
2206.05085581511,1.0011786069520776,0.0012566166963260106,1919.3290705949864,1715.7130981493967,140916,0
2206.0578002275815,0.9993619936076302,0.0012560101348127952,1919.3287231199386,1715.7128852943063,140917,0
2206.0647446405187,0.9996245398253887,0.0012563834984531989,1919.3282801808014,1715.713545678935,140918,0
2206.071689052991,1.0002286725501923,0.0012568256636200112,1919.3299328423589,1715.7117481498344,140919,0
2206.078633465462,1.0002502804340159,0.0012585603755345023,1919.3294133023085,1715.7129661774864,140920,0
2206.0855778774676,1.000685487149909,0.00125846649283575,1919.3300700926386,1715.7129412555203,140921,0
2206.092522289474,1.0013924123644509,0.0012570075652368574,1919.328366614625,1715.7125997506641,140922,0
2206.0994667014793,0.9976259035144515,0.0012558237106565112,1919.329406339073,1715.7116128976827,140923,0
2206.1064111134856,0.9993278210801436,0.0012562783128258774,1919.3296654566311,1715.7119887545484,140924,0
2206.1133555254924,0.9984343658391361,0.0012567069878823389,1919.3286415343216,1715.7128605759185,140925,0
2206.120299937032,0.999937916505159,0.0012574684319842332,1919.3285293461004,1715.7115789668915,140926,0
2206.127244348572,0.9990712831638708,0.0012562969134947474,1919.326904948887,1715.7111990609287,140927,0
2206.134188760112,0.9979035479854343,0.0012557587702594754,1919.327821581616,1715.711456087477,140928,0
2206.141133171186,0.9984422420155618,0.0012556706705662882,1919.3281040571856,1715.7113706440018,140929,0
2206.1480775827267,1.0014518569846091,0.0012568556419268269,1919.3295661919033,1715.712365614008,140930,0
2206.1550219938026,1.000380318511966,0.0012560406129659603,1919.327374261641,1715.7119501760108,140931,0
2206.161966404411,0.9995330809272381,0.001255654627658647,1919.3287069992548,1715.7135827428363,140932,0
2206.168910815485,0.9994212144106881,0.0012557489194758042,1919.326685670551,1715.7121503773503,140933,0
2206.175855226094,1.0035313320359573,0.0012570658239933756,1919.328759192363,1715.7115463281655,140934,0
2206.182799636703,1.001762133043295,0.0012564942070864872,1919.3276498456294,1715.7114279928019,140935,0
2206.1897440473117,0.999126952799305,0.0012562582824292368,1919.3297859046895,1715.7131386460837,140936,0
2206.196688457456,0.9996663753064909,0.0012553063957608205,1919.3295349462242,1715.7129464069342,140937,0
2206.2036328675986,1.0022909107675413,0.0012564800275169927,1919.3283912430413,1715.7122957983584,140938,0
2206.2105772777413,1.00079557749674,0.0012565472642955707,1919.3284278460162,1715.712122980245,140939,0
2206.217521687884,0.9994137873443745,0.001254828817704479,1919.329007277812,1715.710977556111,140940,0
2206.2244660980277,1.0015908910523248,0.0012570911174991967,1919.3301523266489,1715.7118484086543,140941,0
2206.231410507706,1.0017814804921248,0.0012561655062283236,1919.329576442241,1715.7112774980433,140942,0
2206.2383549173837,1.0001364455092892,0.001255430245212464,1919.3289309673455,1715.7130884766254,140943,0
2206.245299326595,1.0006607558221203,0.0012562647111825924,1919.32929844986,1715.7132160503077,140944,0
2206.2522437362727,1.0012553479145052,0.0012561270795081346,1919.3299113940234,1715.711569224978,140945,0
2206.259188145484,0.9991866200036846,0.0012557643096667702,1919.3285302690044,1715.7116698101727,140946,0
2206.266132554696,1.0034011268586656,0.001256666082968444,1919.3280246499137,1715.7103432591066,140947,0
2206.2730769639093,1.0016137225264963,0.0012562385393918335,1919.3292131689816,1715.7107776407859,140948,0
2206.280021372655,0.9983913956515656,0.0012554622892804765,1919.3283282013613,1715.7113995968755,140949,0
2206.286965781401,0.9993806301340692,0.0012559734032063135,1919.3290291078417,1715.7108825392327,140950,0
2206.2939101901475,0.9980443298385052,0.0012553524389764723,1919.3288757045452,1715.7118271202678,140951,0
2206.3008545988932,0.9974244195204083,0.0012563964174486717,1919.327723224738,1715.7118497490774,140952,0
2206.3077990071743,0.9994759612674877,0.0012562545391393406,1919.3304743728065,1715.711267724858,140953,0
2206.314743415921,0.9987692940323272,0.0012561512370311354,1919.329064019039,1715.7114590174947,140954,0
2206.321687824201,0.999110833999633,0.001255927447400927,1919.3298831189652,1715.7118670353016,140955,0
2206.328632232016,0.9975339285227639,0.0012552640144255958,1919.328996065522,1715.7114722156691,140956,0
2206.3355766402965,0.9976665300390363,0.0012549888632473244,1919.328038100226,1715.7099872823849,140957,0
2206.342521048112,1.0006860214492102,0.0012562720801933727,1919.3287708297094,1715.7115804214088,140958,0
2206.349465455927,0.9996465285709508,0.0012566013958422702,1919.327994067649,1715.7105577042644,140959,0
2206.356409863277,0.9984520578223824,0.001255315046763855,1919.3297647066508,1715.7122941843097,140960,0
2206.3633542710913,1.0000882198814174,0.0012558213946484448,1919.3287271091453,1715.7118056093784,140961,0
2206.37029867844,0.999274980188638,0.0012553114481764253,1919.3275369898847,1715.7114986252493,140962,0
2206.377243085789,1.0015478820102748,0.0012556739606832145,1919.3284668243048,1715.7117052642034,140963,0
2206.3841874931386,0.9992465086601252,0.0012552469827306148,1919.328771394369,1715.710309340456,140964,0
2206.3911319000226,1.000282346010372,0.0012550188397343856,1919.327246413084,1715.709505697591,140965,0
2206.3980763069058,1.000984902585368,0.001255243092860223,1919.3279623658136,1715.7099605261176,140966,0
2206.405020713789,1.0029830135280207,0.0012559806584403355,1919.3283721467637,1715.7097310837541,140967,0
2206.411965120673,0.9997900577869868,0.001254547145413302,1919.3277110111515,1715.7115043984575,140968,0
2206.4189095270904,1.0022602060073753,0.0012552789550672738,1919.3286259349884,1715.7102810515546,140969,0
2206.4258539335087,1.0025525891337412,0.0012558776984078104,1919.328280659137,1715.7116475101361,140970,0
2206.4327983399276,0.9996030478430254,0.0012543852220539228,1919.327763340107,1715.7094985822062,140971,0
2206.4397427463455,1.0004910993396128,0.0012554637575949087,1919.3285158422905,1715.7118834307328,140972,0
2206.4466871522973,1.001474198783536,0.0012553537729269517,1919.3293280026676,1715.710715165055,140973,0
2206.4536315582495,0.9977023329296513,0.0012536205050654328,1919.3278450163643,1715.7096524078117,140974,0
2206.4605759642013,1.0032218988891817,0.0012559101731257469,1919.3286867784734,1715.7107639693286,140975,0
2206.4675203701536,0.9998133026081946,0.0012557548512957986,1919.329397065602,1715.7099676400471,140976,0
2206.4744647756415,1.000777514192568,0.0012548792061249522,1919.3295124093306,1715.7110680670135,140977,0
2206.4814091811277,1.0018146531121441,0.0012558424071419051,1919.328142209396,1715.708576159071,140978,0
2206.488353586614,1.001396687406765,0.0012553588820923879,1919.3295605645033,1715.7108883636895,140979,0
2206.495297992101,0.9997016807512873,0.0012549334422896207,1919.328294246084,1715.7098998914698,140980,0
2206.502242397122,1.0004751042265223,0.001255415500380299,1919.3272526786902,1715.7099166665332,140981,0
2206.509186802143,0.9998417485946927,0.0012566810890088616,1919.3276818059269,1715.7102650183579,140982,0
2206.516131207164,0.9969386422267429,0.0012544404899949334,1919.3287443419613,1715.7105865283918,140983,0
2206.5230756121846,0.9995803317118368,0.0012559376676012036,1919.3287684642532,1715.711490349257,140984,0
2206.53002001674,0.998163347956547,0.0012566552506472785,1919.3292929913475,1715.710560235562,140985,0
2206.536964421295,1.0002619420159584,0.0012551117926833547,1919.3284989035712,1715.7102774156301,140986,0
2206.543908825851,1.0004949229975126,0.0012556999242608411,1919.3285137784546,1715.7101462236083,140987,0
2206.5508532304066,0.9973163998543632,0.0012541606808101778,1919.3297214640297,1715.7101800821226,140988,0
2206.5577976344957,0.999177707493984,0.0012545623431552103,1919.3281741323992,1715.7099921185036,140989,0
2206.564742038585,1.0008405610434348,0.0012551815700302836,1919.3294207032354,1715.7107832686736,140990,0
2206.571686442675,0.9993707635274115,0.001256335704565929,1919.3281948375038,1715.7096289260776,140991,0
2206.578630846764,0.997981600495079,0.0012539918991420437,1919.3291841861521,1715.7108898845347,140992,0
2206.5855752503885,0.9999327368541846,0.0012552010622705902,1919.328560076177,1715.7099396736203,140993,0
2206.592519654013,1.0000045183185182,0.001254684368669996,1919.3288115438402,1715.7102461780305,140994,0
2206.5994640576364,0.9996878876723124,0.0012541703021511834,1919.328286138467,1715.7096860167203,140995,0
2206.60640846126,0.9999669353664833,0.0012546370679821655,1919.3289214043064,1715.7099486669304,140996,0
2206.6133528644186,1.0008598767790164,0.0012546971942331913,1919.3277081062315,1715.7101243285101,140997,0
2206.6202972675774,1.0012728226022993,0.0012557008546738805,1919.3272649422884,1715.7100079046509,140998,0
2206.627241670736,1.000811584300911,0.001254150169679602,1919.3287192223818,1715.7093507405748,140999,0
2206.6341860738944,1.0002340040569677,0.0012537491126575532,1919.328647600724,1715.708814624512,141000,0
2206.6411304765866,1.0017877735844047,0.0012543049554364406,1919.3301337044459,1715.710704969515,141001,0
2206.6480748792787,1.0026358009007568,0.0012548905471657995,1919.3308115129857,1715.7105782957897,141002,0
2206.655019281972,1.0012615325907033,0.001254376965227318,1919.3289512616393,1715.7086891142412,141003,0
2206.6619636846644,1.0016241402268746,0.0012550023754379254,1919.3290490616384,1715.7105059581395,141004,0
2206.668908086892,1.0014371622176286,0.0012545146889245567,1919.3279506233443,1715.7083142099002,141005,0
2206.6758524891193,1.0000471384129452,0.0012552204070699526,1919.3293536482604,1715.7092754150044,141006,0
2206.682796891346,1.0002966739042614,0.0012542214715355795,1919.3286706896058,1715.709612524487,141007,0
2206.6897412935723,1.0000164944491976,0.001253995637469254,1919.3278610054704,1715.7090542512678,141008,0
2206.696685695334,0.9989492776163562,0.0012537295390520696,1919.3285218812953,1715.7095931461763,141009,0
2206.7036300970954,1.0014907361564982,0.00125518741927077,1919.3284681085483,1715.7097228283044,141010,0
2206.710574498857,0.997965456893353,0.0012540237703963226,1919.3281085850056,1715.7095900252257,141011,0
2206.7175189006184,0.9999723968613083,0.0012549008490678633,1919.3281502296045,1715.7087087842829,141012,0
2206.7244633019136,0.9977024650458547,0.0012540022864530544,1919.3293580437978,1715.7106351180971,141013,0
2206.731407703209,1.0008745415440543,0.0012550216230647684,1919.330635543125,1715.7100248646632,141014,0
2206.738352104505,1.0009834559918545,0.0012553504832359028,1919.3290634607717,1715.7095195117652,141015,0
2206.745296505801,0.99821143898578,0.0012545178252330751,1919.3286049556848,1715.710454290993,141016,0
2206.7522409066314,0.998132305235655,0.0012546579476515715,1919.3286736758967,1715.7095202280918,141017,0
2206.759185307461,0.9993015077856698,0.0012557622443209945,1919.3286584610719,1715.7080865085263,141018,0
2206.7661297082905,0.9975208578456194,0.0012542150100374988,1919.328500539342,1715.710347358027,141019,0
2206.7730741086552,0.9990008008568336,0.0012548601879638314,1919.32934010225,1715.710114492149,141020,0
2206.780018509485,0.9995645924215164,0.001254741733353879,1919.3288614137446,1715.7085679065067,141021,0
2206.7869629098495,0.9993944815946818,0.0012548921522157717,1919.3289797859384,1715.7080578150133,141022,0
2206.7939073102143,0.9985899636831694,0.0012549853088721962,1919.3289216351993,1715.7093668529287,141023,0
2206.8008517101125,1.00063573350771,0.001255663506776906,1919.3285180885462,1715.707707687004,141024,0
2206.8077961104764,1.0009195813149454,0.0012544278139258447,1919.3279485050498,1715.7072377949346,141025,0
2206.8147405103755,1.0021726535002307,0.001255263628405644,1919.3291810483352,1715.7074412853908,141026,0
2206.8216849102746,1.0014145839247706,0.001254357151470164,1919.32989193926,1715.7082098755886,141027,0
2206.828629309708,1.0006589439657265,0.0012558899606123068,1919.3297044453368,1715.7093294305691,141028,0
2206.8355737096067,1.0010262224687683,0.0012540738563355566,1919.3284792486365,1715.7080411466645,141029,0
2206.8425181090392,0.9992137885742111,0.001254084474110043,1919.3295658494073,1715.7096049804572,141030,0
2206.849462508472,1.0050985248085051,0.0012554841644885752,1919.3311747670457,1715.7098455720507,141031,0
2206.8564069074396,1.0001115249805088,0.001253876604401758,1919.3262906962166,1715.7071924658899,141032,0
2206.8633513068726,1.0007897179236638,0.0012543702519431336,1919.3296774631951,1715.7095656499346,141033,0
2206.8702957058404,0.9995093602319035,0.0012538771407304373,1919.329592964677,1715.7086639269926,141034,0
2206.877240104808,1.0026300450408263,0.0012553595083914944,1919.330071063822,1715.708564706167,141035,0
2206.8841845033094,1.0021940069399966,0.0012552117850104538,1919.3296537205656,1715.7095736866465,141036,0
2206.8911289022763,1.0017748233650583,0.0012550029123503067,1919.3289701530207,1715.7081206781231,141037,0
2206.898073300779,0.999657875419815,0.0012546365290097843,1919.3283969027348,1715.7090433743974,141038,0
2206.9050176992805,1.0013412350422433,0.001254653603716283,1919.3304796906161,1715.7079456033982,141039,0
2206.9119620973165,0.9988319969074088,0.0012545747191590188,1919.3291612822738,1715.7089529930345,141040,0
2206.918906495818,0.9996176654708016,0.001254975386103049,1919.329701286921,1715.7073868026437,141041,0
2206.9258508938537,0.9999169873807676,0.0012550567801314588,1919.3274573214587,1715.7080423833443,141042,0
2206.9327952918893,0.9994761828947383,0.001255149640525098,1919.3306320681104,1715.7083096193107,141043,0
2206.939739689461,0.9996805409856971,0.0012554529635355007,1919.3286194641814,1715.7072506134998,141044,0
2206.9466840874975,0.9984775901303986,0.0012547226475645072,1919.3303184061053,1715.7091283244704,141045,0
2206.9536284850674,1.0005538690430957,0.001256377651830326,1919.328726766741,1715.7089477059524,141046,0
2206.9605728826373,0.9987835758682923,0.001254989416018532,1919.328044362329,1715.7080582955557,141047,0
2206.9675172797415,0.9991778398307131,0.0012554688531898764,1919.3285820468147,1715.7079424976332,141048,0
2206.974461677312,0.9988340826165629,0.0012558254498584447,1919.3306676942154,1715.7102836220163,141049,0
2206.981406074417,1.0004955630944685,0.0012554020036620508,1919.3278323540776,1715.707452794677,141050,0
2206.9883504715217,1.000891602863415,0.0012553394278048853,1919.3279071731286,1715.707558315288,141051,0
2206.995294868161,1.000281951812352,0.0012554087064173033,1919.3308957095223,1715.7090781263714,141052,0
2207.0022392652654,0.9995454744534712,0.0012545161823089624,1919.3274454474617,1715.7077438688768,141053,0
2207.009183661904,1.0011893862856542,0.0012552296501740679,1919.3286932544002,1715.7069067270916,141054,0
2207.0161280585444,0.9990559208517712,0.0012545528021369267,1919.3276415323062,1715.707050867512,141055,0
2207.0230724547177,1.0027355729831544,0.001255196843522821,1919.3284883485637,1715.7063258650649,141056,0
2207.0300168513563,1.0000430043929216,0.0012552802943832737,1919.3289324435334,1715.7074535589202,141057,0
2207.03696124753,0.9989505041245238,0.001253657428354488,1919.3302148096213,1715.7087806440452,141058,0
2207.043905643703,1.000759745022227,0.0012542486549139934,1919.3291424736517,1715.707133745228,141059,0
2207.0508500394103,1.0029446338152153,0.0012546529734479635,1919.3295613904072,1715.7077588412665,141060,0
2207.0577944355846,1.0012559774710923,0.0012542625615087363,1919.3295332234893,1715.7078717989784,141061,0
2207.0647388312927,0.9976993084365589,0.001252727548306411,1919.3291855665416,1715.7085297422234,141062,0
2207.071683227,0.9956198358864218,0.0012517573197256522,1919.3293793113985,1715.7080445195547,141063,0
2207.0786276222425,0.9944862605308392,0.0012510456172026277,1919.3290943366192,1715.7074030535578,141064,0
2207.0855720179497,0.9934015818243224,0.0012510031126374307,1919.3286371643999,1715.7075600308817,141065,0
2207.0925164131913,0.9921634174382008,0.0012507347326589239,1919.3300881022863,1715.7070509288963,141066,0
2207.0994608084343,0.9910070289330505,0.0012497775181517102,1919.3293019610512,1715.7089518352188,141067,0
2207.1064052036763,0.9918489003797479,0.0012503439701711705,1919.3284978212325,1715.7078111912654,141068,0
2207.1133495984523,0.990094577409729,0.0012497040149078167,1919.328911570327,1715.7076411667606,141069,0
2207.120293993229,0.991494215131686,0.0012502815642142292,1919.3279469116549,1715.7072207494027,141070,0
2207.127238388005,0.9890143482402124,0.0012495746701678134,1919.3286986176033,1715.7078759889077,141071,0
2207.134182782782,0.9898549762217107,0.0012500664072135367,1919.3300409598332,1715.7078115279564,141072,0
2207.1411271770935,0.9879301768587336,0.0012495003688162993,1919.3287085598618,1715.7076647555805,141073,0
2207.148071571404,0.9919548591613685,0.0012508648918046939,1919.3291431330185,1715.7084323175309,141074,0
2207.1550159657145,0.9901413185591947,0.0012492613603824973,1919.3290934190618,1715.7073761192946,141075,0
2207.161960360025,0.9889150422506835,0.001249667479108813,1919.3313364829844,1715.7097498726482,141076,0
2207.16890475387,0.9891292606130049,0.0012497614393092652,1919.3285315230376,1715.709179840092,141077,0
2207.175849147715,0.9880046058444953,0.001249644440181739,1919.3297415391683,1715.707002092312,141078,0
2207.1827935415613,0.9892832834283449,0.0012498623513041642,1919.3289532220745,1715.7076336385082,141079,0
2207.189737935406,0.9891445057497513,0.0012495406802345093,1919.32807577271,1715.7076861240082,141080,0
2207.1966823292505,0.9890048888848979,0.0012494905788164082,1919.3282161167242,1715.7082628852804,141081,0
2207.2036267226295,0.9895507338432155,0.0012493432048637956,1919.3291439651414,1715.707075970067,141082,0
2207.2105711160084,0.9904779957135244,0.0012495016195202577,1919.3285515071102,1715.7078161979978,141083,0
2207.2175155089235,0.9918636109228994,0.0012497939435399683,1919.329751713981,1715.7063279613164,141084,0
2207.224459902303,0.9919275575244552,0.0012495531668134264,1919.327223242484,1715.7065381520129,141085,0
2207.231404295216,0.9917278025310927,0.0012495622235966846,1919.3274493165873,1715.7069910361893,141086,0
2207.2383486881304,0.9941709629363376,0.0012503081737792795,1919.3299433449652,1715.707956175158,141087,0
2207.2452930810437,0.9982627361845631,0.0012519645774584907,1919.3288203983782,1715.7058064794164,141088,0
2207.2522374734913,0.9992414088117358,0.0012522843971644819,1919.32986376995,1715.707740717189,141089,0
2207.2591818659403,1.0011522695951616,0.001252618343347346,1919.3299685740462,1715.708239064967,141090,0
2207.266126258389,1.0024214020961857,0.0012532640475984356,1919.329538398304,1715.7062614686583,141091,0
2207.2730706508364,1.0028900739449462,0.0012533872142193564,1919.3296624158793,1715.7057141958232,141092,0
2207.2800150428193,1.0004499135729221,0.001252357115432457,1919.328966440481,1715.7065785840678,141093,0
2207.286959435267,0.9996134868154547,0.0012518639044664418,1919.329664919928,1715.7079958012696,141094,0
2207.293903826784,1.001047214443979,0.00125213221506673,1919.3278968207874,1715.7070248780472,141095,0
2207.300848218767,0.999369960310208,0.0012517163952409176,1919.3295175238175,1715.7067750859942,141096,0
2207.307792610749,1.0007149951798062,0.0012519612698174076,1919.3289486204274,1715.705560834705,141097,0
2207.3147370022652,1.0024233865443097,0.0012529925557226943,1919.3306310567216,1715.7068563804216,141098,0
2207.3216813937825,1.0020422936300348,0.0012525953825957637,1919.3291293795205,1715.7069736963979,141099,0
2207.3286257852988,0.9996019755208014,0.0012519315523661038,1919.330247942368,1715.709405878338,141100,0
2207.3355701763503,1.000202057620763,0.0012518899128726643,1919.3301034969772,1715.7075896540414,141101,0
2207.3425145674023,1.0010788783790547,0.001252702808740384,1919.3292981341815,1715.705478492194,141102,0
2207.349458958453,0.998127704397603,0.0012514062971638524,1919.3311367866331,1715.7081957773169,141103,0
2207.3564033495036,0.9964696009146139,0.001251331191111437,1919.32982147166,1715.7082344839762,141104,0
2207.3633477400895,0.9984070006838631,0.0012518939198326133,1919.3290422493733,1715.7064653222335,141105,0
2207.37029213114,0.999516856110897,0.0012521179085434085,1919.32849250656,1715.7065088065547,141106,0
2207.3772365217255,1.000109709389016,0.0012524471813114843,1919.3289685015868,1715.7072079788231,141107,0
2207.3841809118467,0.9984976598284596,0.0012518154769678013,1919.3294378245728,1715.7070822383098,141108,0
2207.3911253024316,0.9976362381560662,0.0012519251305215303,1919.3284294103764,1715.7065989863977,141109,0
2207.398069692551,0.9965276611188503,0.0012524942054161195,1919.3284976562436,1715.7057160214104,141110,0
2207.405014082671,0.9992259158948067,0.0012526310122692064,1919.3290415859324,1715.7080304000983,141111,0
2207.411958472791,0.9983081385379342,0.00125257691374175,1919.328739862129,1715.7064587433558,141112,0
2207.4189028624455,0.9979790596922722,0.0012527409779298246,1919.329293749529,1715.7061846740944,141113,0
2207.4258472525653,1.0012001759038094,0.0012529623657498766,1919.3294220842483,1715.7065618577806,141114,0
2207.432791642219,0.9982637144917571,0.0012534551825278786,1919.3305762039633,1715.7075770222218,141115,0
2207.4397360314074,0.9998203671601983,0.0012522402544439637,1919.3277904645247,1715.7060825101687,141116,0
2207.4466804210615,0.9974926323665055,0.001252392666641509,1919.3286295244868,1715.704604317273,141117,0
2207.4536248102504,0.9987986140981246,0.0012512905131802149,1919.3285255256476,1715.7064935975359,141118,0
2207.4605691994393,1.0007507153502813,0.001251844606944124,1919.3306518197269,1715.7068710675755,141119,0
2207.4675135886278,0.9996108177625235,0.0012517040548083672,1919.3286804917961,1715.7033016946325,141120,0
2207.4744579773505,1.0030385004621603,0.0012536145651126155,1919.3299655189994,1715.706186260864,141121,0
2207.4814023665385,1.0003487682849905,0.0012525877334472414,1919.3296168233674,1715.7050372270444,141122,0
2207.488346755261,1.0002860206514215,0.0012522455602610796,1919.329269335948,1715.706333751194,141123,0
2207.4952911439836,1.0007429384788882,0.0012528136988350013,1919.3289406226374,1715.7058205630065,141124,0
2207.5022355322417,1.0042623456479698,0.0012532428458076122,1919.329654595538,1715.705535857911,141125,0
2207.5091799204984,1.0025009375436715,0.0012535635876540507,1919.329187833226,1715.705280500833,141126,0
2207.516124308755,1.0020293182332976,0.0012522812444820748,1919.3297510264083,1715.7066375504114,141127,0
2207.5230686970126,1.0007159857602246,0.0012516921947465787,1919.3305370244773,1715.706013609209,141128,0
2207.5300130852693,1.000491308749703,0.0012524904601334496,1919.328610463061,1715.7073551310664,141129,0
2207.536957473061,1.0012952028802842,0.0012522343244130694,1919.3281416008952,1715.7057049812713,141130,0
2207.5439018608536,0.9974492736451768,0.001250755666007805,1919.3296211149045,1715.7053737824908,141131,0
2207.5508462486446,1.0023536031171418,0.0012527390012528597,1919.3297513439668,1715.7058775647656,141132,0
2207.55779063597,0.9985281281191231,0.0012513340000734395,1919.3297643111187,1715.706575999158,141133,0
2207.564735023762,0.9994003095724852,0.0012525861729127954,1919.3289899649074,1715.7057884528692,141134,0
2207.5716794110876,0.9987409800238277,0.001251618953663253,1919.3280248832266,1715.7042625912134,141135,0
2207.578623798414,0.9995551012729536,0.0012521054242678417,1919.3299379374573,1715.7059436520583,141136,0
2207.5855681852745,0.9967013090691349,0.0012509287812956652,1919.3306624581385,1715.706266078186,141137,0
2207.5925125726,0.997595755811828,0.0012522516983632334,1919.3291796905035,1715.7053033401537,141138,0
2207.5994569594595,0.9968005973450031,0.0012518693674239984,1919.328718901147,1715.705254192256,141139,0
2207.6064013458545,0.9980988022052292,0.0012524881713495957,1919.3309988876035,1715.7065766797325,141140,0
2207.6133457327146,0.9982905606779361,0.001252032703362665,1919.32942139604,1715.7045474530246,141141,0
2207.6202901191095,0.9977673796449006,0.0012517220529723095,1919.3293422428992,1715.7049688410589,141142,0
2207.627234505504,0.9974919931715964,0.0012518149567896527,1919.3288611714117,1715.7044733242653,141143,0
2207.634178891898,1.0008657704339055,0.0012529105560062743,1919.3298567925165,1715.7051982331436,141144,0
2207.641123278292,1.0010633881932784,0.0012524215885465725,1919.3300094234307,1715.7054884167892,141145,0
2207.6480676642213,0.9984864739175516,0.0012517276708963144,1919.3290433600023,1715.7039865788056,141146,0
2207.6550120501506,0.9998878022231001,0.0012539174128307416,1919.330184638849,1715.703941191998,141147,0
2207.66195643608,1.0009325663018986,0.0012524361535347338,1919.3298719251707,1715.705570080587,141148,0
2207.6689008220087,1.003037861267251,0.0012526772040888038,1919.3300836089124,1715.705304326224,141149,0
2207.675845207472,0.9998085420543813,0.0012518842445190489,1919.3303449644332,1715.7065791531838,141150,0
2207.6827895929346,1.001882196871737,0.0012525524653687649,1919.329453669189,1715.7048589216986,141151,0
2207.689733978398,1.0033902707270925,0.0012538535349540909,1919.328898281088,1715.705714189704,141152,0
2207.696678363862,1.0021682365935252,0.0012527118479535018,1919.3295122593308,1715.706226113277,141153,0
2207.703622748859,1.0027901732400046,0.0012524702772212831,1919.3294548713964,1715.7050099349315,141154,0
2207.710567133857,1.0027916646947923,0.001252544870767795,1919.3296722314099,1715.7048333315274,141155,0
2207.717511518854,1.0014627784789332,0.0012517520152336699,1919.3286529102215,1715.7051438619637,141156,0
2207.724455903851,1.0031859414211748,0.0012523288928004885,1919.3277946532091,1715.704091496248,141157,0
2207.731400288384,1.0023867347199262,0.0012523355510807906,1919.327892402148,1715.70495735323,141158,0
2207.738344672916,1.0014532970877827,0.001251641529394903,1919.3299603742373,1715.7053715912537,141159,0
2207.7452890574473,1.000145078173982,0.001252732134901298,1919.3293638829505,1715.7049152750217,141160,0
2207.752233441979,1.0026537051269282,0.0012544354062311363,1919.330079468488,1715.7038009758155,141161,0
2207.759177826045,1.0008524538733008,0.0012522199674961675,1919.3300308228693,1715.705396876041,141162,0
2207.793899745911,0.9986842489172907,0.0012511814984653992,1919.328545533441,1715.703923439454,141167,0
2207.800844129046,1.0000780956962234,0.0012518540232033905,1919.3312954737303,1715.7060898810344,141168,0
2207.8077885126463,1.001615164546571,0.0012524621482265393,1919.3309725126828,1715.7046401418545,141169,0
2207.8147328962477,0.9975838634800852,0.0012504695706580286,1919.3297146003883,1715.705623411188,141170,0
2207.821677279382,1.0003647071440578,0.001251265448256526,1919.3316286708523,1715.7064789634928,141171,0
2207.8286216625165,1.0004486598246185,0.0012526873089236776,1919.3298445117314,1715.7031953625037,141172,0
2207.835566045186,0.9997198036918779,0.001251287544437073,1919.3297699981404,1715.7028568796716,141173,0
2207.8425104283206,0.9977591169876291,0.001250818994916081,1919.329976109606,1715.7043062952537,141174,0
2207.84945481099,0.9981538918485222,0.0012508824698017889,1919.3302941092443,1715.7043517421712,141175,0
2207.8563991936603,1.000308036865199,0.0012511570861890025,1919.3299874371005,1715.704904052729,141176,0
2207.863343576329,1.0012659934055623,0.0012512879647636993,1919.3299461485071,1715.7041137957665,141177,0
2207.870287958532,0.99881709428692,0.0012503017390348935,1919.3305029748847,1715.705777714615,141178,0
2207.877232340735,0.9993783281787763,0.001250272699905818,1919.3293495764772,1715.7042281848153,141179,0
2207.8841767229383,1.000045351053225,0.0012510571933323973,1919.3301762391716,1715.7039567904433,141180,0
2207.8911211051427,1.002910275144708,0.0012511194252957662,1919.3289418063691,1715.702851739075,141181,0
2207.898065486881,1.0023171417480379,0.0012503260252449977,1919.3297395366014,1715.7041649311461,141182,0
2207.905009869084,1.0001793762953939,0.00124988757731365,1919.3286948103103,1715.7032270822629,141183,0
2207.9119542508224,1.002231628319359,0.001252144346005251,1919.3302687025096,1715.7028710406341,141184,0
2207.918898632094,1.0013361535641383,0.0012502477754117757,1919.3300856069595,1715.7054814828564,141185,0
2207.9258430138316,1.0019711947616945,0.0012501831439669887,1919.329203075661,1715.7033317566672,141186,0
2207.9327873951047,1.0019177227966445,0.0012507915464753457,1919.3292253939699,1715.7037013126578,141187,0
2207.939731776377,1.0024333675146242,0.001250495676569631,1919.3290691990608,1715.704199336938,141188,0
2207.946676157649,1.0033277161984566,0.0012504438689599719,1919.33019560984,1715.7045962351133,141189,0
2207.9536205384557,1.0008878046418914,0.0012498671678270047,1919.329532732068,1715.7033864632722,141190,0
2207.9605649197274,1.0009554952370137,0.001251731947753611,1919.330344387946,1715.7029517737697,141191,0
2207.9675093005344,1.0009731048269854,0.0012496330350609882,1919.3296227764301,1715.7036636793364,141192,0
2207.9744536808766,0.9985469299954547,0.0012489457001716104,1919.329343010226,1715.7013463718972,141193,0
2207.9813980616827,0.9996809744755538,0.001249864252425358,1919.3302787831103,1715.7034896951682,141194,0
2207.988342442023,0.9967076231517762,0.0012489013479984289,1919.3290834626234,1715.7037067440563,141195,0
2207.995286822364,0.9988638004871865,0.0012498284016451188,1919.3302763059864,1715.704638722117,141196,0
2208.002231202705,0.9981599873770655,0.0012495935090942867,1919.3302512183068,1715.704827021892,141197,0
2208.00917558258,1.0003062354208276,0.0012496600459457354,1919.3290842852382,1715.7020072152063,141198,0
2208.016119962922,1.0005137976843232,0.0012502543429010436,1919.3291174116064,1715.7028574950425,141199,0
2208.0230643427967,0.9978340748489198,0.0012493909788663393,1919.329779393439,1715.703870843693,141200,0
2208.0300087226715,0.9984549189466118,0.0012496139413373547,1919.329432328747,1715.7032328952012,141201,0
2208.0369531020815,0.9995265033610267,0.0012495389483946232,1919.3292274318974,1715.702497690737,141202,0
2208.0438974814906,0.9992583157842627,0.0012499322781199865,1919.3285141613621,1715.7022637125917,141203,0
2208.0508418609006,0.9988644446864767,0.001249520718953465,1919.329378522013,1715.702709987294,141204,0
2208.057786240311,0.9981447195299489,0.0012494979869071795,1919.3302528565698,1715.7041219957262,141205,0
2208.06473061972,0.999053251130799,0.0012492330613324276,1919.3309262740322,1715.703285158026,141206,0
2208.0716749986636,0.9988783057373414,0.001249205121583641,1919.3295149261828,1715.7038151882377,141207,0
2208.0786193776075,0.9992952525891937,0.0012496554670406324,1919.329537544753,1715.7031332279903,141208,0
2208.085563756552,0.9977060650699199,0.001249092136598777,1919.330526573926,1715.7037289664747,141209,0
2208.0925081354962,1.0003716827929598,0.0012493144902182437,1919.3302897718174,1715.7042020330334,141210,0
2208.099452513975,0.999695943916143,0.0012496908632531826,1919.3308621435872,1715.704277302455,141211,0
2208.1063968924527,1.0004361409137814,0.0012498101027127071,1919.3312723872575,1715.7034444190795,141212,0
2208.1133412709305,1.0013222146484893,0.0012487031620535816,1919.3304138635003,1715.7028607478753,141213,0
2208.120285648943,1.0028561648890584,0.001250026496692042,1919.3297976925448,1715.70333911627,141214,0
2208.127230027422,1.0024131882585225,0.0012491052252271348,1919.3301700590534,1715.7022285269354,141215,0
2208.1341744054344,1.0000141215742706,0.0012484293426005847,1919.3294249709443,1715.702450187769,141216,0
2208.1411187834474,1.003242810042857,0.001249027645163337,1919.3300728258014,1715.7027972080716,141217,0
2208.148063160994,1.0018089533195584,0.0012490295735499183,1919.3296139719037,1715.7021809865296,141218,0
2208.155007539006,1.0015795161931802,0.0012496977704883182,1919.3297104977673,1715.702456974352,141219,0
2208.1619519165533,1.0020819839507904,0.0012489824072399126,1919.329736780587,1715.7008129644391,141220,0
2208.1688962941007,0.999033097814812,0.0012486165974468185,1919.329556913034,1715.7043260195403,141221,0
2208.175840671182,0.9998187413208802,0.001248429889560938,1919.3311284656172,1715.7033124342681,141222,0
2208.1827850487293,1.0046391807071913,0.001249937912969694,1919.32964927657,1715.70265816753,141223,0
2208.18972942581,0.9980456132126534,0.0012479404199846934,1919.3290680068246,1715.702436447418,141224,0
2208.196673802891,1.0007598976235657,0.0012486445254072081,1919.3307517755188,1715.7023283718302,141225,0
2208.2036181795074,1.0018836433834284,0.0012512650874462754,1919.3310904794437,1715.7030836953454,141226,0
2208.210562556589,0.9986568105454032,0.0012492222477387142,1919.328816963588,1715.7009312406792,141227,0
2208.2175069332043,0.9992063593229462,0.0012486867982776876,1919.3290794534919,1715.7015652015168,141228,0
2208.2244513098203,0.9998870587526482,0.00124883282519325,1919.33065879486,1715.7033940483234,141229,0
2208.23139568597,0.9971257353688365,0.0012481890523695584,1919.330045803814,1715.70238363082,141230,0
2208.238340062585,1.0001864708196293,0.001249027499261631,1919.3290535933734,1715.702966488471,141231,0
2208.245284438736,1.0011059883505904,0.001249278881765963,1919.3303342548772,1715.7024695446698,141232,0
2208.2522288148857,0.9968853027934477,0.0012479545087656489,1919.3290335512977,1715.7025499626254,141233,0
2208.2591731905695,1.0014432795906052,0.0012494108386965552,1919.3305708018786,1715.7039081231603,141234,0
2208.26611756672,0.9980252078304792,0.0012484546649587037,1919.3310420215162,1715.7035552167579,141235,0
2208.2730619424037,0.9980862080819898,0.001248110553817099,1919.3293141010574,1715.7012707359108,141236,0
2208.2800063180875,0.9998452979698516,0.0012491930904144054,1919.329597139095,1715.7027831564142,141237,0
2208.286950693773,0.9976755068947316,0.0012478136881402075,1919.3300521206147,1715.701243195472,141238,0
2208.2938950689922,0.9981091658159472,0.0012480800930384803,1919.3299883555544,1715.7022851426975,141239,0
2208.3008394442104,1.000461339766506,0.0012483561862211853,1919.3305513627377,1715.7025963654705,141240,0
2208.307783819429,1.000313171139951,0.0012486117954919433,1919.3304884131546,1715.7020850236752,141241,0
2208.314728194647,1.0003175105223294,0.0012483370721876217,1919.329746077699,1715.7023677194816,141242,0
2208.3216725693997,1.0032553081917706,0.001249326215937458,1919.3291926772515,1715.7015731927886,141243,0
2208.3286169441535,1.0034733733314216,0.0012486622523532596,1919.3313045429156,1715.702053960275,141244,0
2208.335561318907,0.998854518567958,0.0012476427207030539,1919.3309660458056,1715.702033498986,141245,0
2208.3425056936594,1.003066356977695,0.0012482473765927974,1919.330038513882,1715.701812655604,141246,0
2208.349450067947,1.0007190866003013,0.0012481106431643288,1919.3292835457128,1715.702095166678,141247,0
2208.3563944426996,0.9994408552936529,0.0012476131680889645,1919.3301471872294,1715.7015127900736,141248,0
2208.3633388169874,0.9994142329858307,0.0012467848930600993,1919.3302007935945,1715.7030048442234,141249,0
2208.3702831908095,1.001952444499986,0.001249012157838851,1919.3295661662044,1715.701019812335,141250,0
2208.3772275650963,1.0015716739748868,0.0012479648200158355,1919.331487798246,1715.700891569471,141251,0
2208.384171938918,1.0022562939856559,0.0012483160006238846,1919.330926856935,1715.702304446425,141252,0
2208.3911163127395,0.9985825671150537,0.0012469954011058864,1919.330773748078,1715.7022728777079,141253,0
2208.3980606865607,1.000409533793375,0.001247837934259561,1919.3304163546543,1715.7032344103964,141254,0
2208.405005059917,0.9999369764503696,0.0012474412266935233,1919.3295766635613,1715.7021823033606,141255,0
2208.4119494337397,0.9999701854658506,0.0012479889391464483,1919.3297095821097,1715.7016236042152,141256,0
2208.4188938070956,0.998749812170008,0.0012477959630832923,1919.329431155355,1715.701687320478,141257,0
2208.4258381799855,0.9981340853227383,0.001247498763144234,1919.3298368849075,1715.7017049301903,141258,0
2208.4327825533414,1.00049357600062,0.001248760517248596,1919.328285877931,1715.700925283312,141259,0
2208.4397269262317,0.9998030798455475,0.0012485786202981828,1919.3309590464935,1715.7015073730809,141260,0
2208.446671299122,0.9991126832775706,0.001248005839411593,1919.3301077313351,1715.7020038527967,141261,0
2208.4536156720133,0.9991623326689335,0.0012485324653607782,1919.3303342475235,1715.7002888528693,141262,0
2208.4605600444374,0.9981501495894055,0.0012484598666039214,1919.330421675317,1715.702605513699,141263,0
2208.4675044173273,0.999067072464265,0.0012484686645105872,1919.3320147444635,1715.7025219596812,141264,0
2208.4744487897524,0.9979163204457597,0.0012480040660221093,1919.3299843006785,1715.7008922609873,141265,0
2208.481393161712,1.0020507686734936,0.0012488903839536344,1919.329389468262,1715.699770324985,141266,0
2208.4883375341365,0.999494116293864,0.0012484022873112304,1919.329821728399,1715.7017672772565,141267,0
2208.495281906096,0.9997316630688817,0.0012483528178546986,1919.3303866531978,1715.7010931620628,141268,0
2208.5022262780544,0.9996077821473156,0.0012474301173216891,1919.3315523676997,1715.7030987316136,141269,0
2208.509170650013,0.9993716035818819,0.0012477662191657894,1919.3313336192634,1715.701725937425,141270,0
2208.516115021972,0.9989332571361417,0.0012480242434357938,1919.3322596084301,1715.7025030462282,141271,0
2208.5230593934657,1.0017165733480755,0.0012484481118853479,1919.3299235662105,1715.701466109713,141272,0
2208.5300037649595,0.9993854824950688,0.0012478461389863603,1919.3315918342912,1715.7010667659079,141273,0
2208.5369481364532,1.000445564934355,0.0012474034870154106,1919.3317469741928,1715.7011116986318,141274,0
2208.5438925074805,1.0010900618459468,0.0012477735650855133,1919.3296624009881,1715.7004614332104,141275,0
2208.5508368789733,1.0015456975756838,0.001248298083236433,1919.3306939744612,1715.7012387903485,141276,0
2208.5577812500005,1.001783818291481,0.0012485797590602247,1919.3302737814092,1715.7008542849946,141277,0
2208.564725620563,1.0013516862740903,0.0012477835077047965,1919.3302088061434,1715.7012804732399,141278,0
2208.571669991591,1.0018858933048782,0.0012476654901693788,1919.3297402256617,1715.7001694177015,141279,0
2208.5786143621526,1.0016868767358598,0.0012480568379579944,1919.3297609511658,1715.7002364215602,141280,0
2208.5855587327146,1.0017466732310483,0.001247968434247216,1919.3294432793828,1715.7010542013206,141281,0
2208.5925031032766,1.0034481260710313,0.0012479852654229762,1919.33142988714,1715.701708893479,141282,0
2208.599447473838,1.0032270846520992,0.001248282385226736,1919.3301500120892,1715.7014577307905,141283,0
2208.606391843935,1.0006149904664416,0.001248112112149045,1919.3293180412275,1715.7013241908653,141284,0
2208.613336214032,1.0010573978717323,0.0012476726188433828,1919.3311667152107,1715.7019347587186,141285,0
2208.6202805841285,0.9997775154580587,0.0012477880406645968,1919.3299332679478,1715.69994706205,141286,0
2208.6272249542244,0.9986067428051916,0.0012468221969999787,1919.3301373569618,1715.7009310257108,141287,0
2208.634169323855,0.9997439852378052,0.0012495110426181957,1919.330711630216,1715.7008036586449,141288,0
2208.6411136934857,0.9987478453046276,0.001247442895238445,1919.3298492170295,1715.7010801339316,141289,0
2208.648058063117,0.9984333705895396,0.0012477890197258713,1919.3314288870642,1715.701084017767,141290,0
2208.655002432748,0.9992905126593223,0.0012476977637712018,1919.33159483771,1715.700604433967,141291,0
2208.6619468019126,0.9990997533774082,0.0012479011662236742,1919.3305341280072,1715.7008082390412,141292,0
2208.668891171077,0.9964866848811785,0.0012466366802587159,1919.3302977987148,1715.7006429709907,141293,0
2208.6758355402426,0.9996196367030075,0.001247911212922161,1919.3302908787925,1715.700815142059,141294,0
2208.682779909408,0.9966397719910065,0.001247113979761953,1919.3306211727725,1715.7013646465662,141295,0
2208.6897242781074,0.998368423683165,0.0012473021097577145,1919.3314531613244,1715.7012574617413,141296,0
2208.6966686468068,0.9989880179578317,0.0012476677114958438,1919.3312025137668,1715.701108931698,141297,0
2208.7036130155057,0.9999689897997366,0.0012480801557792933,1919.3306913612992,1715.7002339999676,141298,0
2208.710557384205,0.998271557803999,0.0012474486948966508,1919.329102840333,1715.7002263014529,141299,0
2208.7175017524387,1.0004639911410507,0.0012479278920050193,1919.3316932569192,1715.7006097317324,141300,0
2208.724446120673,0.9996730370289915,0.0012480961915093697,1919.3311482983302,1715.7015073823145,141301,0
2208.731390488907,0.998082988954301,0.0012467983131789905,1919.3313281652725,1715.7009099432155,141302,0
2208.738334857141,0.9997758091050606,0.0012471790311559252,1919.330121438522,1715.7001137798427,141303,0
2208.7452792249087,0.9981150711825446,0.0012469965832141612,1919.3308211142776,1715.7001049728333,141304,0
2208.7522235926763,1.002245922501005,0.001247567263774436,1919.3307326824804,1715.699566550257,141305,0
2208.7591679604448,1.0018328380925676,0.0012476477706040588,1919.3302271224795,1715.6998100187109,141306,0
2208.7661123282132,0.9998139234533563,0.00124689193963102,1919.330881772081,1715.7017217534421,141307,0
2208.773056695515,1.0022897392942396,0.0012474409503434787,1919.3311249265826,1715.6999045599675,141308,0
2208.7800010632836,1.001631398582802,0.0012469750701827225,1919.330882414421,1715.7012110649325,141309,0
2208.7869454305855,1.0022385213022542,0.0012487768094853414,1919.3317235119832,1715.7000943349626,141310,0
2208.793889797422,1.0023508172092537,0.0012476174383158928,1919.330421060029,1715.698763832885,141311,0
2208.8008341647255,1.0015789550295457,0.0012470057455188674,1919.3309256021994,1715.70018560319,141312,0
2208.8077785315622,1.0029884629054056,0.0012475789605384138,1919.3303664367356,1715.7000233558467,141313,0
2208.8147228983985,1.0006135802653835,0.0012468444696668475,1919.332170108697,1715.701145902559,141314,0
2208.8216672652356,1.0012202206413237,0.0012471483254793655,1919.3306285525894,1715.6998728446024,141315,0
2208.8286116316062,1.000647142499266,0.001246976642916787,1919.3316671475122,1715.7003116772203,141316,0
2208.835555997977,0.9998873586181488,0.0012465044955897863,1919.3299642990355,1715.699537224048,141317,0
2208.842500364349,0.9996513576051416,0.001247292793178468,1919.3295594954104,1715.6990498485904,141318,0
2208.8494447307203,1.0007835085788603,0.001247485995606477,1919.3312409811722,1715.7000013514673,141319,0
2208.856389096625,0.9982254860644942,0.0012464109059492014,1919.3301743382667,1715.6995613237702,141320,0
2208.8633334629967,1.0004654640719877,0.0012470119762028082,1919.3311190969496,1715.699580366118,141321,0
2208.8702778289016,1.0007526310341706,0.0012474935385629424,1919.3312206133796,1715.7019777897692,141322,0
2208.8772221943414,0.998747382266549,0.0012471413496169023,1919.3305725252476,1715.698954256951,141323,0
2208.8841665602476,0.9994765630388448,0.0012471223898590333,1919.331731508832,1715.7013472578144,141324,0
2208.891110925687,0.9974500170158652,0.001246837587341981,1919.330152429088,1715.6999145946584,141325,0
2208.898055291126,0.9979009089398638,0.0012462497614809341,1919.3318047691616,1715.6991782153189,141326,0
2208.9049996565664,0.9984879231470584,0.0012470988866339092,1919.331454017774,1715.7004666075345,141327,0
2208.91194402154,0.9997717515940482,0.0012473947762556819,1919.3317981795706,1715.7014209667398,141328,0
2208.9188883865145,0.9976164233822266,0.001245894837503206,1919.3313039548377,1715.6998918726388,141329,0
2208.9258327514895,0.9988224117556493,0.0012466831958993002,1919.3312295560183,1715.6993771035254,141330,0
2208.932777116463,0.999506123315507,0.0012463605652178883,1919.32990989586,1715.6985207960674,141331,0
2208.9397214814367,1.0008916488728516,0.0012468170534786906,1919.3313350495912,1715.7002552889996,141332,0
2208.9466658459455,1.000719197687661,0.0012469984307191598,1919.3310425720213,1715.6989409746773,141333,0
2208.9536102104535,1.000479151751776,0.00124692900134988,1919.3309942773387,1715.7004333019613,141334,0
2208.960554574962,0.9995433924917805,0.0012459075583583859,1919.332393305613,1715.7000265247873,141335,0
2208.967498939006,1.000022015863395,0.0012472571072321274,1919.3303090059055,1715.699695188305,141336,0
2208.9744433030482,1.001163160450457,0.0012462767446632505,1919.3301653595015,1715.69974935689,141337,0
2208.9813876670905,1.001498052156442,0.001246459225563623,1919.329125272984,1715.6986403225358,141338,0
2208.9883320311337,1.0000868346557152,0.0012459479943616354,1919.3303482677547,1715.6989645277047,141339,0
2208.995276395176,1.0020755958982175,0.0012461334847679308,1919.3309154326244,1715.7001014143157,141340,0
2209.0022207587535,1.0019028991514844,0.0012462151670061914,1919.3313949027197,1715.6993484473935,141341,0
2209.009165122331,1.0018503700245254,0.0012462906171099445,1919.3300663565167,1715.699092387286,141342,0
2209.0161094859077,1.0008431956315367,0.0012455978832146002,1919.3300580317,1715.699094913744,141343,0
2209.0230538490187,1.0009664226072372,0.0012466913751697543,1919.3312361074543,1715.6995148603762,141344,0
2209.029998212596,1.0016370619402766,0.001246177795375722,1919.3314059581764,1715.6997416359652,141345,0
2209.036942575708,1.0023501875607912,0.0012462253897022996,1919.3307632409694,1715.6984760098599,141346,0
2209.04388693882,1.002450729499011,0.0012464556858166346,1919.3301788755489,1715.698372561238,141347,0
2209.0508313014657,0.9990184978064433,0.0012460900224972272,1919.3308163389568,1715.6976902402876,141348,0
2209.0577756641114,0.99893517042611,0.0012456673788098487,1919.3310283136361,1715.6983280844242,141349,0
2209.0647200267567,1.001035117488398,0.0012463631241107164,1919.3312752703596,1715.6989934455987,141350,0
2209.0716643894025,0.9986421237232342,0.0012458246447012026,1919.3298276340633,1715.6986274640876,141351,0
2209.0786087520482,1.0002309354243317,0.0012473917921877232,1919.3306405359092,1715.6990587013477,141352,0
2209.085553114229,0.9991010227195761,0.0012461390035211823,1919.3302463322066,1715.699823220329,141353,0
2209.0924974764093,1.000209444468585,0.0012468565105377858,1919.3315305652588,1715.698489917434,141354,0
2209.099441838589,1.0010942070970055,0.0012465071802589928,1919.329828358077,1715.6997872183424,141355,0
2209.1063862007686,0.9977396868415946,0.0012458063853819264,1919.329254186751,1715.6968227717161,141356,0
2209.1133305624835,0.9984349845025255,0.0012466573701173443,1919.3303040838277,1715.6982273528067,141357,0
2209.1202749241984,0.9973806810358443,0.00124552111707053,1919.329658335387,1715.6989003583376,141358,0
2209.127219285913,0.9987227162364178,0.0012459959981186678,1919.3314675386976,1715.697613135544,141359,0
2209.1341636471616,0.9983225543334563,0.0012464509111205495,1919.3309572266335,1715.6989163720887,141360,0
2209.1411080088756,0.9980241271660613,0.0012453623785095992,1919.3311650617336,1715.6993270480793,141361,0
2209.1480523701243,0.9995894993316968,0.0012466118106392243,1919.3304348301417,1715.6978161025972,141362,0
2209.154996731374,0.9992047993869655,0.001245519441521585,1919.3312735146076,1715.6989168914854,141363,0
2209.1619410921576,0.9992879049007938,0.0012450434735868073,1919.3299171488302,1715.6984516162959,141364,0
2209.1688854529402,0.9992914630721494,0.0012455382629860405,1919.3321938783506,1715.6974192232226,141365,0
2209.175829814189,1.0012480891100592,0.0012457610341318737,1919.332126358537,1715.700331156845,141366,0
2209.1827741745064,0.9998806107081699,0.001245726763917498,1919.330786996076,1715.6988421356536,141367,0
2209.189718535289,1.0012498132745364,0.0012454749409658644,1919.330240295983,1715.69818692171,141368,0
2209.196662895607,1.0010633553873027,0.001245927014131765,1919.3314299610217,1715.6973569454483,141369,0
2209.203607255925,0.9994747841243499,0.001246059781433627,1919.332297773619,1715.699320873183,141370,0
2209.210551616242,0.9992703835345661,0.0012447180376690698,1919.3320047847812,1715.6983171818335,141371,0
2209.21749597656,1.0021820748899628,0.0012456916083213557,1919.3311256049583,1715.698456880186,141372,0
2209.224440336411,1.0012630722554032,0.0012454196772218949,1919.3302973129194,1715.6972062058894,141373,0
2209.2313846962625,1.0014779130772828,0.0012451663125255424,1919.329688391699,1715.6978782871836,141374,0
2209.2383290561156,1.002756454807905,0.0012459993486346806,1919.3313322189842,1715.6987064104983,141375,0
2209.245273415968,1.0027073400582416,0.0012458200080905496,1919.331492109281,1715.6984678944882,141376,0
2209.2522177753535,0.995327378020897,0.0012440879075021054,1919.3294765626079,1715.6982525932292,141377,0
2209.259162134739,1.0012390658753927,0.0012459105018678045,1919.3317840982738,1715.698528125423,141378,0
2209.266106494126,1.0020933203510438,0.0012463426255785457,1919.331485426663,1715.6974452381342,141379,0
2209.2730508535124,1.0001911776538615,0.0012468196772441463,1919.3303689357413,1715.6976023289124,141380,0
2209.2799952124333,0.999741195132231,0.001245028818797699,1919.3306790413185,1715.6988526455655,141381,0
2209.2869395713537,1.0005532442343945,0.001245768090036473,1919.330949074358,1715.6991912938959,141382,0
2209.293883930274,1.0009265300450843,0.001245987103226485,1919.3312670665312,1715.6988969835845,141383,0
2209.300828289194,0.9987699859160022,0.0012454176364060827,1919.331547837038,1715.6987485220475,141384,0
2209.307772647649,1.0009552164723343,0.0012467630166809293,1919.3301255787296,1715.6992028333345,141385,0
2209.314717006104,1.0005888063442079,0.0012459060424797983,1919.3307260006393,1715.6979624995731,141386,0
2209.321661364559,0.9964384546803949,0.0012448864902774106,1919.3323754562468,1715.6983116148813,141387,0
2209.3286057230143,1.0002070441718407,0.001245904127537403,1919.3315260754034,1715.6985243862011,141388,0
2209.335550081003,0.9981322512622818,0.0012452965184675984,1919.3320099907958,1715.6979049636434,141389,0
2209.3424944389917,0.9995620450828363,0.0012469404351170377,1919.3299691249545,1715.6969959444818,141390,0
2209.3494387969813,0.9980370021271954,0.00124512983987777,1919.3307334007789,1715.6977349034635,141391,0
2209.356383154971,0.998636712286325,0.001244894629804405,1919.3304413070234,1715.6973249035789,141392,0
2209.3633275124944,0.9991759287777418,0.001244990131237334,1919.331975916369,1715.6981144369458,141393,0
2209.3702718704835,1.0014986877821492,0.0012462285073623354,1919.330016376042,1715.6970626642608,141394,0
2209.377216227541,1.0000091285126593,0.0012443849984831276,1919.3307520498852,1715.696950688798,141395,0
2209.3841605850644,0.9986736477178867,0.0012447991976136212,1919.332240903745,1715.698407384285,141396,0
2209.391104942588,1.000356223931259,0.0012447241906961926,1919.3310834425745,1715.6968105851975,141397,0
2209.398049299646,0.9993772699249865,0.0012444137637117336,1919.3319650926337,1715.6973946893409,141398,0
2209.4049936567044,1.0013748049616589,0.0012449719588109704,1919.3319706526515,1715.69745433565,141399,0
2209.4119380132965,1.0023191335963342,0.0012453317544128765,1919.3311201944066,1715.6968095565169,141400,0
2209.4188823703544,0.9997203825049187,0.0012444461793259033,1919.3319654428103,1715.6977693854826,141401,0
2209.425826726946,0.9999506900876367,0.0012446371134801802,1919.3305274091845,1715.6974990364795,141402,0
2209.4327710835387,1.0006497731001933,0.0012438832583673148,1919.331414937773,1715.696127147005,141403,0
2209.4397154396656,1.00131923439758,0.0012446862867995995,1919.331926182928,1715.69819871312,141404,0
2209.4466597962573,1.001842288796741,0.001244814327011972,1919.3317928290805,1715.6985331605663,141405,0
2209.4536041523843,1.0004151412137223,0.0012443595185237387,1919.3314061016208,1715.6973956454237,141406,0
2209.4605485085103,1.0016353961413735,0.0012446062901642332,1919.3306168699917,1715.6958591513653,141407,0
2209.4674928646364,1.000808346652388,0.0012447819424881528,1919.3321777309861,1715.697552672131,141408,0
2209.4744372202986,1.0003571097470276,0.001244476684771696,1919.3305455418254,1715.6958266872625,141409,0
2209.4813815759594,1.0006729119721183,0.0012449603936391482,1919.329591198331,1715.6957612586166,141410,0
2209.48832593162,0.9985777666876371,0.0012443619063593919,1919.3305671491307,1715.696675320954,141411,0
2209.495270287281,1.0013384521602955,0.0012452845924803278,1919.3317973857968,1715.6970984545842,141412,0
2209.502214642476,0.9985465737717941,0.0012445405358544736,1919.331453296283,1715.6983368767276,141413,0
2209.5091589976705,0.9977979831096773,0.0012453501415163925,1919.3316861853014,1715.6956466843696,141414,0
2209.5161033528666,0.9994971696579839,0.0012447442486749514,1919.331533533378,1715.697438007062,141415,0
2209.523047708062,0.9986253747501275,0.0012449581059281079,1919.3306316449537,1715.6966728732284,141416,0
2209.529992063257,0.9980886574258258,0.0012448260056942113,1919.3321327061278,1715.6974587055877,141417,0
2209.536936417987,0.9997390719592794,0.00124536903512897,1919.3324613475795,1715.697882869734,141418,0
2209.543880772716,0.9994736320955104,0.0012451435844317016,1919.331768586237,1715.6981314934915,141419,0
2209.55082512698,0.9983755665177434,0.001244582113475579,1919.3316088855622,1715.6968056157932,141420,0
2209.5577694817102,1.0018452904371662,0.0012459516689819206,1919.331568361754,1715.6975250674996,141421,0
2209.5647138359736,0.9985957936882479,0.0012446505904428005,1919.330929065798,1715.6966465810876,141422,0
2209.571658190237,0.9988508236038472,0.001245018763687245,1919.331840275665,1715.696924615405,141423,0
2209.5786025445013,1.0004875790961907,0.0012452480056158392,1919.332844217333,1715.6971682484032,141424,0
2209.585546898299,1.0001556855307119,0.0012461038243826998,1919.3316578254746,1715.6972084580925,141425,0
2209.5924912520977,1.000949375275754,0.0012450090698775478,1919.3321518506866,1715.6977676252338,141426,0
2209.599435605897,1.0004257940778227,0.0012448979179286999,1919.3324121553453,1715.697844990954,141427,0
2209.6063799596946,1.0005052444060585,0.001244184801343275,1919.3325723815797,1715.6972697546967,141428,0
2209.6133243130266,1.001800915112884,0.0012445298164611843,1919.3318439231632,1715.6961059814805,141429,0
2209.6202686668253,1.002564118678531,0.0012451976301165138,1919.331690635961,1715.6965611657804,141430,0
2209.6272130196917,1.000989902761945,0.001244328697278032,1919.3329821565312,1715.6964207778171,141431,0
2209.634157373024,1.0002887786056107,0.0012441495345670627,1919.3312370020872,1715.6958454509008,141432,0
2209.641101726358,1.0007250921496667,0.0012438387940486512,1919.331849919087,1715.6958727416377,141433,0
2209.6480460792245,0.9992253053364345,0.0012430818584047538,1919.330036963491,1715.695677419788,141434,0
2209.654990432091,1.0002475654221334,0.0012441218138199348,1919.3302096603973,1715.6955893344216,141435,0
2209.6619347844926,0.9996312882239086,0.001245486508039991,1919.3315324323073,1715.695923011828,141436,0
2209.668879137359,1.0024517867474503,0.001244258203906065,1919.332142915101,1715.69642959887,141437,0
2209.6758234897607,1.0013979332416005,0.0012437577399146238,1919.3325043519053,1715.6971531888585,141438,0
2209.6827678421623,0.9979892450434498,0.0012429823752234369,1919.3320258407311,1715.696457712882,141439,0
2209.689712194563,1.0021496180877378,0.0012444293376258045,1919.332024317727,1715.6956442469577,141440,0
2209.696656546498,1.002060472093168,0.0012451419828779205,1919.3315615396625,1715.6974800528599,141441,0
2209.703600898434,0.9987206351156556,0.0012445381738039898,1919.330931448894,1715.6963375794915,141442,0
2209.71054525037,0.9998254630189155,0.0012440308133973977,1919.3305670643254,1715.6951249576487,141443,0
2209.717489602306,1.0021945218946822,0.001246115002907702,1919.3312759003286,1715.6953885860853,141444,0
2209.7244339542417,0.9982666623356963,0.0012448694583352936,1919.3309805532435,1715.6967382463106,141445,0
2209.7313783057116,0.9989849733729717,0.0012440878507789215,1919.332118997397,1715.6964465824535,141446,0
2209.738322657181,0.9996429301183549,0.0012443143617591513,1919.330127138967,1715.6962051378114,141447,0
2209.7452670081852,0.9990463556406833,0.0012437754008877036,1919.332341763031,1715.6946983859382,141448,0
2209.752211359655,0.9998640164197812,0.001244648255555074,1919.3312899668522,1715.6972622887754,141449,0
2209.75915571066,0.999969118708554,0.0012445196078762152,1919.3318233188515,1715.6959621817348,141450,0
2209.7661000616645,0.9964552542293947,0.0012441518901804684,1919.3326633126944,1715.6971162713623,141451,0
2209.7730444126682,0.9997447746945001,0.0012441878776700162,1919.3326054082654,1715.6971778077113,141452,0
2209.7799887632063,1.0006640915867544,0.0012442629200591412,1919.3317674258813,1715.695887903142,141453,0
2209.7869331137454,1.0007416967883525,0.0012442093092586064,1919.3317337191256,1715.6957549554295,141454,0
2209.793877464284,0.9995852285225131,0.0012437083045610288,1919.331750754373,1715.6963777894682,141455,0
2209.800821814823,0.9987279893750666,0.0012433602214591845,1919.3324761311928,1715.6965537402016,141456,0
2209.8077661653615,1.0005953250461928,0.0012443910497682595,1919.3328558174294,1715.69702299998,141457,0
2209.814710515434,1.0010835353035739,0.0012438922939024665,1919.3319482243985,1715.6955266867164,141458,0
2209.821654865507,0.9993218855672201,0.0012440066969866526,1919.332763644862,1715.6967921540056,141459,0
2209.828599215115,1.000342461542819,0.0012432882235980348,1919.3332311476443,1715.696634406938,141460,0
2209.8355435651883,0.99869372917306,0.0012432333677647087,1919.3311171443088,1715.6961238599529,141461,0
2209.842487914795,1.0002875281271981,0.0012436151185922812,1919.3342433675732,1715.6962034881408,141462,0
2209.8494322644024,1.000176337149053,0.0012429874389115376,1919.3307433982845,1715.6951773635515,141463,0
2209.8563766140096,1.0018557196036237,0.0012435451069333365,1919.332749153959,1715.6968053188607,141464,0
2209.8633209631507,1.003129789139773,0.0012443510710540956,1919.3320223262065,1715.6961336600466,141465,0
2209.8702653122928,1.0015516676507275,0.0012436030695175911,1919.3321585301212,1715.6946121043632,141466,0
2209.877209661435,1.0008272414408435,0.0012431747320886322,1919.3332700851306,1715.6956203347142,141467,0
2209.884154010576,1.0016125243087923,0.0012433175384659527,1919.3317452680726,1715.694607918112,141468,0
2209.8910983592523,1.0026364829534595,0.0012436228563778434,1919.3322663525937,1715.6958601364047,141469,0
2209.8980427083934,1.0018824140754008,0.0012442702478922868,1919.3314908896366,1715.695641652029,141470,0
2209.904987057069,0.9990121783898785,0.001243117547403215,1919.3319423357516,1715.6954108215496,141471,0
2209.9119314052805,0.9991090096478881,0.00124277979415025,1919.3315790809781,1715.6947418895234,141472,0
2209.9188757539564,1.0003321410399726,0.0012433951845376115,1919.332558629588,1715.694698655585,141473,0
2209.925820102166,0.9964219827600349,0.0012421652108768882,1919.333216334989,1715.695242132806,141474,0
2209.9327644503765,1.0016573754571703,0.0012441102624381536,1919.3324803602695,1715.696466209346,141475,0
2209.9397087985863,0.9984021505272261,0.0012447312087897839,1919.3330524698786,1715.6946987593408,141476,0
2209.9466531463313,0.9987034518867312,0.0012431242560820713,1919.3320004044988,1715.695036804167,141477,0
2209.9535974940773,0.9981036017990418,0.0012427988216603119,1919.3325768110635,1715.6947730745176,141478,0
2209.9605418418214,0.9977951073056084,0.0012428196769662865,1919.3311968984472,1715.6954576889175,141479,0
2209.9674861895655,0.9984531693563478,0.0012442064253656085,1919.3334033305182,1715.6955898351032,141480,0
2209.974430536845,0.9994959345676246,0.001244441293694742,1919.3323090321724,1715.6961096554548,141481,0
2209.9813748845895,0.9999052627231008,0.001243497909867845,1919.3329659471685,1715.6951651738816,141482,0
2209.988319231403,0.9981927842818962,0.0012434187221378357,1919.3314114353102,1715.6956804697704,141483,0
2209.995263578682,0.9975323303736842,0.001243142420861763,1919.3315967933083,1715.6947215459234,141484,0
2210.0022079259616,0.9996521864377921,0.0012431608022375792,1919.3308962947174,1715.6948857927334,141485,0
2210.0091522727744,1.000249127038167,0.0012432266962424932,1919.3313999711738,1715.6941884811672,141486,0
2210.016096619587,1.0008116383027554,0.0012433804542076395,1919.3326241306952,1715.6951387476274,141487,0
2210.0230409659353,0.9977162760728127,0.0012427654684491007,1919.33151173805,1715.6953867239024,141488,0
2210.029985312749,0.9998027135812163,0.0012436443854781456,1919.3313342650226,1715.6953483570003,141489,0
2210.0369296590966,1.0019512253769858,0.0012435330148647108,1919.3309589632938,1715.6942033814644,141490,0
2210.043874005444,1.001480107653185,0.0012434733825865106,1919.3318345965265,1715.695183484837,141491,0
2210.0508183517913,1.0010149183157244,0.0012442392395255611,1919.3339865540192,1715.695942492913,141492,0
2210.0577626976733,0.9992015636307288,0.001242930152714789,1919.3327502702007,1715.6953909031643,141493,0
2210.0647070435552,1.0021148505947701,0.0012430259907568574,1919.3330014849398,1715.6944804058387,141494,0
2210.0716513894376,1.0017096122588878,0.0012426523690353287,1919.3332915175529,1715.6956454524463,141495,0
2210.07859573532,1.0022678794647315,0.0012435052365841414,1919.3313221830851,1715.6937352457014,141496,0
2210.0855400807363,1.0015204644742493,0.001244090083149176,1919.3328797745883,1715.6944355111107,141497,0
2210.0924844261526,0.9986647950203552,0.0012425796627989765,1919.3308126179907,1715.694604433262,141498,0
2210.0994287715685,1.0004429174713323,0.0012421775180468102,1919.3321224732667,1715.695462354348,141499,0
2210.106373116985,1.0032815615227397,0.0012435258170069153,1919.3332974719854,1715.6954754560097,141500,0
2210.1133174619363,1.0016038127636626,0.0012433010216317936,1919.3315450964203,1715.6933337079904,141501,0
2210.1202618068864,1.0026410170278022,0.0012437404451419959,1919.3319632375078,1715.6945077583327,141502,0
2210.1272061518375,1.001145339655067,0.0012429598271759218,1919.3323334448994,1715.6943101257204,141503,0
2210.1341504967877,0.99934935421482,0.0012426722916884202,1919.3325977233824,1715.6957774660384,141504,0
2210.141094841272,0.9989443528381109,0.0012426862259860623,1919.3323223730804,1715.6943426749972,141505,0
2210.148039186224,0.9984746961075873,0.0012445199311684877,1919.3296611769158,1715.6923855501543,141506,0
2210.154983530709,0.9966491119381945,0.001241856607085841,1919.3323015985839,1715.6942126975023,141507,0
2210.161927874728,0.9990329119145844,0.0012428865567385473,1919.3323813639595,1715.6934121213146,141508,0
2210.1688722192134,0.9997683158817647,0.0012431963636215329,1919.3326416279035,1715.6944765756016,141509,0
2210.1758165632323,0.9999945949494016,0.0012433312351129194,1919.333340840966,1715.6950265973271,141510,0
2210.182760907251,0.9961182852353447,0.0012420391802100458,1919.332753999298,1715.6948382700941,141511,0
2210.1897052508057,0.9989006422356815,0.0012424444843688212,1919.3332127433239,1715.6938019203685,141512,0
2210.1966495948254,0.9987062298415581,0.0012427191540715981,1919.3316025158326,1715.6941332240908,141513,0
2210.2035939383786,0.9978480863679554,0.0012430634571386936,1919.3327695663288,1715.6942821186503,141514,0
2210.2105382819327,0.9977205680482278,0.0012418435691576326,1919.3334319781566,1715.6946519809583,141515,0
2210.2174826250202,1.0006640822908344,0.0012433723315320258,1919.331978322247,1715.6942260499145,141516,0
2210.224426968574,0.9994672313870892,0.001242656302875677,1919.3310328763414,1715.6923020610498,141517,0
2210.2313713116628,1.0001707061251768,0.0012429342525705064,1919.3325442647601,1715.6935243837179,141518,0
2210.2383156547503,0.9986686164820455,0.0012421704461488832,1919.3336804442838,1715.695249282444,141519,0
2210.245259997372,1.001179205730137,0.0012428408630172183,1919.3337334520859,1715.694611621898,141520,0
2210.2522043404606,1.002797689426878,0.0012429354463697592,1919.3343705805103,1715.6952218560843,141521,0
2210.2591486830825,1.0015787275512735,0.001242535281226966,1919.3326452089566,1715.694410055851,141522,0
2210.2660930257052,0.9989150462267753,0.0012418960456941144,1919.332818085565,1715.6932991475333,141523,0
2210.273037367863,0.9969297478732941,0.0012402586982966806,1919.3322507649004,1715.6924927482855,141524,0
2210.279981710019,0.9927589072519498,0.0012388710679667697,1919.3337968052444,1715.6942663406187,141525,0
2210.286926052641,0.9949757576444938,0.0012409972265902344,1919.3334676369532,1715.6942597618759,141526,0
2210.2938703943323,0.9941937098111067,0.0012396822340809287,1919.3331612323732,1715.6941165355263,141527,0
2210.3008147364885,0.9898808486754161,0.0012381330435335036,1919.3340062559682,1715.6935443233106,141528,0
2210.3077590781795,0.9916715516899451,0.0012385374928310447,1919.3340325230508,1715.6942302051234,141529,0
2210.314703419872,0.9928363511113498,0.0012387478830943063,1919.332239393078,1715.6927977377622,141530,0
2210.3216477615624,0.9931335286939449,0.0012392734435835665,1919.333013190815,1715.6957320531774,141531,0
2210.328592103253,0.9914898578486286,0.001238945558711055,1919.3325845819732,1715.6934750143128,141532,0
2210.3355364444787,0.9911177432572114,0.0012385444503958782,1919.3329135421536,1715.6935447216342,141533,0
2210.342480785704,0.9921584711323175,0.0012391624862233253,1919.333644160341,1715.6929702355492,141534,0
2210.34942512693,0.9914153285591828,0.0012392547250645177,1919.3327148189317,1715.6948299687767,141535,0
2210.356369468155,0.9904321636268345,0.001239096792238455,1919.3329825898331,1715.6932243759052,141536,0
2210.3633138089144,0.9900137768285329,0.0012386128935152957,1919.332516014804,1715.6910174697557,141537,0
2210.3702581496736,0.9874095818605021,0.001238056499296947,1919.3328845068108,1715.6939162215294,141538,0
2210.377202490434,0.9905798775320841,0.0012386737872870424,1919.3323091860436,1715.693419498672,141539,0
2210.384146830729,0.9888582229421042,0.00123855871027812,1919.3333476731295,1715.6949016878318,141540,0
2210.391091171489,0.9880091740315475,0.0012379362158567375,1919.331771049925,1715.6926841613588,141541,0
2210.3980355117824,0.9900445295884203,0.0012388494691769466,1919.333292896198,1715.6939690695458,141542,0
2210.404979851611,0.9905316273997842,0.0012391996821717066,1919.3329417412056,1715.6941044990042,141543,0
2210.4119241919047,0.9893502956462484,0.0012386121121396908,1919.3322568202361,1715.6914686291523,141544,0
2210.4188685317326,0.9890055621793217,0.001238705994869686,1919.33190514165,1715.6919880064634,141545,0
2210.425812871562,0.9898530968019013,0.0012393831671347832,1919.3348819812536,1715.6932308677838,141546,0
2210.4327572113907,0.992132240238875,0.0012391385407873395,1919.33162396719,1715.6936295931725,141547,0
2210.4397015512186,0.990616659080348,0.0012390751645145245,1919.3338203266603,1715.6942822279175,141548,0
2210.4466458905817,0.996672880921024,0.001241286802895462,1919.3323280105117,1715.692090846374,141549,0
2210.453590229944,0.9986751837468987,0.0012420330187009178,1919.332668714361,1715.6940208815613,141550,0
2210.460534569306,1.0017963578656315,0.0012432997674461561,1919.331811586606,1715.6928320343811,141551,0
2210.4674789082037,1.0005344456318899,0.0012421191656286988,1919.3328995529316,1715.694630396544,141552,0
2210.474423247101,1.0011275689340877,0.0012425351095025471,1919.3328573893987,1715.6928693290527,141553,0
2210.4813675859978,1.001332852880393,0.0012420458026806947,1919.334683182242,1715.6943093867178,141554,0
2210.4883119248952,1.000690151827371,0.0012419450218579514,1919.332055008345,1715.6921668483794,141555,0
2210.495256263326,1.0037914259316811,0.0012428150594070893,1919.3321512877267,1715.691177475464,141556,0
2210.5022006022236,1.0020921855844735,0.0012424233809397805,1919.3328873205128,1715.6920325623776,141557,0
2210.509144940656,1.0028782186784015,0.0012430048750826021,1919.3324797080777,1715.6916677675506,141558,0
2210.516089278621,1.0018188307224793,0.0012422352057184784,1919.3331212055384,1715.69148645408,141559,0
2210.523033617052,1.0028257441770427,0.0012427834313299673,1919.3337204116162,1715.693132020558,141560,0
2210.5299779550182,1.0008583511590745,0.0012429848551704199,1919.3331370849523,1715.6942804783494,141561,0
2210.5369222929835,0.9988795062563288,0.0012414471923329381,1919.3326433445416,1715.6920801154556,141562,0
2210.543866630949,1.001607228270686,0.0012429736715000035,1919.3346569625003,1715.6935459390231,141563,0
2210.5508109684506,1.0005467484421828,0.0012418314188307837,1919.333468347086,1715.6922866392813,141564,0
2210.55775530595,1.0021938128554972,0.001243125477176789,1919.3335040503944,1715.6922486156427,141565,0
2210.56469964345,0.9994927211967033,0.001241907467290402,1919.3341694248497,1715.6928690026332,141566,0
2210.5716439809503,1.0006117559833703,0.001244407649078528,1919.3334304431007,1715.691399512516,141567,0
2210.578588317984,1.0001177215630133,0.0012421622644826634,1919.3331004322692,1715.693080843492,141568,0
2210.585532655019,0.998660514130141,0.0012426583985415353,1919.3333543838396,1715.6935392565465,141569,0
2210.592476992054,0.9981396139097072,0.001242075666350944,1919.3336442702657,1715.69250766658,141570,0
2210.599421329088,1.0018399158305624,0.001242905138621316,1919.3338538716212,1715.694056618906,141571,0
2210.606365665656,1.000431198054847,0.0012426756721987061,1919.3323718555894,1715.6913048246977,141572,0
2210.613310002691,0.998439933391195,0.0012417507443959089,1919.332928885949,1715.6927580909094,141573,0
2210.6202543387944,0.9983785543587508,0.001241920008965056,1919.3332620920282,1715.6941253160069,141574,0
2210.6271986753636,1.0014141624185366,0.001243157143491919,1919.332247508495,1715.6912390535217,141575,0
2210.6341430114667,1.001168447986566,0.0012427257862393085,1919.3324614539329,1715.6925824038603,141576,0
2210.6410873475697,0.997609875887586,0.0012415609894279485,1919.3329065145685,1715.6917954178653,141577,0
2210.6480316836723,1.000004539542016,0.0012422850629608669,1919.334816093232,1715.6944571039644,141578,0
2210.6549760197754,0.9975771986340859,0.0012411649917058415,1919.3344231287235,1715.69360447168,141579,0
2210.661920355413,0.9992988704557219,0.0012414055121133382,1919.3344882889967,1715.692907942275,141580,0
2210.6688646910507,0.9990202043129869,0.0012413313028391607,1919.332535499806,1715.692308471173,141581,0
2210.6758090266885,1.000417793171686,0.0012409783586753143,1919.3319465391385,1715.6916560315601,141582,0
2210.6827533623255,1.0022933932298213,0.001241753765062555,1919.3343867877325,1715.6915573989904,141583,0
2210.6896976974967,1.0008724830286364,0.001241517457964893,1919.3331175077951,1715.6920995273979,141584,0
2210.696642032669,1.000173236237622,0.0012410093827632533,1919.334380326562,1715.694033896342,141585,0
2210.7035863678416,1.0020332436420278,0.0012413858184999239,1919.3329683013267,1715.6921568652704,141586,0
2210.7105307030133,1.0032574652830775,0.0012420636736324123,1919.3339555081277,1715.6916026917327,141587,0
2210.717475037719,1.0020675389432594,0.0012412853779795554,1919.3330919478642,1715.6915050277557,141588,0
2210.7244193724255,0.9993542479465802,0.001240478985640768,1919.3322930111026,1715.6906414873192,141589,0
2210.731363707131,1.0020456884307685,0.001242127589603759,1919.3349563549068,1715.6911169855316,141590,0
2210.738308041372,1.0020397149038247,0.0012409581661422327,1919.3329927959217,1715.6910552707538,141591,0
2210.7452523756133,1.0017406295114348,0.0012413027981930489,1919.334515128375,1715.6922965985668,141592,0
2210.7521967098533,1.000985432872466,0.0012410535749398082,1919.3325113029669,1715.6917331940078,141593,0
2210.759141044093,1.0014420426185362,0.0012416063651907315,1919.3326290360828,1715.689904738268,141594,0
2210.766085378334,0.9999749120474315,0.0012408221171716178,1919.334250373177,1715.6936948106882,141595,0
2210.7730297121084,1.0006140216756243,0.0012422380511830076,1919.33269671712,1715.6905702180431,141596,0
2210.779974045883,1.0018029713696073,0.0012414725827967713,1919.3332824192983,1715.691602186505,141597,0
2210.7869183796593,1.0000197845899277,0.0012412562401828598,1919.3329468521256,1715.6926014927117,141598,0
2210.793862712968,0.9992976793039476,0.001242240413646727,1919.3327817299694,1715.6897715442735,141599,0
2210.8008070462765,0.9988203235570835,0.0012410462430789066,1919.3322689169618,1715.691514357327,141600,0
2210.807751379586,0.9978374185740104,0.0012403939426626025,1919.334220768032,1715.6920315936477,141601,0
2210.8146957128947,0.9979671066427118,0.0012406848677740839,1919.3339797743463,1715.6929254547338,141602,0
2210.8216400457386,0.9977280997476395,0.0012406711419972022,1919.3328879893697,1715.6910017072316,141603,0
2210.8285843785825,0.9988795765182703,0.0012411926591003118,1919.3322843343049,1715.68986697318,141604,0
2210.8355287114255,0.9980179826632324,0.0012407624119212747,1919.3346190116956,1715.6916338005237,141605,0
2210.842473044269,1.0001722377860436,0.001241855993502344,1919.333048671132,1715.6911772259014,141606,0
2210.8494173766467,1.0022770694242626,0.0012416223547139964,1919.332824043243,1715.6900840664068,141607,0
2210.8563617094896,1.0015795439836057,0.0012412501977378026,1919.3326408809094,1715.6911349844122,141608,0
2210.863306041402,0.9995142820653821,0.0012406265737844194,1919.3340234964262,1715.692341369506,141609,0
2210.870250373781,0.9993583219673363,0.0012406542369274025,1919.3334032385908,1715.6918585862193,141610,0
2210.877194705693,0.9994353905207398,0.0012404902680030997,1919.3330791932456,1715.6905645095474,141611,0
2210.8841390380703,0.9995433577074989,0.001240335841386229,1919.3335414467467,1715.6908733839994,141612,0
2210.8910833695168,0.9987500291376393,0.0012401349645488147,1919.3340976595275,1715.6894237660363,141613,0
2210.898027701429,1.0009253272788858,0.001240699619666002,1919.332568723779,1715.6907876668722,141614,0
2210.904972032876,1.0014348704028957,0.0012401278290138794,1919.333187493721,1715.692045239713,141615,0
2210.9119163643227,1.0003225006816912,0.0012404904805643842,1919.3344315501624,1715.690784327335,141616,0
2210.9188606957687,1.002827123164496,0.0012412346765086637,1919.335084448931,1715.6909426934571,141617,0
2210.9258050272147,1.0031397483028408,0.0012410017775835577,1919.3338000035244,1715.6911668822881,141618,0
2210.932749358196,1.0037600316777402,0.0012406712513591436,1919.3334553699501,1715.6901396112696,141619,0
2210.939693689177,1.0015627363282587,0.0012411836210360254,1919.332891671,1715.6912353650273,141620,0
2210.946638020158,1.0003825031264983,0.001239774958488111,1919.3346177236983,1715.6912699800484,141621,0
2210.953582350673,1.0013716785385205,0.00124018819718974,1919.3327598027402,1715.6901699743603,141622,0
2210.9605266816534,1.0010164168667413,0.001240118790509649,1919.333250402712,1715.6897106731512,141623,0
2210.9674710121685,1.0007702329730066,0.00123948426343959,1919.3329337266516,1715.6898335529704,141624,0
2210.974415342218,0.9991758525953723,0.0012392642614906268,1919.3348513214387,1715.6909936582338,141625,0
2210.9813596727345,0.9982454394517053,0.0012389624483765283,1919.333274447795,1715.689446575172,141626,0
2210.9883040027844,0.9987587965986391,0.0012392233475974873,1919.3343228763247,1715.6909317194009,141627,0
2210.9952483328334,0.9991000414972648,0.0012398956699716565,1919.3340676418243,1715.6898014114918,141628,0
2211.002192662883,0.9983583168852962,0.0012397409023861313,1919.3342551148808,1715.6905745800768,141629,0
2211.009136992466,0.9995806886780059,0.0012413207316692976,1919.3336160073743,1715.6889940988237,141630,0
2211.01608132205,1.0001761919657426,0.0012407025501901718,1919.3328291924895,1715.6901885598068,141631,0
2211.023025651635,1.0001321152079263,0.0012409963984013669,1919.333098423228,1715.6904322371358,141632,0
2211.0299699812185,0.9956561479145197,0.0012387192029661405,1919.3347358003384,1715.6914239500065,141633,0
2211.036914310336,0.9952888505776587,0.0012389065447252013,1919.3338513256876,1715.6904496620496,141634,0
2211.0438586399205,0.9977113289445062,0.0012396853299046799,1919.3340982780014,1715.690535926452,141635,0
2211.0508029685725,0.9978837317422615,0.0012397768305793487,1919.3347482769325,1715.6904849900625,141636,0
2211.057747297691,0.9992909399622943,0.0012404386357366063,1919.3339487320752,1715.6898123636017,141637,0
2211.064691626344,0.9969148537987601,0.0012394518747523395,1919.3328972497707,1715.6916600248496,141638,0
2211.071635954996,1.0017137911803145,0.0012409940139963187,1919.3336538948167,1715.6895885714634,141639,0
2211.0785802836485,0.9971988426107079,0.0012394146811344597,1919.3360708067385,1715.6914882726194,141640,0
2211.085524612301,1.0003397252038324,0.0012400607775304075,1919.3340866763142,1715.6921467168113,141641,0
2211.0924689404874,0.9999135669036081,0.0012400548279768767,1919.3336827872563,1715.6895192786865,141642,0
2211.0994132686747,1.0024877286830878,0.001240766642913413,1919.3344792355217,1715.691348968031,141643,0
2211.1063575968624,1.0008768361336824,0.00124010902648864,1919.3329113936352,1715.6903340831,141644,0
2211.113301925049,1.0015567984243936,0.001240263143135005,1919.3344651436882,1715.6895599031573,141645,0
2211.12024625277,1.0025677884609334,0.0012399284063902972,1919.3343052904531,1715.68927569585,141646,0
2211.127190580491,1.0006929228378054,0.001238985024412522,1919.3350787370841,1715.6906743462803,141647,0
2211.1341349082118,1.000675335264393,0.00123916094009168,1919.3338748636663,1715.6896974325834,141648,0
2211.1410792354673,1.001522679949807,0.0012402883955059956,1919.335472332609,1715.690602805332,141649,0
2211.148023562724,1.002382888372329,0.0012399773700830688,1919.3342310314658,1715.689644720561,141650,0
2211.154967889979,0.9994331197154391,0.0012385208709246066,1919.334606243597,1715.6913481038223,141651,0
2211.161912217234,1.002877241410322,0.001239744174096432,1919.3321244220015,1715.6880116254338,141652,0
2211.1688565440245,1.0012252515354798,0.0012393149318472858,1919.3338075261333,1715.690876594398,141653,0
2211.1758008712804,1.0000891067411681,0.0012385941846480575,1919.3351436428416,1715.6902816811587,141654,0
2211.1827451980703,1.0015509853432354,0.0012409179883444681,1919.3338132420595,1715.68862957268,141655,0
2211.1896895243945,1.0003567067888983,0.0012391977795533952,1919.33399550562,1715.6900675220832,141656,0
2211.196633851184,0.9986270163657732,0.0012389952943398623,1919.3340189178816,1715.6897713408714,141657,0
2211.203578177508,1.0038235611260486,0.0012401328975470828,1919.3336904108771,1715.6898717860797,141658,0
2211.210522503832,1.0012973430978136,0.0012396576528034202,1919.334286805838,1715.6889121286815,141659,0
2211.217466829691,0.9998547276860998,0.0012393298680466467,1919.3343667672095,1715.6903086160492,141660,0
2211.224411156016,0.9999447971823606,0.001239727977479348,1919.3352615190545,1715.6898031960047,141661,0
2211.2313554818747,1.0006115974225993,0.001240093521251648,1919.3336470010745,1715.6887906395061,141662,0
2211.2382998077333,0.9987650467125371,0.00124070285042175,1919.3333028402697,1715.6890261133756,141663,0
2211.2452441331257,0.9984763227020359,0.0012390322022387823,1919.3339243233486,1715.6888237243015,141664,0
2211.252188458518,0.9989425081974713,0.0012389027324871908,1919.33376724499,1715.689470323378,141665,0
2211.259132783912,0.9987749806247841,0.0012391801440055515,1919.3347570515105,1715.6892540985323,141666,0
2211.266077109305,0.9960411180473115,0.0012401303263791827,1919.3348432097748,1715.6913395930767,141667,0
2211.2730214346975,0.9996677120789891,0.0012406192500029711,1919.33619456417,1715.6908894307767,141668,0
2211.279965759625,0.9983289752750335,0.0012385781947428106,1919.3359434915253,1715.6897214858789,141669,0
2211.286910084552,0.998910855464472,0.001239436328290561,1919.334930685938,1715.6918130689955,141670,0
2211.2938544094795,1.000244729398842,0.0012393846498071244,1919.3336993695111,1715.6870161347251,141671,0
2211.3007987339415,0.9967813191670911,0.001238154166407852,1919.3338178621423,1715.6900199868135,141672,0
2211.3077430584026,0.9984283146831893,0.001240454549737362,1919.3358906146493,1715.690417883641,141673,0
2211.314687382864,1.0003035513955727,0.0012390154557141264,1919.3340671361577,1715.6889742095063,141674,0
2211.3216317073257,1.0015871563284728,0.0012396593858155689,1919.3332661146096,1715.6902854905945,141675,0
2211.328576031321,1.0001189540666275,0.0012389120635316326,1919.3343145750323,1715.6894957528384,141676,0
2211.3355203553174,0.9999900597403215,0.001238656939568339,1919.335285271129,1715.6883455001987,141677,0
2211.342464679314,1.0006631839392028,0.0012388559172944605,1919.3332820273156,1715.687615267957,141678,0
2211.34940900331,1.0000652784198611,0.0012378193390277137,1919.3342556402642,1715.6884108607512,141679,0
2211.35635332684,1.0010720620398033,0.0012386221410576003,1919.3330520558725,1715.6897920257065,141680,0
2211.36329765037,1.0029122963740458,0.0012389294508178851,1919.3342173422764,1715.688942494598,141681,0
2211.3702419739,1.0026123606875403,0.0012387298307354735,1919.3345722272848,1715.689094077803,141682,0
2211.3771862974304,1.0024851912979125,0.001239275309287117,1919.3366831146066,1715.6892256388792,141683,0
2211.384130620496,1.0010076855257377,0.0012382473716151113,1919.3335869869866,1715.688223637605,141684,0
2211.39107494356,1.0021789790366689,0.0012387646088899873,1919.3343507270768,1715.6882471181668,141685,0
2211.398019266624,1.002946873682866,0.0012393297272607722,1919.3342912042413,1715.688068690169,141686,0
2211.4049635892234,1.0008991563028302,0.001238413417451112,1919.3345466542137,1715.6897737075185,141687,0
2211.4119079118227,1.001603783539691,0.0012390437428402023,1919.3355202288833,1715.6896931065214,141688,0
2211.4188522344216,1.0004574580498462,0.001238594084821474,1919.3343386768288,1715.6886593757874,141689,0
2211.4257965570205,0.9996592441034808,0.0012383487561303324,1919.3343314661386,1715.6900744450895,141690,0
2211.432740879619,0.999226745382646,0.0012387459356240148,1919.333861223335,1715.6880735443233,141691,0
2211.439685201752,0.9993269964416699,0.0012387714946679284,1919.334789639141,1715.6900877306646,141692,0
2211.4466295238853,0.9974761515492859,0.0012381125757716421,1919.3343886989514,1715.6877295178074,141693,0
2211.4535738455534,0.9984275727822296,0.0012384008212317505,1919.3350792510919,1715.6885394688265,141694,0
2211.460518167687,0.9972729785493416,0.0012386798638338169,1919.334418228899,1715.6903489960052,141695,0
2211.467462489355,0.9990665496512504,0.0012388054109485488,1919.333980333507,1715.6870687191044,141696,0
2211.4744068110226,0.9988341913116622,0.0012392787199329114,1919.3349919554983,1715.6875840838084,141697,0
2211.481351132224,0.9982210695557823,0.0012382484813119139,1919.3346510771241,1715.6883038091614,141698,0
2211.4882954534255,0.9999627096918919,0.001239207651833341,1919.336343373752,1715.689173916472,141699,0
2211.495239775094,0.9995738106916591,0.0012386266370664563,1919.3344784377396,1715.6891864858135,141700,0
2211.5021840958307,0.997210761845703,0.0012374454440122664,1919.3350837419753,1715.6899771068418,141701,0
2211.509128417032,0.9986944457355753,0.0012382619850857487,1919.336609331379,1715.6895679098686,141702,0
2211.516072737769,0.9983380370648937,0.0012379540884611755,1919.3354693030412,1715.6898732607262,141703,0
2211.5230170585046,0.9989650413550166,0.0012380078687578406,1919.3349611056985,1715.6890017068013,141704,0
2211.5299613792404,1.0004489833804133,0.0012380686497074763,1919.3334903511368,1715.6877461308172,141705,0
2211.536905699512,1.0024025485327832,0.0012385614933999051,1919.3349013639975,1715.6886937922436,141706,0
2211.5438500197824,1.0021400419257591,0.0012383166457442317,1919.334051648517,1715.687522970916,141707,0
2211.550794340053,1.001808978132419,0.0012378425626489733,1919.3350925125903,1715.6883550148912,141708,0
2211.5577386603236,0.99921372517757,0.001237366461575135,1919.3366606391965,1715.6901075557073,141709,0
2211.564682980128,1.0011630944382073,0.0012391568256796492,1919.3347304844365,1715.6892906436476,141710,0
2211.5716272999334,1.0007483107171224,0.0012377668432764746,1919.3353270376679,1715.6883718884385,141711,0
2211.5785716197393,1.0018110659816704,0.0012381889276283507,1919.3354634430686,1715.689088982607,141712,0
2211.585515939544,1.004089749014905,0.001239255384217385,1919.3361114449867,1715.687308105755,141713,0
2211.592460258883,1.0017978506966547,0.0012377738883466863,1919.3361245473234,1715.6883676892946,141714,0
2211.599404578222,1.0025484272851959,0.0012382021740621654,1919.3351910029671,1715.6874660282108,141715,0
2211.6063488975615,1.0011938120252757,0.0012380993137546623,1919.3343262759754,1715.6888244140998,141716,0
2211.613293216435,1.000319994569872,0.0012378391976230353,1919.3355198776037,1715.6873405991735,141717,0
2211.6202375357752,1.0008172897590317,0.0012383753994484263,1919.334157378892,1715.6874755175597,141718,0
2211.6271818546484,1.0000334187994273,0.0012374619999746472,1919.3342208813692,1715.6873399931812,141719,0
2211.634126173056,1.000109499510706,0.0012389197600418253,1919.3358358144353,1715.6878157470194,141720,0
2211.64107049193,0.9980555051986936,0.0012377659353832696,1919.3348660141935,1715.6874067217534,141721,0
2211.6480148103374,0.9994844983694967,0.001238398521599394,1919.3355752482764,1715.688662382791,141722,0
2211.6549591287458,1.0004808779340502,0.0012381217955002351,1919.3344961519606,1715.686796081077,141723,0
2211.661903446689,0.9996145052576465,0.0012381376071796204,1919.3344969361929,1715.686020776098,141724,0
2211.6688477650964,0.9979198960855307,0.001237534723069673,1919.3362376399314,1715.6889106170115,141725,0
2211.6757920830382,0.9991650679305287,0.0012379911726823605,1919.3350797950131,1715.6869281808124,141726,0
2211.6827364009805,1.0005709946159913,0.0012388560786279247,1919.3338285395682,1715.6871688239755,141727,0
2211.6896807184585,0.9986056108228683,0.0012381311368478397,1919.3352806000544,1715.6886269960416,141728,0
2211.696625036401,0.9995623459443216,0.0012384820690126662,1919.3343472921567,1715.6856862484024,141729,0
2211.7035693538774,0.9993798170189462,0.0012379128558876067,1919.3349615894213,1715.6866495838963,141730,0
2211.7105136708883,0.9996107776552512,0.0012378642543481421,1919.3357374717903,1715.687075320486,141731,0
2211.7174579883645,0.9992703141766173,0.0012378088350682114,1919.3353673901947,1715.6878895941968,141732,0
2211.724402305375,0.9974239815374741,0.0012371204884089586,1919.3357274363175,1715.6867879226165,141733,0
2211.731346622387,1.0002763726816948,0.0012380744761356004,1919.334572105631,1715.6871764844138,141734,0
2211.738290939398,1.0006821650428686,0.0012377779028799607,1919.3358737078088,1715.6885853966417,141735,0
2211.745235255943,1.0012765999099318,0.0012378989319038116,1919.3347339124455,1715.686898549102,141736,0
2211.752179572489,0.998692015085217,0.001236786097245931,1919.336120507052,1715.688628182373,141737,0
2211.7591238890336,0.9980955726482098,0.00123671871002632,1919.3359909504018,1715.688343826002,141738,0
2211.766068205113,1.001512046740096,0.0012371617288701238,1919.3352316614141,1715.6874810156721,141739,0
2211.773012521659,1.0011543341433338,0.001236839887984695,1919.336244259853,1715.6878450857073,141740,0
2211.7799568377386,1.0008714443067674,0.0012374133014674178,1919.3359419561302,1715.687574447825,141741,0
2211.7869011538182,0.9993569154128352,0.001237215980684752,1919.334965781917,1715.6878378814042,141742,0
2211.793845469432,1.0003636777563474,0.0012364078074721448,1919.336112155243,1715.687441215171,141743,0
2211.8007897850457,1.0026747990489,0.0012378147960989975,1919.336988707508,1715.6874251923,141744,0
2211.80773410066,0.9997498441640333,0.0012367210169924074,1919.3363839551198,1715.687262409332,141745,0
2211.8146784162755,1.0017628304296013,0.0012371027102453418,1919.3354080742113,1715.6858982039735,141746,0
2211.8216227314233,1.0013496313253345,0.0012371205204612541,1919.3359416705882,1715.6865175998628,141747,0
2211.828567047037,1.0000801394979653,0.0012365400618050881,1919.3362930343742,1715.6870450061715,141748,0
2211.8355113617195,1.0001014256495295,0.001236722799465145,1919.3344468066434,1715.6871104285058,141749,0
2211.8424556768678,1.002340990321006,0.0012377333735881727,1919.3353824577127,1715.6882438255593,141750,0
2211.8493999915504,1.0005473425426419,0.001237467369755146,1919.3363087818584,1715.6880307355036,141751,0
2211.856344306234,1.0006202034755782,0.0012384495766491342,1919.3350020416538,1715.6863359377996,141752,0
2211.863288620916,0.9998859701904202,0.0012373305511322473,1919.3365391421003,1715.6875774761731,141753,0
2211.8702329355983,0.9990159656999077,0.001237091974167158,1919.3366689456197,1715.6868258512518,141754,0
2211.8771772498158,0.999727953949898,0.0012370423201626649,1919.3353076584242,1715.6869082478363,141755,0
2211.884121564033,0.9997109802315667,0.0012378554449976862,1919.3348295724006,1715.6864631473723,141756,0
2211.89106587825,0.9998998124349978,0.001237120779175402,1919.3343951300285,1715.687368624318,141757,0
2211.898010192002,0.99862688793361,0.0012382397893510035,1919.3376083476153,1715.6878065660767,141758,0
2211.9049545057533,0.997337953178668,0.001238027206154866,1919.3367371975212,1715.6884475166562,141759,0
2211.911898819504,0.9983911399557228,0.001236638509574739,1919.335470342132,1715.6869621341157,141760,0
2211.918843133255,1.0002074045137939,0.001237761243036152,1919.3352873852386,1715.686412954454,141761,0
2211.925787446541,0.9986967075419845,0.0012366320176449104,1919.336811325379,1715.6862677105003,141762,0
2211.932731759827,0.99895688903236,0.0012384300702101103,1919.3360026830694,1715.686890879243,141763,0
2211.9396760731133,1.0005731026174893,0.0012379287713783175,1919.3362617839105,1715.686836879231,141764,0
2211.9466203859333,1.0005754866432737,0.0012384463145116288,1919.3359649870758,1715.6871393912993,141765,0
2211.9535646992185,0.9992854081904003,0.001236486085126215,1919.3366917212127,1715.6855760133333,141766,0
2211.960509012038,1.0013569800094462,0.0012378139152110193,1919.335630747635,1715.686260627362,141767,0
2211.9674533243933,1.0018926702155277,0.0012371608613130167,1919.337118580828,1715.6862167892793,141768,0
2211.9743976372138,1.00109332782259,0.0012369914185315983,1919.337662300106,1715.6873073133593,141769,0
2211.9813419495676,0.999684580668252,0.0012362322464043623,1919.3373292921308,1715.6866607819595,141770,0
2211.9882862619224,1.0021701090767174,0.0012367728276096316,1919.3354591994107,1715.6870510313986,141771,0
2211.9952305738107,1.0018653705331424,0.0012372430506579378,1919.3375158417057,1715.686728694043,141772,0
2212.0021748861645,0.9994782413393459,0.001236798563526469,1919.3370979300055,1715.687115641988,141773,0
2212.009119198054,1.001000795522016,0.0012365897119054681,1919.3342868609905,1715.6852923576976,141774,0
2212.016063509943,1.0004978783004725,0.0012359979261645493,1919.3368439466253,1715.68582070248,141775,0
2212.023007821366,0.9990882701424242,0.0012358332469175125,1919.3363589627681,1715.6873805136227,141776,0
2212.029952132789,1.0009279822360573,0.0012383438020806424,1919.337902179103,1715.6876375453787,141777,0
2212.0368964442114,1.0016626960850399,0.001236637777784412,1919.3374293191357,1715.6867375609627,141778,0
2212.0438407556344,0.9992121404373423,0.0012360216785836683,1919.3363453899997,1715.6855514601505,141779,0
2212.0507850665927,1.002568123214103,0.001237392960730369,1919.3370565746438,1715.6859308223006,141780,0
2212.0577293775505,1.0005777679177295,0.001236283065385025,1919.336273927296,1715.686310499428,141781,0
2212.0646736885074,0.9995661280637029,0.0012372975985513257,1919.3375987286686,1715.6864946808298,141782,0
2212.0716179994647,0.9999821167563957,0.0012367569454138137,1919.3366938827248,1715.684526517324,141783,0
2212.078562309957,0.9963946213289897,0.001235418370306999,1919.3357923372453,1715.6854310099836,141784,0
2212.0855066204485,0.9994389291875027,0.0012364392732646299,1919.3356999479572,1715.684569218348,141785,0
2212.0924509309407,1.0014411080429335,0.0012372989420162948,1919.33659939157,1715.6864036396485,141786,0
2212.099395240967,0.9988740260543879,0.0012369846914676139,1919.336484648298,1715.6868850147328,141787,0
2212.1063395514584,0.9997476276773485,0.0012374594599087955,1919.3371929545383,1715.685681340267,141788,0
2212.1132838610183,1.000613743293323,0.0012372568150447487,1919.3370774237815,1715.6851993869448,141789,0
2212.120228171045,0.9989219876230063,0.0012370228439519879,1919.3364877095923,1715.6854776609553,141790,0
2212.127172480605,0.9996336377934121,0.0012374185762017386,1919.3374904729824,1715.6861663223385,141791,0
2212.1341167906317,0.9997214402641195,0.0012378737450533467,1919.3366143234098,1715.687195453659,141792,0
2212.1410610997264,1.0005233098123618,0.0012376702772494705,1919.3359574009155,1715.6841425368884,141793,0
2212.1480054092863,0.9986724934981093,0.0012372390466667662,1919.335630403739,1715.684253868747,141794,0
2212.1549497183805,0.9967341232548503,0.0012361035193211006,1919.336024767723,1715.6872781727095,141795,0
2212.1618940274757,0.996607218055712,0.0012358060873831202,1919.3362909436544,1715.6857180853942,141796,0
2212.168838336571,1.001068913148581,0.0012373579432986405,1919.3380738953467,1715.6861274368337,141797,0
2212.1757826452003,1.0016526202837255,0.001238885685059168,1919.3365253778052,1715.6849926254883,141798,0
2212.1827269538294,1.0022226522624,0.001237315799210372,1919.3364767460503,1715.684529708364,141799,0
2212.1896712624584,1.0021835262644627,0.0012368102407645375,1919.3375262189527,1715.6863290892684,141800,0
2212.196615571087,1.0001166218281585,0.001236113370361266,1919.3361914027034,1715.6854460733964,141801,0
2212.2035598792504,1.0002286816474215,0.0012360439380209064,1919.3370909221885,1715.6853703167478,141802,0
2212.210504187414,0.9991482287684688,0.00123574303137517,1919.336710516262,1715.6849300249112,141803,0
2212.2174484955776,1.0020804633190177,0.001236478569055317,1919.336458358153,1715.6855123780385,141804,0
2212.224392803276,1.0020390657267506,0.0012367242204579809,1919.3365891007668,1715.684426920082,141805,0
2212.2313371114387,1.001234928487118,0.0012363915074888685,1919.3374472364105,1715.6867463623742,141806,0
2212.238281419136,1.0031790964805987,0.0012366700570533326,1919.3371214790084,1715.6870788818107,141807,0
2212.2452257263694,1.0026143436570256,0.0012369774729484415,1919.3365169338176,1715.6838149150212,141808,0
2212.2521700340676,1.0013987319974769,0.0012368700935639298,1919.3366932079114,1715.686340291025,141809,0
2212.259114341299,0.9997942106615636,0.001235862906206219,1919.3380652653323,1715.6856237354673,141810,0
2212.266058648065,1.0009203589295017,0.0012372676695374554,1919.337877397335,1715.6851761742878,141811,0
2212.2730029552977,0.999836619762615,0.0012372484989448434,1919.3375556165429,1715.686003953744,141812,0
2212.2799472620636,1.0000959929276414,0.001236365308073394,1919.3370704267452,1715.685270071879,141813,0
2212.2868915688305,1.0012367957116959,0.001237189029975052,1919.338234768962,1715.6848346983877,141814,0
2212.293835875598,0.9980559476822175,0.0012357012911709602,1919.336334690978,1715.685364302097,141815,0
2212.300780181898,0.998370105918409,0.0012359885235283614,1919.3354028410795,1715.6830658667752,141816,0
2212.3077244881983,0.9966020858483117,0.00123576782977319,1919.3364678276957,1715.68579078495,141817,0
2212.3146687944995,0.9992610785115041,0.0012363777322209734,1919.3365720128388,1715.6841478206243,141818,0
2212.3216131008,0.9993437828657327,0.001236141757491505,1919.3378963307766,1715.6856321228126,141819,0
2212.328557406635,0.9989364785689402,0.001236867217133069,1919.337344947588,1715.6854011490243,141820,0
2212.3355017124713,0.9967995562038423,0.0012364196368959575,1919.33848042598,1715.685316457737,141821,0
2212.342446018306,0.9954713303318685,0.0012358924809064706,1919.3360577213787,1715.6844464553594,141822,0
2212.349390323675,0.9978532372235449,0.0012360629534649277,1919.3370944915634,1715.6835301153533,141823,0
2212.3563346295105,0.9969436851694834,0.0012358011655365857,1919.338678799399,1715.6853910239286,141824,0
2212.363278934414,0.9994356385873412,0.0012364952940569162,1919.3376864508896,1715.6866953639346,141825,0
2212.370223239784,1.0013893884625786,0.0012369792331925011,1919.3372408191713,1715.6845237961452,141826,0
2212.377167544688,0.9990795577961303,0.0012375845767348106,1919.3388660564513,1715.685837054191,141827,0
2212.384111849591,1.0003010503345493,0.0012359677388351683,1919.3373656137605,1715.6842705236947,141828,0
2212.3910561544944,0.9981331709604657,0.001235426568570794,1919.3381366541596,1715.6853149671342,141829,0
2212.3980004593986,0.9997026841378199,0.0012359387917720793,1919.336482954766,1715.6839257312904,141830,0
2212.404944763837,1.0015291334058085,0.0012365782307962024,1919.337794447597,1715.6855746933647,141831,0
2212.4118890682757,1.001016883942462,0.0012362031043888866,1919.3374736059563,1715.6850130775715,141832,0
2212.418833372248,1.0026430866222822,0.0012362523417478817,1919.3378850452696,1715.684447777363,141833,0
2212.4257776766867,1.003004520738995,0.0012361876911307801,1919.337649545582,1715.6841767894741,141834,0
2212.4327219806587,0.9996592364339498,0.0012359660614953837,1919.3379106510731,1715.685414144868,141835,0
2212.4396662846307,1.002294346821423,0.0012366442956923333,1919.3384196653374,1715.6846765168953,141836,0
2212.4466105881384,1.0033480837813975,0.00123633582160841,1919.3386104822914,1715.6851984126943,141837,0
2212.4535548916456,1.0024004264239226,0.00123613907562706,1919.3391575352568,1715.6848702040593,141838,0
2212.460499195152,0.9998098473745296,0.0012353857170401199,1919.337377034238,1715.6842412581866,141839,0
2212.467443498659,1.0012834546115825,0.0012358299345034329,1919.3378168701727,1715.6845253112149,141840,0
2212.4743878017,0.9996644430134466,0.0012353471638097105,1919.338488355348,1715.6842112317108,141841,0
2212.4813321047413,1.0016056713859203,0.0012362154814860363,1919.3365331059736,1715.6835623158115,141842,0
2212.488276407783,1.002382986810054,0.001236905207898811,1919.3378739506377,1715.6846486208426,141843,0
2212.4952207108236,1.0006375558572442,0.001236300175663103,1919.337525043662,1715.6827658904722,141844,0
2212.5021650133986,0.9996918501378121,0.0012353245284654716,1919.336842695732,1715.6837347520438,141845,0
2212.5091093159745,0.9999104095090342,0.0012363233436195476,1919.3381205948688,1715.6848312675959,141846,0
2212.516053618084,0.9996157087103642,0.0012371644248594365,1919.3375619491246,1715.6836334191103,141847,0
2212.5229979206597,0.9992035042697042,0.0012360469015717183,1919.3376903178737,1715.6839598208196,141848,0
2212.5299422227704,0.9997229386565962,0.0012360258112717186,1919.3388337163742,1715.6852153718098,141849,0
2212.5368865248797,0.9986200058103338,0.001235934247341636,1919.337335558073,1715.6838613348941,141850,0
2212.5438308265234,1.001396499378583,0.0012370769580175576,1919.3389399967698,1715.6854362698127,141851,0
2212.5507751286336,0.9967712634662386,0.0012353406926576592,1919.3381499036457,1715.684200433883,141852,0
2212.5577194302773,0.997776850264602,0.0012357926210797992,1919.3396154744962,1715.6855548605186,141853,0
2212.5646637314558,0.9986345366238999,0.0012360377203774902,1919.3386527563841,1715.684050330244,141854,0
2212.5716080331013,0.9994489788107419,0.0012357851825531348,1919.338668628009,1715.6855148120517,141855,0
2212.5785523342793,1.000254147098398,0.001236933266886138,1919.338534379413,1715.6831288567278,141856,0
2212.5854966354573,0.9982223383586634,0.0012364349389836957,1919.3381118908778,1715.6850230568525,141857,0
2212.5924409361705,1.0018914565695487,0.001236235063641185,1919.3383343061314,1715.6832588626132,141858,0
2212.5993852368833,0.9977011514621951,0.0012352947368791248,1919.3402909935571,1715.6845621296277,141859,0
2212.6063295375966,0.9980955029307793,0.0012348139131478995,1919.3407009708596,1715.6850065094495,141860,0
2212.6132738383094,1.0007079636814142,0.001235500247100833,1919.3387266245657,1715.6843946310237,141861,0
2212.620218138557,1.0014309718022996,0.001235609285317329,1919.3391724673345,1715.6851794870684,141862,0
2212.6271624388037,0.9998360053609507,0.0012352498817760661,1919.339515073862,1715.6845169680414,141863,0
2212.6341067390504,1.0003998355746844,0.0012351019679294932,1919.3382470167091,1715.6830183883208,141864,0
2212.641051039299,1.0007202460862776,0.0012353284324202944,1919.3387284763112,1715.6843285257876,141865,0
2212.6479953390804,0.9994448297125851,0.001234744091699415,1919.338826392499,1715.68307092956,141866,0
2212.6549396388614,1.0006821680307627,0.0012350872497791051,1919.339358067909,1715.683934359905,141867,0
2212.6618839386433,0.9998880845908444,0.0012347995180940566,1919.3383183496808,1715.6822218577142,141868,0
2212.6688282379587,1.0035822631827866,0.0012357959895074448,1919.338421132206,1715.68384751923,141869,0
2212.675772537274,1.0036116541882252,0.0012362616995592278,1919.3390430749796,1715.6833929603383,141870,0
2212.6827168365908,1.0019319583045105,0.0012360195932853933,1919.3409832689092,1715.6858072673344,141871,0
2212.689661135907,1.0018542294948176,0.0012354454344201975,1919.3386690771156,1715.684382777535,141872,0
2212.6966054347567,0.9995164760228363,0.0012350734437853877,1919.3389135445318,1715.6830285954966,141873,0
2212.7035497336074,0.9998650990867871,0.00123603836879116,1919.3392892390611,1715.6832857446345,141874,0
2212.7104940319914,0.9992273935486117,0.0012355114890368975,1919.3388106021491,1715.6827347333665,141875,0
2212.717438330841,0.9999471496733651,0.0012358628109010224,1919.3379376668154,1715.6847763862477,141876,0
2212.7243826292265,0.9997637744905676,0.0012357847204499735,1919.3389218575437,1715.68415755798,141877,0
2212.731326927611,0.9970546830261959,0.001234921687698649,1919.3400364319361,1715.6849490226555,141878,0
2212.7382712255294,0.9985400513104832,0.001235871237970672,1919.3382466986368,1715.683080517864,141879,0
2212.7452155239143,1.0002776983544899,0.0012363903658581252,1919.3372028390093,1715.681941645841,141880,0
2212.752159821367,1.0019228065967662,0.00123669036853216,1919.3380520917183,1715.684135783405,141881,0
2212.7591041192863,0.9995412535546255,0.0012361019704825542,1919.3390778464232,1715.682483124654,141882,0
2212.7660484167404,0.9993468899402027,0.0012362065056918013,1919.3403266756204,1715.6844519707943,141883,0
2212.7729927146597,0.9982512881096054,0.0012355076363377267,1919.3413942913394,1715.6864162990898,141884,0
2212.779937011647,0.9982376022188153,0.0012358212942206012,1919.3384476502167,1715.6825485113234,141885,0
2212.7868813090995,0.9995141019759323,0.0012363564771148963,1919.339649071691,1715.683013918779,141886,0
2212.793825606087,1.001337602010891,0.0012363043818190327,1919.3390629982075,1715.6830324671428,141887,0
2212.800769903075,0.9980276732550116,0.0012359044229473478,1919.3400811245926,1715.684015536446,141888,0
2212.807714200063,1.000261855663374,0.0012355766057008221,1919.339719806035,1715.6856735735112,141889,0
2212.8146584965853,0.9983343968823534,0.0012345285101885634,1919.3384173420586,1715.6839926703485,141890,0
2212.8216027931066,1.0010959538945028,0.0012359348075450874,1919.3381125890264,1715.6812133968324,141891,0
2212.828547089628,1.0013115514737698,0.0012354829481361154,1919.3382745473718,1715.6833303851834,141892,0
2212.8354913856842,1.0018952046895522,0.0012358215428008262,1919.3395056711095,1715.683361106694,141893,0
2212.8424356822065,1.000617610490467,0.001235244837027721,1919.3391131018363,1715.6828594935482,141894,0
2212.849379977797,1.002542812183444,0.0012355966353107695,1919.3400656580222,1715.6816095436802,141895,0
2212.8563242738537,1.0010004401407313,0.0012361448042957238,1919.3400246081028,1715.6830211343124,141896,0
2212.863268569444,1.0000046307225912,0.0012352017924632972,1919.3399736484607,1715.6836211423984,141897,0
2212.870212865034,1.0013394010607752,0.0012352663927622531,1919.340980935911,1715.683250562129,141898,0
2212.8771571606258,1.0008696826033705,0.0012351906682738314,1919.3409765931065,1715.6847341851912,141899,0
2212.8841014562163,1.0029538227522354,0.0012351640571466851,1919.338435769029,1715.6832451446242,141900,0
2212.8910457513407,1.0009309005364997,0.0012353355958562467,1919.3401386701812,1715.6810607092284,141901,0
2212.897990046466,1.0017596874602206,0.0012350848004818217,1919.3406252912914,1715.6827347020837,141902,0
2212.9049343411248,0.9975968446794269,0.0012340943783143861,1919.339854219371,1715.6835204185961,141903,0
2212.911878636249,0.9974478342487112,0.0012342390036440064,1919.3395451977158,1715.682283949622,141904,0
2212.9188229309093,1.0022543575381906,0.0012358395585690555,1919.340036845349,1715.6838599644339,141905,0
2212.925767225104,0.9987773409887337,0.0012360032813063407,1919.3408149182465,1715.6838906405446,141906,0
2212.932711519763,0.997401379387431,0.0012345698859333152,1919.3389393981915,1715.6841568508369,141907,0
2212.939655813956,1.0013153447872876,0.0012358393392170343,1919.3399758970618,1715.6818530219891,141908,0
2212.9466001081496,1.001040024375964,0.0012357381994511777,1919.3413330693206,1715.683117046621,141909,0
2212.9535444018775,0.9982126129293103,0.0012351657832557657,1919.341351991296,1715.6842527766582,141910,0
2212.960488696071,0.9997694096831174,0.0012357096145560612,1919.341106473078,1715.6834569315542,141911,0
2212.9674329898,1.0003664543851976,0.001236128061094485,1919.3403350506046,1715.6827126780659,141912,0
2212.9743772830616,0.9989024521835925,0.0012358887053340937,1919.339154979578,1715.6825267024528,141913,0
2212.981321576789,0.996249024362237,0.0012349222842869846,1919.339377739942,1715.6818094651612,141914,0
2212.9882658700517,0.9995552470997351,0.0012359257891192215,1919.3398604414226,1715.6833901355417,141915,0
2212.9952101633135,1.0007541524336572,0.001235938198441422,1919.3382453172997,1715.681568405943,141916,0
2213.0021544561105,0.9995981440532098,0.0012358890674162323,1919.3419694732102,1715.6828489455,141917,0
2213.009098748908,0.9973513323323566,0.0012349179357801876,1919.3412831401135,1715.684035909742,141918,0
2213.016043041704,0.9999610218897813,0.0012355221936787703,1919.3395495579925,1715.6827222620177,141919,0
2213.0229873345,1.0009816195871175,0.001236313578410356,1919.339841604811,1715.6828065853897,141920,0
2213.029931626831,0.9993971552952253,0.0012363542516761019,1919.34033519228,1715.6830617273788,141921,0
2213.0368759191624,1.0032956977670535,0.001236531162316227,1919.3412832741578,1715.6837739464888,141922,0
2213.0438202114938,0.9999212807857643,0.0012355299971069076,1919.3401036684247,1715.6816908199648,141923,0
2213.050764503825,1.0014969916253664,0.0012358381777604287,1919.3404524714178,1715.6810545493247,141924,0
2213.05770879569,1.0017110477420426,0.0012355795983824,1919.3419559549423,1715.6839836920083,141925,0
2213.0646530875547,1.0017146464356104,0.001235344020957347,1919.3398063366687,1715.680678846019,141926,0
2213.07159737942,1.0016258659866764,0.0012357615102300552,1919.3403576448295,1715.6832095589796,141927,0
2213.0785416708204,0.9994834357004554,0.0012348716584953655,1919.3406244899106,1715.6827115820884,141928,0
2213.0854859622204,1.0001681595624488,0.0012345631907695776,1919.3422660750348,1715.6830597859873,141929,0
2213.0924302536196,1.0018075233703252,0.001235356354925082,1919.3416111221777,1715.6837134233067,141930,0
2213.099374544554,1.0001362188612708,0.0012350272226991591,1919.3419051750711,1715.6830324513664,141931,0
2213.1063188354874,1.001896113451224,0.0012359041876344888,1919.3411910870295,1715.6815613461247,141932,0
2213.113263126421,1.0005746359381917,0.0012346870977139593,1919.3409936230562,1715.6829797648854,141933,0
2213.1202074173557,1.0005002128821399,0.0012357044398531927,1919.3408115339948,1715.6817162772936,141934,0
2213.127151707824,1.0010743499817596,0.0012358067577851696,1919.340158992797,1715.6815927247587,141935,0
2213.134095998292,0.9995913015615572,0.0012347678965233717,1919.340428309688,1715.6819944733274,141936,0
2213.1410402887605,0.9998006376513178,0.0012354381235994722,1919.3400616805604,1715.6805454059202,141937,0
2213.1479845787626,0.9960600988406412,0.0012342605621705445,1919.3406785082952,1715.6814270319107,141938,0
2213.1549288692313,0.9976950147200838,0.0012350825999713215,1919.340535563001,1715.6824412621208,141939,0
2213.1618731587696,1.000318273420859,0.001235964739964529,1919.341428915175,1715.682060162478,141940,0
2213.1688174487717,1.0000475285058088,0.0012359817835445376,1919.3412159723205,1715.6813275365803,141941,0
2213.175761738308,0.9985210259567789,0.001235531924528386,1919.3413652572913,1715.6823182521814,141942,0
2213.182706027845,0.9972422989138134,0.0012348215711465618,1919.341666376371,1715.682604090889,141943,0
2213.189650317382,0.9982397971394774,0.0012358873850277462,1919.3396412639258,1715.6836646362503,141944,0
2213.196594606919,1.0007036776206524,0.001235944376382361,1919.341271611719,1715.681607865306,141945,0
2213.203538895991,0.9995237955165588,0.0012353167696087222,1919.3429498418311,1715.6823740397267,141946,0
2213.210483185062,0.999792199309085,0.0012359216886301,1919.341094463754,1715.681711278854,141947,0
2213.217427473667,0.9995386511324555,0.0012353826390462694,1919.3404895262881,1715.680748404212,141948,0
2213.224371762273,0.9990793406954547,0.001235404006491143,1919.341616906791,1715.6823563475239,141949,0
2213.2313160508793,1.000687502982073,0.0012367102637526224,1919.3422283768348,1715.6830012894497,141950,0
2213.238260339485,0.9992444083105375,0.0012355823359761532,1919.341738577389,1715.681573099232,141951,0
2213.2452046276253,0.999434139550555,0.0012357594792852275,1919.3413209332566,1715.6800883608375,141952,0
2213.252148916231,1.0016341142639746,0.001235453330632903,1919.3406435470079,1715.6822708669226,141953,0
2213.2590932039047,1.000649977005829,0.0012358126411075162,1919.3411546046889,1715.68032731993,141954,0
2213.2660374920442,1.0015849853961856,0.0012360094495016815,1919.3417886353013,1715.681777015378,141955,0
2213.272981779719,1.0030091565859647,0.0012358344465211327,1919.3418370895288,1715.6814627543895,141956,0
2213.2799260673937,1.0021706363807976,0.0012354793811453762,1919.3424132625332,1715.6827225089287,141957,0
2213.2868703550685,1.0018645450064183,0.0012358691191348796,1919.3406487421553,1715.6809140129742,141958,0
2213.293814642277,0.9987359026709115,0.0012350069370627172,1919.3432361016348,1715.6823179946662,141959,0
2213.3007589299514,1.0000730120750059,0.001235035840979245,1919.3423380612078,1715.6824386618425,141960,0
2213.307703216694,1.0015776468309392,0.0012357391545666702,1919.3446696587375,1715.683532105477,141961,0
2213.314647503903,0.9995266654848189,0.0012349532239402277,1919.342736930602,1715.6813364205073,141962,0
2213.3215917906464,1.0013685242015213,0.0012354531125378773,1919.3426320040257,1715.6819916171496,141963,0
2213.328536077389,1.0017757257054054,0.0012359684807841766,1919.3426954557056,1715.68207599667,141964,0
2213.3354803641323,0.9985355904730948,0.0012352558655386765,1919.3415613296772,1715.6800965413065,141965,0
2213.342424650409,0.9994835064923524,0.0012353544093885054,1919.3420074438604,1715.6821933216427,141966,0
2213.3493689371517,0.9987836692753039,0.001234906530175443,1919.3423829199894,1715.682668519728,141967,0
2213.3563132229647,0.9996180017355165,0.0012359267656832894,1919.3413677490628,1715.6800044768959,141968,0
2213.363257509242,0.9996642938112336,0.0012359969434448117,1919.3423679948066,1715.6816959052728,141969,0
2213.370201795053,0.9985686473187445,0.0012366725190076748,1919.3433133626559,1715.682549058309,141970,0
2213.377146080865,0.9987044023997881,0.0012363937824496985,1919.3411420556556,1715.6814654590412,141971,0
2213.384090366677,0.9987841921434853,0.001236001686779148,1919.3442310242535,1715.6819300436773,141972,0
2213.391034652488,0.9995105892688783,0.0012361263701721717,1919.3441108760535,1715.6811121846597,141973,0
2213.3979789378345,0.9974255844679667,0.0012357902628343195,1919.3433331738347,1715.6805342810928,141974,0
2213.4049232231814,0.9960192304673212,0.0012355102380336353,1919.342612860446,1715.6813577862076,141975,0
2213.4118675080613,0.9993891508734956,0.0012365092475321402,1919.3428645096355,1715.681929696282,141976,0
2213.418811793407,1.0003664023304581,0.0012365354112504894,1919.3431222189909,1715.6817207507993,141977,0
2213.4257560782876,0.9990405120486621,0.0012368011093756102,1919.3435429405044,1715.6813641056615,141978,0
2213.4327003627022,0.9995484320334668,0.0012364714300573116,1919.3438800217662,1715.6810294552254,141979,0
2213.439644647583,0.9990339704735229,0.0012367228746249712,1919.3441994571601,1715.681462727368,141980,0
2213.446588931998,0.9976342991826651,0.0012361165459950074,1919.3428724482437,1715.6812729292656,141981,0
2213.4535332164123,0.9984945932750406,0.0012362517898903374,1919.3458196201707,1715.6817741306447,141982,0
2213.4604775008265,0.9985051893800725,0.0012373416277848652,1919.344310839193,1715.6829965780832,141983,0
2213.467421784776,0.9982589616241018,0.0012361482448524311,1919.342775372519,1715.68106572935,141984,0
2213.4743660691906,0.9966050823628356,0.0012352183194765175,1919.3427556733689,1715.6810462774315,141985,0
2213.4813103526744,0.993274724902715,0.0012338742322825864,1919.343145719871,1715.680103982268,141986,0
2213.4882546366234,0.9919467685338105,0.0012333650769565747,1919.3440744984473,1715.6816209879667,141987,0
2213.4951989201063,0.9939387877704184,0.0012348620301155288,1919.3434191544945,1715.681585436451,141988,0
2213.502143203589,0.9913743655155232,0.0012342802348908944,1919.3441401033494,1715.6833537496789,141989,0
2213.509087487073,0.9932554810340908,0.0012339189207511052,1919.3437033591385,1715.6815317920893,141990,0
2213.5160317705577,0.991419658028609,0.0012336551818306874,1919.3441647289596,1715.6808548074764,141991,0
2213.5229760535753,0.9926045155272112,0.0012338947202711233,1919.345259570575,1715.6819162877457,141992,0
2213.5299203365926,0.994254042138887,0.0012345459526634513,1919.3454242720213,1715.6827512787117,141993,0
2213.5368646196107,0.9927900799280642,0.0012357907480851432,1919.3439435893288,1715.6809515065027,141994,0
2213.5438089021623,0.9910619980956616,0.0012336087345043347,1919.3439824980082,1715.6816609444338,141995,0
2213.5507531847143,0.992438862306266,0.0012344370410871843,1919.3447244580734,1715.6824110952434,141996,0
2213.5576974672676,0.9910947969932082,0.0012337963345432665,1919.345645897587,1715.6827938569825,141997,0
2213.564641749819,0.9911722870268544,0.0012348693508478783,1919.3434041014063,1715.681330790898,141998,0
2213.5715860323708,0.9904255490256624,0.001234144638606063,1919.344382052161,1715.6806855904806,141999,0
2213.5785303144576,0.9912173711671936,0.0012351444764836692,1919.3463047045109,1715.6820173462547,142000,0
2213.5854745965435,0.9863779011736696,0.0012332485235203997,1919.3447572348657,1715.6798912857537,142001,0
2213.5924188781646,0.9912876578119227,0.001235531367105786,1919.3455567008868,1715.6820242885597,142002,0
2213.5993631602514,0.9892318618851286,0.0012360853226196689,1919.3454299960129,1715.681225645041,142003,0
2213.6063074418716,0.9891586683952085,0.0012347168226262575,1919.3447994955604,1715.6810985821612,142004,0
2213.613251723492,0.9905060845009345,0.001235676592202194,1919.3446870327798,1715.6796805248857,142005,0
2213.6201960046474,0.9906813692230476,0.0012361849515047012,1919.3444280257997,1715.6811241559674,142006,0
2213.6271402862676,0.9915825487196204,0.0012361446935327466,1919.3441228945705,1715.6818356562767,142007,0
2213.634084567423,0.9912031342414246,0.0012361948516080824,1919.3442877460939,1715.6792835895667,142008,0
2213.641028848579,0.9914459864628101,0.0012366009649553528,1919.3443412976055,1715.6811390356024,142009,0
2213.647973129268,0.9934149680843957,0.001238058441291217,1919.3439818411114,1715.680799349626,142010,0
2213.6549174104225,0.995346182998508,0.0012384888141635426,1919.3452111434174,1715.6815789184586,142011,0
2213.6618616911123,1.0005564104033828,0.0012399139693412737,1919.3460758975973,1715.6818766289746,142012,0
2213.6688059718017,1.0002134247924381,0.001240708057932611,1919.3459723885,1715.6805603534483,142013,0
2213.6757502524915,1.0014653646727214,0.0012403387489539409,1919.3450635716588,1715.6795788296367,142014,0
2213.6826945327157,1.0005797432684767,0.0012402748321220477,1919.345858082446,1715.6808330901524,142015,0
2213.68963881294,1.0022420105238157,0.0012425343227837997,1919.3439932494828,1715.6791809910699,142016,0
2213.696583093163,1.0034642776220006,0.0012409623386364413,1919.3468651461683,1715.6813869535697,142017,0
2213.7035273733864,1.0014413969384641,0.0012407686628140239,1919.3437612067414,1715.6802002100435,142018,0
2213.7104716536105,1.0027979565080591,0.0012405687909627372,1919.3462954451438,1715.681473180076,142019,0
2213.717415933369,1.0034988065903028,0.0012410812126778263,1919.346745141181,1715.6824298414133,142020,0
2213.7243602131266,1.0017957866908471,0.0012418900162677494,1919.3462936450994,1715.680483704312,142021,0
2213.731304492885,1.002462895167583,0.0012409024275668718,1919.3468572182323,1715.6816067746051,142022,0
2213.7382487726427,1.0004300037206366,0.0012410989054273845,1919.347437849535,1715.682246840011,142023,0
2213.7451930519346,1.0028875915235804,0.0012415943025919267,1919.347508489033,1715.6809609166037,142024,0
2213.7521373312284,1.001526818811989,0.0012426165561390606,1919.3471451033186,1715.681097429447,142025,0
2213.7590816105208,1.0029985685088456,0.0012429074473674741,1919.3471248526546,1715.6813348234991,142026,0
2213.7660258898127,1.004046642164172,0.0012430471448301368,1919.3467570122423,1715.6827255465591,142027,0
2213.7729701691055,1.0006095431653883,0.0012425684812421552,1919.3466098338079,1715.6813384190777,142028,0
2213.779914447932,0.9989754271574856,0.0012425716330202406,1919.3457602571536,1715.6813144921625,142029,0
2213.786858726758,0.9991880204862404,0.001243586607234094,1919.3487211867096,1715.6832424054385,142030,0
2213.7938030055857,1.002146940660846,0.00124791064342714,1919.3485699782304,1715.6816301204105,142031,0
2213.800747284414,1.000109709389016,0.0012582855851934077,1919.3467880588537,1715.6803051311297,142032,0
2213.80769156324,0.999353139496723,0.0012723187246145543,1919.346487061646,1715.6803443699228,142033,0
2213.8146358416006,1.000147293224315,0.0012882682467820611,1919.3465362331845,1715.6805676233485,142034,0
2213.8215801199617,0.9983582610199442,0.0012971979457906486,1919.348162295775,1715.6813543297803,142035,0
2213.828524398323,0.9992513195772703,0.0013045798167483794,1919.3473633106141,1715.680376447098,142036,0
2213.8354686766843,1.0002751407305397,0.0013104971275988723,1919.3461870081878,1715.6804623460475,142037,0
2213.842412955046,0.9989735531712379,0.0013137247516991414,1919.348457476832,1715.6815229607953,142038,32768
2213.8493572329407,1.0001323013343342,0.0013133191890286955,1919.3465355983221,1715.6816223365329,142039,32768
2213.8563015108357,0.999814764775714,0.0013108537868738595,1919.3487906358093,1715.682278757846,142040,32768
2213.863245789197,1.001289175511183,0.0013125735393357777,1919.3466342376707,1715.6810847010722,142041,32768
2215.44654819529,1.00226226220922,0.0012346462161219752,1919.3615874482487,1715.692486304201,142269,0
2215.4534925341877,1.0042762854059153,0.0012354906903791903,1919.36186966569,1715.6911363760366,142270,0
2215.4604368726195,1.0035565984125911,0.001234479584881134,1919.3605448460542,1715.6938405969163,142271,0
2215.4673812110505,1.0005696126092198,0.0012332422608820745,1919.360775595155,1715.691613712472,142272,0
2215.4743255494823,1.0001028343981744,0.001233834619390867,1919.3587460681179,1715.692399678419,142273,0
2215.481269887913,1.002044049576754,0.0012335693115345253,1919.3587033186566,1715.6919821051818,142274,0
2215.4882142258784,0.9988423564284163,0.001232905781985537,1919.3588980235183,1715.691946605409,142275,0
2215.4951585638446,0.9977610743102578,0.001232792054460228,1919.3589256679343,1715.6913892731216,142276,0
2215.5021029018108,0.9983447169543115,0.0012325241078400358,1919.357550121986,1715.6915732688376,142277,0
2215.5090472393103,0.9988763666648435,0.0012329482639248117,1919.3565514158051,1715.6910866323599,142278,0
2215.5159915772765,1.00161019986138,0.0012342135847197174,1919.3572541913122,1715.690033427548,142279,0
2215.5229359143104,1.0005999720618421,0.0012335610504279574,1919.3570239283144,1715.6906065311882,142280,0
2215.52988025181,0.9981527427960889,0.0012348759647598784,1919.3569741232395,1715.6905911170084,142281,0
2215.536824588846,0.9971494493829096,0.0012323124545996428,1919.3558973486536,1715.6906096994771,142282,0
2215.5437689258806,0.998989233394793,0.0012334847491925003,1919.35580633967,1715.6901809408823,142283,0
2215.5507132629145,0.9973379153221926,0.0012328892716138564,1919.3548869478623,1715.6896179229043,142284,0
2215.5576575994833,0.9987043994446634,0.0012325947741280072,1919.356634309455,1715.68981107886,142285,0
2215.564601936052,0.9980645105943947,0.0012324127547807086,1919.3561871434283,1715.6893705856394,142286,0
2215.571546272621,0.9966341336287116,0.001231813640739177,1919.3541837156217,1715.689071432087,142287,0
2215.5784906087247,0.9993738968706791,0.0012333169224499126,1919.3556604190933,1715.6904142661353,142288,0
2215.585434944828,0.9993876482200557,0.0012327980235588263,1919.3550566523895,1715.6893828680256,142289,0
2215.592379280931,0.9991623791783286,0.0012330279066617986,1919.3545463611558,1715.6886501519543,142290,0
2215.5993236165677,0.9993363090771569,0.0012323063055179944,1919.354585870057,1715.688003490898,142291,0
2215.606267952205,0.9988668149193367,0.0012324881763539363,1919.3544469497128,1715.6881030846948,142292,0
2215.613212287843,1.0009196617240064,0.0012325144189260747,1919.3553694450832,1715.6888567593903,142293,0
2215.6201566230147,0.9999545303229592,0.001233057744846646,1919.3524529145516,1715.6873317753793,142294,0
2215.627100958187,0.9992418525978637,0.0012319270737545026,1919.3544449262001,1715.6879816218295,142295,0
2215.634045293358,1.0004938035742645,0.001231948715185011,1919.3529306115315,1715.686154421102,142296,0
2215.6409896285295,1.0022318113639612,0.001233016617421234,1919.352907651589,1715.6880387938872,142297,0
2215.647933963236,1.0029205416209421,0.0012326703808979225,1919.3536290249303,1715.6885715797016,142298,0
2215.6548782974774,1.001320529501187,0.0012327836632922075,1919.3538899083628,1715.6881853041093,142299,0
2215.6618226321834,1.0029916919528319,0.0012321532480820342,1919.351911084312,1715.6857629898668,142300,0
2215.668766966424,0.9995864678194541,0.0012319776464991797,1919.352071972771,1715.6874563307426,142301,0
2215.6757113006643,1.0009481082125729,0.0012317395022102596,1919.3515248801366,1715.6879211694854,142302,0
2215.6826556344386,1.0034815504081898,0.0012337022351964517,1919.3528867464354,1715.68685048056,142303,0
2215.6895999682138,1.0000154534562042,0.0012316191616580621,1919.353282336628,1715.6864809060219,142304,0
2215.6965443019894,1.002732855771799,0.00123234634026835,1919.3548901184563,1715.6876938614844,142305,0
2215.7034886352985,1.0016690702471007,0.0012324741049771876,1919.3507970973428,1715.686843663227,142306,0
2215.710432968607,1.0000539876788945,0.001231765303218689,1919.351872794099,1715.6870823896304,142307,0
2215.7173773019163,1.000947209508592,0.001232216401698643,1919.352297803385,1715.6857619600746,142308,0
2215.7243216347597,1.0001768892426193,0.0012322130619418549,1919.352359095392,1715.6865236822816,142309,0
2215.731265967603,1.00049466986313,0.0012320383155112555,1919.352567736878,1715.685912100948,142310,0
2215.7382103004475,1.0006116430316427,0.0012315876187698994,1919.3482302092395,1715.686822819399,142311,0
2215.745154632825,0.9993397694369317,0.0012317750678245871,1919.3514729019294,1715.6858611616035,142312,0
2215.752098965202,0.998279514845433,0.0012330481746468491,1919.3508304143497,1715.6866807525819,142313,0
2215.7590432975803,1.0000731487236645,0.0012328245899687795,1919.3502307501867,1715.686200270977,142314,0
2215.765987629493,0.9995528353628508,0.0012319364239359051,1919.3493505544761,1715.685519651774,142315,0
2215.772931961405,0.9970031934332784,0.0012316108830208647,1919.351880296541,1715.685956928214,142316,0
2215.779876292852,0.9979951909796638,0.0012313232775463348,1919.3506882937022,1715.6868797520897,142317,0
2215.7868206242983,0.9987926548342648,0.0012316060841334646,1919.348995199413,1715.6861267248182,142318,0
2215.7937649557443,0.9979330336062218,0.0012314550475889354,1919.3497791963293,1715.6869133944292,142319,0
2215.8007092871903,0.9984489235887082,0.0012323225180242575,1919.349845204428,1715.6867408167998,142320,0
2215.8076536181716,0.9989869115995462,0.0012320536619087527,1919.3502165186019,1715.6865017882467,142321,0
2215.814597949153,0.9983774951490637,0.0012310637221854119,1919.3490371234093,1715.6859706004398,142322,0
2215.8215422796684,1.001298486531038,0.0012318038405484087,1919.3493011154728,1715.6850744157505,142323,0
2215.8284866101835,0.9998305346617687,0.0012316989741649328,1919.3493240352045,1715.6851452165618,142324,0
2215.835430940698,1.0011407681532865,0.001230972459398911,1919.3485564327061,1715.6841653307551,142325,0
2215.842375270747,1.0002085647110317,0.0012315100594987637,1919.348601056667,1715.6855789133701,142326,0
2215.8493196007976,1.0006384708558305,0.0012308688762706955,1919.3495395834507,1715.6853663029813,142327,0
2215.8562639308475,1.000111584446865,0.0012304972526522033,1919.3476845489035,1715.6860370582062,142328,0
2215.863208260431,1.0033457190879778,0.0012320212011369149,1919.346785718587,1715.6847400381587,142329,0
2215.870152590015,1.000554530207252,0.0012311023077356468,1919.3474701015982,1715.68403540498,142330,0
2215.8770969195994,1.003153983128968,0.0012315323952458877,1919.3481349322558,1715.6841640263729,142331,0
2215.884041248717,1.0030709853041746,0.0012315373264134373,1919.3481562346774,1715.6851486311666,142332,0
2215.890985577835,1.0006338647094775,0.001231388207029399,1919.3482123111696,1715.682218277872,142333,0
2215.8979299064886,1.0013761856426215,0.0012319093279635927,1919.3481448617665,1715.6835380118846,142334,0
2215.9048742356063,1.0003182891218734,0.0012309813906140814,1919.3476822494822,1715.6853694688627,142335,0
2215.9118185637926,1.000525009693063,0.001231340701205005,1919.3470749188293,1715.6844034656463,142336,0
2215.9187628924456,0.9988397147149551,0.001230561104673953,1919.3466853063387,1715.683475562669,142337,0
2215.925707220632,0.99998216867066,0.0012305904259207912,1919.346035054108,1715.684284899316,142338,0
2215.932651548819,1.0008706094091522,0.001232692147327342,1919.3463557476223,1715.6842352290007,142339,0
2215.9395958765413,0.9990089692284237,0.0012311432012051652,1919.3482494998311,1715.6833659455854,142340,0
2215.946540204262,0.9993135927210618,0.0012328986842546302,1919.3466414151765,1715.684097891475,142341,0
2215.9534845319827,1.0007106556227685,0.0012314302498268644,1919.3468806835715,1715.6854351545203,142342,0
2215.9604288592386,1.000417593396127,0.0012321741081802505,1919.3452311286449,1715.6831838894273,142343,0
2215.967373186494,1.0006897421645942,0.0012325240480424583,1919.3466485652443,1715.683950978361,142344,0
2215.97431751375,0.9993272459460831,0.001231721698667393,1919.3441062673219,1715.6834475798125,142345,0
2215.9812618405404,1.0010501941569099,0.0012322670108595897,1919.3457201295203,1715.6839365540984,142346,0
2215.98820616733,0.9978123129900781,0.0012312186378309134,1919.3452391809396,1715.6838473419273,142347,0
2215.99515049412,0.9994337978678777,0.0012318758097311863,1919.3443675723909,1715.6827618450613,142348,0
2216.0020948204437,0.9966309006810934,0.0012311315068917932,1919.3461301287764,1715.6842633558995,142349,0
2216.0090391467684,0.9968681786192546,0.001231511361889135,1919.3444804979215,1715.6841162002227,142350,0
2216.0159834726273,0.9985434955820632,0.0012317916929602813,1919.3472678794717,1715.6839436192445,142351,0
2216.0229277984854,0.9991158831755699,0.0012317574571695082,1919.345039774141,1715.6835478278242,142352,0
2216.0298721243444,0.9985531035566624,0.0012312648228484304,1919.3445028763722,1715.68266656292,142353,0
2216.0368164497368,0.9985560849250443,0.0012312389796693146,1919.344392687333,1715.6832302992857,142354,0
2216.043760775595,0.9995722784874183,0.001231210475879727,1919.3447054794692,1715.6844063187978,142355,0
2216.0507051005234,1.0011704908577628,0.0012325224922764572,1919.3464213412667,1715.68319321246,142356,0
2216.057649425916,0.9991224676955389,0.0012319563730515898,1919.3437294915527,1715.6823300783049,142357,0
2216.064593750843,1.00214417876624,0.0012312778549348241,1919.3425060856694,1715.6816117782946,142358,0
2216.071538075305,0.9998383007960777,0.0012303451924226127,1919.3442728216328,1715.6838270714227,142359,0
2216.0784824002317,1.003786800202492,0.0012337628441296846,1919.345354274181,1715.6833415638082,142360,0
2216.085426724693,1.0005985304275076,0.0012303086575204678,1919.3446461609983,1715.6824407468926,142361,0
2216.0923710486904,1.0045280187744186,0.0012323483545478096,1919.3439388240445,1715.682429448276,142362,0
2216.0993153726863,1.001572744842158,0.0012309824796262342,1919.343594014096,1715.6822481114007,142363,0
2216.106259696682,1.0024172379982361,0.0012315956816072089,1919.3432956865079,1715.6808362740042,142364,0
2216.1132040206776,1.0010770543530974,0.0012317974663421615,1919.3443629764502,1715.6833913328448,142365,0
2216.120148344208,1.0009844281485842,0.0012315885730140711,1919.3428732938487,1715.6807604860157,142366,0
2216.127092667738,1.0005712092024315,0.001231984895713791,1919.3431589334823,1715.6818275716819,142367,0
2216.134036990803,0.9996409060569558,0.0012318875155450802,1919.3411108738037,1715.6820664730676,142368,0
2216.1409813143337,0.9998508660688371,0.0012317396325838804,1919.3414370084383,1715.680588703552,142369,0
2216.147925636932,1.0015544934985743,0.001231879657653329,1919.3435931669176,1715.6812022943272,142370,0
2216.154869959996,1.0012366467799172,0.001231643111762674,1919.3440283538548,1715.6823035407724,142371,0
2216.1618142825955,0.9996213023896985,0.0012313536329464118,1919.340953700352,1715.6811390806147,142372,0
2216.168758605195,0.998188724097629,0.0012314494541232125,1919.3425765900517,1715.6817421293406,142373,0
2216.175702927328,0.998554192615454,0.0012313630496593722,1919.3432881246215,1715.6826537148406,142374,0
2216.1826472494613,0.9996724613475892,0.0012318135652052695,1919.3410110377165,1715.681234967933,142375,0
2216.189591571594,0.9982846045375212,0.0012309017694129914,1919.341970034121,1715.6804618373749,142376,0
2216.1965358932616,0.9997910007770715,0.001231565727658206,1919.3423597673118,1715.6826096169182,142377,0
2216.203480214929,0.9989733108776224,0.0012315697732741882,1919.3427266917583,1715.6818739651312,142378,0
2216.210424536598,0.9976010750862563,0.0012309143398416653,1919.340112015693,1715.6815870439116,142379,0
2216.2173688578005,0.9973057998717129,0.0012304247948184098,1919.3412097033574,1715.6820400426661,142380,0
2216.224313179002,0.9988828539938731,0.0012311444927845295,1919.3415387319544,1715.6791116648112,142381,0
2216.231257500204,0.997664271133848,0.0012304488162829584,1919.342081390269,1715.6810840275318,142382,0
2216.2382018209396,1.0004326720009369,0.001231623789438793,1919.3421533524609,1715.6818086175801,142383,0
2216.245146141676,1.0003584452610814,0.0012314382558063874,1919.3407716677766,1715.6803269946997,142384,0
2216.2520904624134,0.9984231186971326,0.001231294573106044,1919.3401586572124,1715.6814722425706,142385,0
2216.2590347826836,1.0019754806898764,0.001231703741178572,1919.3413052554547,1715.6796631207003,142386,0
2216.2659791029537,1.0002548165632439,0.001230812829880698,1919.3423688954051,1715.681203059314,142387,0
2216.272923422759,1.0015086454491209,0.0012313096396215134,1919.340623089704,1715.679400169264,142388,0
2216.2798677425635,1.0019638540636542,0.0012313159968471365,1919.3402423126356,1715.6794264429082,142389,0
2216.286812062369,1.0006631220768325,0.001230489700414788,1919.3400042048784,1715.680800405362,142390,0
2216.2937563821743,1.00170092334049,0.0012308578457574252,1919.3408884475373,1715.6809688898272,142391,0
2216.300700701513,1.0014478155110087,0.0012311774491892778,1919.3403778080603,1715.6818128071168,142392,0
2216.3076450208523,1.0029251527993497,0.0012312228877729083,1919.3394476586898,1715.679107782528,142393,0
2216.314589339726,1.0011710391242088,0.0012305384662546063,1919.33996996052,1715.6800483622353,142394,0
2216.3215336586,1.001066166763259,0.0012307341248588713,1919.3406169873588,1715.6802396718438,142395,0
2216.328477977474,1.0013598852224155,0.0012307555359519946,1919.339795851876,1715.680191123367,142396,0
2216.3354222963476,1.0017958733006025,0.0012309689698551513,1919.34110372424,1715.6798523500613,142397,0
2216.342366614756,1.000034141990728,0.001230549326083504,1919.338752455596,1715.678694014808,142398,0
2216.3493109331635,0.9990073772381942,0.0012294782048612955,1919.3386855937094,1715.6806551516947,142399,0
2216.3562552511053,1.0000973062267215,0.0012318163338599312,1919.339107854909,1715.680932298246,142400,0
2216.3631995690484,1.000612708392978,0.001231073650531857,1919.3385270778685,1715.6772745192327,142401,0
2216.370143886991,0.9978097651375959,0.0012304073460716533,1919.3384094416856,1715.6783196368522,142402,0
2216.3770882044673,0.99827192573977,0.0012302377260161217,1919.3393804912212,1715.6792905156633,142403,0
2216.3840325219444,1.0000484264580958,0.0012303792743957357,1919.3399064344587,1715.6790150113504,142404,0
2216.3909768394205,0.9991944387632338,0.0012307242965616239,1919.3397710651452,1715.6800867209324,142405,0
2216.397921156431,0.9997112773675789,0.0012312160450564608,1919.339003798551,1715.6790097246324,142406,0
2216.4048654739086,0.9989843610630372,0.0012308724274989365,1919.339612431519,1715.6790538170337,142407,0
2216.411809790454,1.0001137738398274,0.0012309681258167084,1919.338859497916,1715.6780362148784,142408,0
2216.4187541074643,1.0005110418720669,0.0012311464076496651,1919.3386075626333,1715.6786701043045,142409,0
2216.42569842401,0.9977327025488291,0.0012310254994644279,1919.3392509994594,1715.6792240708487,142410,0
2216.43264274009,1.0002738431975058,0.0012309253029479856,1919.337398695957,1715.677994149216,142411,0
2216.439587056635,0.9986687933900152,0.0012312543134906256,1919.3384017403364,1715.6791577948088,142412,0
2216.446531372715,0.9974970942811389,0.0012296111056837723,1919.3384423101313,1715.678550233261,142413,0
2216.4534756887956,0.998338711770711,0.0012301395812570571,1919.3389813820881,1715.6790311952786,142414,0
2216.460420004409,0.9993979874353517,0.0012302480600654723,1919.337559095212,1715.6775674204932,142415,0
2216.4673643200226,0.9996936246627464,0.0012296799999647902,1919.3374551774436,1715.679040926547,142416,0
2216.4743086356366,0.9980846518064151,0.0012292136656416037,1919.3400516689508,1715.6799514920733,142417,0
2216.4812529507853,1.0017497133352702,0.0012303179001484932,1919.3393140610503,1715.6788978342931,142418,0
2216.488197265934,1.0003296717813983,0.0012297249298748119,1919.3375758273812,1715.6785437963183,142419,0
2216.495141581083,1.0012221098619154,0.0012301672018756636,1919.3387316276255,1715.6785696603245,142420,0
2216.502085895765,0.9998139011574734,0.0012293629114246082,1919.3372298697284,1715.6781414280204,142421,0
2216.5090302104472,1.0022456584738337,0.0012305207561663827,1919.3397689611152,1715.6789601755765,142422,0
2216.51597452513,0.9981501941661292,0.0012288252670793007,1919.3382876073013,1715.6786566999074,142423,0
2216.5229188393473,1.0040388776650127,0.0012309533075957303,1919.3378744594247,1715.677518231038,142424,0
2216.5298631535643,0.9980012800461634,0.0012285772710220835,1919.3374598573164,1715.6774413881847,142425,0
2216.5368074677817,0.9999403047780422,0.0012293193906521545,1919.338614254759,1715.6779989961708,142426,0
2216.5437517815335,1.0029282730415556,0.001230212616616057,1919.3384433600893,1715.6779104641996,142427,0
2216.55069609575,1.0005051799000941,0.0012303883663432097,1919.337934404827,1715.6776574335802,142428,0
2216.5576404090352,1.0005046512202154,0.001230023221854374,1919.3389716788047,1715.679699062895,142429,0
2216.5645847227875,1.0005184988673668,0.0012300094320225141,1919.3375847559103,1715.6762700436275,142430,0
2216.571529036073,1.0004372767901388,0.0012304745450315245,1919.3382244039703,1715.6788355828132,142431,0
2216.578473348893,0.9983690862436198,0.0012303718742437126,1919.3365156837492,1715.6783468398608,142432,0
2216.5854176621788,0.9994428731454532,0.0012297493347175027,1919.3372750538506,1715.6776859595661,142433,0
2216.5923619749983,1.0004650952645053,0.0012301541200628611,1919.336937993024,1715.6773037524715,142434,0
2216.5993062878183,1.000354702975234,0.0012305873925548953,1919.336113854635,1715.675462176895,142435,0
2216.6062506001736,0.9974731863278352,0.0012297528330474795,1919.3382857186275,1715.67729410716,142436,0
2216.6131949125283,0.9982426747721672,0.0012299242375291544,1919.3363363120088,1715.6757858471897,142437,0
2216.620139224882,0.9971652998022068,0.001229943750316327,1919.335900068911,1715.6780612277412,142438,0
2216.627083536771,1.000250042499499,0.0012305377683689044,1919.3363153609705,1715.6770465969744,142439,0
2216.6340278491252,0.9977381338560722,0.0012296293434558888,1919.3371620681892,1715.6760777361676,142440,0
2216.6409721605482,0.9977690026586133,0.0012298080737565035,1919.3375649216168,1715.6768537384087,142441,0
2216.647916472438,0.9985020343972891,0.0012295814852157452,1919.3371978230762,1715.676399375546,142442,0
2216.6548607838613,1.0005061513836035,0.001230777686913787,1919.3375526148202,1715.6772002819105,142443,0
2216.661805095284,0.9991917639113266,0.0012300361060705335,1919.3384771582655,1715.6775319792937,142444,0
2216.6687494062407,0.9998108289671725,0.0012296927225896594,1919.3352419653233,1715.6757850088834,142445,0
2216.675693717664,0.9978855309653035,0.001228934249778398,1919.338039158379,1715.6778663393977,142446,0
2216.682638028156,0.9935601474749857,0.0012275167194087339,1919.3368760938283,1715.6774742121002,142447,0
2216.6895823391137,0.9909539193171139,0.0012258178805533598,1919.3370830438307,1715.677027840935,142448,0
2216.6965266496054,0.9933522576671329,0.0012261158442123511,1919.3387089749995,1715.6785163102625,142449,0
2216.7034709600966,0.9924371697892658,0.001226027204631599,1919.3366013426953,1715.6787420724,142450,0
2216.710415270588,0.9915920881719507,0.0012258413032249515,1919.33671630917,1715.675677423415,142451,0
2216.7173595806144,0.9913078046723104,0.0012257485934884683,1919.3356603333878,1715.6763992792694,142452,0
2216.724303890641,0.9926389363426138,0.0012265536225771216,1919.3375348009768,1715.6765240091188,142453,0
2216.7312482002017,0.9919078246231834,0.001225398865600435,1919.3365379818335,1715.6767958812018,142454,0
2216.7381925102277,0.9908405208946671,0.00122591892656738,1919.3374100629599,1715.6761900919164,142455,0
2216.745136819788,0.9927128751153326,0.0012267528530564436,1919.3374722380486,1715.676898733563,142456,0
2216.7520811288823,0.9927689493348962,0.001225795363274074,1919.335883803791,1715.6774162165989,142457,0
2216.7590254379775,0.991787278955252,0.0012263534773618951,1919.3374176905604,1715.676662257817,142458,0
2216.7659697470735,0.9914407969491246,0.0012257272471496376,1919.335949719693,1715.6758968067559,142459,0
2216.772914056168,0.9913191367293226,0.001226056347470461,1919.3367057621015,1715.6768733064202,142460,0
2216.7798583647964,0.9894160815789234,0.0012246953526698309,1919.335698962564,1715.676834767583,142461,0
2216.7868026738915,0.9898779380027224,0.0012262389181837716,1919.3368485809801,1715.6752874391884,142462,0
2216.7937469820545,0.9909565502156444,0.0012257025205310147,1919.3358637530032,1715.678310441484,142463,0
2216.800691290684,0.9899870583861492,0.0012260606185156776,1919.3368809753297,1715.6767234316746,142464,0
2216.807635598848,0.9906464462096369,0.0012262741449083816,1919.3364177356298,1715.6759411323167,142465,0
2216.8145799070107,0.9898680209303536,0.001225856475852147,1919.3352590924017,1715.6767656588438,142466,0
2216.821524214708,0.9884117848530249,0.00122542710549875,1919.3359546354836,1715.6772005211888,142467,0
2216.828468522406,0.991471740137831,0.0012275647474277445,1919.3367557969368,1715.675769557159,142468,0
2216.8354128301035,0.9903359672211045,0.0012262313112958812,1919.3356397473246,1715.676122075099,142469,0
2216.842357137336,0.9904404840211548,0.0012266823022960857,1919.3361928621061,1715.6750311514454,142470,0
2216.8493014450346,0.9910335136160764,0.0012263695257536907,1919.334752095173,1715.6746942576165,142471,0
2216.856245752266,0.993015301679429,0.0012277214349552161,1919.33547369923,1715.6746265332106,142472,0
2216.863190059032,0.9960039192983882,0.0012284369569324745,1919.3353093541593,1715.6748642776577,142473,0
2216.870134365799,0.9999053975168624,0.001229863957847159,1919.3352809557787,1715.675773291449,142474,0
2216.8770786725654,0.9988348455588538,0.0012293734416795406,1919.336589584918,1715.6755361056707,142475,0
2216.8840229793323,1.0014575916701283,0.001230261827893426,1919.3360366763936,1715.676534728399,142476,0
2216.8909672856335,1.0006277028504815,0.001230413809937542,1919.3356126146875,1715.6756253871245,142477,0
2216.8979115919346,1.0000326417298313,0.0012299483209893152,1919.335290984885,1715.6740729596345,142478,0
2216.904855898235,0.9993215181792852,0.0012290367937654659,1919.3371592061933,1715.6749368308617,142479,0
2216.9118002040696,1.0006181218491434,0.0012301287704987087,1919.3362949417967,1715.6762881404436,142480,0
2216.918744509905,1.0011682499732082,0.0012295353891489213,1919.3355515954556,1715.6758902107954,142481,0
2216.9256888157406,0.9997737805081189,0.001228716137941155,1919.3361207755188,1715.6744178598983,142482,0
2216.9326331211096,1.0000993916063734,0.0012302739980446535,1919.336475656609,1715.6741367357272,142483,0
2216.939577426945,1.0010222936030135,0.0012289931388694301,1919.3365897910787,1715.6745958320346,142484,0
2216.9465217318484,1.0008491752336395,0.0012305303498865224,1919.3348242698426,1715.6733465605023,142485,0
2216.9534660372174,1.0012852251076425,0.0012296594100625964,1919.3342541075735,1715.6747535315465,142486,0
2216.9604103421225,1.0025667372961355,0.0012300871172995949,1919.336955048811,1715.6752485646552,142487,0
2216.9673546470262,1.0018583171864195,0.0012296782924383495,1919.3346202154378,1715.6741824301882,142488,0
2216.9742989519295,1.0036163771500581,0.0012301793579004578,1919.3353213828468,1715.675456850293,142489,0
2216.981243256368,0.9970480743185698,0.0012281438436496346,1919.3353538383797,1715.6735936740477,142490,0
2216.988187560806,1.000281608635075,0.0012296859773999003,1919.335578716595,1715.675403086587,142491,0
2216.995131864778,0.9995847493529978,0.0012289186074624157,1919.3366072675522,1715.6740530456996,142492,0
2217.0020761692167,0.9985955941080188,0.001228910241609575,1919.33429313567,1715.673926902692,142493,0
2217.00902047319,0.99921557087601,0.0012294405571172656,1919.3362589757721,1715.6743548675233,142494,0
2217.015964776697,0.99978031252735,0.0012292143736064053,1919.3357106887033,1715.6733426952126,142495,0
2217.022909080669,1.0011123614072366,0.0012299375439674888,1919.3353174016827,1715.673328894916,142496,0
2217.0298533841756,0.999380417346996,0.0012295958980963891,1919.3348963046135,1715.6756470772762,142497,0
2217.036797687683,0.9985291718943426,0.001229964341075604,1919.3348940915496,1715.6743713982453,142498,0
2217.043741990724,0.9999028360436029,0.0012296761390891242,1919.3344360965937,1715.673904093688,142499,0
2217.0506862937655,1.0000046080114982,0.0012297658471025483,1919.3364896629782,1715.675136381169,142500,0
2217.057630596806,0.9985734244739749,0.0012293657667391124,1919.335139331036,1715.6741591794998,142501,0
2217.064574899847,1.0011418313360512,0.001230183911834146,1919.3352832788435,1715.6740995385562,142502,0
2217.0715192024227,1.002006324600439,0.0012304994170044495,1919.3354799221418,1715.675132431744,142503,0
2217.0784635049986,0.9980622068049583,0.0012296639295605947,1919.3360741638803,1715.675589403341,142504,0
2217.085407807574,0.9985228147745814,0.0012297092072083306,1919.3355358304964,1715.6760238243953,142505,0
2217.0923521096843,0.9983856751875134,0.0012300124494003149,1919.335490421892,1715.6746520615143,142506,0
2217.099296411794,1.0010495630630123,0.001230553450698165,1919.3350984365513,1715.67360374947,142507,0
2217.1062407139034,1.000480061606427,0.0012298782395315368,1919.3344492483043,1715.6733821585983,142508,0
2217.113185015547,1.0014116464577216,0.0012303512087290234,1919.3339581469354,1715.6721815671026,142509,0
2217.120129317658,0.9997146884470062,0.001229267278313843,1919.3355435244487,1715.6737231897946,142510,0
2217.127073618837,0.9989627845525647,0.0012292735310360033,1919.3331330933268,1715.6736566731188,142511,0
2217.134017920481,1.0024781863005012,0.0012297354263519757,1919.3350172368657,1715.6727601878524,142512,0
2217.1409622216593,1.001720010901509,0.0012294195919020044,1919.335542868715,1715.673522551462,142513,0
2217.1479065228373,1.0015143107615425,0.0012292660010691362,1919.3350815086117,1715.6737514850895,142514,0
2217.1548508240157,1.0019849765339035,0.0012297567788281155,1919.335732883425,1715.6747499989608,142515,0
2217.16179512473,1.0007183686926027,0.0012284976860542562,1919.335673909872,1715.6740958311325,142516,0
2217.1687394254423,1.0029660348340996,0.0012296436541163604,1919.3350089926723,1715.6735481205299,142517,0
2217.1756837261546,1.001722259512479,0.0012287158102551343,1919.3347763743766,1715.6729332129898,142518,0
2217.182628026402,1.0006264949551424,0.0012285606454372651,1919.3350021483695,1715.672564025211,142519,0
2217.189572326649,1.0000116229020246,0.0012284032753732566,1919.3349573339153,1715.6735722711994,142520,0
2217.1965166268965,1.001476127277154,0.0012288801864106462,1919.3335364785426,1715.6717539589338,142521,0
2217.203460927144,0.9999229144839135,0.001228682245293885,1919.334751120335,1715.6735780924853,142522,0
2217.210405226926,1.0008416739346901,0.0012289257788647024,1919.3359852103133,1715.6737533893813,142523,0
2217.217349526707,1.0003554284808835,0.001228781835088833,1919.3346303376907,1715.6748097420482,142524,0
2217.2242938260224,1.0003778091059312,0.0012292528601865007,1919.335116221307,1715.6725829647792,142525,0
2217.2312381258043,0.9992209878480086,0.0012289775524479947,1919.3350763275105,1715.6740806110993,142526,0
2217.2381824251206,0.9996224621608737,0.0012290563045607098,1919.334604811988,1715.6728661329953,142527,0
2217.245126723971,0.9988033271780355,0.0012298810117407875,1919.333096145391,1715.6719441439855,142528,0
2217.252071023287,1.000085660226796,0.001228859687636462,1919.3346981495285,1715.6732659566837,142529,0
2217.2590153221367,0.9996893250672239,0.0012294415878799309,1919.3354637958275,1715.672858733475,142530,0
2217.2659596209865,0.9990446089830857,0.001229255209407408,1919.3357335338233,1715.6729621455345,142531,0
2217.2729039193714,0.9980486713378497,0.0012284351431742452,1919.3361280711206,1715.6715397625662,142532,0
2217.2798482182216,1.0004387742095875,0.0012300340688845713,1919.3337946952336,1715.6733791807685,142533,0
2217.2867925166065,1.000582217657099,0.001229359926092845,1919.3336955150007,1715.6724715047399,142534,0
2217.293736814526,0.9994432888788899,0.0012287928187639065,1919.3346303675198,1715.6715562361014,142535,0
2217.30068111291,0.9981534447140773,0.001228431332424497,1919.3356827924254,1715.674138162728,142536,0
2217.307625410828,0.9994730554707584,0.0012286973210928335,1919.335278333512,1715.6728887196082,142537,0
2217.3145697082823,1.000014875544432,0.0012291399038668388,1919.3352494525013,1715.6712617478752,142538,0
2217.321514006202,0.9995450903938644,0.0012285633605714015,1919.3335095793548,1715.673197007886,142539,0
2217.3284583036548,0.999225526801136,0.0012287684176830597,1919.334597548143,1715.6706128811825,142540,0
2217.3354026011075,0.9987202657746477,0.001228251263448029,1919.3337741620685,1715.6732500052894,142541,0
2217.3423468980955,1.0016534536849075,0.0012290542101335835,1919.333730115184,1715.6711232597247,142542,0
2217.349291195548,1.0029277079815022,0.001229461813601188,1919.335101242307,1715.6726055234399,142543,0
2217.356235492536,1.0004437392674566,0.001228626457332923,1919.3342603432584,1715.6713907206372,142544,0
2217.363179789059,1.0016201791541508,0.0012286532771729603,1919.3335131244344,1715.6705726338555,142545,0
2217.370124086046,1.0004826708767955,0.0012284374886633253,1919.334683747442,1715.6720561805632,142546,0
2217.3770683825674,1.0022903651940867,0.0012293145473756505,1919.3340794195838,1715.6705064579542,142547,0
2217.3840126790897,1.0002108864884813,0.0012282694619325787,1919.3338921096733,1715.6716863199729,142548,0
2217.3909569751454,1.0028546749145322,0.0012288221965866758,1919.3348769662025,1715.6719582981066,142549,0
2217.3979012712016,1.0040160899271915,0.0012303550770042617,1919.3345266946196,1715.672133555097,142550,0
2217.404845567259,0.9980891728208925,0.0012273571413246819,1919.3339473913354,1715.671979021814,142551,0
2217.411789863315,1.000498460768575,0.0012283801186910568,1919.3349582318679,1715.6722657488626,142552,0
2217.418734158905,1.004061505199441,0.0012292875383372712,1919.3333597101087,1715.6714979745125,142553,0
2217.425678454496,1.0000094815387475,0.0012289561568039433,1919.3357930945226,1715.6720202909514,142554,0
2217.432622750087,1.0003589722973616,0.0012285963526760346,1919.3327039232493,1715.670639247234,142555,0
2217.439567045678,0.9971303399226182,0.0012275372385118872,1919.3349185290303,1715.6730459051278,142556,0
2217.4465113408023,0.9990643485875043,0.0012287794087355124,1919.3346073923428,1715.6721073311396,142557,0
2217.4534556359276,0.9987444297967678,0.001227870970481008,1919.3349778174454,1715.6724039177109,142558,0
2217.4603999305864,0.9985165121598453,0.001228790779170845,1919.3347322096256,1715.6707031858652,142559,0
2217.467344225711,0.9962214365507257,0.0012271447913163385,1919.3338977207604,1715.6701721521154,142560,0
2217.4742885203714,0.9981183829313622,0.0012277920974090415,1919.3350090766514,1715.6724162900325,142561,0
2217.481232814565,0.9992025451450828,0.0012285129305453022,1919.3345248693888,1715.672167812055,142562,0
2217.4881771092237,0.9998500776152247,0.0012286663548664069,1919.3347454077054,1715.6715199676364,142563,0
2217.495121403417,0.9981221245210296,0.001228167702043966,1919.3347399930506,1715.6709426271636,142564,0
2217.5020656976103,0.9988955069324468,0.0012283166683541738,1919.3348526257137,1715.6722327691623,142565,0
2217.509009991338,1.0001212591113842,0.001228490857290674,1919.3351709947558,1715.6721115162677,142566,0
2217.5159542855326,0.9976864346218455,0.001228010790337679,1919.3352502588045,1715.6719986237936,142567,0
2217.5228985792614,1.0008246319144403,0.0012290973300425226,1919.3332914013733,1715.6703896485794,142568,0
2217.5298428725237,0.9981095111947077,0.0012279543917305949,1919.3333932097112,1715.6710254376535,142569,0
2217.536787166251,0.9997078156496557,0.0012281556834084553,1919.33337500787,1715.670630716861,142570,0
2217.5437314595133,1.0007453292734736,0.0012281962670185225,1919.3326844695143,1715.6718928472526,142571,0
2217.5506757527755,1.0014723582946101,0.0012287291520773785,1919.335031738182,1715.6713096852222,142572,0
2217.5576200455725,1.0012434800368069,0.0012286148106074525,1919.3337315061212,1715.671061710176,142573,0
2217.5645643383696,1.0019956585941305,0.001228404693670221,1919.3340654558826,1715.6701675772065,142574,0
2217.5715086311657,1.0019312986397835,0.001228158383993763,1919.3339502084166,1715.671436134456,142575,0
2217.578452923962,0.9998674592167432,0.0012271288433298826,1919.3353636091176,1715.6724986863805,142576,0
2217.585397216759,1.0012675755552145,0.001228021420518004,1919.333824039955,1715.67068381909,142577,0
2217.5923415090897,1.001083423864405,0.0012272592067372958,1919.3351050425733,1715.6712943805003,142578,0
2217.5992858009554,1.0015525508288867,0.001228742689579565,1919.3337683981374,1715.6706045911503,142579,0
2217.6062300932863,1.0025297354123586,0.0012290251891831107,1919.3342226556972,1715.6710724586626,142580,0
2217.613174385151,1.0016000821696123,0.001227906113246311,1919.3337806731547,1715.6700351937957,142581,0
2217.6201186770163,0.9990487452429889,0.0012267390829357099,1919.335357294724,1715.6705116112457,142582,0
2217.6270629688815,1.0022729944530382,0.0012287024638964257,1919.3349220926004,1715.6718330881527,142583,0
2217.6340072602825,0.9986876044016721,0.0012268600631573775,1919.335115847428,1715.6708433788133,142584,0
2217.640951551682,0.9994833720664064,0.0012272434824718774,1919.333725906895,1715.670181861507,142585,0
2217.647895843081,1.000076121931242,0.0012287943074253186,1919.3328125290814,1715.6697684328858,142586,0
2217.654840134481,0.9993764878487769,0.0012277034999865464,1919.3339619706423,1715.6697203349577,142587,0
2217.6617844254147,1.000321114404306,0.0012277751404994952,1919.3333465830535,1715.6682812223873,142588,0
2217.668728716348,1.0009959250491318,0.001228322720198408,1919.333825674601,1715.670300443259,142589,0
2217.675673007283,1.0006404016352846,0.0012286572122673879,1919.333656408715,1715.6697092820332,142590,0
2217.6826172977517,1.0012842974666452,0.0012292800421284836,1919.3345586853304,1715.669439625399,142591,0
2217.6895615882195,1.0003901109779945,0.0012276732709613737,1919.334824388647,1715.6707957332599,142592,0
2217.696505878688,1.0009093776529678,0.0012291223561116961,1919.3335862787471,1715.668915432195,142593,0
2217.703450169156,0.9975580158130221,0.0012273707542404017,1919.3322656230785,1715.6689563417112,142594,0
2217.710394459159,0.9980505531322919,0.0012269143220521056,1919.3341526314507,1715.6703670091028,142595,0
2217.717338749162,0.9988921272937841,0.001227710091172611,1919.333127628499,1715.6693885074767,142596,0
2217.724283039164,0.9993568477398816,0.001227043069268903,1919.3339395916848,1715.6688473431832,142597,0
2217.7312273287007,0.9985923076757145,0.0012272004789212294,1919.3349023232663,1715.6700465536953,142598,0
2217.738171618238,0.9996775921374749,0.0012275359026121123,1919.335455666876,1715.6699538237558,142599,0
2217.7451159077755,0.999719701135699,0.0012278789596881937,1919.3340921725342,1715.66991950693,142600,0
2217.752060197313,0.9988654678260543,0.0012264608500415486,1919.3333813561658,1715.669169250511,142601,0
2217.759004486384,1.000054532453013,0.001227196088398316,1919.3332492086802,1715.6700218791636,142602,0
2217.765948775456,0.9965538604597055,0.001225631394800396,1919.335517846096,1715.670765097938,142603,0
2217.7728930645267,1.0016140893967058,0.0012271096305084294,1919.3322852425329,1715.6702617955084,142604,0
2217.779837353132,1.0003902554478956,0.0012268610557962401,1919.3343452983866,1715.6703328517788,142605,0
2217.7867816417374,1.002184093979563,0.0012286490175906222,1919.3331727765008,1715.6687228469045,142606,0
2217.7937259303435,1.0021725678858286,0.0012277328360201167,1919.333663204296,1715.6704009698667,142607,0
2217.8006702189496,0.9996173268291866,0.00122609653341398,1919.3347834158114,1715.6707369087471,142608,0
2217.80761450709,1.0006014573601978,0.001226567530111911,1919.332998667897,1715.6686988312715,142609,0
2217.8145587952295,1.0005185424670633,0.0012263022973451653,1919.3340386851598,1715.668380260128,142610,0
2217.821503083369,1.000513042358591,0.0012264856519839916,1919.334266942825,1715.6703387305888,142611,0
2217.8284473710437,1.0040507116248731,0.0012273221005482638,1919.3340909109725,1715.6699288696063,142612,0
2217.835391659184,1.0007005205720532,0.0012264359123781404,1919.3345135055267,1715.6689226907781,142613,0
2217.842335946858,0.9988753685422449,0.001225768325076151,1919.3346081225777,1715.6695676560416,142614,0
2217.849280234067,1.000169766215661,0.001227122815916522,1919.3335203990255,1715.6696810968006,142615,0
2217.8562245217418,0.998807444239829,0.0012263387351797068,1919.3327130400623,1715.6692185873053,142616,0
2217.86316880895,1.000350248934027,0.0012269662875548256,1919.334492560842,1715.6710196243225,142617,0
2217.870113096159,1.0012379106751725,0.0012272214004575204,1919.3344118273992,1715.6689445740037,142618,0
2217.8770573829024,1.000562632544754,0.0012266881888260766,1919.334245130413,1715.6709960791059,142619,0
2217.884001669645,1.0002362598386711,0.0012275957356343993,1919.3353916512428,1715.6696936402852,142620,0
2217.890945956388,0.9994306300659008,0.0012268582790654653,1919.333990821177,1715.6695498216818,142621,0
2217.897890243131,1.000205817428074,0.0012269793324603527,1919.3350807806232,1715.66953801984,142622,0
2217.9048345294077,0.9970874809749559,0.001226141598873693,1919.3323279219805,1715.6681142937719,142623,0
2217.911778816151,1.0003140813682103,0.0012269428416892593,1919.3339258467556,1715.6681309353912,142624,0
2217.91872310243,0.9991113318008438,0.0012266757804803557,1919.3325862109666,1715.667011597367,142625,0
2217.925667388241,1.0006324097620483,0.0012284773293151858,1919.333986516499,1715.6693286862544,142626,0
2217.932611674052,0.9994329386082864,0.001226827435549858,1919.3340628028302,1715.6675231286713,142627,0
2217.939555959864,1.000104306801181,0.0012277295627822896,1919.3333242910026,1715.6690087667064,142628,0
2217.9465002456755,1.0008962688736258,0.0012272255383227837,1919.3338509310322,1715.6687221256784,142629,0
2217.953444531487,0.9998499664322155,0.0012268445166288603,1919.3336628883635,1715.6696967155042,142630,0
2217.960388816834,0.997671537785901,0.0012257912548259693,1919.3337451045431,1715.6690652235495,142631,0
2217.9673331021804,1.0012224928384696,0.0012270339411952222,1919.3336446481421,1715.6691534557422,142632,0
2217.974277387526,1.00202855870782,0.0012273674577535885,1919.3346035044228,1715.6689300373225,142633,0
2217.981221672406,1.0002237936629992,0.001226453736127792,1919.3347003589422,1715.6692140219961,142634,0
2217.988165957287,1.0000893447922832,0.0012263839305255411,1919.3337558176768,1715.668405363888,142635,0
2217.9951102421674,1.0021216593122106,0.0012267756945540367,1919.3341925155712,1715.668880959932,142636,0
2218.002054526582,0.9992001398236978,0.001226003110368013,1919.3336978553054,1715.6673351259076,142637,0
2218.0089988114623,1.000127888969141,0.0012261797086588176,1919.334475328063,1715.6692109544242,142638,0
2218.0159430958765,1.001535790503906,0.0012268193214213974,1919.335862678421,1715.668151229649,142639,0
2218.022887379825,0.9997900575733145,0.0012260340242415371,1919.334265656409,1715.6683701934876,142640,0
2218.029831664241,1.002079026414265,0.0012266326033572629,1919.334247964456,1715.667967546886,142641,0
2218.0367759481906,1.0016291954856629,0.0012268058910372235,1919.3330144019415,1715.668030950437,142642,0
2218.043720232139,1.0008049881389252,0.0012263160094852818,1919.3351124427347,1715.6689845910944,142643,0
2218.050664516088,0.9988548866648599,0.0012259646023281905,1919.3339804143259,1715.6674074702046,142644,0
2218.0576087995714,1.0002813233775858,0.0012261145910409178,1919.3330716142539,1715.667505803844,142645,0
2218.0645530830543,0.9995088447999273,0.001226131957191435,1919.3338142750729,1715.6688075104655,142646,0
2218.071497366538,0.9998871882310492,0.0012263064433008777,1919.3321058310341,1715.6671005686774,142647,0
2218.078441649557,1.0001022296971045,0.0012262412538414326,1919.3336246782374,1715.6679557385653,142648,0
2218.08538593304,1.001312138808726,0.0012276571741534265,1919.333730626325,1715.6676934550567,142649,0
2218.0923302160572,0.9999241624172843,0.0012261464038454413,1919.335537485461,1715.6681914045027,142650,0
2218.0992744986097,0.9985547051077038,0.0012265586046695386,1919.3344343168308,1715.6670291535338,142651,0
2218.1062187816274,0.9999362246854497,0.0012267238640045748,1919.3335255249156,1715.6680620457748,142652,0
2218.11316306418,0.9964976768155104,0.0012254032292204854,1919.3324130869646,1715.6667902217212,142653,0
2218.120107346732,0.9992558165674853,0.0012261474766100716,1919.334511307796,1715.6665739930934,142654,0
2218.1270516292834,0.9979519658628121,0.0012261986631306712,1919.3332280101743,1715.669195266092,142655,0
2218.1339959113693,1.000031483708985,0.001226701625016074,1919.33524724406,1715.6688924184562,142656,0
2218.140940193456,1.0007508726138783,0.0012267904623459666,1919.3340069431802,1715.6676289723175,142657,0
2218.147884475543,1.0017108914644457,0.0012273117473492166,1919.3329537919724,1715.6664610880641,142658,0
2218.154828757164,0.9972528985945659,0.0012257452363621522,1919.3344242978892,1715.6669905039107,142659,0
2218.1617730392504,0.9997333669945655,0.0012264429987611754,1919.334844126407,1715.669951044517,142660,0
2218.168717320871,1.0003039559546105,0.0012281413790415179,1919.3353639344514,1715.667329878993,142661,0
2218.1756616020257,0.9986698928333844,0.0012256386208093675,1919.3333976181482,1715.667237561155,142662,0
2218.1826058836464,1.000812624990279,0.0012266674596991879,1919.333374767044,1715.6683960343307,142663,0
2218.1895501648023,1.0006465066001913,0.0012262069145113725,1919.3343709413293,1715.6673360424181,142664,0
2218.196494445958,0.9983075474714951,0.0012255597361785387,1919.3348526195364,1715.6674941640745,142665,0
2218.2034387271124,1.0001975786006065,0.0012262517358061656,1919.3340908911543,1715.6659584086892,142666,0
2218.210383007802,1.0006880256018797,0.0012261610292673409,1919.3336457887349,1715.66718320476,142667,0
2218.217327288491,0.9979388195146827,0.0012261697816385914,1919.333513478325,1715.66738254158,142668,0
2218.2242715691805,1.0032646469729891,0.0012266518704819815,1919.334850468683,1715.6677939058018,142669,0
2218.231215849405,1.0014186272236254,0.0012260873099166109,1919.3338854319295,1715.6666408211424,142670,0
2218.238160130094,1.000190922563374,0.001226383962736932,1919.3339997054247,1715.6662469701432,142671,0
2218.2451044103173,1.0013737607486757,0.0012257032505398236,1919.3354161083791,1715.667518096031,142672,0
2218.2520486905414,1.0002001607610966,0.0012257340156574595,1919.3316213091728,1715.665150769446,142673,0
2218.258992970299,0.99998685929857,0.0012254577231338203,1919.335951214373,1715.6664261231845,142674,0
2218.2659372500575,1.0029034407149338,0.0012271739694444978,1919.3338274656112,1715.6667989003417,142675,0
2218.2728815298165,1.0032936253347777,0.0012266255363736832,1919.3347488070403,1715.6664513326157,142676,0
2218.2798258095745,1.0005282745148045,0.0012257683456568154,1919.3346953689897,1715.6663801274917,142677,0
2218.2867700888664,1.0002728335068771,0.0012260006882972396,1919.3327307553327,1715.6676117274492,142678,0
2218.293714368159,1.0016102055449945,0.0012263280740424014,1919.3347009875888,1715.668744315191,142679,0
2218.300658647451,1.0016669616605471,0.0012266100172022283,1919.333875982275,1715.6664085326597,142680,0
2218.307602926744,0.99913484178356,0.00122564824755741,1919.3347316647198,1715.667571472003,142681,0
2218.314547205571,0.9997653203875708,0.0012262856781857419,1919.3325110158694,1715.665363528879,142682,0
2218.321491484398,0.9968141036643907,0.0012254979583204788,1919.3329825252308,1715.665559757609,142683,0
2218.3284357632247,1.0007659601874963,0.0012261165696865692,1919.3328807102043,1715.666922246235,142684,0
2218.335380042051,1.0003924127224593,0.0012262253235389134,1919.3339617503918,1715.6667322317278,142685,0
2218.342324320412,0.998341026873586,0.00122544485885529,1919.3334022762363,1715.666323202232,142686,0
2218.3492685987735,0.9987525136116873,0.0012256811005534529,1919.3341448253675,1715.6667537325845,142687,0
2218.3562128771346,0.9990902790877504,0.0012259106387243145,1919.3352466051779,1715.6676136458098,142688,0
2218.3631571550304,1.000513321837984,0.0012259738072323458,1919.333249826623,1715.6664360245563,142689,0
2218.3701014329254,0.998465844842267,0.0012251473598001998,1919.3343251728054,1715.6656810456034,142690,0
2218.3770457108203,1.0004424943062238,0.001225620215476135,1919.334501473473,1715.6673786922813,142691,0
2218.383989988717,0.9991966343039641,0.0012252728944956513,1919.3343432810457,1715.6662383543082,142692,0
2218.3909342661473,0.9996600977994965,0.0012254262406518226,1919.3338259683537,1715.6650292904956,142693,0
2218.3978785435766,0.9995203112035054,0.0012265918503802779,1919.3345127473488,1715.6653332258638,142694,0
2218.4048228210063,1.0004329770480778,0.0012261398721982676,1919.3343689024548,1715.6676460039523,142695,0
2218.411767098436,0.9991789623834679,0.0012249513383561605,1919.334675659614,1715.6656751373068,142696,0
2218.4187113753997,0.9983974054557114,0.0012242894931032212,1919.334579013915,1715.6670829206198,142697,0
2218.425655652364,1.000346086823692,0.0012254583796984676,1919.333796022806,1715.6658514332555,142698,0
2218.432599929329,0.9990052105287499,0.0012247005798355513,1919.3347448439413,1715.6655097429068,142699,0
2218.4395442062932,1.0020354816621981,0.0012252858145134166,1919.334470016379,1715.6669288116889,142700,0
2218.446488482791,1.0024915851173117,0.0012256171351119269,1919.3332966133573,1715.665966826361,142701,0
2218.4534327592896,0.9993363649573124,0.0012241920375788277,1919.3340859187956,1715.6660564410154,142702,0
2218.4603770357876,1.0024249830363243,0.0012258284381712584,1919.3351787952088,1715.6665603878912,142703,0
2218.4673213118203,1.0006938312605966,0.0012255719078002598,1919.3345324023517,1715.6655450852854,142704,0
2218.4742655878545,0.9997920183974672,0.0012252071772204016,1919.3331235318524,1715.6655588970323,142705,0
2218.4812098638868,1.0009216307495497,0.0012248611312971691,1919.3348794195288,1715.666394899877,142706,0
2218.488154139919,1.0000730888504445,0.0012248053144050164,1919.3356865366804,1715.665592164514,142707,0
2218.4950984154866,1.000810921061251,0.001224875018336657,1919.3332534281153,1715.6655149970777,142708,0
2218.5020426910546,0.9999421612098665,0.0012249986000603611,1919.3350443602978,1715.6663600457064,142709,0
2218.5089869666217,0.9994773832047947,0.001224560472237582,1919.3339704535251,1715.667354058164,142710,0
2218.5159312421883,1.0014992803318865,0.0012255071272918104,1919.33373612328,1715.665620961914,142711,0
2218.5228755172902,1.0012613061542572,0.001225701222768144,1919.3341220080142,1715.66704649766,142712,0
2218.529819792391,0.999840485717332,0.001225165271401915,1919.3340248444376,1715.6645579778253,142713,0
2218.536764067492,1.0003746923773746,0.0012254324369637079,1919.3325499955092,1715.6650169426027,142714,0
2218.543708342595,0.9988791548098226,0.0012246535085800076,1919.3337990655323,1715.665503595525,142715,0
2218.550652617231,0.9978733517235325,0.0012248122119494235,1919.3342244215742,1715.6657138996977,142716,0
2218.5575968918665,0.9995343305921611,0.0012255434110283866,1919.335184551075,1715.6660772064292,142717,0
2218.5645411665023,0.9998475493572381,0.0012258355835803073,1919.3338154557098,1715.6657179642073,142718,0
2218.571485440672,1.000444286466992,0.0012253761878630778,1919.3357079312025,1715.6652020124404,142719,0
2218.5784297153073,0.9989607558923604,0.0012258649348799216,1919.3330617588874,1715.6649802166621,142720,0
2218.5853739890126,0.9980079361462785,0.0012271368996952293,1919.3344172288387,1715.666383040478,142721,0
2218.592318263183,0.9987806629740924,0.0012245866850800178,1919.334162603965,1715.6655948867601,142722,0
2218.599262537353,1.0006366843662275,0.0012252860126058163,1919.3337780181637,1715.6653963665906,142723,0
2218.6062068110577,1.0022041692311894,0.001226269928029004,1919.3338847519983,1715.6649827631857,142724,0
2218.613151084762,0.9996601637929914,0.0012245824032693898,1919.333096127966,1715.6663328774785,142725,0
2218.6200953580014,1.00120548094013,0.0012252697904034755,1919.3356444334545,1715.6667172045816,142726,0
2218.627039631706,1.0002241065793078,0.0012248018263696441,1919.3341161468584,1715.6656806245765,142727,0
2218.633983904945,1.000167994962459,0.0012247238294369582,1919.333853849105,1715.6646589583463,142728,0
2218.6409281781835,0.999164479338128,0.001224625088468713,1919.3347722803962,1715.6661979770483,142729,0
2218.647872450956,1.0030124374742728,0.001225194948685594,1919.3345321960428,1715.664737962071,142730,0
2218.6548167241954,1.001476677756239,0.0012245288400810168,1919.3342822224686,1715.664359471164,142731,0
2218.661760996969,1.002150425602046,0.0012250761729831882,1919.3345724742135,1715.6655242968175,142732,0
2218.668705269742,1.0012238385638126,0.0012243241899574588,1919.3337621390444,1715.6660143999486,142733,0
2218.67564954205,1.0026259200957024,0.0012251160982643347,1919.3347865741657,1715.6659325177334,142734,0
2218.6825938148227,0.9993078509588184,0.0012237487314940422,1919.3351934701384,1715.6646300322855,142735,0
2218.6895380871297,1.000301332812218,0.001224075787353761,1919.334146969245,1715.6645454043876,142736,0
2218.6964823589715,0.9983121550925261,0.0012236179964352427,1919.3341289390448,1715.6659620396872,142737,0
2218.7034266312794,0.9992540747142871,0.0012239591091512082,1919.3341230757067,1715.663715974106,142738,0
2218.7103709031217,1.0009076475343883,0.0012245490523016512,1919.3344020611146,1715.665553337704,142739,0
2218.717315174964,0.9992818924927501,0.0012240900722444567,1919.3326469546373,1715.6650216521668,142740,0
2218.7242594468057,1.0001625871696067,0.0012247636713486878,1919.3336684263465,1715.6648289031375,142741,0
2218.731203718182,0.9985875206797259,0.0012245528982923483,1919.334769332332,1715.6660332807187,142742,0
2218.738147990023,0.9996589885110045,0.0012244838611162837,1919.3339373086155,1715.6641058609969,142743,0
2218.7450922614,0.9996633507062321,0.0012239096921814671,1919.334869044252,1715.6651445104856,142744,0
2218.7520365323107,0.9996305667614784,0.001224930094133065,1919.3332555558195,1715.6643367599004,142745,0
2218.7589808036864,1.0009829636265324,0.0012260676099426608,1919.332943852022,1715.6640436628231,142746,0
2218.7659250745974,0.9987371458980309,0.0012244625056457442,1919.3338978387544,1715.665259834704,142747,0
2218.7728693455074,0.9996673885958274,0.0012243783911621102,1919.3358862884302,1715.6641370809,142748,0
2218.7798136159527,0.9988686064088413,0.0012241761883988627,1919.3343430792938,1715.6643053615758,142749,0
2218.786757886864,0.9989991711633884,0.0012243010044848106,1919.3358669677496,1715.664903331216,142750,0
2218.7937021573084,0.9968434347734576,0.001225427904254056,1919.333917531006,1715.6644744995492,142751,0
2218.800646427753,0.9972604391737787,0.001223908798576337,1919.333854535273,1715.6641973711064,142752,0
2218.807590697732,1.001083279716434,0.0012250807541580842,1919.3339120964936,1715.6656145394888,142753,0
2218.814534968177,1.0009988646336396,0.0012249841256571287,1919.3342586685883,1715.6648450233376,142754,0
2218.821479238157,1.0009920355081359,0.0012246661099115325,1919.3341090056397,1715.6635629481316,142755,0
2218.8284235081364,0.9989530531647771,0.001224024049127159,1919.334825605146,1715.6655193176484,142756,0
2218.83536777765,1.0012311546669932,0.001224459093727717,1919.334877134929,1715.6642025988913,142757,0
2218.8423120476286,1.0005389941031895,0.0012242027551068785,1919.3348923734789,1715.6638899762295,142758,0
2218.8492563171417,1.0009318653100572,0.0012241603817755133,1919.335154353266,1715.664751413639,142759,0
2218.8562005866556,1.0008917135386177,0.0012239633712289781,1919.333727141527,1715.6637682264507,142760,0
2218.8631448557035,1.0009405407574306,0.0012238523361344552,1919.3345619429585,1715.6653957583737,142761,0
2218.8700891247518,1.000922288000083,0.0012247276560492704,1919.3340667617445,1715.6629053751133,142762,0
2218.8770333938,1.0003328836552456,0.0012236895479424011,1919.3347668993588,1715.6638695210584,142763,0
2218.8839776628474,1.0018016633567437,0.0012244249744975122,1919.334154461129,1715.6640025054303,142764,0
2218.890921931895,0.9997931661662802,0.00122328782384944,1919.3338136026878,1715.663454092152,142765,0
2218.897866200478,1.0023413671972417,0.0012245390685623493,1919.3347030641614,1715.6633013976214,142766,0
2218.90481046906,1.0018275527918763,0.0012241944374130427,1919.3341734096773,1715.6639370070002,142767,0
2218.9117547376422,1.0031498356670017,0.0012245795690123287,1919.3342892844544,1715.6643355948338,142768,0
2218.9186990057588,1.0010278715214564,0.0012240154830212306,1919.3337541612952,1715.6643447222093,142769,0
2218.9256432738757,0.9999846088719596,0.001223593986190792,1919.3349535110203,1715.6643186961921,142770,0
2218.932587541992,0.9994692829988489,0.0012239932293043978,1919.3339207025845,1715.6633236011116,142771,0
2218.9395318101087,1.000165260629438,0.0012235526480556182,1919.3342693794127,1715.663306581351,142772,0
2218.9464760777605,1.0001215241369783,0.0012238612773419566,1919.3338181065953,1715.6631647319778,142773,0
2218.9534203458766,0.9995381475936653,0.0012239126019641207,1919.3339948472421,1715.6631055535129,142774,0
2218.960364613527,0.9992846267476809,0.0012249678685312376,1919.3350013218449,1715.6630482440673,142775,0
2218.9673088807126,0.9985673163354131,0.001224230724987969,1919.3344968386068,1715.6617899980872,142776,0
2218.974253148363,1.0003242279790472,0.0012260574169089967,1919.3363804179207,1715.6639429520953,142777,0
2218.981197415548,0.9987140694289729,0.001223483669148564,1919.3331330380122,1715.6636492798448,142778,0
2218.9881416827347,0.999814591117662,0.001224842141877289,1919.335797206511,1715.6632446796052,142779,0
2218.995085949454,0.9990917788492448,0.0012246165277326362,1919.334018028377,1715.6634066484703,142780,0
2219.0020302166386,0.9988077871691725,0.0012250636837395357,1919.3347156595994,1715.664521303667,142781,0
2219.0089744833585,0.999118568129997,0.0012241519113705926,1919.335078836519,1715.6622082609622,142782,0
2219.0159187500776,0.9991225111713454,0.0012240785096521104,1919.333971610028,1715.662683008026,142783,0
2219.022863016332,0.9963188892597685,0.0012224383792299733,1919.3335077779573,1715.6627771832827,142784,0
2219.029807283052,1.0007926593807746,0.0012237293528610364,1919.3345373189875,1715.6629730123877,142785,0
2219.0367515493062,0.9988967497048806,0.0012234179146979746,1919.3336034037927,1715.6630548680669,142786,0
2219.0436958155597,1.0004627737864291,0.0012239978957770217,1919.3348672354643,1715.6633883479683,142787,0
2219.0506400813474,0.998934959342295,0.0012231464298007968,1919.3343384340114,1715.663154555244,142788,0
2219.0575843476026,0.9990122416631212,0.0012232649672130676,1919.3341408970489,1715.6623135270609,142789,0
2219.064528613391,1.0010902694350094,0.0012241979800391987,1919.3354336920045,1715.6627100526835,142790,0
2219.0714728791786,1.0013428483889102,0.0012243047563054814,1919.334629864848,1715.662562299779,142791,0
2219.0784171445016,1.0003613375662612,0.0012235838133779918,1919.3342356590608,1715.6641817931636,142792,0
2219.0853614098237,1.0004106388540992,0.0012229498218646222,1919.334003450622,1715.6632385899024,142793,0
2219.0923056756114,1.002461132615974,0.0012239025984839133,1919.3341935127373,1715.6630168361373,142794,0
2219.0992499404692,1.000024358349853,0.0012232389920679553,1919.3358925937198,1715.6623358586198,142795,0
2219.1061942057922,1.0022575026633835,0.0012235272212245732,1919.3335422460923,1715.6618233218674,142796,0
2219.1131384706487,1.0025500998835986,0.0012235740434001162,1919.3327540623704,1715.6622622308685,142797,0
2219.120082735506,0.9995194458945796,0.0012227594814439265,1919.334435915411,1715.6646251087066,142798,0
2219.1270270003624,1.0011530692225945,0.00122344329039899,1919.3345655673927,1715.6631221312714,142799,0
2219.133971265219,1.0026480518067895,0.001225090569106658,1919.3326542005984,1715.6609329823993,142800,0
2219.1409155296105,1.0008409072358884,0.0012232554606078135,1919.3340386938091,1715.6627238893248,142801,0
2219.147859794003,1.000013170693296,0.0012231660559691166,1919.3371167648113,1715.6629984236536,142802,0
2219.154804058394,0.9988792968915513,0.00122284396259691,1919.3339644902676,1715.663023098529,142803,0
2219.161748322319,0.999797836643272,0.0012229857305486576,1919.333437635682,1715.662481739427,142804,0
2219.168692586245,0.9995247125960346,0.0012239647318585238,1919.3348665800015,1715.6623319070193,142805,0
2219.175636850171,1.0008628636331087,0.0012233046008071527,1919.3351653565437,1715.6641368987255,142806,0
2219.1825811140966,0.9987576623823816,0.0012230008362616076,1919.3343484052414,1715.661590473188,142807,0
2219.189525378022,1.00016346324255,0.0012239743225339105,1919.3331015383103,1715.6615347310676,142808,0
2219.1964696414816,0.9994623715577119,0.001223896553305849,1919.3342390056848,1715.6630115864816,142809,0
2219.2034139049415,0.9980208990581448,0.0012233452950824583,1919.3333406279148,1715.6620310898609,142810,0
2219.2103581684014,0.9997375705143351,0.0012230025539475679,1919.3348629168677,1715.6623347222533,142811,0
2219.217302431396,1.0013412421321026,0.0012242283336078975,1919.335103279261,1715.6646478170428,142812,0
2219.224246694391,0.998839211850901,0.0012228924329757214,1919.334870829005,1715.6622810645285,142813,0
2219.2311909573855,1.0015465339127878,0.0012240353423290178,1919.3336645721938,1715.661579922642,142814,0
2219.2381352203793,0.9981542918539694,0.0012223141363297669,1919.3344073099413,1715.6626651624658,142815,0
2219.2450794829074,0.999974579648074,0.0012233306611216079,1919.3337414079117,1715.6628837380943,142816,0
2219.2520237459016,0.998583309984009,0.0012227528099081819,1919.3361972927157,1715.6621990349438,142817,0
2219.258968008431,0.9993235939332421,0.0012226072768220593,1919.3344295230318,1715.6623811843067,142818,0
2219.2659122704945,1.0003515952750044,0.0012231435478032258,1919.333061134837,1715.6617004760042,142819,0
2219.2728565330226,1.0013424374135353,0.0012234393253386419,1919.334497309679,1715.6628462677425,142820,0
2219.279800795086,1.0001838470894424,0.0012229694124936768,1919.3326388428777,1715.661459500149,142821,0
2219.2867450571484,1.0011743742144767,0.001222785040879067,1919.3340678836273,1715.6622940058173,142822,0
2219.293689319212,1.0000477919066262,0.0012223740087073866,1919.3342814167286,1715.6624273229102,142823,0
2219.3006335808095,1.0007939140153639,0.0012232722783822455,1919.3341603860579,1715.66198104473,142824,0
2219.3075778424063,1.0008020927472467,0.0012225721800144342,1919.3337669934824,1715.6626571628453,142825,0
2219.3145221040036,1.000380271138104,0.001222580720605636,1919.335591198524,1715.6622226178993,142826,0
2219.321466365601,0.999954497566302,0.001222763903577876,1919.3360245404267,1715.6623308538694,142827,0
2219.328410626732,0.9999513944059908,0.0012226362584428668,1919.3343421356187,1715.6617521078454,142828,0
2219.335354887864,0.9982157598789804,0.0012219654693282843,1919.3348034082323,1715.6620548116814,142829,0
2219.3422991489965,1.0011926767118693,0.0012229361405043432,1919.334788514468,1715.6614056097774,142830,0
2219.349243410128,1.0000240780258993,0.001222732499790421,1919.3347463721184,1715.6617593997314,142831,0
2219.3561876707936,1.0007647477620811,0.001223345307016358,1919.3361769238688,1715.6621067703175,142832,0
2219.363131931925,1.0028686455795115,0.001223855389427836,1919.3337232341312,1715.6606964959599,142833,0
2219.3700761925916,1.0021074350679122,0.001223634140505687,1919.332854607256,1715.6608639875262,142834,0
2219.377020452792,0.9991768702437482,0.001223749151203451,1919.3334741008352,1715.6610680049412,142835,0
2219.383964713458,1.0019984157095962,0.0012239730199263502,1919.3333818287458,1715.6603285074584,142836,0
2219.390908973659,0.9998310436746756,0.0012229822935617407,1919.334712043376,1715.6617225028742,142837,0
2219.3978532338588,0.9989588057212055,0.0012228197756914768,1919.3351051732172,1715.6612361811624,142838,0
2219.404797493593,0.9995576631944395,0.0012235057870196011,1919.3354358350025,1715.6629796450236,142839,0
2219.4117417537936,0.9970237774916493,0.0012235665537650704,1919.3349640296774,1715.6626542651645,142840,0
2219.4186860135283,1.0011011865680672,0.0012235633115276494,1919.3334917607076,1715.660955868374,142841,0
2219.4256302732633,0.9996418930155806,0.0012236502816974097,1919.334614333257,1715.6619471745234,142842,0
2219.432574532998,1.0006219398382723,0.0012232756320639045,1919.3352426987856,1715.6619406206833,142843,0
2219.4395187922664,1.0007615402343892,0.0012237404952871059,1919.3347688868475,1715.6598455079315,142844,0
2219.446463051535,0.9981664620032803,0.001222838473056491,1919.3351900078612,1715.6611045810625,142845,0
2219.4534073108052,1.0006845460756124,0.0012232530005126389,1919.3342121221433,1715.6613424788518,142846,0
2219.4603515700746,0.998145571263189,0.0012220379729797196,1919.335357854418,1715.6631657735506,142847,0
2219.4672958288775,0.9990564797590444,0.001222859609243567,1919.334603819747,1715.6622772131172,142848,0
2219.4742400876808,0.9998600986180551,0.0012227048840516377,1919.334459094605,1715.661374949302,142849,0
2219.481184346484,0.9997513987090203,0.00122275042139217,1919.3347391023583,1715.661688465523,142850,0
2219.488128605287,0.9966822687999152,0.0012217379981580045,1919.3347009176048,1715.6611157713023,142851,0
2219.495072863625,1.0033016720148222,0.001223511945910109,1919.3357009573474,1715.6624146917077,142852,0
2219.502017121964,1.0001608493958682,0.0012227536251376322,1919.3361270754174,1715.6624400896462,142853,0
2219.508961380301,1.0017437774733453,0.001222980039312047,1919.335878936031,1715.661124943615,142854,0
2219.5159056386383,1.0001083636509025,0.001223143514535806,1919.3350595341788,1715.662015898587,142855,0
2219.5228498965107,1.0019854249766587,0.0012228836934822392,1919.334808716221,1715.6607768738506,142856,0
2219.529794154382,1.0002726408780007,0.0012225603482005911,1919.3339900473304,1715.6614567271433,142857,0
2219.536738412254,0.9988090780751673,0.001222111011364486,1919.3336342783455,1715.6603471647045,142858,0
2219.543682670127,1.0000447049931624,0.0012224950047896197,1919.335106771675,1715.6611164334531,142859,0
2219.550626927533,0.9985888647851398,0.0012221283971382314,1919.3347138714225,1715.660103746629,142860,0
2219.5575711849388,1.0003843108242807,0.0012226964410180464,1919.3344491736566,1715.6616601593298,142861,0
2219.5645154423455,1.0006845700286442,0.0012229473545719088,1919.3351283801157,1715.6609500124948,142862,0
2219.5714596997523,0.9997329630048489,0.0012222481686741768,1919.3349275221728,1715.6610947359234,142863,0
2219.5784039566934,1.0024009835545777,0.0012233642723468937,1919.3338551157756,1715.6610427081537,142864,0
2219.585348213634,1.0009197838312534,0.0012232909930589416,1919.3343926643493,1715.6593227294761,142865,0
2219.5922924705746,0.9988457218707505,0.001223013606320077,1919.333741265009,1715.6592870873305,142866,0
2219.599236727515,1.0009361013631282,0.0012231890635105202,1919.3356979324885,1715.6622305041187,142867,0
2219.60618098399,0.9980248868469207,0.0012217942113351401,1919.3340431428776,1715.660607257937,142868,0
2219.6131252404657,1.0000500999728161,0.0012228435787822803,1919.3346837397696,1715.6602818388108,142869,0
2219.620069496941,1.0004594931178412,0.0012231733217917054,1919.3340664815526,1715.660215545473,142870,0
2219.6270137534157,1.00152930345256,0.0012233760952191624,1919.33343380067,1715.6600215677574,142871,0
2219.633958009425,0.9989730659778779,0.0012228229824049848,1919.3354718625153,1715.6606722446622,142872,0
2219.6409022659,0.9983478686928025,0.0012223222148251556,1919.3327358174529,1715.6594338214313,142873,0
2219.647846521443,0.9982300480250321,0.001221991893364498,1919.334793798403,1715.6600321270007,142874,0
2219.654790777453,0.9985422740882584,0.0012227735863725026,1919.3345844766282,1715.6601198826086,142875,0
2219.661735032997,1.0005879586833908,0.0012226408418105925,1919.3342075618054,1715.6598560841885,142876,0
2219.668679289006,0.9998132678882617,0.001222394477977379,1919.3339306304963,1715.6600473202272,142877,0
2219.67562354455,1.0005879365173067,0.001222866588313595,1919.3354267303005,1715.6621264649896,142878,0
2219.6825677996276,1.000651659871657,0.001223083524671045,1919.335060218347,1715.6602825002988,142879,0
2219.6895120551717,1.0011460954023657,0.0012228985724961506,1919.334616584999,1715.6602425154204,142880,0
2219.6964563102506,0.9983536785147467,0.0012217801120486594,1919.3349624752645,1715.6586834696338,142881,0
2219.7034005653286,1.0016890957059026,0.0012226981760913285,1919.3339959431346,1715.6598591773318,142882,0
2219.7103448199405,0.9998330699798684,0.0012218143918130272,1919.3344172255306,1715.6588997024026,142883,0
2219.7172890750185,0.9998232486922741,0.0012226170614668774,1919.335140985514,1715.6596023488548,142884,0
2219.724233329631,0.9986051291550545,0.001221421480812654,1919.3346715399357,1715.660626851756,142885,0
2219.7311775842436,1.0003126737345978,0.0012220489462419003,1919.3356692963464,1715.6612692475344,142886,0
2219.7381218383907,1.0001882242280298,0.0012218304085653935,1919.3342363727922,1715.6599594188804,142887,0
2219.745066093003,1.002087944373327,0.0012223629259609187,1919.333477674787,1715.659532437949,142888,0
2219.7520103471497,1.0023423566565626,0.0012226544183257348,1919.3351771711764,1715.6604613183756,142889,0
2219.758954601296,1.0011754238959267,0.0012219784691137113,1919.3344065268348,1715.659797453388,142890,0
2219.7658988554426,0.9983782132120409,0.0012214372514402691,1919.3357203390708,1715.6602922139477,142891,0
2219.7728431091236,1.0001801465845552,0.0012221081299703825,1919.3347125144353,1715.6597630784051,142892,0
2219.779787362805,1.0008061821566665,0.0012217866748728717,1919.334453238375,1715.6608790710284,142893,0
2219.7867316164866,1.000661343076693,0.0012216398664301102,1919.335536523342,1715.6605947361065,142894,0
2219.793675870167,0.9996104820215752,0.0012215980048106924,1919.3344696052595,1715.6605071752426,142895,0
2219.800620123382,0.9998219670472319,0.001221575435777941,1919.3351171189315,1715.659905961367,142896,0
2219.807564376598,0.9998346638060216,0.0012221067552211184,1919.3332984001688,1715.6600043044727,142897,0
2219.814508629814,1.0006270681601002,0.00122204731491884,1919.3359336208282,1715.6591574924848,142898,0
2219.8214528830295,1.0007125621638695,0.0012222832950133857,1919.3356405508623,1715.6601084680278,142899,0
2219.8283971362443,1.0016913986943352,0.001222880734680795,1919.3352811798961,1715.6608799701971,142900,0
2219.8353413889945,0.9975045376434359,0.0012214729016472965,1919.3351412203103,1715.6592279060937,142901,0
2219.8422856417437,1.000762091442893,0.0012224850155528487,1919.3339978742201,1715.6586498373088,142902,0
2219.849229894028,0.9967776431293274,0.0012207193115566207,1919.3338042732048,1715.660000446645,142903,0
2219.856174146779,0.9998627233681076,0.00122233715000082,1919.3354801341884,1715.6593047185731,142904,0
2219.8631183990624,0.9994144027106548,0.0012223811253753978,1919.3347244977804,1715.660321701136,142905,0
2219.870062651346,1.0000693930567148,0.0012220950710815385,1919.334212279565,1715.6594944495607,142906,0
2219.8770069036304,0.9985794317444502,0.0012211938152835507,1919.336765872272,1715.6610978451392,142907,0
2219.8839511554484,0.9941571522974899,0.0012201514077915777,1919.3352854185075,1715.661312970902,142908,0
2219.8908954072667,0.9910122835721579,0.0012184645521963566,1919.335544396316,1715.660169656709,142909,0
2219.8978396590865,0.9902962982537319,0.0012177688844269938,1919.3344455047036,1715.6597298585884,142910,0
2219.9047839109044,0.9907873716862381,0.0012181746335943769,1919.3363373376055,1715.6610456051928,142911,0
2219.9117281627223,0.9906442615491614,0.0012178251467391263,1919.3336803557124,1715.6586786478044,142912,0
2219.9186724140754,0.9919108267541229,0.001218768894099123,1919.3341314173792,1715.6582222958364,142913,0
2219.925616665428,0.99164755408605,0.0012185572416545513,1919.3343531067035,1715.6595795217554,142914,0
2219.9325609167813,0.9917318111545532,0.0012180598356809397,1919.33527196673,1715.6604004717476,142915,0
2219.9395051676684,0.9902684190872837,0.0012181198183454998,1919.334542272128,1715.6587792091832,142916,0
2219.946449418556,0.99101949127239,0.0012191504454693051,1919.3353142777612,1715.660254334808,142917,0
2219.9533936694424,0.9916319941766575,0.00121972112147653,1919.3365884373322,1715.6610037075125,142918,0
2219.960337920329,0.9912990573296814,0.0012193870956195224,1919.3347663524937,1715.6598070139153,142919,0
2219.9672821712174,0.992007486075007,0.0012192464328426471,1919.3356653892947,1715.6587220909691,142920,0
2219.974226421639,0.9937908380694243,0.0012189913789283227,1919.335775788661,1715.6600710077619,142921,0
2219.9811706720598,0.9917599389721171,0.0012175510015942905,1919.3348229359688,1715.6587250034531,142922,0
2219.9881149224816,0.9913682953625426,0.0012175728212323277,1919.335606507697,1715.6593673212171,142923,0
2219.995059172437,0.987694590565167,0.0012170700402311173,1919.3367492939515,1715.660351153967,142924,0
2220.002003422392,0.9889247988446943,0.001216781916186645,1919.3360842839575,1715.659438134392,142925,0
2220.0089476723488,0.9880360454486182,0.0012167221705110156,1919.3350772776664,1715.656388643725,142926,0
2220.015891922305,0.9906116147139594,0.0012182177857270977,1919.3341067598344,1715.6580419823624,142927,0
2220.02283617226,0.9891478655214803,0.001217281617309147,1919.3347455361916,1715.6587419703392,142928,0
2220.0297804217507,0.9907123087787424,0.0012179635847738566,1919.3360210095866,1715.661466445788,142929,0
2220.036724671241,0.9909087248771434,0.0012180130577786334,1919.336993835535,1715.6604298564007,142930,0
2220.043668920731,0.9898678378598539,0.001219246397346327,1919.3349356189472,1715.6586974927545,142931,0
2220.0506131697553,0.9930399764635204,0.0012188763998724282,1919.334866206157,1715.659507914278,142932,0
2220.057557419246,0.9933935807014482,0.0012188783107218472,1919.3350640851875,1715.65889875274,142933,0
2220.06450166827,0.9973197737567379,0.001220707785245139,1919.3349023661115,1715.6593242503977,142934,0
2220.071445917294,0.9998655651431955,0.0012215261266772005,1919.3350372014318,1715.6593649117324,142935,0
2220.0783901658533,1.0008399893036541,0.0012218759582965347,1919.334792584083,1715.658685043516,142936,0
2220.085334414878,0.9990319679586944,0.001221781021689775,1919.333324905116,1715.6587541246963,142937,0
2220.092278663437,0.9998083290857974,0.0012225753900858582,1919.3349751659352,1715.6590898417603,142938,0
2220.0992229115304,0.9987807679041119,0.0012214437827100702,1919.3360201721116,1715.6596331175779,142939,0
2220.1061671600887,0.9995687906154377,0.001222560130586968,1919.3344162036806,1715.658806852729,142940,0
2220.1131114081813,1.0017124690887436,0.0012217826461924965,1919.3346119025548,1715.659929009975,142941,0
2220.12005565674,1.001166888311094,0.0012215744666215934,1919.3359337656625,1715.6591103572678,142942,0
2220.126999904368,1.0016609981445557,0.0012220866679191857,1919.334926727909,1715.6587465317787,142943,0
2220.1339441524615,1.0008031942045001,0.0012219014019145113,1919.3359631408264,1715.6590029566116,142944,0
2220.1408884000894,1.0035812296670472,0.0012226251385421755,1919.336055373093,1715.6598016809166,142945,0
2220.1478326477168,1.0020547266917976,0.0012217256823975559,1919.3339449318678,1715.6568333098514,142946,0
2220.1547768953437,1.0008762525297858,0.0012218584584160381,1919.3350099931229,1715.6576970537456,142947,0
2220.1617211429707,0.9991789923714339,0.0012203384311453272,1919.3352855033072,1715.658014090016,142948,0
2220.1686653901334,0.9988980744458716,0.0012207048683614526,1919.3348063359078,1715.6584072033208,142949,0
2220.175609637761,0.9999738073934861,0.0012206881827507043,1919.336093675927,1715.6597778827816,142950,0
2220.182553884457,0.9988209969127253,0.0012205890296235029,1919.335487654523,1715.6579015340124,142951,0
2220.189498131619,1.0017543033886545,0.0012216254889957335,1919.3359988489226,1715.656606010732,142952,0
2220.1964423787804,0.9984454154765007,0.0012205111323848354,1919.3365948945184,1715.6595840971283,142953,0
2220.203386625476,1.0008687260567706,0.001221279160109627,1919.3356342189652,1715.6575790460302,142954,0
2220.210330872173,1.0015088732339106,0.0012223666463796567,1919.335796603008,1715.6584844252518,142955,0
2220.2172751184034,0.9982222221258638,0.0012202155841814723,1919.3351185253491,1715.6571880228923,142956,0
2220.2242193650995,1.0013597068994702,0.0012218215951259853,1919.3360480706503,1715.6592246257214,142957,0
2220.23116361133,1.000305518004796,0.0012209429245884208,1919.3347379687823,1715.6583626990982,142958,0
2220.23810785756,1.0006770780803798,0.0012212964694127745,1919.3358677490146,1715.6583740407286,142959,0
2220.245052103791,1.0016524552260828,0.001221613599679052,1919.3342390561522,1715.6589579135587,142960,0
2220.251996349557,0.9981067917917424,0.001220948467997837,1919.3343803681096,1715.6571395650524,142961,0
2220.2589405953217,0.9987522757953468,0.0012218429155539101,1919.3342497042875,1715.658015475537,142962,0
2220.265884841086,1.0017318228409675,0.0012219938154332767,1919.3363656958961,1715.6585781726108,142963,0
2220.2728290868504,0.9996136818522517,0.001221006351150298,1919.3359984704127,1715.6577162905023,142964,0
2220.27977333215,0.998309844733653,0.0012208592695727826,1919.3351422433393,1715.6572812656336,142965,0
2220.2867175779147,1.00053319400917,0.001221378336958399,1919.3359333494693,1715.6585522158932,142966,0
2220.2936618232143,0.999404188271217,0.0012212808676361248,1919.334740763085,1715.6567192182686,142967,0
2220.300606068048,0.9977658941092782,0.0012203657166558871,1919.3357105644793,1715.6575441229825,142968,0
2220.307550313347,0.9983896074811801,0.0012203017100641917,1919.3352092637772,1715.6575613359526,142969,0
2220.31449455818,0.9999315031547447,0.0012214989146682536,1919.3343124456499,1715.6569421365014,142970,0
2220.3214388030137,1.0005073363126507,0.0012214265708793484,1919.3355974993492,1715.6587115955153,142971,0
2220.328383047847,1.0008195194783913,0.0012211509985800043,1919.3351505968164,1715.6573450191459,142972,0
2220.3353272922154,1.0007756063731332,0.0012210970728089852,1919.334708481408,1715.6590178506544,142973,0
2220.342271537049,1.001107819778546,0.001220958761139282,1919.3344800999193,1715.6563490027775,142974,0
2220.349215781416,0.9996638602267379,0.001220798158220702,1919.335233216908,1715.6565476987025,142975,0
2220.3561600257835,1.0006699071496705,0.0012209439795898053,1919.3341871756927,1715.657397198512,142976,0
2220.363104269687,1.000980212299104,0.001220954242830006,1919.3354109864708,1715.6586100762634,142977,0
2220.3700485135896,1.0016464771645963,0.0012211258085167572,1919.3356913993055,1715.6583249795005,142978,0
2220.376992757957,0.9994621388684146,0.0012204905125245474,1919.3359261505652,1715.658159592457,142979,0
2220.3839370013934,1.001199485910601,0.0012218852937362725,1919.3362129450454,1715.6588085901712,142980,0
2220.390881245296,1.0020143749029031,0.001221185695086589,1919.3343039525112,1715.6553636186138,142981,0
2220.397825488732,1.001430435138809,0.0012205165970397534,1919.3359545168594,1715.6571813767027,142982,0
2220.4047697321685,0.9991982438363779,0.0012199957165957929,1919.3366297482257,1715.6574581130114,142983,0
2220.4117139756063,1.0010844875707468,0.001220826682966027,1919.334762184064,1715.6581926529013,142984,0
2220.4186582190423,1.001072499490667,0.0012210736924997618,1919.334778671184,1715.6566155444998,142985,0
2220.4256024620126,1.0021474537545991,0.0012209374395397018,1919.335981304221,1715.658668671975,142986,0
2220.432546704984,1.00212038087022,0.0012212667309723468,1919.33614295892,1715.657357605301,142987,0
2220.4394909479543,1.001370169167654,0.0012212951491242378,1919.334535735833,1715.6567640107903,142988,0
2220.4464351909255,0.9998538587251573,0.001220866526754049,1919.3364502881918,1715.6576971763677,142989,0
2220.453379433431,1.0003126745844533,0.0012208802953116622,1919.337531145161,1715.658367754781,142990,0
2220.460323675936,0.9992439338179917,0.0012206559120876755,1919.333867944061,1715.656598637682,142991,0
2220.4672679184405,0.9985998221759128,0.0012203154553429311,1919.3342486503361,1715.656187467431,142992,0
2220.474212160946,0.9986426903856025,0.0012202409145759168,1919.3365508651539,1715.657196728165,142993,0
2220.481156402985,0.9975633200910881,0.0012203561575678777,1919.3354641057258,1715.6574339164342,142994,0
2220.4881006454907,0.9990926214272865,0.0012210852844334597,1919.3348754318433,1715.6571028219198,142995,0
2220.495044887531,0.999598329552193,0.0012211119364067815,1919.3356115335573,1715.657241674468,142996,0
2220.501989129105,0.9991564388432543,0.0012214431495797555,1919.3357492293171,1715.658160328132,142997,0
2220.508933371144,0.9989303163388427,0.0012208480173719108,1919.335692766802,1715.6576265110416,142998,0
2220.5158776127178,0.9985481589089327,0.0012205404451555942,1919.3346033623857,1715.6576880347995,142999,0
2220.5228218542925,0.9994920066418472,0.0012214018904511893,1919.3371511409437,1715.6590329482992,143000,0
2220.5297660958668,1.0022228455580162,0.0012222197053253512,1919.3351128378063,1715.656972425155,143001,0
2220.5367103369745,0.9978073376958195,0.0012200794487728101,1919.3355466962605,1715.657030578716,143002,0
2220.543654578083,1.0005741430304655,0.0012209190111479187,1919.334155614306,1715.6565108036555,143003,0
2220.550598819191,1.0009509693964243,0.0012208629982239955,1919.3360384803884,1715.6581466836733,143004,0
2220.5575430602985,0.9993887146978121,0.0012206951187109154,1919.336871206261,1715.6570730555447,143005,0
2220.564487301407,1.0002297386351695,0.0012204029850215715,1919.335585361365,1715.6558621890722,143006,0
2220.57143154205,0.9991868336560145,0.0012198717441044159,1919.335887677305,1715.6549982603167,143007,0
2220.578375782692,0.9993785153480115,0.0012205565145176124,1919.3371909680764,1715.65940323568,143008,0
2220.585320023335,1.0022131670294332,0.001221334647712118,1919.3367273474191,1715.6574318447658,143009,0
2220.5922642635114,1.0039922677868056,0.0012216092764964668,1919.3362683008843,1715.6565200129933,143010,0
2220.5992085041535,0.9994226302780049,0.0012208995448790307,1919.337887806102,1715.6578158821126,143011,0
2220.6061527443317,1.001832378116451,0.0012209895041976713,1919.3355671805525,1715.6565973469249,143012,0
2220.613096984509,0.9989656252375086,0.001219873471852168,1919.3345256839582,1715.656045780866,143013,0
2220.6200412242197,1.0023294325367045,0.0012212282260039044,1919.3356475619642,1715.6559777304192,143014,0
2220.626985463931,1.0009686331666905,0.001221046871893414,1919.3356580953048,1715.6558742071236,143015,0
2220.6339297041077,1.000887238843041,0.0012212315820788885,1919.3375727990938,1715.6577982484246,143016,0
2220.6408739433537,1.001966823956157,0.0012211338138606702,1919.3362514138682,1715.6560472639264,143017,0
2220.6478181830653,1.0019169051726986,0.0012210949833658233,1919.3359322393762,1715.65681558231,143018,0
2220.654762422311,0.9999195093129459,0.0012202131563874266,1919.3365933979246,1715.6574540473825,143019,0
2220.661706662022,0.9995898389149521,0.0012211246892502177,1919.335672900782,1715.6560457118203,143020,0
2220.6686509008014,0.9997551216674567,0.0012214789516531673,1919.3333847079246,1715.6553095233223,143021,0
2220.675595140047,0.9976368980544935,0.0012200016252701129,1919.3370120904226,1715.6584810697816,143022,0
2220.682539378827,0.9995571518566263,0.0012211326811781774,1919.3366892240963,1715.6584544194934,143023,0
2220.6894836180727,0.9984433733710121,0.0012208360890640013,1919.3368424743892,1715.6575931125535,143024,0
2220.696427856853,0.9990652090884581,0.0012208791742412428,1919.335730973347,1715.6553526819257,143025,0
2220.7033720951667,0.9981271431582096,0.0012201709204789312,1919.337385972024,1715.6570415273886,143026,0
2220.710316333946,1.0004963317128936,0.0012213028438860464,1919.3353935818661,1715.6560392613724,143027,0
2220.717260572261,0.9981240855145713,0.001220671168882406,1919.3351953135757,1715.65764066245,143028,0
2220.724204810576,1.000752185542932,0.0012217118307048496,1919.3352192229383,1715.6562896793234,143029,0
2220.73114904889,0.999605678653498,0.0012213188970588026,1919.3362224672621,1715.657968639929,143030,0
2220.7380932867386,0.9986992245289767,0.0012205058335522682,1919.3349105822551,1715.6551617931677,143031,0
2220.745037524587,1.003373535465136,0.0012227890590261422,1919.3352689310627,1715.6552523182327,143032,0
2220.751981762435,0.9996770294089906,0.0012210783075000686,1919.3370710286383,1715.6586594880387,143033,0
2220.758926000284,0.9992797982968515,0.0012205698873531455,1919.334039459165,1715.6559662700356,143034,0
2220.7658702381336,1.0001038205091384,0.0012206468152233766,1919.3365532348546,1715.6568156062876,143035,0
2220.7728144755165,0.9976011722429512,0.0012198752141268246,1919.3367445328417,1715.6562710188189,143036,0
2220.779758712899,1.000861465275736,0.0012206394652734128,1919.336335519397,1715.656984210303,143037,0
2220.786702950282,1.001039676710884,0.001221290225230953,1919.337036172646,1715.6568997759953,143038,0
2220.7936471871985,1.000751870618835,0.001220706651773635,1919.337059878147,1715.658106588253,143039,0
2220.8005914245814,1.0017755719564228,0.0012211206437469316,1919.337601219653,1715.6577466157332,143040,0
2220.8075356615,0.9990459712593309,0.0012209555867754786,1919.3370665512055,1715.6566524397879,143041,0
2220.814479897951,0.9997934879313858,0.0012200602557187875,1919.3368334806446,1715.6573490280873,143042,0
2220.821424134868,1.0023137854390978,0.0012209401790361767,1919.3366886754434,1715.6563262907653,143043,0
2220.82836837132,1.001211864692041,0.0012204585840310536,1919.3354313622108,1715.6567879742836,143044,0
2220.835312607771,0.998792196672545,0.001220748776908491,1919.335174447468,1715.6559461060829,143045,0
2220.842256844223,0.9991095712724816,0.0012198584083198784,1919.335370278027,1715.656764669574,143046,0
2220.849201080675,1.0005073750462201,0.001221101072010037,1919.3367487233663,1715.657684309474,143047,0
2220.8561453166612,1.0026704960892554,0.0012212215134793974,1919.3370378996985,1715.6564094812497,143048,0
2220.8630895526467,0.9993599233700613,0.0012200820633576654,1919.336765684275,1715.656094648428,143049,0
2220.870033788632,0.9980957612853342,0.0012199755496165308,1919.3363950235148,1715.6563389438836,143050,0
2220.8769780246184,1.0020567220313088,0.0012212405699813468,1919.3356714549873,1715.6560443488931,143051,0
2220.883922260139,1.0003108295897403,0.0012212241105284656,1919.336923444826,1715.6559747622496,143052,0
2220.8908664961255,1.0020959683862256,0.0012216551782410605,1919.3364034022968,1715.6548120966827,143053,0
2220.8978107316457,1.000524043727105,0.0012213189942865612,1919.3362121593973,1715.6556988276277,143054,0
2220.9047549667,0.9998872112053663,0.0012205848616812114,1919.3357639749063,1715.657198319536,143055,0
2220.9116992022196,0.9987637384444797,0.0012212470551149017,1919.3361330419987,1715.656463648188,143056,0
2220.918643437275,0.998699706412247,0.0012207321947777172,1919.334549851892,1715.6540899834945,143057,0
2220.92558767233,0.9994145925659992,0.0012203800258738288,1919.3363419396417,1715.655535298721,143058,0
2220.932531907384,0.9980861410572007,0.001219993087541143,1919.3379002495712,1715.656580083236,143059,0
2220.9394761419735,1.0001054750240272,0.0012201115353858722,1919.3354668065442,1715.654204252589,143060,0
2220.946420376562,0.9996122362926639,0.0012216234564205017,1919.3364497729715,1715.6565266859873,143061,0
2220.9533646111504,0.9979335131125484,0.0012198339022609554,1919.3377589629695,1715.657199086988,143062,0
2220.96030884574,1.0020424618379522,0.0012206926675310005,1919.3360343747502,1715.656387676661,143063,0
2220.96725308033,0.9980182472902285,0.001220115789266252,1919.338535805997,1715.6586670703393,143064,0
2220.974197314453,0.999192623329818,0.0012198840317851237,1919.3344640146058,1715.6544362723469,143065,0
2220.9811415485756,1.0011998059612799,0.00122052611766892,1919.3369183034013,1715.6554107166742,143066,0
2220.9880857826993,0.9991247241588112,0.0012196244137908897,1919.3378861251385,1715.6574513829103,143067,0
2220.9950300163564,1.0011272205526431,0.0012205314369093047,1919.3366980136268,1715.6553514788866,143068,0
2221.00197425048,1.0000102829792885,0.0012200896697483888,1919.3367606785498,1715.655358207576,143069,0
2221.0089184841386,1.001052086912196,0.0012203205940069985,1919.3361304998903,1715.654795989823,143070,0
2221.0158627177957,1.0000229896079176,0.0012192873206651209,1919.3341017105704,1715.653310679946,143071,0
2221.022806950987,0.9992788561844905,0.0012188483447283015,1919.336813492264,1715.656272770551,143072,0
2221.0297511846447,1.001836614129892,0.0012200697963599748,1919.3370650439394,1715.653950058509,143073,0
2221.036695417837,1.001542717973947,0.0012199023854299823,1919.335367508535,1715.6550646780202,143074,0
2221.0436396510295,1.0024839295435342,0.0012206719932052704,1919.336618690475,1715.6557058250864,143075,0
2221.050583883756,0.9999693140931908,0.0012196331214382454,1919.3383577035042,1715.6570473903894,143076,0
2221.0575281169477,1.0011604632022684,0.0012204537875312288,1919.3357019557377,1715.655065192542,143077,0
2221.0644723496735,0.9988036556659337,0.0012194088779575042,1919.3357939754278,1715.6545270720972,143078,0
2221.0714165824,1.0017810996300922,0.0012208285795419656,1919.33513454826,1715.6540488300718,143079,0
2221.0783608151264,1.002061905062623,0.0012199230930226353,1919.3366381812534,1715.65579469461,143080,0
2221.085305047387,0.9990590052506412,0.001219411849287521,1919.337401159591,1715.656603472904,143081,0
2221.092249279648,0.9994070609362729,0.0012199323907760315,1919.338179639286,1715.6556563496013,143082,0
2221.099193511909,1.0009279950195433,0.0012200020734705027,1919.337115048819,1715.6544139390926,143083,0
2221.1061377441692,1.0009729017748656,0.0012218442457198261,1919.3349121959009,1715.654521680076,143084,0
2221.1130819759637,1.0000562303357987,0.0012203028438441041,1919.3368422859255,1715.6549864477452,143085,0
2221.1200262082257,0.9982992408274523,0.0012194660284607572,1919.3369611632222,1715.6577248400808,143086,0
2221.1269704400206,1.001493528792153,0.0012212069067444222,1919.3379661788924,1715.6547196357044,143087,0
2221.1339146713494,1.001392452770145,0.0012208561543781617,1919.3363695381101,1715.6535915175805,143088,0
2221.1408589031444,0.9981171352435848,0.001219454498593228,1919.3377456819305,1715.6554317099788,143089,0
2221.147803134473,0.9978788988936018,0.0012196584032902204,1919.3356928272262,1715.655947092204,143090,0
2221.154747365803,0.9982053102408458,0.0012196606535959489,1919.3364796019432,1715.6547022178702,143091,0
2221.1616915971335,0.9975252331182018,0.0012190543378079648,1919.3352660227936,1715.6546560173942,143092,0
2221.1686358284624,0.9987015791516252,0.0012198441970944142,1919.3376844221596,1715.6563990238628,143093,0
2221.1755800593255,1.0004810236285695,0.0012207723603534508,1919.3361527675515,1715.6553637599598,143094,0
2221.182524290189,1.0008354808066595,0.0012198797814141976,1919.336979773153,1715.6554133972402,143095,0
2221.1894685210527,1.0030013560138948,0.0012216958363385061,1919.336249747002,1715.654597238188,143096,0
2221.1964127519163,1.0021822174512303,0.0012203111001060788,1919.33720055639,1715.654984424358,143097,0
2221.203356982315,1.0016398495222067,0.001220881059207868,1919.3384361532046,1715.654850157505,143098,0
2221.2103012127136,0.9995248342119789,0.0012198445879312743,1919.3377686062456,1715.6557279360309,143099,0
2221.217245443111,1.0004427587691114,0.0012193956823734022,1919.3371264140078,1715.6549951744175,143100,0
2221.2241896735086,1.001898286595944,0.0012199885451072143,1919.3367342546383,1715.6547538614166,143101,0
2221.2311339034413,1.000494479658455,0.0012192734969512186,1919.336219373798,1715.6560593706238,143102,0
2221.2380781333736,1.0016623599214263,0.0012201769667316198,1919.337922609999,1715.6552077502347,143103,0
2221.2450223633064,1.000172169510454,0.0012194507952458353,1919.337089736028,1715.6536891500568,143104,0
2221.2519665932386,0.9991983066863772,0.0012206443043652634,1919.3349937226214,1715.6544792178006,143105,0
2221.2589108231705,1.001183490651669,0.0012207382201372642,1919.337968897875,1715.6554774273923,143106,0
2221.265855052637,0.9998161098370156,0.0012207318469754855,1919.3383772770799,1715.6558634890957,143107,0
2221.2727992821037,0.9995637922840361,0.0012194733164383113,1919.337618749798,1715.6542870960886,143108,0
2221.279743511105,1.000974491041466,0.001220791858015253,1919.3369262927486,1715.6558937421657,143109,0
2221.2866877405722,0.9996578513799094,0.001219064466522789,1919.3359145490556,1715.6542196381379,143110,0
2221.293631969573,0.9995768124643707,0.0012190319797962203,1919.335209353357,1715.6548770539082,143111,0
2221.300576198574,1.0016122219192622,0.0012206986851294554,1919.3375297145906,1715.6555397710438,143112,0
2221.3075204275747,0.999845749673406,0.0012191075630864593,1919.3374623280565,1715.6534904752834,143113,0
2221.314464656576,1.0003341158256378,0.0012199765381166758,1919.3361337449035,1715.6536223601322,143114,0
2221.321408885112,0.9962445574748474,0.0012183912281232526,1919.337607643272,1715.6556106078235,143115,0
2221.3283531136467,0.998528879455139,0.0012194324756173312,1919.3375482119193,1715.6559040264028,143116,0
2221.3352973421825,0.9983122524816774,0.0012197186981886157,1919.3371859329734,1715.6546996359823,143117,0
2221.3422415702526,0.9991399684161686,0.0012206311895181384,1919.3368242592685,1715.6536716080627,143118,0
2221.3491857987874,0.998651936356901,0.0012196282823241523,1919.3383128360872,1715.6559621910685,143119,0
2221.3561300268575,0.9981606708853779,0.0012190943437716177,1919.3364124220357,1715.6539566969007,143120,0
2221.3630742549276,0.9992468589474688,0.0012202291636416883,1919.3365117196915,1715.6546985567938,143121,0
2221.370018482997,1.0014484009520062,0.0012203195578550452,1919.335870756577,1715.6540662897964,143122,0
2221.3769627106003,0.9975332412554151,0.0012195343427799468,1919.3364699738459,1715.6548511828876,143123,0
2221.3839069382047,0.9993091463394284,0.0012190821039103341,1919.3384293258614,1715.6545900470335,143124,0
2221.3908511658083,0.9990737514706436,0.0012184568696162353,1919.338443051227,1715.6550929449484,143125,0
2221.3977953934127,1.0003542025536805,0.0012191753286361097,1919.3366186254739,1715.6543389879257,143126,0
2221.404739620552,1.0004310346991483,0.00121953812576912,1919.336537692181,1715.6544002626617,143127,0
2221.4116838476903,1.0003516891332456,0.001218855875103197,1919.3369324703488,1715.6539689685533,143128,0
2221.418628074828,0.9997226370192351,0.0012186847469767108,1919.3377138438275,1715.656038394862,143129,0
2221.4255723019664,1.0003196758412038,0.0012187550969370569,1919.3364494864734,1715.6530800951598,143130,0
2221.4325165291048,1.0018641436350406,0.0012187179120644663,1919.3364801955076,1715.6529889184187,143131,0
2221.439460755778,1.000851866690181,0.0012191424848576374,1919.3400794958327,1715.6565890158904,143132,0
2221.446404982451,0.9992333919207878,0.0012181036706442753,1919.3379256416065,1715.655191468104,143133,0
2221.481126113952,1.00187288966761,0.0012189858739733493,1919.338268886908,1715.6532728091663,143138,0
2221.4880703401586,0.9992619521844098,0.0012176200477773211,1919.3369672368667,1715.6529325950453,143139,0
2221.4950145659004,1.0034606101023302,0.0012201738223899463,1919.3362085219285,1715.6517942235882,143140,0
2221.5019587916413,1.0029514270887672,0.001218692597126902,1919.3368299956012,1715.651758584905,143141,0
2221.508903017382,1.0002675151794385,0.0012182665724280635,1919.3380210938467,1715.6530066624973,143142,0
2221.515847243125,1.0032262101892386,0.0012191442581805706,1919.337871033209,1715.6516307125094,143143,0
2221.5227914684006,0.99822729131216,0.0012181132149979995,1919.337203991536,1715.6510535263421,143144,0
2221.529735693676,1.0016226431511515,0.0012180919301916736,1919.3376444622302,1715.6527433278093,143145,0
2221.536679918952,0.9970618843519183,0.0012167164588801022,1919.33784255236,1715.653416565972,143146,0
2221.543624144227,1.000935851226056,0.001218062021173513,1919.3371965264487,1715.6523027181295,143147,0
2221.5505683690367,1.000293204679692,0.0012178253504831237,1919.3372926768525,1715.6518773927348,143148,0
2221.5575125943133,0.9989501803545064,0.001217495727176951,1919.3363520291218,1715.6522849685402,143149,0
2221.5644568191237,0.9996050292266526,0.0012178312708010272,1919.336692391066,1715.6521208909871,143150,0
2221.5714010434676,1.000951912850917,0.001218184132401095,1919.3374596806518,1715.6521908741067,143151,0
2221.578345268278,1.0016356148786236,0.0012181736474690887,1919.3372802894178,1715.652244878326,143152,0
2221.5852894926225,0.9995263627477643,0.00121720864173635,1919.3368671904093,1715.651756616301,143153,0
2221.5922337169673,0.999142660496293,0.001217836165349475,1919.3376116011034,1715.6515517909415,143154,0
2221.5991779413116,1.0000442132271055,0.0012176087722012257,1919.3373067459506,1715.652196574383,143155,0
2221.6061221651908,0.998364336812888,0.0012167581354820675,1919.3363317096876,1715.650631560576,143156,0
2221.6130663895347,0.9999679335673027,0.0012166532447522682,1919.3375600597392,1715.651279376053,143157,0
2221.620010613413,1.0005204006046937,0.0012168319461863058,1919.3366697501365,1715.6528478735943,143158,0
2221.626954837292,1.00007604595259,0.001217383496179726,1919.338058757685,1715.6519118258484,143159,0
2221.6338990607055,1.0001237089948547,0.0012171067161848553,1919.337160799859,1715.65028022509,143160,0
2221.640843284584,0.999587740325561,0.0012163148420689183,1919.336664528227,1715.6506066170982,143161,0
2221.6477875079977,1.0003982997555523,0.0012171894846148006,1919.33506909008,1715.6506368167945,143162,0
2221.6547317314103,0.9978663923692874,0.0012153004286694006,1919.3376900310357,1715.6516968712351,143163,0
2221.661675954357,1.0024409283553306,0.0012170460452838128,1919.338877937813,1715.6521062737502,143164,0
2221.66862017777,1.0004817019659742,0.0012161601586201417,1919.3375026368929,1715.6520339058404,143165,0
2221.675564400718,1.0008288678816013,0.0012162925006641296,1919.3384248888433,1715.652912715376,143166,0
2221.682508623666,1.0012666448722847,0.001216511372090247,1919.338449902678,1715.6530999382494,143167,0
2221.689452846148,1.000519006347264,0.001216078705391709,1919.3373307268328,1715.6505941419655,143168,0
2221.696397069095,1.000285545536895,0.001215822598175197,1919.338479053957,1715.6516231824437,143169,0
2221.703341291576,1.0020902615645901,0.0012163106238021251,1919.3371933647084,1715.6515551789005,143170,0
2221.710285514059,0.9982971146198825,0.0012159020237454635,1919.3385917617418,1715.6507140261538,143171,0
2221.7172297365414,0.9999414008152561,0.0012164482517169899,1919.3379502286703,1715.6516389583414,143172,0
2221.724173958557,1.0002248296172898,0.0012170506884152659,1919.3375539652627,1715.6518966062904,143173,0
2221.7311181805726,1.0023161726303522,0.001216822511022103,1919.3372200362762,1715.6515719977979,143174,0
2221.738062402589,0.9999464468973029,0.0012166117166014202,1919.3383179585396,1715.6500118132449,143175,0
2221.7450066246047,0.9991677004496174,0.0012157204924242786,1919.3379671008577,1715.651819149233,143176,0
2221.751950846621,0.998731730505703,0.001216062386246354,1919.3367582091028,1715.6516333871698,143177,0
2221.7588950681725,1.000032454006444,0.001216131648459158,1919.336370077688,1715.6508830242824,143178,0
2221.7658392897224,0.9996823891855292,0.0012160040361776714,1919.3377839844989,1715.6525307909274,143179,0
2221.7727835112723,1.0025531442026685,0.0012172822085492867,1919.3389100993631,1715.6520695449433,143180,0
2221.779727732357,1.001551893175859,0.0012169048524036724,1919.3378148669099,1715.6516791018907,143181,0
2221.786671953907,0.9993091218689149,0.0012166207192220704,1919.3370087851704,1715.6518381981316,143182,0
2221.793616174992,0.9966550183346576,0.0012156143035397845,1919.3377342934702,1715.6511720750143,143183,0
2221.8005603960783,0.9976836478095079,0.0012153028517772598,1919.33704112146,1715.6505644487127,143184,0
2221.807504616697,0.9977988968033421,0.0012162789653087055,1919.3381803662571,1715.6509757182516,143185,0
2221.814448837781,1.002323482009246,0.001217321758336311,1919.3380241468697,1715.651514119119,143186,0
2221.8213930584,0.9994054036623474,0.0012159218942442652,1919.3374037756905,1715.650196881449,143187,0
2221.8283372790197,0.9993000132131722,0.0012156524553804447,1919.3365870412,1715.6509989894607,143188,0
2221.835281499173,0.9990793663778171,0.001215639941814498,1919.337071592633,1715.650326218678,143189,0
2221.8422257197926,0.9994457869339923,0.0012164645725272084,1919.3380829314767,1715.6511945783966,143190,0
2221.8491699399465,1.0001636967564767,0.001215702523578219,1919.3372628119073,1715.6522205572558,143191,0
2221.8561141600994,1.0012716479680226,0.0012159332543157143,1919.3367396318358,1715.651511355518,143192,0
2221.8630583802524,1.0017470688504568,0.0012156502916408642,1919.3380156673402,1715.6510334492805,143193,0
2221.870002599941,1.0001842580989722,0.0012156504697142484,1919.3391566053872,1715.6518502999443,143194,0
2221.8769468200944,1.000796765505652,0.0012149664828867237,1919.3372115097436,1715.6488458283577,143195,0
2221.883891039782,1.0017403056670915,0.0012158012325363553,1919.338160124855,1715.6505279312983,143196,0
2221.8908352590042,1.002232148351239,0.0012165550874777917,1919.3369889483834,1715.6509673280566,143197,0
2221.8977794786915,0.9991522873581287,0.0012147306473823136,1919.338368127848,1715.6503525675753,143198,0
2221.904723697913,1.0021500419494829,0.0012156305589305805,1919.3388728489729,1715.651441297156,143199,0
2221.9116679171366,1.0007936668010773,0.0012157407774168484,1919.3387651755008,1715.6516519269674,143200,0
2221.918612136359,0.9967866820688117,0.0012135042010822613,1919.3375986410092,1715.6498381603665,143201,0
2221.9255563555807,1.0011351140233742,0.0012155596409604112,1919.3385848927078,1715.6507748615645,143202,0
2221.932500574337,1.0019986679750856,0.0012159813686914603,1919.3381791442132,1715.6510408383774,143203,0
2221.9394447930936,1.000154326206403,0.0012156643084188967,1919.338252028133,1715.650205819849,143204,0
2221.9463890118495,0.9996976857324038,0.0012156722353577132,1919.3383869953857,1715.6492002390623,143205,0
2221.9533332306064,1.0006307065190339,0.0012156395570175557,1919.338037797489,1715.6503657073781,143206,0
2221.9602774488976,0.9996732101048471,0.0012158561474902496,1919.3376296145889,1715.649864432488,143207,0
2221.967221667188,0.9973822475468023,0.0012146414202942476,1919.3366235539552,1715.6494185865236,143208,0
2221.974165885479,0.9997478350261277,0.0012155145685267086,1919.3378665544778,1715.65092515255,143209,0
2221.9811101037703,1.0011939114197703,0.0012161894146800957,1919.338172285124,1715.6518162471484,143210,0
2221.9880543215954,0.9998748194852082,0.0012157460882060709,1919.3372079983806,1715.6492700113727,143211,0
2221.994998539421,0.9985909037601923,0.0012154523728817087,1919.3370597651037,1715.6503892355017,143212,0
2222.001942757246,0.9999448314984465,0.0012153212538803372,1919.337321447387,1715.65025322848,143213,0
2222.0088869750707,1.0001981076363815,0.001215723236487917,1919.3372413591642,1715.6495961732476,143214,0
2222.0158311928953,0.9989681571888785,0.0012151456702758259,1919.3370090324752,1715.65077692688,143215,0
2222.0227754102552,0.9995804733165627,0.0012155792671428272,1919.336978958227,1715.649660821307,143216,0
2222.029719627615,1.0003912398023749,0.0012169535195444396,1919.3386965230773,1715.6489481723245,143217,0
2222.036663844975,0.9990685007167803,0.0012150520726097152,1919.3384746448437,1715.6507985262883,143218,0
2222.043608061869,0.9990243766473886,0.0012155358397895773,1919.337232602233,1715.64904617961,143219,0
2222.0505522792278,1.0000592434143758,0.0012155370733656422,1919.3381143071915,1715.6509099421742,143220,0
2222.057496496121,1.000206526515078,0.0012151603801689764,1919.3375468944612,1715.6498528698962,143221,0
2222.0644407125496,1.0010967854598332,0.0012157534205887405,1919.338022351813,1715.6500603914021,143222,0
2222.0713849294434,0.9998031110788619,0.0012155489506333334,1919.3384248347481,1715.6504403027132,143223,0
2222.078329145872,1.000355248431528,0.0012152132845717992,1919.339161166518,1715.6497782752513,143224,0
2222.085273362766,1.0004831854940404,0.0012149093743963506,1919.33880034215,1715.6496101684156,143225,0
2222.092217578728,1.0013413407127545,0.0012165164268163398,1919.3384474975444,1715.6504715916865,143226,0
2222.099161795156,1.0002666263859725,0.0012156848417833159,1919.3386452067186,1715.6494217501104,143227,0
2222.106106011119,1.0023294961560933,0.001215559014357621,1919.3389974585398,1715.6509732182994,143228,0
2222.1130502275482,1.0017109852436912,0.001215028497098633,1919.3381568512993,1715.648810186363,143229,0
2222.11999444351,0.9996066862869689,0.001214487666467157,1919.3384942573177,1715.64959526817,143230,0
2222.1269386590066,1.0010849575662626,0.0012149053288888457,1919.3377236482302,1715.649410335861,143231,0
2222.1338828749695,1.0001342690003205,0.0012147322677737305,1919.3384278138376,1715.6488866729699,143232,0
2222.140827090466,0.9999378910564801,0.0012150569771208562,1919.3370239144456,1715.6500888138598,143233,0
2222.147771305963,1.0018425690077903,0.0012154486905502214,1919.3396114867983,1715.650254240226,143234,0
2222.1547155214607,0.9998650353997801,0.001216040596691394,1919.3382483540859,1715.6503445001508,143235,0
2222.1616597364914,1.0008138539460716,0.001215939661568448,1919.3383772675616,1715.649780997571,143236,0
2222.168603951522,1.0006411292153108,0.0012151291387029522,1919.3386068282362,1715.6497085790727,143237,0
2222.1755481665537,0.9995101683929792,0.001215129355322542,1919.3387162655893,1715.6507488398893,143238,0
2222.1824923815843,0.9997930860287183,0.0012157224107148124,1919.3384029552078,1715.6500535305465,143239,0
2222.1894365966155,0.9983020492456713,0.0012148259435570256,1919.3382768929357,1715.6485711344906,143240,0
2222.1963808111823,0.9988176377289679,0.001214561121398871,1919.3393229263927,1715.6505072687771,143241,0
2222.2033250257473,0.9979587433301674,0.0012146623396404232,1919.3387412827963,1715.6516591545685,143242,0
2222.2102692403123,0.9987097270532526,0.0012147610726607745,1919.3395848927796,1715.6510037817695,143243,0
2222.217213454878,0.9993370633295774,0.0012154745803444136,1919.3376181691556,1715.6485981692933,143244,0
2222.224157668978,1.0005995338282205,0.0012151366038584044,1919.3376983347425,1715.6499697239433,143245,0
2222.2311018830783,1.0003140847626844,0.0012151386808347067,1919.3385593148087,1715.649273453596,143246,0
2222.238046097178,1.0015021643125197,0.0012153336229243459,1919.3369430044186,1715.6482622100557,143247,0
2222.2449903112774,0.9996235752739615,0.0012148901495727489,1919.3385027619136,1715.6506556660063,143248,0
2222.251934524911,0.9996846296767951,0.001215135687306734,1919.3390038187017,1715.6495545494743,143249,0
2222.2588787385457,0.9985160886800318,0.0012158129838782412,1919.3387976234478,1715.6507790749376,143250,0
2222.265822952181,1.001181799675927,0.001215847541612665,1919.3389343127915,1715.6499216342322,143251,0
2222.2727671658154,1.0007995750031455,0.0012148543001335916,1919.33806587645,1715.6503418800523,143252,0
2222.2797113789834,1.0012403204213647,0.0012150024801368703,1919.3385790891653,1715.6495893040867,143253,0
2222.286655592618,0.9998804930532165,0.0012145628164832063,1919.3374933723799,1715.6482261932285,143254,0
2222.293599805786,0.998237064867163,0.0012149976652831033,1919.3379519994319,1715.6491423415791,143255,0
2222.3005440184884,1.0005544515328124,0.0012146568127252213,1919.3393028836158,1715.6499764814648,143256,0
2222.3074882316578,1.001012251473782,0.0012147969009928946,1919.339702337596,1715.6491572343675,143257,0
2222.314432444361,0.9997543459585915,0.0012141035078602012,1919.3396700427465,1715.649462370467,143258,0
2222.3213766570634,0.9995441716313458,0.001214006847270299,1919.3372818050907,1715.6477402257385,143259,0
2222.3283208697667,1.0001019019388637,0.001214310005623012,1919.3380495756467,1715.6484282649074,143260,0
2222.3352650820034,1.0014771392584445,0.00121465472939094,1919.3391024920352,1715.6501569978723,143261,0
2222.3422092947058,1.0003010833835362,0.0012140054041151638,1919.3367038470512,1715.646981270197,143262,0
2222.3491535069434,1.0002233172135164,0.0012143625810667258,1919.3390926923244,1715.6491099438158,143263,0
2222.356097719181,1.0030166425423315,0.0012151033177791825,1919.3393759366325,1715.649695515399,143264,0
2222.363041930952,1.0006132706821396,0.0012151154076795604,1919.3379360368124,1715.6479747173028,143265,0
2222.3699861431896,0.9992737616193376,0.0012140905807236906,1919.3384338698813,1715.6496727278036,143266,0
2222.3769303549607,1.0001972267169736,0.0012149671939369047,1919.337485320374,1715.648110737912,143267,0
2222.3838745667326,1.0026576540062784,0.0012156118708584105,1919.338150847885,1715.647925521692,143268,0
2222.3908187780394,0.9998119224716211,0.001214496936716999,1919.3373362120708,1715.648631208032,143269,0
2222.397762989811,0.9972120733093821,0.0012136326601834327,1919.339197560145,1715.6497387769782,143270,0
2222.4047072011163,0.9987354970179004,0.00121477668652463,1919.340366356805,1715.6497398272047,143271,0
2222.411651412422,1.0012065698319537,0.0012150374444674212,1919.338989606234,1715.6487528950515,143272,0
2222.418595623728,0.9987071519928732,0.0012143875207305404,1919.337771964851,1715.6474606474187,143273,0
2222.4255398345686,1.0012142469458556,0.0012150059379455545,1919.3373014553945,1715.6487889124035,143274,0
2222.432484045409,0.9970979241372465,0.00121399817885541,1919.3371226628894,1715.6482130762297,143275,0
2222.43942825625,0.9997387038575819,0.0012145383488822337,1919.3382612763994,1715.6484660364672,143276,0
2222.4463724670895,0.9986910901639169,0.0012144721876551417,1919.3392706770537,1715.6500849386907,143277,0
2222.4533166779293,1.000735406723121,0.0012149092444701162,1919.3384615913567,1715.6484824249958,143278,0
2222.4602608883038,0.9984556841746289,0.0012143576324502698,1919.3394734970298,1715.6491425123145,143279,0
2222.4672050986787,0.9986334941930243,0.0012140619569843798,1919.3381540437508,1715.6480725248482,143280,0
2222.4741493090532,1.0011467933283946,0.001214753639058792,1919.3381565252369,1715.6483652349903,143281,0
2222.4810935189626,1.0024607168715105,0.0012153254846891605,1919.3389642462848,1715.6482083557362,143282,0
2222.4880377293366,0.9995131314850081,0.0012156030393286389,1919.337253551568,1715.6480600887526,143283,0
2222.494981939245,1.0015506502663416,0.001214922144665418,1919.3386998875262,1715.6499926698184,143284,0
2222.501926149155,1.0003082200210822,0.001214077038252892,1919.3388295562402,1715.6489301387041,143285,0
2222.5088703585984,1.0006276032906807,0.0012140309569972725,1919.3395335869282,1715.6481613828198,143286,0
2222.515814568507,1.0017314851033783,0.0012143897877877436,1919.3392621331952,1715.6487153788546,143287,0
2222.5227587779505,0.9995410849712338,0.001213764127717571,1919.3380031533743,1715.648161432379,143288,0
2222.5297029873936,1.0005262409816467,0.0012141775819975338,1919.337942861929,1715.647041757551,143289,0
2222.5366471963707,0.9997322026183889,0.0012133981296484678,1919.3387972156245,1715.6476161036412,143290,0
2222.5435914058144,1.001883309154211,0.001214605832582531,1919.3394480841955,1715.6489378392343,143291,0
2222.550535614793,1.0002834611527351,0.0012139034806789315,1919.3378606778444,1715.6471786788156,143292,0
2222.5574798237703,1.0013511954014485,0.001214269039699666,1919.3396129006157,1715.6493974368323,143293,0
2222.5644240327474,1.0047503989927815,0.0012156443032591189,1919.3376855034132,1715.6466717474248,143294,0
2222.5713682412593,1.0008229438833773,0.0012142926005948656,1919.3375267922722,1715.6472308850841,143295,0
2222.5783124497707,1.0000656591787915,0.0012142082227589064,1919.339212940137,1715.6475131785162,143296,0
2222.5852566582826,1.0024297483444267,0.001216013563888885,1919.3386522217324,1715.646971774149,143297,0
2222.592200866796,1.002998461938886,0.0012153158891833448,1919.3382207074162,1715.6473177173448,143298,0
2222.599145075307,0.9988484668127058,0.001213568262485926,1919.3393390364565,1715.6490464651383,143299,0
2222.606089283353,0.9966017378068571,0.0012149493690496247,1919.3381409080841,1715.64712217254,143300,0
2222.6130334913996,1.0000483101316588,0.0012143016852610871,1919.338885081851,1715.6484538196194,143301,0
2222.6199776994454,0.9996842197460772,0.001213860589516741,1919.3404633021482,1715.6482085852087,143302,0
2222.6269219070264,1.0018549073196665,0.0012148513109988036,1919.337209784938,1715.646958652424,143303,0
2222.633866115073,0.9993087014788113,0.0012139865070008899,1919.3388373343798,1715.6487149977988,143304,0
2222.640810322653,0.9984690714093503,0.0012138150534348805,1919.3391612842593,1715.6479024227465,143305,0
2222.6477545302337,0.9999229589075751,0.0012145392458976887,1919.3396906074108,1715.64736144824,143306,0
2222.6546987373486,0.9996481204661184,0.0012140770702064136,1919.3383375958383,1715.6467084973967,143307,0
2222.6616429449296,0.9967159284511096,0.0012131903013381522,1919.3372513935599,1715.646278283323,143308,0
2222.668587152045,0.9982212029875296,0.0012141702579971094,1919.3395911167186,1715.6478331071164,143309,0
2222.6755313591602,1.0006508069172475,0.0012141768411986188,1919.3392181906986,1715.6466664484944,143310,0
2222.6824755658095,1.0011219660759962,0.0012144608362604271,1919.3386918445779,1715.6478575559368,143311,0
2222.689419772924,0.9974842454351192,0.0012134611762592727,1919.340023513518,1715.6486867382791,143312,0
2222.6963639795727,0.9989214768966508,0.0012132205286250178,1919.3391456692946,1715.647643276443,143313,0
2222.703308186223,1.0002693191298793,0.0012142500083582076,1919.3405395814343,1715.6478190865864,143314,0
2222.7102523928725,1.0004387717839685,0.0012135797598934212,1919.3366990752538,1715.646379193962,143315,0
2222.7171965990556,0.9999086452596023,0.0012136711380826548,1919.3393728053113,1715.6475647744314,143316,0
2222.7241408052396,1.001261657308516,0.0012135666478333526,1919.3396116270042,1715.6489298174654,143317,0
2222.7310850114227,1.0013391014960915,0.0012137595341970833,1919.3382537546809,1715.6476131336651,143318,0
2222.738029217606,1.000537246165799,0.001213042940740722,1919.3396601887127,1715.6481323810756,143319,0
2222.7449734237903,1.0015919738447079,0.0012141320025232335,1919.3393377686189,1715.647569142228,143320,0
2222.751917629508,0.9997278693323203,0.001213126022074119,1919.3386358086507,1715.6471430388988,143321,0
2222.758861835226,1.000892959324917,0.0012132952955745053,1919.3412314005698,1715.6468379430685,143322,0
2222.765806040944,0.998770243394386,0.001212773474523299,1919.3401671411357,1715.6476581080763,143323,0
2222.7727502461958,1.00048462990444,0.0012132378524270016,1919.3391848469903,1715.6468015626735,143324,0
2222.779694451914,0.9976194731142227,0.0012119576761559243,1919.3383446482935,1715.6484790522481,143325,0
2222.7866386571673,1.0014850225992284,0.001213432227060487,1919.3379551178655,1715.64625367329,143326,0
2222.7935828624195,1.0020011077431275,0.0012142551120391863,1919.3396239998378,1715.6472433281822,143327,0
2222.8005270672056,1.003846895766685,0.0012150130370296491,1919.3399041752416,1715.6453622182303,143328,0
2222.807471272458,0.9990912584324598,0.0012140454107002745,1919.3403497579236,1715.6463673222115,143329,0
2222.8144154772444,1.0000528805733,0.001213203295055609,1919.3395182048255,1715.647363072106,143330,0
2222.821359682031,1.0006843311635203,0.0012134132506212859,1919.3404454455465,1715.647453370304,143331,0
2222.8283038868185,0.9998695939052477,0.0012143904617463207,1919.3379464950672,1715.6477386372915,143332,0
2222.83524809114,1.0005023273371068,0.0012132095438663448,1919.3399977641855,1715.6468103083557,143333,0
2222.8421922954603,0.9987794058492765,0.0012126469842318802,1919.3384509865734,1715.646893966271,143334,0
2222.849136499781,0.999522583088648,0.0012128200204379463,1919.341590638963,1715.64744961461,143335,0
2222.856080704102,1.0000144407064546,0.0012132944862235694,1919.338847697828,1715.6474713875052,143336,0
2222.8630249079574,0.9998583727500392,0.0012128335923612392,1919.3414011797367,1715.6478798800163,143337,0
2222.869969112279,0.9998473114201445,0.001212834979796969,1919.3399038988612,1715.6459253250966,143338,0
2222.876913316134,1.0005239463857267,0.0012132666355775697,1919.3400009822728,1715.6467049702699,143339,0
2222.883857519523,0.9979841915606197,0.001212189862041735,1919.3403376348033,1715.6472831205867,143340,0
2222.890801723378,0.999441977365572,0.0012128225606706769,1919.3379433259784,1715.6456286858347,143341,0
2222.897745926769,1.0007578241818031,0.0012141729432088462,1919.3396038573478,1715.6474198388582,143342,0
2222.904690130159,1.003037033277751,0.0012134277997898743,1919.341406099333,1715.6466054450198,143343,0
2222.911634333548,0.9996663712217146,0.00121225400245623,1919.3385636540509,1715.6468199404283,143344,0
2222.9185785369377,0.9996621940268418,0.0012122836959452218,1919.3394008937337,1715.6482221338315,143345,0
2222.925522739861,0.9992900635202018,0.0012121468883068978,1919.3394835018953,1715.647078402511,143346,0
2222.9324669427847,1.0003216549060368,0.0012123999149132847,1919.3386432067127,1715.6465169315425,143347,0
2222.9394111457095,0.9984047151929529,0.0012114795789316297,1919.3391130970112,1715.6459844429482,143348,0
2222.9463553481683,0.9997245024587986,0.001211938706420745,1919.3404069778467,1715.6476572985052,143349,0
2222.9532995510917,1.0015309634091485,0.0012121234750168983,1919.3402139600373,1715.6458523251858,143350,0
2222.9602437535505,0.9997187093685226,0.0012123988081401188,1919.3391570482056,1715.6454710449434,143351,0
2222.9671879560083,1.0013067133998448,0.0012124524908476118,1919.3401980388735,1715.6465963659405,143352,0
2222.974132158466,0.9997851464985531,0.0012129729033012514,1919.3395488707897,1715.646508545483,143353,0
2222.9810763604596,0.9998893485525101,0.001211895900239112,1919.3414346235375,1715.6484390273354,143354,0
2222.988020562453,0.9998724538922871,0.0012118017789189226,1919.3403202717836,1715.6457059260304,143355,0
2222.9949647644453,0.9998399859774281,0.0012116596306981282,1919.3407087146493,1715.6469552883143,143356,0
2223.0019089664374,1.0011301018219052,0.0012118727684723417,1919.3409085699116,1715.6471763487177,143357,0
2223.008853167965,1.000049936204894,0.0012118281709483098,1919.3387528792387,1715.6457732910337,143358,0
2223.015797369957,0.9989990518636104,0.0012117306433793251,1919.3399917275817,1715.6468746480941,143359,0
2223.0227415714844,1.0000923767398247,0.0012117977062098733,1919.3416621640768,1715.646864466104,143360,0
2223.0296857725466,1.0014702503410762,0.001212395773429733,1919.3381337383232,1715.64682000718,143361,0
2223.036629974073,0.9988988501536602,0.00121196665604873,1919.340697136629,1715.6471427922659,143362,0
2223.043574175134,0.9985064266898803,0.0012118976428375655,1919.3400784348776,1715.6446234957593,143363,0
2223.0505183761957,0.9978441118935142,0.0012116656304239641,1919.3394001030115,1715.645978843528,143364,0
2223.057462577257,0.9992741710489221,0.0012119934550084497,1919.339163865614,1715.644886481612,143365,0
2223.064406777853,0.9988297906811175,0.0012119005251954088,1919.339116011756,1715.6466232887778,143366,0
2223.071350978915,0.9995954052191846,0.0012119447799525526,1919.3392330664692,1715.6458999366102,143367,0
2223.07829517951,0.997037769945608,0.0012112896882506168,1919.3385052277542,1715.6451466779247,143368,0
2223.085239380105,0.99519632548226,0.0012111514193208996,1919.3401199569375,1715.6472823676881,143369,0
2223.0921835802355,0.9912065099047708,0.001209371765467578,1919.3391017777778,1715.6469996841329,143370,0
2223.099127780831,0.9902549112605555,0.0012089601920557502,1919.3415337272288,1715.6475510896796,143371,0
2223.1060719809616,0.990028983419522,0.0012087192263856576,1919.3384353063807,1715.6459461673205,143372,0
2223.1130161810916,0.9914689154532415,0.0012092916162497313,1919.3416886901791,1715.6466591913675,143373,0
2223.1199603807554,0.9908465325138224,0.0012084135039309538,1919.3401118597442,1715.6455345171273,143374,0
2223.126904580885,0.988824771424166,0.0012076354452200632,1919.340801907323,1715.6451293440696,143375,0
2223.1338487805497,0.9891600685816427,0.0012083154186016793,1919.3401176282348,1715.6470117704896,143376,0
2223.1407929802153,0.9882416978022892,0.0012077813212658913,1919.340217194624,1715.6463849718523,143377,0
2223.1477371798796,0.9932351281740804,0.001208788751147536,1919.339130644382,1715.6454852320937,143378,0
2223.154681379078,0.9899098080763679,0.0012079776407798895,1919.3396530518357,1715.645571323357,143379,0
2223.161625578277,0.989995186137931,0.0012084692015289905,1919.3405713788259,1715.64689653982,143380,0
2223.168569777475,0.9917406177009008,0.0012083690177432324,1919.341043515429,1715.647947028442,143381,0
2223.1755139766738,0.992135913997351,0.0012086446241322455,1919.3402547644712,1715.6452923588736,143382,0
2223.182458175408,0.9908521746341772,0.0012086544266881726,1919.341329893461,1715.6472180825642,143383,0
2223.1894023746063,0.9932643095950411,0.0012097649067908064,1919.3400386293395,1715.6451477631558,143384,0
2223.196346573339,0.986886346115073,0.0012074950810322805,1919.3398673360828,1715.6459840809011,143385,0
2223.2032907720723,0.9896169064088256,0.0012075526115479364,1919.3404540221993,1715.6453497711968,143386,0
2223.210234970339,0.9941144594913877,0.0012094099309493199,1919.3406952323496,1715.644545504006,143387,0
2223.2171791686064,0.9898866714259226,0.001207956517584511,1919.3409007518137,1715.6471973066257,143388,0
2223.2241233668747,0.9920065210142388,0.0012090421244103755,1919.3412424523717,1715.6450465500577,143389,0
2223.2310675651415,0.9899904169247062,0.0012087545769761657,1919.3413282183171,1715.6464420866687,143390,0
2223.2380117634084,0.9917345855218187,0.0012089711604559765,1919.341357653231,1715.646143575258,143391,0
2223.2449559612105,0.9912367224001769,0.001209048826529349,1919.3410102296752,1715.6465116941224,143392,0
2223.2519001590117,0.9910268485442632,0.0012090064878461017,1919.3409016823648,1715.645005158011,143393,0
2223.258844356814,0.9946798858612608,0.0012102120658605178,1919.3396485198514,1715.6463707146709,143394,0
2223.2657885546164,0.9960439211126324,0.0012103792274648314,1919.3385041805645,1715.6440242313765,143395,0
2223.272732751952,1.000240501957999,0.0012130348698167783,1919.3400682767372,1715.6441612522817,143396,0
2223.2796769492875,0.9972072839388306,0.0012125481576305197,1919.3398403967421,1715.643460545747,143397,0
2223.286621146624,0.9993232937435397,0.0012131127186820112,1919.341005652575,1715.6455948990927,143398,0
2223.29356534396,1.0018406203313885,0.0012134568826311443,1919.3396504624293,1715.6466238201142,143399,0
2223.3005095408307,0.999180318077883,0.001213199779404359,1919.3397123048867,1715.6466270011426,143400,0
2223.307453738167,0.9989360663199094,0.0012123145653629948,1919.340100652823,1715.645792822405,143401,0
2223.3143979345723,0.9989339144185818,0.0012121194061817146,1919.3406010311203,1715.6449758598912,143402,0
2223.321342131442,0.999628460889819,0.0012121435589827704,1919.3398739180857,1715.644228421187,143403,0
2223.328286328312,0.9999180361178964,0.0012122017460870062,1919.3408534021983,1715.6446643103482,143404,0
2223.335230524717,0.9994174222741938,0.0012127408170341707,1919.3421719167286,1715.6467431387389,143405,0
2223.3421747211223,1.0029610899209869,0.0012133373568431272,1919.3421953972838,1715.6456496265464,143406,0
2223.3491189175265,0.9992400994568404,0.001212077208154042,1919.3400443768332,1715.6462690882342,143407,0
2223.356063113466,1.0012707453054566,0.0012136200309651552,1919.340766483711,1715.6462368412513,143408,0
2223.3630073094046,0.99932016454915,0.0012116234920962325,1919.3408730258864,1715.644595579192,143409,0
2223.369951505343,1.0011582387805722,0.0012121555765212957,1919.340052250308,1715.6451776895456,143410,0
2223.3768957012835,1.000782360953192,0.0012124224895893269,1919.3397724395409,1715.6433265247194,143411,0
2223.3838398972225,1.0002513781519564,0.0012125646741192105,1919.3412378497299,1715.6449669895842,143412,0
2223.3907840926954,0.9993826384461664,0.001212112975481173,1919.342324688737,1715.64491107367,143413,0
2223.397728288169,1.0021761284277162,0.0012136645340011674,1919.3419897060908,1715.6453083682734,143414,0
2223.404672483642,1.002049763554465,0.0012123476780827997,1919.3405357729362,1715.6448635260613,143415,0
2223.411616679115,1.0029824616287837,0.0012129669722990579,1919.3407803998489,1715.6443128895573,143416,0
2223.4185608741236,1.0010982044606669,0.0012124867169403595,1919.3416889657342,1715.6453416776276,143417,0
2223.4255050691318,1.0005237429333191,0.0012120179077166106,1919.339868796512,1715.6448038679887,143418,0
2223.432449264139,0.9993648896254796,0.0012114170555964532,1919.3398041149655,1715.6437908421751,143419,0
2223.439393459147,0.9979379533151258,0.0012107889528216894,1919.340722944054,1715.6458403973368,143420,0
2223.4463376536887,1.0003258208219523,0.0012121354896879601,1919.3403384863236,1715.6439344697528,143421,0
2223.4532818482307,0.9991974458524927,0.001211828859041389,1919.3416262331937,1715.6459569586302,143422,0
2223.4602260427737,1.000268834367174,0.0012118143283678614,1919.3405703404585,1715.6444459885163,143423,0
2223.467170237316,0.9976005908543687,0.0012111347603047447,1919.3402900175554,1715.64380988433,143424,0
2223.474114431392,0.9980205474695141,0.0012117402554775848,1919.3406004463789,1715.643657505508,143425,0
2223.481058625468,1.000490418183663,0.0012122780671989374,1919.3409694539814,1715.645518085402,143426,0
2223.488002819545,0.9978220583470446,0.0012118646189104377,1919.3418812106354,1715.6452243079843,143427,0
2223.4949470136216,0.9993217126790822,0.0012118309834581776,1919.338506580989,1715.641986988819,143428,0
2223.5018912072323,1.000022123218131,0.0012120001499651206,1919.340123548573,1715.6440913397018,143429,0
2223.5088354013087,0.9988859027386714,0.001211374443016511,1919.338808161938,1715.644259432114,143430,0
2223.515779594919,0.9998535251664528,0.001211453725659053,1919.3393210441143,1715.6446769738807,143431,0
2223.522723788064,1.000287731286474,0.0012120155603919597,1919.33918464029,1715.6437274279047,143432,0
2223.5296679816747,1.0001316284815964,0.0012115377923466698,1919.3408516039233,1715.6444753605497,143433,0
2223.53661217482,0.9998607209583319,0.0012115621099252868,1919.34108813011,1715.6450592805106,143434,0
2223.5435563679657,1.0007253489600816,0.0012125264948915258,1919.3416278465102,1715.6451673024483,143435,0
2223.550500561111,0.997108321284769,0.001210915847857792,1919.3403840281458,1715.642711280112,143436,0
2223.55744475379,1.0013929342430659,0.0012116831322059691,1919.341190479137,1715.6449235906948,143437,0
2223.5643889469347,1.0005650196190958,0.0012118884147766372,1919.3415582913217,1715.6447705085561,143438,0
2223.5713331396146,1.0001998264673664,0.0012111255503238865,1919.3400074009223,1715.6429113951883,143439,0
2223.5782773322944,1.000939989874233,0.0012109384438316608,1919.341212793443,1715.6441838100745,143440,0
2223.5852215245077,1.0011022681561286,0.001211570788978246,1919.3411815561974,1715.6436998865026,143441,0
2223.5921657171875,0.998902249710836,0.001210499574651899,1919.3418507925537,1715.6453027999216,143442,0
2223.599109909401,1.0007967699411802,0.001212191844293097,1919.3410687987875,1715.6433355263912,143443,0
2223.606054101614,1.0013872369072128,0.0012120011337639432,1919.3411587672686,1715.6447272680564,143444,0
2223.6129982933635,1.0017647044547318,0.0012109571327950167,1919.3411300422974,1715.6433933755532,143445,0
2223.619942485577,1.001277716184652,0.0012109673544161673,1919.3398225362405,1715.6436677441366,143446,0
2223.626886677325,1.0012128766230732,0.0012109077076333796,1919.3410728897663,1715.643649100671,143447,0
2223.6338308690733,1.0023920530169423,0.0012111942142722307,1919.3396719125283,1715.6442898553523,143448,0
2223.6407750603557,1.0000517641697488,0.0012104346638123471,1919.3420511208033,1715.6437944061597,143449,0
2223.6477192521033,0.9985391885953091,0.0012103579755642904,1919.3421061069562,1715.6447459717867,143450,0
2223.654663443386,0.9998696481869299,0.00121070801603436,1919.3424681447423,1715.6446231784068,143451,0
2223.6616076346695,1.0006236017685346,0.0012110991464932737,1919.3407391515052,1715.644277343674,143452,0
2223.6685518254862,0.9990100881549737,0.0012108654582113753,1919.3414186361351,1715.6436321336657,143453,0
2223.675496016768,0.9965520448575516,0.001209660741482401,1919.3420366399168,1715.6435166959825,143454,0
2223.682440207585,1.0012690584447395,0.0012116882922377802,1919.342267281374,1715.6450277856354,143455,0
2223.6893843984017,1.0028062660461259,0.001211531136553197,1919.3415149079628,1715.6443009733578,143456,0
2223.6963285892184,1.0011714602183754,0.0012117426538369356,1919.3407756618158,1715.6419784106317,143457,0
2223.7032727795704,0.9992717326683593,0.0012112080980507594,1919.3413429214186,1715.643690067425,143458,0
2223.710216969921,0.9985054456733737,0.0012107235501838934,1919.3400522694014,1715.643940047021,143459,0
2223.7171611602716,0.9991034059804028,0.001210820033944024,1919.3406596326463,1715.642092110322,143460,0
2223.724105350623,1.0009480993798803,0.0012114511933462577,1919.3404563788108,1715.644215128605,143461,0
2223.7310495409747,0.9969423145348875,0.0012106745995481313,1919.34164538055,1715.6437332475764,143462,0
2223.73799373086,1.0004609113176544,0.0012121024889562406,1919.3399991024542,1715.643606162534,143463,0
2223.7449379207455,0.9990953119536596,0.0012100796048025442,1919.343533616095,1715.6460825042302,143464,0
2223.7518821106305,1.001238294649385,0.0012107605505172995,1919.341552257123,1715.6440724809197,143465,0
2223.7588263000503,0.9999862019392507,0.0012104461148108713,1919.3407598243243,1715.641880315588,143466,0
2223.7657704899357,0.997925110655734,0.0012098524502098477,1919.3424162902234,1715.6430671995013,143467,0
2223.772714679356,1.0005420400764178,0.0012107173877422895,1919.340161454765,1715.643200108019,143468,0
2223.779658868776,1.0009753878316523,0.0012105387393671096,1919.342184358776,1715.644198101524,143469,0
2223.7866030577306,1.0008441164246642,0.0012105448536943015,1919.3420538222033,1715.6444575390315,143470,0
2223.7935472466843,1.0026435800636362,0.0012109711680314814,1919.3408943421953,1715.6438789486065,143471,0
2223.8004914361036,1.000098862455185,0.0012114939036733377,1919.3413079321208,1715.6423926180405,143472,0
2223.807435624592,1.0007054708940566,0.0012106950742926154,1919.3419160200347,1715.6431709602086,143473,0
2223.8143798135466,0.9996992728131979,0.0012100778200755677,1919.3400491315801,1715.642419853531,143474,0
2223.821324002035,1.0016471977231458,0.0012107531762917119,1919.341798292675,1715.6424751806426,143475,0
2223.828268190524,0.9990342154327437,0.0012097641138852531,1919.3418650546114,1715.644174910702,143476,0
2223.835212379013,1.0019964049503671,0.001211494410515889,1919.3406604722843,1715.6436363847804,143477,0
2223.8421565675008,1.0024449184454325,0.0012108326787232408,1919.3417200679398,1715.6426576354038,143478,0
2223.849100755524,1.0019383721629913,0.0012109697139122768,1919.3420998547213,1715.6432524754891,143479,0
2223.856044944013,0.9971809551708714,0.0012101127534152498,1919.340059811898,1715.641835428884,143480,0
2223.8629891315695,0.9991179427768438,0.0012097397359646165,1919.3420908471899,1715.6435822784952,143481,0
2223.8699333195923,0.99996420358193,0.0012108951080725466,1919.340290148147,1715.642322513399,143482,0
2223.876877507615,1.0008566578895526,0.001210729955654081,1919.3425170851126,1715.6432466521644,143483,0
2223.8838216951717,1.0006222329735466,0.0012107078886943368,1919.3417569424773,1715.642572204884,143484,0
2223.8907658827293,0.999392443284673,0.0012106748268554603,1919.341930760069,1715.6426379014513,143485,0
2223.8977100698216,1.0008271598018972,0.001210939976317613,1919.3415029516698,1715.6418887622167,143486,0
2223.9046542573788,0.9995220192896453,0.001210213129964366,1919.3408268902008,1715.641834601999,143487,0
2223.9115984444697,0.9994955260011189,0.0012104340698718128,1919.342253416744,1715.6429365108977,143488,0
2223.918542631561,0.9968183367751995,0.0012098531597751205,1919.341080939121,1715.6427410129797,143489,0
2223.9254868186526,1.000611028693769,0.0012115531587911365,1919.3422445640583,1715.6430961803676,143490,0
2223.9324310052784,0.9996229373842281,0.0012111669065083541,1919.3412217013338,1715.643038210562,143491,0
2223.939375192371,1.0002306328809216,0.0012118539649491596,1919.342558847114,1715.6431176632884,143492,0
2223.946319378996,0.9977698052004246,0.0012105440505167965,1919.3406640268313,1715.6439918916365,143493,0
2223.953263565156,1.0002720514932277,0.001210336904329694,1919.342880563128,1715.6428578432044,143494,0
2223.960207751782,0.9999220018781916,0.0012108412110734407,1919.3416719777883,1715.6414894729817,143495,0
2223.9671519379426,1.0010567498480545,0.00121096759740657,1919.342378902597,1715.6435132573436,143496,0
2223.9740961241027,1.0006624997144808,0.0012112604080507922,1919.3426804796604,1715.6429578226978,143497,0
2223.9810403102633,0.9990510298448818,0.0012115304988292834,1919.3409522648185,1715.6423117103297,143498,0
2223.9879844959573,1.0007024626746168,0.0012100005168784852,1919.3413456137764,1715.6428012019283,143499,0
2223.994928682117,0.9991754705264828,0.0012097146937635785,1919.3411554834388,1715.6426823568574,143500,0
2224.0018728678115,1.0003275755960999,0.001210571753722394,1919.3420024167049,1715.6417280002904,143501,0
2224.0088170535073,1.000647559158732,0.0012103155899885058,1919.3433578321276,1715.641891296438,143502,0
2224.0157612387366,0.9996061488880599,0.00120949981661305,1919.3409202470054,1715.6425323560745,143503,0
2224.0227054244306,0.99858298421455,0.0012090101001008243,1919.3420602657152,1715.6417534491975,143504,0
2224.0296496096594,1.001805691987316,0.0012103578833969394,1919.341113643252,1715.6423287352088,143505,0
2224.036593794422,0.9988463273989167,0.0012095105980204058,1919.3413263673217,1715.640876750521,143506,0
2224.0435379796504,1.0002666762511605,0.0012097532052681985,1919.3425068484735,1715.6431528249263,143507,0
2224.0504821644145,1.000122389328961,0.0012094569223250785,1919.341705095475,1715.6419284025344,143508,0
2224.0574263496437,1.0012821648337824,0.0012098019742190745,1919.342514015246,1715.6437246445191,143509,0
2224.0643705339407,1.0004699494367693,0.0012093562903629984,1919.3434971110526,1715.642064264467,143510,0
2224.0713147187043,0.9977311472603386,0.0012087483913887007,1919.342247556768,1715.642318070535,143511,0
2224.0782589030014,0.9999176845554824,0.001209442752545811,1919.3416662363306,1715.6419828336834,143512,0
2224.085203087764,1.0028290551665524,0.0012112719196258346,1919.34254278096,1715.6425222285102,143513,0
2224.092147271597,1.0014864370368697,0.0012101855874993876,1919.3411533518292,1715.640271078977,143514,0
2224.0990914558943,1.0002872168599724,0.0012100765688374303,1919.343230085542,1715.6414049579364,143515,0
2224.106035639726,1.0000215743218657,0.0012099321942100653,1919.3419256651957,1715.641398935337,143516,0
2224.1129798240236,1.0021396022133755,0.0012109550904603297,1919.3438050890766,1715.643089927716,143517,0
2224.119924007855,0.9989716677207519,0.001209395220570489,1919.3417012860489,1715.642797256749,143518,0
2224.1268681912215,0.9993648929895901,0.0012102554606645546,1919.3421762531968,1715.6417177964242,143519,0
2224.1338123750547,1.001545019292612,0.0012107511950170855,1919.343311296896,1715.6429121336937,143520,0
2224.1407565584204,1.0010047750876765,0.0012103552347417464,1919.3416025591466,1715.6427664358002,143521,0
2224.147700741786,0.9983756352339717,0.0012096046206502172,1919.3415602812622,1715.642261083935,143522,0
2224.1546449246866,0.9987533895147499,0.0012099070201266942,1919.3413733560697,1715.6426567700219,143523,0
2224.161589108053,0.9990225493936532,0.0012099102323105643,1919.3427871465178,1715.6408168349176,143524,0
2224.1685332909533,0.9991211419279399,0.0012093712628684172,1919.3414240946488,1715.641561554115,143525,0
2224.1754774738547,1.000951614015501,0.0012102770326283035,1919.3436803058448,1715.64172708231,143526,0
2224.1824216567547,1.0016546040877758,0.0012105265852775994,1919.3415143977843,1715.6408851070496,143527,0
2224.189365839189,1.0000411164134133,0.001210218924771209,1919.3417956437586,1715.641949722445,143528,0
2224.19631002209,1.0004158674773946,0.001209518014065336,1919.3427349126296,1715.6422823050527,143529,0
2224.2032542040597,1.0007118747078338,0.0012107557877771024,1919.341388098172,1715.6413765902464,143530,0
2224.2101983864945,0.9998678679024597,0.0012093212271996107,1919.344024557924,1715.6431637974438,143531,0
2224.21714256893,0.9995393707187578,0.0012104396999313256,1919.3429052119436,1715.6417279488082,143532,0
2224.224086750899,0.9988399176410979,0.0012087523595810125,1919.342992150973,1715.6409941846002,143533,0
2224.2310309328677,1.000766992132263,0.0012093918675324341,1919.3433167834762,1715.6420824645727,143534,0
2224.2379751148364,1.001071607686002,0.0012095943470039343,1919.3432575529164,1715.64202053156,143535,0
2224.2449192963413,1.0003541931071704,0.0012093355505616913,1919.3415395186726,1715.6412124229157,143536,0
2224.2518634778453,1.0014424543002216,0.0012098371330388517,1919.3422332123523,1715.640739618971,143537,0
2224.258807659814,1.0001189080839508,0.0012100948064589963,1919.3431346421519,1715.6416990498878,143538,0
2224.265751840852,1.0012073048740624,0.0012098698122346414,1919.3428582231165,1715.6425357702237,143539,0
2224.272696022355,1.0007856984785082,0.0012102973999706845,1919.3415541379281,1715.6402007880213,143540,0
2224.2796402033923,1.0013277993535072,0.0012098160771648015,1919.3445047402504,1715.642959601464,143541,0
2224.286584384431,1.0009809959334375,0.0012104214774867916,1919.342790558588,1715.6420274558964,143542,0
2224.2935285654694,0.9996941710557862,0.0012088293698001627,1919.3438084273973,1715.6420531647466,143543,0
2224.300472746041,1.0004757860589535,0.0012097652026446153,1919.3422949415858,1715.6402328719134,143544,0
2224.3074169270794,1.0016935356025325,0.0012098603602144343,1919.3434620918172,1715.6419461562728,143545,0
2224.314361107651,0.9981834592824784,0.001208552686440229,1919.342318015489,1715.6406109412371,143546,0
2224.321305288223,0.9970919466488716,0.001208334009903469,1919.343869009086,1715.6415380414485,143547,0
2224.3282494683303,0.9994045622266631,0.001210041253121193,1919.3425164619584,1715.640690346459,143548,0
2224.3351936489025,1.000408017327746,0.0012097785034359777,1919.3445081550728,1715.6403639226073,143549,0
2224.342137829009,1.0003208464180204,0.0012095723288507373,1919.341005134828,1715.640740932959,143550,0
2224.34908200865,0.9998299913250742,0.0012097635002681728,1919.3422159430836,1715.6424840739558,143551,0
2224.356026188756,0.998517811233831,0.0012088265425110665,1919.344147218697,1715.6421921518156,143552,0
2224.3629703683973,0.9974932847702251,0.0012087598481784307,1919.3433772407436,1715.6410761066445,143553,0
2224.3699145480396,0.9997385067636892,0.0012091605375959922,1919.3431217800714,1715.6419686373392,143554,0
2224.37685872768,0.9991088421560969,0.0012096101636389026,1919.344815396088,1715.6438257515117,143555,0
2224.3838029073204,1.0002123166926515,0.001210202813614919,1919.3417434900086,1715.6402830269699,143556,0
2224.3907470864956,0.9999664196695118,0.0012098757405675222,1919.344144622101,1715.6419235044834,143557,0
2224.397691265671,1.0012866845546953,0.001210724069087627,1919.342090578201,1715.6410426265488,143558,0
2224.404635444846,1.0001707215625733,0.0012096759640395575,1919.3414807722352,1715.6404103650675,143559,0
2224.411579624022,1.0006487913781243,0.001209577588315148,1919.343242129757,1715.640188815005,143560,0
2224.418523802732,0.9978902694333109,0.0012083930593134468,1919.343784393633,1715.6415542601535,143561,0
2224.425467981441,1.0010078603182044,0.001209444470913392,1919.3435191515553,1715.6411985161487,143562,0
2224.4324121601503,1.0007240263253172,0.0012095260769854383,1919.3440246861076,1715.6404379878522,143563,0
2224.4393563388603,1.0009715891206556,0.0012093833721929241,1919.343476276194,1715.639629458731,143564,0
2224.446300517104,0.9991474012836472,0.0012090114936668208,1919.3440214169966,1715.6414060309298,143565,0
2224.4532446953485,1.0009864317425001,0.0012089925648608774,1919.343979177924,1715.6403736889429,143566,0
2224.4601888735924,1.0024302446020956,0.0012092190500397747,1919.3429911082774,1715.641381476006,143567,0
2224.467133051836,0.9994085458553743,0.0012088290302374094,1919.3447852544211,1715.6421508300207,143568,0
2224.4740772296136,0.9991030692382961,0.001207965945985943,1919.343129229437,1715.6400790420348,143569,0
2224.4810214073923,1.0005501407577713,0.0012089443309029634,1919.3431398258808,1715.6400224840088,143570,0
2224.487965585171,1.0003553124368332,0.001208248137439369,1919.3450582666012,1715.6406375904726,143571,0
2224.4949097629496,1.0006966214578261,0.0012090113462551516,1919.3429630886653,1715.6418821956424,143572,0
2224.501853940262,1.0025168398986064,0.0012106615880523928,1919.3438710625055,1715.6409586805412,143573,0
2224.5087981175748,1.0012654656784614,0.0012098528579476148,1919.3436332371216,1715.6411944306515,143574,0
2224.515742294887,0.9991549911875268,0.0012090016613007695,1919.3432101142173,1715.6417256986092,143575,0
2224.5226864722,0.9993960977099275,0.001209906524980086,1919.3448854633705,1715.641961374174,143576,0
2224.5296306490472,0.9998277815164438,0.0012085337265669853,1919.3437131438411,1715.641158897092,143577,0
2224.5365748263594,0.9969668142983438,0.0012077290125411348,1919.3438899397192,1715.6405001569672,143578,0
2224.5435190032067,1.0009976002008456,0.001209024866339191,1919.3435299514515,1715.6408157064034,143579,0
2224.5504631795875,1.000533321986757,0.0012093884851209138,1919.3436732822001,1715.6394287912822,143580,0
2224.557407356434,1.0008361881839918,0.0012095586120579537,1919.3430731981318,1715.6392410117992,143581,0
2224.5643515328165,1.0026465909606086,0.001210109759339865,1919.3432774272942,1715.6403363187685,143582,0
2224.571295709198,0.9986689053879595,0.0012093072648368247,1919.3436164994075,1715.6421134679986,143583,0
2224.578239885113,0.9978520742042075,0.001208460413825073,1919.3445346970134,1715.6404749501455,143584,0
2224.585184061494,1.0004275929554438,0.0012091855789633636,1919.3424007145647,1715.6402770837542,143585,0
2224.5921282374093,1.0005909241888824,0.0012095843868078716,1919.342763803862,1715.6392977257015,143586,0
2224.599072413325,1.0003517866221021,0.0012089560735885898,1919.343613496543,1715.6391631558242,143587,0
2224.6060165892413,0.9979526474648158,0.0012082071390788422,1919.3433256277472,1715.6396894269296,143588,0
2224.6129607646917,0.9997678763521719,0.001209507768199638,1919.3429640362704,1715.640146319763,143589,0
2224.619904940141,0.9988384409116705,0.0012082891482315449,1919.3452771486013,1715.6407267769966,143590,0
2224.626849115591,1.0014088173612328,0.0012094184581896098,1919.3446469059083,1715.6404394308977,143591,0
2224.633793291041,0.9988829059505355,0.0012087874078036888,1919.3434219336202,1715.640608814574,143592,0
2224.6407374660253,1.0000457802427105,0.0012089570185335205,1919.342588704523,1715.6401395682467,143593,0
2224.6476816410104,0.9998316321877458,0.0012084967105899789,1919.343726916625,1715.6395371704134,143594,0
2224.654625815995,0.9990968813245521,0.00120857811191606,1919.3433296478913,1715.6390834454178,143595,0
2224.661569990979,1.0035665116445165,0.0012093987540342714,1919.3449909069097,1715.64019065142,143596,0
2224.6685141659627,1.001171605219869,0.0012091664733825409,1919.3444727286987,1715.640478381198,143597,0
2224.675458340482,1.0021089182770373,0.001209160528115672,1919.3438007399175,1715.6401870426084,143598,0
2224.6824025150004,1.000462733954396,0.0012087678363715314,1919.3438152843137,1715.6394690287414,143599,0
2224.6893466890538,1.001606056088779,0.0012091882499684526,1919.3441497912368,1715.6405285505234,143600,0
2224.6962908635724,0.9992860224704851,0.001208123657311228,1919.3428923207696,1715.6400009493577,143601,0
2224.703235037625,1.0018420585163035,0.0012085748221685132,1919.3447850776163,1715.6407905331716,143602,0
2224.7101792116773,1.0006708148111596,0.001208261341923904,1919.3447049808883,1715.6404263945628,143603,0
2224.7171233857307,1.0005677566348183,0.0012085727681332803,1919.3445577163086,1715.6403334966951,143604,0
2224.7240675593184,1.001449428567563,0.001208905773925568,1919.3453976758249,1715.6409259282104,143605,0
2224.731011732906,1.0005758165798027,0.001209948182516686,1919.3447115262945,1715.6406243877254,143606,0
2224.7379559064934,0.9997027071765161,0.0012082127331325852,1919.3428077454942,1715.6395945538634,143607,0
2224.7449000800807,0.9986552383423469,0.0012083084468129915,1919.3440541939037,1715.6404718742433,143608,0
2224.751844253202,0.9987858390507863,0.00120808199738877,1919.3448384751812,1715.6402414126735,143609,0
2224.7587884267896,0.9997889021883174,0.001208223081215803,1919.3443452226245,1715.6394229045882,143610,0
2224.7657325999116,0.9983701431172015,0.001207916961400473,1919.344772134735,1715.639832087854,143611,0
2224.772676772567,0.9979829088374333,0.0012079012535352628,1919.3449731108708,1715.6404948242762,143612,0
2224.779620945689,1.0008090538239285,0.00120852259748259,1919.3443735710732,1715.639300424715,143613,0
2224.7865651183447,0.9996399789472586,0.001208583929125636,1919.3440007448332,1715.6388776836798,143614,0
2224.793509291,0.998943488377847,0.0012084628477200636,1919.3439271034415,1715.639589871712,143615,0
2224.800453463192,0.9995245112111981,0.0012081859912161104,1919.3437165453818,1715.6416167916966,143616,0
2224.807397635848,0.9990955249351777,0.0012086602282606659,1919.3451535672211,1715.6391756588332,143617,0
2224.8143418080376,0.9974770609970027,0.0012081502625781912,1919.3439591240533,1715.6389437827668,143618,0
2224.821285980228,1.0002186381548577,0.0012088190057128292,1919.3444067532707,1715.6377696099346,143619,0
2224.8282301524177,1.0006548646083187,0.001208364295041253,1919.344729610612,1715.639670126579,143620,0
2224.8351743241424,0.9988964663414173,0.0012080767119262987,1919.3440897140097,1715.6387046441155,143621,0
2224.842118495868,0.999649586879375,0.0012081884760413318,1919.3443642425768,1715.640142597851,143622,0
2224.849062667593,1.0001534034822144,0.0012086019946517777,1919.345361307486,1715.640303454611,143623,0
2224.856006839317,1.0005123498545814,0.0012085827842585896,1919.3450124347498,1715.6389116537885,143624,0
2224.862951010576,1.0003878775589106,0.0012081693754039556,1919.3438649486043,1715.6389582452384,143625,0
2224.8698951823008,1.0009940115489993,0.0012083281001212677,1919.3438673847254,1715.6388736221293,143626,0
2224.8768393535593,1.0016345673325853,0.00120821185659769,1919.3457029721415,1715.6388237591043,143627,0
2224.883783524353,1.001618623234487,0.0012090510752187109,1919.345216502346,1715.6387466965605,143628,0
2224.8907276956134,1.0026409668415892,0.0012083403449580769,1919.3431447240282,1715.6384982506213,143629,0
2224.897671866406,1.0007443441087263,0.0012078047099109786,1919.3432817561961,1715.6382629737925,143630,0
2224.904616037199,1.0020572413426156,0.0012084918027236156,1919.3448507587798,1715.639473434741,143631,0
2224.911560207527,1.0003212709582168,0.0012079804898068995,1919.346465577347,1715.6391221410358,143632,0
2224.9185043783204,0.9977165538065296,0.0012069385612494626,1919.3436206332537,1715.6400614219374,143633,0
2224.9254485486485,1.0001136897078522,0.0012078510530728682,1919.3457510308874,1715.639522953318,143634,0
2224.932392718976,0.9994356119701724,0.001208022855843352,1919.3452898785297,1715.6389477958046,143635,0
2224.9393368893034,1.0018657752349498,0.001208118935251119,1919.3447626600155,1715.63856414762,143636,0
2224.9462810591654,1.0002409563778631,0.001208060647614553,1919.3442551339035,1715.6403483658432,143637,0
2224.9532252290273,0.9990822886796603,0.0012077046684563848,1919.345240995018,1715.6395287762768,143638,0
2224.96016939889,1.0000056148293217,0.001208341225624352,1919.3449397903098,1715.6382827739371,143639,0
2224.967113568752,1.001162315506752,0.001209648654600499,1919.345401726272,1715.6393883284645,143640,0
2224.9740577381485,0.9989625915245098,0.0012082365023809837,1919.34549048584,1715.6390134068156,143641,0
2224.981001907545,1.0013959519378255,0.0012092457627982014,1919.3439346574523,1715.6377747773206,143642,0
2224.9879460769407,0.9998951020244702,0.0012083313097595695,1919.3438948949422,1715.6376808764471,143643,0
2224.994890246337,1.0008390073922628,0.001208427768419385,1919.3451964543028,1715.6396804879396,143644,0
2225.0018344152677,1.000770919991675,0.001208447594595144,1919.3466521563892,1715.639974518649,143645,0
2225.008778584199,0.9997758543825901,0.0012085968376008046,1919.3445043687966,1715.639370222785,143646,0
2225.01572275313,0.9977849318429722,0.001208677591492468,1919.3453027043647,1715.6380527685826,143647,0
2225.02266692206,0.9997471033817845,0.0012090749070294113,1919.3448396527,1715.6391599582723,143648,0
2225.0296110905247,0.9980075128818845,0.0012079374372630043,1919.3465351539742,1715.6392653849273,143649,0
2225.036555258991,0.9998750591288332,0.0012077391703575876,1919.3455554671823,1715.6385839811596,143650,0
2225.043499427456,1.0007010984546623,0.0012084486054714056,1919.3446960297956,1715.63794630469,143651,0
2225.0504435959206,1.0001672458868798,0.0012079660885098557,1919.3460874660461,1715.638565556619,143652,0
2225.05738776392,0.9987505262121628,0.0012088902549398,1919.3457403777545,1715.6386650688746,143653,0
2225.064331931919,1.000461228354378,0.0012084470566184056,1919.3461210186986,1715.6400980426993,143654,0
2225.071276099918,1.0011225256635037,0.001208410934682584,1919.3443457022474,1715.637954758292,143655,0
2225.0782202679184,0.9972448266064435,0.0012068080685819294,1919.345879129225,1715.6386043320372,143656,0
2225.0851644354525,1.000393789939573,0.001207669967269083,1919.3458977429125,1715.6371061871228,143657,0
2225.0921086029857,1.0006928570176572,0.00120761080489206,1919.345913670425,1715.6387770520519,143658,0
2225.09905277052,0.9994393487649652,0.0012070381673142203,1919.344489824745,1715.6381133956788,143659,0
2225.105996938053,1.000147754869653,0.001207293769095937,1919.3446216278123,1715.6383525645392,143660,0
2225.1129411051206,1.000449249248505,0.0012081022460394735,1919.3453139002024,1715.6387203902598,143661,0
2225.119885272189,1.0003062480177238,0.001207650992938252,1919.3452830283907,1715.6388656106724,143662,0
2225.1268294392576,1.0012778247454865,0.001207713783707765,1919.3446895584702,1715.6386033670867,143663,0
2225.1337736058595,1.0017084687547217,0.0012078690156669771,1919.3451026567145,1715.6388380607802,143664,0
2225.140717772928,1.0029251762195799,0.001208082172659035,1919.3464189039878,1715.6379110091484,143665,0
2225.14766193953,1.0018609694134661,0.0012076664708520917,1919.3452283230483,1715.638927054682,143666,0
2225.1546061061317,1.001461583601915,0.0012085318939194037,1919.3448148135135,1715.636697522934,143667,0
2225.16155027227,1.0008691028073198,0.0012076050123990883,1919.3453827530775,1715.6381428107863,143668,0
2225.168494438407,0.9989947842116397,0.001207069608498167,1919.3446251467287,1715.63753524527,143669,0
2225.175438605009,0.9968974192921464,0.0012066282120974424,1919.3464252808747,1715.6379573935676,143670,0
2225.18238277068,1.000658277377452,0.0012078514605555527,1919.3453802288732,1715.6381422247894,143671,0
2225.1893269368165,0.9987481513515601,0.0012073729200432336,1919.3459033341117,1715.6371472651028,143672,0
2225.196271102488,0.9990426152518381,0.0012072782525185534,1919.3447571330782,1715.636250071708,143673,0
2225.2032152681595,0.9991905164933272,0.0012073714863438626,1919.3445695745395,1715.6377684967001,143674,0
2225.2101594338305,0.9996072131756387,0.00120782176781016,1919.3459971614334,1715.6368508973153,143675,0
2225.217103599036,0.9994323749698911,0.0012076754942670933,1919.3470465734733,1715.6380220288806,143676,0
2225.2240477647065,0.9979211545604215,0.0012069835099380456,1919.3452394428678,1715.6370123779757,143677,0
2225.230991929912,1.0022953794122773,0.001208110187486687,1919.3467770351344,1715.6388824544185,143678,0
2225.2379360946516,0.9996610103378354,0.0012072859424514745,1919.3455160672108,1715.6377619114617,143679,0
2225.2448802598574,0.9999548408682059,0.0012082030827999899,1919.3450001972903,1715.6372059672037,143680,0
2225.2518244245975,1.0010318602880806,0.0012079475065006357,1919.345688387712,1715.6369434847404,143681,0
2225.258768589337,1.0004087215723125,0.0012073313608603762,1919.3469258529576,1715.6378677478408,143682,0
2225.265712754076,0.9996132317727845,0.001206988129800905,1919.346466146554,1715.6361694019536,143683,0
2225.2726569183505,0.9977607299923409,0.0012076045160802293,1919.347447682001,1715.6388256827236,143684,0
2225.279601082625,1.0019025788560465,0.001207733531129357,1919.3438759314533,1715.636539503256,143685,0
2225.286545246899,1.0001072626379321,0.0012087914080675857,1919.3471064359167,1715.6379882044587,143686,0
2225.293489411173,1.0006051898680166,0.0012073073463090185,1919.3452792305175,1715.6383504399112,143687,0
2225.300433574981,1.0010397687938288,0.0012078319039649501,1919.346471637345,1715.6398713496449,143688,0
2225.307377739255,1.0001322399138428,0.0012077442115999517,1919.3451033856352,1715.6366530356327,143689,0
2225.3143219025987,0.9995926532029348,0.0012066694489763438,1919.3474536894682,1715.6368396637338,143690,0
2225.3212660664076,1.0002583349881076,0.0012065037838090741,1919.3468139329354,1715.6386913932743,143691,0
2225.32821022975,0.9990272576061425,0.0012065140070380105,1919.3452189479535,1715.636469241048,143692,0
2225.3351543935587,1.001376587967345,0.0012069826636123965,1919.346370040155,1715.6362585474114,143693,0
2225.3420985564353,1.0001601692425302,0.0012075711523042703,1919.346403412884,1715.6383490612914,143694,0
2225.3490427197776,1.0016139819035863,0.0012070431444472633,1919.345638878499,1715.6374630161142,143695,0
2225.355986882655,1.0005367511614975,0.00120731983792316,1919.3454617147295,1715.6356246962437,143696,0
2225.3629310459983,1.002318121609847,0.0012085216346687264,1919.34598677468,1715.636691345276,143697,0
2225.369875208409,0.9993926552291471,0.0012065479623553214,1919.3473438184378,1715.63823553555,143698,0
2225.3768193712867,0.9997938891548366,0.0012083640800891473,1919.3464699736605,1715.637337244615,143699,0
2225.3837635336977,0.9999314148716772,0.0012080521340110102,1919.3468506252307,1715.635928418201,143700,0
2225.3907076961086,1.0008425308161617,0.001207333697948132,1919.34606904763,1715.6374748046885,143701,0
2225.3976518585214,1.0005151369677108,0.0012076051311407233,1919.3470118294963,1715.6376069468997,143702,0
2225.404596020933,0.9991474545544251,0.0012071642293739083,1919.3466433631684,1715.637558108249,143703,0
2225.411540182878,1.0029035551113126,0.001208745719753923,1919.3488764878684,1715.6390981815225,143704,0
2225.4184843448243,0.9994526681034183,0.0012079217522829768,1919.347463461963,1715.6386218519208,143705,0
2225.4254285067695,0.9984462979573454,0.0012068835276077734,1919.346562632039,1715.6360060297025,143706,0
2225.4323726682496,0.9996593056352259,0.0012073815546326046,1919.3461486685972,1715.6364312395372,143707,0
2225.4393168301967,1.000627384569334,0.0012079825577897471,1919.346376951348,1715.6378929809134,143708,0
2225.4462609916764,1.0000126580555793,0.0012077467635648502,1919.3463939845858,1715.6371335313618,143709,0
2225.4532051526903,0.9994626794448671,0.0012073566763629744,1919.348311781613,1715.638454699925,143710,0
2225.460149314171,1.0005797552651898,0.0012076375695639493,1919.3464586732764,1715.6369216429277,143711,0
2225.467093475185,0.9999955376457961,0.0012075864883913394,1919.3458045621805,1715.637766936256,143712,0
2225.4740376361997,0.9984402653615034,0.0012067910224202994,1919.3465378146327,1715.6373980554151,143713,0
2225.4809817972146,1.0009207754664367,0.0012073743480015072,1919.3457214760147,1715.6356843058836,143714,0
2225.4879259577638,1.0009877849446305,0.0012078604823543926,1919.3471903011066,1715.6377564403174,143715,0
2225.494870118312,0.9986980196360256,0.0012070915078368136,1919.3464727686705,1715.6368974289328,143716,0
2225.5018142788604,1.0006440639012344,0.0012071752054950244,1919.3465962046741,1715.6372118181675,143717,0
2225.5087584394096,0.9999150115462931,0.001208578815311537,1919.3462656736165,1715.6362376964207,143718,0
2225.515702599493,1.0002934990073389,0.0012071484802968942,1919.3492461129915,1715.637503841839,143719,0
2225.522646759576,0.9999832050443741,0.0012075042495804005,1919.348733151372,1715.6383843156443,143720,0
2225.5295909196593,0.9986154499478301,0.0012069859110455745,1919.3473306197807,1715.6375226889293,143721,0
2225.536535079742,0.9986085966142146,0.0012062641500265256,1919.3463005846227,1715.635066229901,143722,0
2225.5434792393594,1.0006935063320852,0.0012068450593566502,1919.3476641920454,1715.6383779331713,143723,0
2225.550423398977,0.9991464738644525,0.001206274714810977,1919.347602404678,1715.6369415271051,143724,0
2225.5573675585947,1.0010536364304357,0.0012072367345416224,1919.348312389776,1715.6375382427204,143725,0
2225.5643117182126,0.9983452564348861,0.0012058089047100263,1919.3471982339702,1715.6374344724268,143726,0
2225.571255877365,1.0000186946492535,0.0012068426773757155,1919.3466318576618,1715.6365234048742,143727,0
2225.578200036516,0.9999331876479217,0.0012085142670994504,1919.3491706440223,1715.6362108669132,143728,0
2225.5851441956675,1.000566195549429,0.0012065891730057112,1919.3471182677235,1715.6373917833967,143729,0
2225.592088354354,1.001045828693759,0.001206975665303316,1919.3470601081547,1715.63732740356,143730,0
2225.5990325130406,1.0013383934733509,0.0012074431220770317,1919.3481493128525,1715.6375072250025,143731,0
2225.6059766717262,1.0012711153072358,0.0012075402755813414,1919.3479097313532,1715.6374215460942,143732,0
2225.612920830413,0.9996651932672052,0.0012072215340529985,1919.3469782174295,1715.637790177807,143733,0
2225.6198649890985,1.001536520804737,0.0012080366190449254,1919.3476402611066,1715.6372852000845,143734,0
2225.6268091473185,0.9988365612175306,0.0012065308859247911,1919.3476297885773,1715.6365747854334,143735,0
2225.6337533055403,0.9984472542255193,0.00120735718272097,1919.3488252420882,1715.637332781467,143736,0
2225.640697463295,0.9989229576124377,0.0012070259636427687,1919.3474926239016,1715.6377170937253,143737,0
2225.647641621515,0.99947257110359,0.0012081627732400432,1919.3477248828467,1715.637337889835,143738,0
2225.6545857792703,1.001079396601609,0.0012074486580097782,1919.3490377311125,1715.639872785231,143739,0
2225.6615299370246,1.0007056805422556,0.0012073598148642614,1919.3478905705801,1715.6346059885554,143740,0
2225.6684740943133,1.00035132850181,0.0012075107987120346,1919.347490027671,1715.6368003261477,143741,0
2225.675418252069,0.9982378309836983,0.0012063585394517678,1919.348420924892,1715.6373101108175,143742,0
2225.6823624093586,1.0013893820181223,0.0012072904852582814,1919.3468044227168,1715.6357288269803,143743,0
2225.6893065666472,1.0001235679532732,0.0012071112584213675,1919.3464181795173,1715.635840617775,143744,0
2225.696250723471,0.9990488003490625,0.0012065510897371885,1919.3484041964523,1715.6354704693965,143745,0
2225.70319488076,0.9984849113517026,0.0012062147728064856,1919.347408380065,1715.6365628704907,143746,0
2225.7101390375838,1.000937420683582,0.001207259812310496,1919.3492761458608,1715.6372325691887,143747,0
2225.717083193942,1.000988046072629,0.001207155501541028,1919.3470372444153,1715.6367720271617,143748,0
2225.724027350765,0.9994217214334146,0.001205888836844502,1919.34978889376,1715.6375238314922,143749,0
2225.7309715071224,1.000946220373114,0.0012071450786634752,1919.350589908022,1715.6372373016336,143750,0
2225.7379156634806,1.0022833567906646,0.0012073947573849667,1919.3473394112652,1715.6364419641918,143751,0
2225.744859819838,0.999105235854504,0.0012059930999532623,1919.349515900305,1715.636824499009,143752,0
2225.7518039757306,0.9986131628970074,0.0012059553314308052,1919.3482661991172,1715.6366968844786,143753,0
2225.7587481316236,1.0012150643141526,0.0012066835447028625,1919.3475660588927,1715.6360322538737,143754,0
2225.7656922875153,1.0006272158473553,0.0012076399461343954,1919.3489778067897,1715.6358158030434,143755,0
2225.772636443407,1.0019243720606927,0.001206970516494919,1919.350609716412,1715.637770102873,143756,0
2225.779580598834,1.0021774036607987,0.0012069783792569419,1919.3481315335403,1715.6368495713982,143757,0
2225.7865247547256,0.9984461137745562,0.0012061632160104282,1919.3485609896247,1715.6375495439422,143758,0
2225.7934689096865,1.0015421173577361,0.0012072326992779406,1919.3488785108193,1715.6360614787147,143759,0
2225.8004130651143,1.0032952111810702,0.001207521745105036,1919.3484966089584,1715.6364880076128,143760,0
2225.8073572200747,1.0019265516350746,0.0012072318005836376,1919.349318418018,1715.6362197139645,143761,0
2225.814301375035,0.9993212170137066,0.001206362283006088,1919.349247512635,1715.636083375449,143762,0
2225.8212455299963,0.9993658509989573,0.001206436192594679,1919.347243591887,1715.6369473899806,143763,0
2225.8281896849567,0.9998137277867856,0.0012071083774964756,1919.348387825155,1715.6359775304034,143764,0
2225.8351338394523,1.001483406265037,0.0012073282822388609,1919.3498319149217,1715.637168503536,143765,0
2225.842077993948,0.9990392283380137,0.0012066111239681832,1919.3495170629842,1715.6382914068038,143766,0
2225.8490221484426,1.001469766149052,0.0012073118314466069,1919.3487695398007,1715.635175560991,143767,0
2225.855966302472,0.9998202270232546,0.001206710773755103,1919.3492204048896,1715.6356704286097,143768,0
2225.8629104565016,0.9985326171770719,0.0012069492415502873,1919.349523176821,1715.6381553193464,143769,0
2225.8698546105325,0.9976628115332163,0.0012062243349321758,1919.3494871518053,1715.6363761110783,143770,0
2225.876798764562,0.9979849180128378,0.0012064211202268155,1919.348421360799,1715.6359203946356,143771,0
2225.8837429181253,1.0011543725771812,0.001207897781930003,1919.347866563705,1715.6358703999322,143772,0
2225.8906870716896,0.9996275267775124,0.0012071495923899177,1919.3481034737424,1715.6357107973106,143773,0
2225.897631225253,0.9996241651735018,0.0012066877717426898,1919.347055981004,1715.6357679457437,143774,0
2225.9045753788164,0.9987797387306493,0.0012080393401411806,1919.3497833173074,1715.6355314726159,143775,0
2225.9115195319155,0.9999085634755659,0.0012068075157802445,1919.3488861163407,1715.637444659434,143776,0
2225.918463685014,0.9995041330325231,0.0012076343662904502,1919.3488238007733,1715.6351296204732,143777,0
2225.925407838112,0.9963543899727879,0.0012054544263367314,1919.348543559621,1715.6365613528178,143778,0
2225.9323519912105,1.0017137716825268,0.0012073184326830007,1919.3496282723668,1715.6372611653835,143779,0
2225.9392961438425,1.0008281833999313,0.001206732805421868,1919.3481096816192,1715.636882701029,143780,0
2225.9462402964746,1.000235959196828,0.0012073663802955634,1919.3504407691903,1715.6361329704023,143781,0
2225.9531844486423,1.0010382905326505,0.0012069744217444991,1919.3510996110886,1715.6364575023613,143782,0
2225.960128601275,0.998348231692417,0.001206068085112203,1919.3482109950398,1715.6362111540566,143783,0
2225.9670727534412,1.0026428404923324,0.001207741688077082,1919.3501919561402,1715.6359851527122,143784,0
2225.9740169056086,0.9997666267941908,0.001206817143924,1919.349947162426,1715.6379109798604,143785,0
2225.980961057775,0.9993577213062824,0.001206567063924768,1919.3495374595138,1715.6354276869397,143786,0
2225.9879052094766,0.9997783462774081,0.0012067666572139139,1919.349331768522,1715.6360197055963,143787,0
2225.9948493611787,1.0009178381343433,0.0012072568854328773,1919.3488110933706,1715.6372050517875,143788,0
2226.00179351288,1.0001399721174722,0.0012069751630717507,1919.3491712560412,1715.6374666201446,143789,0
2226.008737664115,1.0012771143299146,0.001207207667190413,1919.350238075515,1715.6369369128251,143790,0
2226.015681815816,0.9990046664531209,0.001206353165746615,1919.3506448298863,1715.6367485463056,143791,0
2226.022625967051,0.9996707500702078,0.0012066869671903348,1919.3498675196645,1715.635929258202,143792,0
2226.029570117821,0.9998205349165058,0.0012073294334988033,1919.350072530801,1715.635698840944,143793,0
2226.036514269058,0.9987727645818474,0.0012064343395794274,1919.3493131794,1715.6365383295026,143794,0
2226.0434584198274,1.000559160583636,0.0012070182709709306,1919.3504912813341,1715.6353885842398,143795,0
2226.050402570597,1.0012603872239831,0.0012076212049425064,1919.3499445890918,1715.635100406194,143796,0
2226.057346721367,1.0007107748846915,0.0012075905138453412,1919.3493191243974,1715.6347774317921,143797,0
2226.064290871671,1.0011821282521158,0.0012077384098068548,1919.350055921291,1715.6351842379968,143798,0
2226.0712350219756,1.0005052552177183,0.0012073843064614562,1919.3490047732794,1715.6348318213365,143799,0
2226.07817917228,0.9984940076295155,0.0012064659941197866,1919.3498041513415,1715.6355672085226,143800,0
2226.085123322584,0.9990049988104691,0.0012067182710937742,1919.3487933050608,1715.6352201192913,143801,0
2226.0920674724225,0.9989053517261858,0.0012068801742574492,1919.349770548972,1715.6349801621686,143802,0
2226.099011622261,0.9995634703328948,0.0012070248860156358,1919.3498859593683,1715.6346427979838,143803,0
2226.1059557721,0.9980282799882305,0.001206756437408313,1919.3494818764727,1715.6346783436607,143804,0
2226.1128999214734,1.0017769476178493,0.0012077076940049225,1919.3503027118736,1715.6362324784166,143805,0
2226.1198440708463,1.0006987382144361,0.001207165987883158,1919.3491261941626,1715.6335238305082,143806,0
2226.126788220219,0.9979066391892242,0.0012066080892063826,1919.3510398649573,1715.6364405821355,143807,0
2226.1337323695916,0.9996549745236429,0.0012072449127850675,1919.350296981773,1715.636025934694,143808,0
2226.140676518499,1.001127179776037,0.0012075357423453588,1919.34957512514,1715.634582895404,143809,0
2226.1476206674065,1.0027263314394825,0.0012076440848317706,1919.3520900651538,1715.6363209406868,143810,0
2226.1545648163137,1.000739893747648,0.0012073409896226977,1919.350495960537,1715.6365221355957,143811,0
2226.1615089652214,0.9984278297360314,0.0012061213936522053,1919.3500252036292,1715.6344517308787,143812,0
2226.1684531136625,0.9996114741119687,0.0012063738158791277,1919.3515226850907,1715.6357118263322,143813,0
2226.1753972621036,1.0030431761382528,0.0012076759416842137,1919.3512488020003,1715.6346421898038,143814,0
2226.1823414105456,1.0020915637299863,0.00120722417095498,1919.3507409598822,1715.6362608699144,143815,0
2226.189285558522,0.9990459392175008,0.0012061336799887481,1919.349307420424,1715.6355629628504,143816,0
2226.1962297069635,1.0033682493306422,0.0012073303482289638,1919.3503524399875,1715.635808630491,143817,0
2226.203173854474,1.000781831632719,0.0012069561340308612,1919.350017149967,1715.6350464540415,143818,0
2226.2101180024492,1.0016090963246358,0.001206759921236388,1919.3514219094884,1715.6352179760474,143819,0
2226.2170621499595,1.003612374984897,0.00120755514570099,1919.351054250849,1715.6346831139597,143820,0
2226.2240062979354,0.9998043357160915,0.0012075767816012708,1919.3497614316768,1715.6328848509345,143821,0
2226.2309504449804,1.0002400971637906,0.0012068280884929075,1919.3508955142715,1715.6345268177174,143822,0
2226.237894592491,1.002759542049278,0.0012080193251177748,1919.350757204383,1715.6355071926253,143823,0
2226.244838739536,0.9993866230567278,0.0012068496204823038,1919.3489954928089,1715.6338214654363,143824,0
2226.2517828865803,1.0007295460414398,0.0012075388811418038,1919.3514024617257,1715.635005703085,143825,0
2226.2587270336244,1.0024318025650278,0.0012073858604583689,1919.3515058439382,1715.6348231992413,143826,0
2226.2656711802038,1.000717056004798,0.0012067998107826374,1919.351452354327,1715.6351201143445,143827,0
2226.272615327249,0.9982338253131822,0.0012059160329496268,1919.3522827532115,1715.636173779424,143828,0
2226.2795594738272,1.0008490757896364,0.00120821952566006,1919.3518878771158,1715.6340753054762,143829,0
2226.286503619941,0.9974044810304953,0.0012055745362921967,1919.3527286499593,1715.6364997114663,143830,0
2226.2934477665194,0.9943525709013097,0.0012045501717994468,1919.351426467129,1715.635165403426,143831,0
2226.300391912632,0.99275303052251,0.0012040392906310785,1919.3500836187038,1715.6337697644676,143832,0
2226.307336058281,0.9917701435732434,0.0012036488626464147,1919.3503551520937,1715.6340398588518,143833,0
2226.3142802043944,0.9912495899393271,0.0012029534936553832,1919.3516509693186,1715.635293802689,143834,0
2226.3212243500416,0.9917059118628264,0.0012037722151018216,1919.3514974011273,1715.637115275608,143835,0
2226.3281684956896,0.9914294441625094,0.0012031213322582935,1919.3502246242065,1715.6348804150552,143836,0
2226.3351126413368,0.9915135082537053,0.0012037276224376751,1919.3514770078643,1715.635584483285,143837,0
2226.3420567865182,0.9914925010724628,0.0012029902869423552,1919.3522246758525,1715.633880867642,143838,0
2226.349000931701,0.9899455469729738,0.0012027548645356877,1919.3507321897553,1715.6338543330294,143839,0
2226.3559450768835,0.9919624490650306,0.0012035856859511566,1919.3529486877924,1715.6362586364958,143840,0
2226.362889222065,0.9913859183411985,0.0012025777291086244,1919.3498200902352,1715.6337906240942,143841,0
2226.3698333667817,0.9901563120367953,0.0012022063524123028,1919.3529676173937,1715.6358326046065,143842,0
2226.3767775114975,0.9882158772088998,0.0012017971266775065,1919.3532277484276,1715.6368640356998,143843,0
2226.383721656214,0.9920627155838649,0.001202500039134905,1919.3520357838463,1715.636266489582,143844,0
2226.3906658004653,0.9937332510626922,0.0012032604573179808,1919.351676191633,1715.6350442658459,143845,0
2226.397609945181,0.9904827635987733,0.001201836308670484,1919.3525743952705,1715.635677337582,143846,0
2226.4045540889656,0.9920897318456788,0.0012023035906433906,1919.3537667651387,1715.636178857931,143847,0
2226.4114982332167,0.9914740447172099,0.00120214737419739,1919.3528378354936,1715.6348410237388,143848,0
2226.418442377001,0.9910409753777973,0.00120187319707049,1919.3502038777385,1715.6341041034946,143849,0
2226.425386521252,0.9914480270701928,0.0012021034043726128,1919.3520269903381,1715.6338651557276,143850,0
2226.4323306645724,0.9891037502946772,0.0012011161010473843,1919.3538651437289,1715.6352732014905,143851,0
2226.439274808358,0.9919751858169272,0.001203261095017418,1919.3536797483814,1715.6344920887025,143852,0
2226.4462189516767,0.9924272453084234,0.0012022873332419718,1919.351939800046,1715.6344188448852,143853,0
2226.4531630949955,0.9926962190178096,0.0012038367257916041,1919.3525390044417,1715.6350403802883,143854,0
2226.460107238315,0.9935792423018849,0.0012030690946286244,1919.350399357448,1715.6328660252616,143855,0
2226.467051381169,0.9966758294252794,0.0012042831090553188,1919.352089557663,1715.63428744827,143856,0
2226.473995524023,0.9954809433634814,0.0012038691347684425,1919.3530057790442,1715.6332809939736,143857,0
2226.480939666877,0.9973862847029161,0.0012049255631792484,1919.3530944841134,1715.636586390781,143858,0
2226.48788380973,0.9994423776732666,0.0012061438677628761,1919.3514607111865,1715.6354721159744,143859,0
2226.4948279521177,1.0004765164394167,0.0012060990572798531,1919.3535704890671,1715.6344986248519,143860,0
2226.501772094506,1.0005044683297402,0.0012063132463579003,1919.352773759455,1715.6337955426902,143861,0
2226.5087162368945,0.9973553641332562,0.00120505833195529,1919.3514241199007,1715.6346785969715,143862,0
2226.5156603788164,0.9977699688898983,0.0012051833337682017,1919.3530624501457,1715.6333005486729,143863,0
2226.522604520739,0.9983225816563676,0.0012051510771846313,1919.352682011642,1715.635034516107,143864,0
2226.529548662661,1.0027438836670315,0.0012078202979965442,1919.3523776085096,1715.6337563221994,143865,0
2226.536492804583,0.9990931601778885,0.0012056789762123295,1919.3524126163954,1715.6347699342798,143866,0
2226.543436946041,1.0002131199414965,0.0012064851259286425,1919.3533858334335,1715.636373822617,143867,0
2226.5503810874975,0.9996326596189464,0.0012058615564702051,1919.3527103112967,1715.6336361075166,143868,0
2226.5573252289537,0.9995293317877468,0.0012062614263806995,1919.3540588751775,1715.6358050850906,143869,0
2226.564269370411,0.9994790985883991,0.0012057270921255025,1919.352331722536,1715.6328474349584,143870,0
2226.5712135114013,0.9978615067541001,0.0012048107321465619,1919.3521207076396,1715.633611734494,143871,0
2226.578157652392,1.0016354389639415,0.0012057962324053568,1919.3543513124744,1715.6347956360778,143872,0
2226.585101792918,1.002044885731012,0.0012056370503186434,1919.3520900054375,1715.6341230759526,143873,0
2226.5920459339095,1.0000359817888873,0.0012049323338553363,1919.3552499509601,1715.63338288243,143874,0
2226.5989900744344,1.0006525602768446,0.0012051364551372633,1919.3527814347365,1715.634740927507,143875,0
2226.60593421496,0.9985416314603531,0.0012044441415847483,1919.3539147986442,1715.635637750584,143876,0
2226.6128783550193,1.0013338708507706,0.001205266239716002,1919.3528869911129,1715.6346840455724,143877,0
2226.6198224950786,1.0026433067942244,0.0012066634892741505,1919.3525488910755,1715.6330126335756,143878,0
2226.626766635139,1.0003011159214934,0.0012050357647887576,1919.3537975591523,1715.6336437639877,143879,0
2226.633710775199,0.9984932009143592,0.001204859413976883,1919.3539695417983,1715.6350080346426,143880,0
2226.6406549147923,1.001559750014252,0.0012054040362813197,1919.3548583245815,1715.6344049499394,143881,0
2226.6475990548524,1.0002116216646615,0.001205176167949151,1919.3544804229502,1715.635102630743,143882,0
2226.6545431939803,1.0006676922982358,0.0012050666562104639,1919.3527731674446,1715.6335535951096,143883,0
2226.6614873335748,1.0006657673796173,0.0012067875446952142,1919.3521273693482,1715.6338831437977,143884,0
2226.668431472704,0.9968966975735112,0.0012052074154932514,1919.3520503108077,1715.6333313437556,143885,0
2226.6753756118324,1.0022009523974473,0.0012061664694780253,1919.3518069215086,1715.6328639431379,143886,0
2226.6823197509602,0.9994997232169844,0.001205994447867659,1919.3535919678843,1715.6338765762048,143887,0
2226.689263889623,0.9997976441435747,0.0012057829533708986,1919.3538169804365,1715.6347334173645,143888,0
2226.696208028285,0.9999405539681323,0.0012054026306220146,1919.3547226489788,1715.6348657842834,143889,0
2226.703152166948,1.001224332765904,0.0012061545735287862,1919.352841503643,1715.6321000953963,143890,0
2226.710096305612,0.9996645895993989,0.0012061651593903281,1919.354288536538,1715.6345190141928,143891,0
2226.7170404438084,0.9996476001328882,0.0012056599870345222,1919.352910503377,1715.6322911528048,143892,0
2226.723984582005,0.9992311590282882,0.0012055597192207944,1919.3556880304993,1715.6347211288871,143893,0
2226.7309287202024,0.9977744280612888,0.0012050135220179991,1919.3534537370365,1715.633715288199,143894,0
2226.7378728579333,0.9977449240511235,0.0012052195589072302,1919.3553394425423,1715.635030801344,143895,0
2226.744816995665,1.0000403363072532,0.0012071640187475753,1919.3528398688718,1715.6327448247175,143896,0
2226.751761133397,0.9977573307743617,0.0012047186115552518,1919.3555687143032,1715.6343820220366,143897,0
2226.758705271128,1.0020307930977757,0.0012066185004074698,1919.3543027628818,1715.633419341776,143898,0
2226.7656494083935,0.9986334500441678,0.001205738537445289,1919.3558578569032,1715.6350735737653,143899,0
2226.772593545659,0.9997067984803406,0.0012071790203840326,1919.3542103743612,1715.6342624509377,143900,0
2226.7795376829254,0.9998500205554717,0.0012059830060857698,1919.353636804516,1715.6357680655783,143901,0
2226.7864818201915,1.0013680699644982,0.0012060739463952556,1919.3565009429128,1715.635596252017,143902,0
2226.7934259569915,0.9995639925278516,0.001205624550378438,1919.35607130344,1715.6348081014314,143903,0
2226.8003700937916,1.0018224243981488,0.0012063286070397073,1919.3536449835829,1715.6332263175352,143904,0
2226.8073142301255,1.0006166640244616,0.001205960003065321,1919.354250033317,1715.6323237766455,143905,0
2226.8142583669255,0.9993110393726709,0.0012056572277344283,1919.3565818293746,1715.6337334920272,143906,0
2226.8212025032603,0.9996393817054152,0.0012050044064917064,1919.3551766868154,1715.633923830915,143907,0
2226.828146639129,0.9994232461481801,0.0012050554899432212,1919.3528692154182,1715.6313201317378,143908,0
2226.835090775464,1.000227797107949,0.0012050656914640477,1919.356621025972,1715.6342171463978,143909,0
2226.842034911332,1.0004660020767242,0.0012056745254635575,1919.3564845742126,1715.6343120837266,143910,0
2226.8489790472004,0.9996744953712642,0.001205164009773125,1919.35373338394,1715.632485099317,143911,0
2226.8559231830695,0.996900830818249,0.0012038651180754998,1919.355592705862,1715.6336144716936,143912,0
2226.862867318473,1.0011601295240538,0.0012057525945121624,1919.3544200593824,1715.6321186470423,143913,0
2226.869811453876,1.000522018607536,0.0012056203119460798,1919.3551274889433,1715.6334013536793,143914,0
2226.876755589279,1.000576116708434,0.001205380811676845,1919.3556063249725,1715.634400685405,143915,0
2226.883699724216,1.0019976765300629,0.001205582253318384,1919.3548761291745,1715.6332203676734,143916,0
2226.890643859619,1.000593895282418,0.0012070319172708187,1919.3545276933053,1715.632896719786,143917,0
2226.8975879945574,0.9993699713879916,0.0012053990413694328,1919.3575976674913,1715.635915107648,143918,0
2226.9045321290296,1.0015756850237647,0.0012058631905812716,1919.355540309846,1715.6342622826237,143919,0
2226.9114762639665,1.0009278734782716,0.0012057542802172718,1919.355400525716,1715.6330782873147,143920,0
2226.9184203984387,0.996174858517177,0.0012037233922267939,1919.3566567804535,1715.6351272718114,143921,0
2226.9253645324443,0.9993248319145036,0.0012053665302635783,1919.3553998843713,1715.6325991685403,143922,0
2226.9323086669156,0.9997380809007104,0.001205084450827498,1919.357129419584,1715.6344973793582,143923,0
2226.939252800922,1.0011780519020517,0.001206177882558934,1919.3541813744646,1715.6325703988998,143924,0
2226.9461969349286,1.0003169018997304,0.0012053825846367553,1919.3563000158547,1715.6345907275154,143925,0
2226.953141068934,0.9982328157682254,0.0012047974752997874,1919.3560167991247,1715.6353425964014,143926,0
2226.960085202475,0.998590402380009,0.001206169544800424,1919.3539083345236,1715.6311154484654,143927,0
2226.967029336015,1.0010108540041402,0.0012057674425043291,1919.3570217867946,1715.6352805979996,143928,0
2226.973973469555,0.9995050231875253,0.0012051605868844894,1919.3567803876647,1715.63365327666,143929,0
2226.9809176030967,0.9994069691724653,0.0012050647544701296,1919.3562653961835,1715.6326156126122,143930,0
2226.9878617361715,1.000176484803224,0.001204824428963154,1919.3560500145975,1715.6323264701946,143931,0
2226.9948058692457,1.0018119133354275,0.0012051786549389636,1919.3545864285045,1715.6322471258975,143932,0
2227.001750002321,1.00099134791754,0.0012050459946212624,1919.3577064508984,1715.634220300033,143933,0
2227.0086941349296,0.9996353278440281,0.0012048533745786195,1919.3583219930235,1715.633947534878,143934,0
2227.015638268004,1.0016587990288248,0.0012050692833536038,1919.3559634291244,1715.6327528164923,143935,0
2227.022582400148,1.0009538858470017,0.001205139085674154,1919.3577985565223,1715.6331685862312,143936,0
2227.0295265327577,1.0007521416893284,0.0012043064577358876,1919.355877294553,1715.6332434235208,143937,0
2227.0364706649007,1.0004139922855628,0.0012039733907881984,1919.3581538163983,1715.634082760809,143938,0
2227.0434147970445,1.000887606180007,0.0012044441808911294,1919.3559677302298,1715.6315225825967,143939,0
2227.0503589291875,0.9992274161509738,0.0012043409247804514,1919.3577248046754,1715.6341629286358,143940,0
2227.0573030613314,1.0017395851533109,0.0012047848002556044,1919.3571402512307,1715.6332259964918,143941,0
2227.0642471930096,0.9999757196449953,0.001205557507984375,1919.3582336055656,1715.634255802486,143942,0
2227.071191324687,0.9993868389725831,0.0012036364477457852,1919.3564505198794,1715.6324415392396,143943,0
2227.078135456364,1.0028557931533222,0.0012052370246274375,1919.3584357143588,1715.6336747350947,143944,0
2227.0850795875767,1.000135001413085,0.0012041634471735916,1919.3567040079909,1715.6331203351908,143945,0
2227.0920237187884,1.0008512007320427,0.0012043827285828032,1919.3580261197044,1715.6339451701158,143946,0
2227.098967850001,0.9991623483020934,0.0012059904152774857,1919.3553747378774,1715.6316443365943,143947,0
2227.1059119807483,1.0015085278682232,0.0012047311019522282,1919.3591119756552,1715.6343796550289,143948,0
2227.11285611196,0.9982865384551214,0.001203651086598777,1919.3563205478413,1715.6332132511257,143949,0
2227.119800242706,1.0013741889743175,0.0012046283649078011,1919.3569935066541,1715.6324689298967,143950,0
2227.126744372987,0.9984150702010552,0.001203964608450567,1919.3571382179039,1715.6312450868388,143951,0
2227.133688503733,1.0000692884496576,0.0012048099336869765,1919.3575377391678,1715.633379179063,143952,0
2227.140632634014,0.9989735756140197,0.0012052283949107823,1919.3577250978376,1715.6314573506993,143953,0
2227.147576764296,0.9993300785972744,0.0012040749441168716,1919.3581770460507,1715.6324478447054,143954,0
2227.1545208945763,0.9969129451455248,0.0012040715743069415,1919.3579966060036,1715.6328068448038,143955,0
2227.161465024391,1.0013287523737948,0.001204929290634485,1919.358078508011,1715.6323104659227,143956,0
2227.1684091542065,1.0013684605166782,0.0012051610217998635,1919.3561573903125,1715.6314398939428,143957,0
2227.1753532840216,0.998471379827442,0.0012039862223644146,1919.3574006493168,1715.633172810366,143958,0
2227.182297413837,1.000486564277473,0.0012044147815193059,1919.3586450449109,1715.6330116433246,143959,0
2227.1892415431867,1.001442643344179,0.0012048361664707783,1919.3582358277351,1715.630750492108,143960,0
2227.1961856725356,1.0004438006177874,0.0012043496133238795,1919.3578501478892,1715.6330658659479,143961,0
2227.203129801885,0.9998818524703201,0.001204600332302604,1919.3592928344951,1715.633010982803,143962,0
2227.210073930769,1.0000514289787923,0.001204424165775248,1919.358399414911,1715.6331762817122,143963,0
2227.217018059653,1.0008765978026992,0.0012041228839975915,1919.3581968073322,1715.6320415311695,143964,0
2227.2239621885374,0.9991095679017074,0.0012035620324714884,1919.358963354333,1715.6333793947995,143965,0
2227.230906317421,1.0014768536212069,0.0012039398111838978,1919.3591280285834,1715.6330139950217,143966,0
2227.2378504458393,0.9993115805800397,0.0012042963493746985,1919.3588510496854,1715.6337545888211,143967,0
2227.2447945747226,1.0008731037924066,0.001203569126424323,1919.360498168691,1715.6340453687524,143968,0
2227.2517387031407,1.0008809192113293,0.0012039784861429576,1919.3600021689886,1715.633340336778,143969,0
2227.258682831093,1.0002497948661873,0.0012032056944643193,1919.3587856287693,1715.6325695452185,143970,0
2227.265626959512,1.0000321578037905,0.001203355684591298,1919.3603218678084,1715.634717267838,143971,0
2227.2725710874647,0.9986499897966936,0.001202483354651372,1919.3582352154658,1715.6315681209771,143972,0
2227.2795152154167,1.0024240967995988,0.0012044093237764022,1919.3594679731993,1715.6330297860527,143973,0
2227.286459342903,0.9995828477191849,0.0012032425445201152,1919.3608650178792,1715.6335865121955,143974,0
2227.2934034703903,1.0009402106127043,0.0012036247262959352,1919.3612701840839,1715.6340639528105,143975,0
2227.3003475983433,0.9978766948277937,0.0012025788100012876,1919.3589174233523,1715.6310973225322,143976,0
2227.3072917253644,1.0010719666265313,0.0012033879263779344,1919.3568839229895,1715.630820119759,143977,0
2227.314235852851,1.0024104222893992,0.0012042599852397343,1919.3591884159791,1715.631104001381,143978,0
2227.321179979872,0.9996262885148782,0.0012031455378948414,1919.360167698296,1715.6319856398545,143979,0
2227.328124106893,1.0004232493284568,0.0012037581847529066,1919.358576659271,1715.6317822313788,143980,0
2227.335068233915,0.9987087866124582,0.001203561695700377,1919.3598983472486,1715.6340035899912,143981,0
2227.3420123609367,0.998174764701733,0.0012027201610370869,1919.3606247737116,1715.6325540200523,143982,0
2227.3489564874917,0.9992330336192008,0.0012034588292442535,1919.3634135224193,1715.634229472417,143983,0
2227.3559006140476,0.9995361076640493,0.0012034773281801305,1919.3608986214686,1715.6326543911807,143984,0
2227.3628447406027,0.9973481523804103,0.0012041254405174018,1919.3617530292406,1715.631415801373,143985,0
2227.3697888671577,0.999529264605592,0.0012031246406899736,1919.3613939346517,1715.6327014737778,143986,0
2227.376732993248,0.9956553963224439,0.0012024792324778141,1919.3609703171599,1715.6340341111002,143987,0
2227.3836771193382,0.9997214125989551,0.0012033091345608014,1919.3603567994007,1715.6332113653207,143988,0
2227.3906212454276,0.9990246013778415,0.0012027731313631561,1919.3609141021045,1715.6336432196774,143989,0
2227.397565371518,1.000619678518256,0.0012031084741892697,1919.3610957292715,1715.6333574450637,143990,0
2227.4045094971416,0.9973987343967188,0.0012023059081362828,1919.3609269846384,1715.632355792848,143991,0
2227.4114536227653,1.0008032898145809,0.0012043615393496187,1919.3600598362502,1715.6313736218692,143992,0
2227.418397748391,0.9997309423362722,0.001202705916093173,1919.3606333588923,1715.632641481955,143993,0
2227.425341874015,1.0014153981259275,0.0012027816383170867,1919.3601965156925,1715.6327416074455,143994,0
2227.4322859996387,1.0008618903095678,0.0012029366083720833,1919.3605825025488,1715.631484525488,143995,0
2227.4392301247976,1.0005958933987051,0.0012027423112686193,1919.3621617206763,1715.6323152577552,143996,0
2227.4461742499557,0.9999591476100107,0.0012023519069606428,1919.3626020617362,1715.6332478780062,143997,0
2227.453118375114,1.0008762646765361,0.0012025994071049226,1919.3605354022638,1715.632376820127,143998,0
2227.4600624998084,1.000382211084498,0.0012023657949848854,1919.3609080360225,1715.6317439239276,143999,0
2227.4670066249664,0.9985118936176437,0.001201502460551871,1919.3614746193339,1715.6338788372063,144000,0
2227.473950749659,1.000714456439319,0.0012028567339018872,1919.3637531489526,1715.6331137001093,144001,0
2227.480894874352,1.0027033014872972,0.0012028962810549894,1919.3606063528377,1715.631198784557,144002,0
2227.4878389990445,1.0017055244417568,0.0012025512543718277,1919.3619612467912,1715.632725918141,144003,0
2227.4947831232716,1.0016053997531738,0.0012027016859329147,1919.3633822297927,1715.6322137548093,144004,0
2227.5017272479654,0.998822163104217,0.0012018904796801723,1919.3615768603115,1715.6311386628165,144005,0
2227.508671372192,1.0014382186945616,0.0012022005557630526,1919.3611686376462,1715.6328520494928,144006,0
2227.515615496419,1.001667243094358,0.0012031126710074155,1919.3622052063167,1715.6331927844394,144007,0
2227.522559620181,1.0001165993601662,0.0012032681752716305,1919.361859532805,1715.6311038723911,144008,0
2227.5295037444075,0.9989245056713784,0.001201461004544419,1919.3625804028188,1715.6332081543758,144009,0
2227.5364478681695,1.0019833437066819,0.0012030919246609863,1919.3626626010732,1715.6331145522558,144010,0
2227.5433919923976,0.9996481687156501,0.001201837788670398,1919.3619900123765,1715.6325568099537,144011,0
2227.5503361161586,0.9981672303028895,0.001201581043537987,1919.3618694049662,1715.6311087363713,144012,0
2227.557280239454,0.9977763740369602,0.0012013104227211534,1919.3606931702707,1715.630115279663,144013,0
2227.564224363216,0.999766659927186,0.0012030700100910058,1919.3625240454069,1715.63316305349,144014,0
2227.571168486512,1.0013162275959895,0.001202522198549278,1919.363103822719,1715.6314760872583,144015,0
