#time,flux,flux_err
2459361.777340388,-0.0028650165,0.003866874
2459361.7787292907,0.00344944,0.003873263
2459361.7801181944,-0.0035843253,0.0038671927
2459361.7815070977,0.0043046474,0.0038713512
2459361.782896001,0.0013334751,0.0038726048
2459361.7842849046,-0.0028489828,0.0038667133
2459361.785673808,-0.0013478398,0.0038664136
2459361.7870627106,-0.003531754,0.0038685205
2459361.7884516143,0.0022455454,0.0038699643
2459361.7898405176,0.0015408993,0.0038689831
2459361.791229421,9.548664e-05,0.0038689699
2459361.792618324,-0.002513647,0.0038675775
2459361.7940072273,-0.0035266876,0.0038639742
2459361.7953961305,0.0009524822,0.0038703643
2459361.796785034,-0.0037359595,0.003864996
2459361.798173937,-0.002392888,0.0038698453
2459361.7995628407,-0.0041335225,0.0038678264
2459361.800951744,0.004266858,0.0038702213
2459361.8023406467,-0.006898463,0.0038625288
2459361.80372955,-0.0050417185,0.00386667
2459361.805118453,-0.0039149523,0.003865398
2459361.806507357,0.0013662577,0.0038693878
2459361.80789626,0.0015220642,0.0038708057
2459361.809285163,-0.0020880103,0.0038674243
2459361.810674066,0.000108122826,0.0038692108
2459361.8120629694,-0.00036525726,0.0038675438
2459361.8134518727,0.0007724762,0.0038675766
2459361.814840776,-0.0062705874,0.0038634704
2459361.816229679,0.0030519962,0.0038704744
2459361.817618582,0.0035710335,0.0038717897
2459361.8190074856,-0.0026646852,0.0038675128
2459361.820396389,-0.003945768,0.0038633978
2459361.821785292,0.0010560751,0.0038691936
2459361.8231741954,-0.0009804368,0.003869108
2459361.8245630986,-0.0013971925,0.0038667344
2459361.8259520014,-0.00444597,0.0038639763
2459361.8273409046,-0.00066691637,0.0038675233
2459361.828729808,-0.0022788644,0.0038669857
2459361.830118711,0.00050485134,0.0038689228
2459361.8315076143,0.0054610968,0.0038732283
2459361.832896517,-0.001026392,0.0038671026
2459361.8342854204,-0.0012558103,0.0038659829
2459361.8356743236,0.00080382824,0.0038688371
2459361.837063227,-0.0019165277,0.0038677328
2459361.83845213,-0.0030738115,0.003867912
2459361.8398410333,-0.0011893511,0.0038684155
2459361.8412299356,-0.0007919073,0.0038689948
2459361.842618839,-0.0029248595,0.0038680153
2459361.844007742,-0.0027265549,0.003863892
2459361.8453966454,0.0004348755,0.0038675035
2459361.8467855486,-0.00267905,0.0038662576
2459361.8481744514,0.002671361,0.0038715906
2459361.8495633546,0.0024740696,0.0038695605
2459361.850952258,0.0041491985,0.0038713107
2459361.852341161,-0.002470374,0.0038659838
2459361.853730064,0.0046474934,0.0038724297
2459361.855118967,-0.0017790198,0.0038668273
2459361.85650787,0.0017955303,0.0038706495
2459361.857896773,0.0029904842,0.0038712833
2459361.8592856764,-0.0036481023,0.0038684646
2459361.8606745796,-0.0020427704,0.0038700227
2459361.8620634824,-0.005190909,0.0038667964
2459361.863452385,-0.00086164474,0.003866074
2459361.8648412884,-0.001285255,0.0038662648
2459361.8662301917,-0.0017126799,0.0038660716
2459361.8676190944,0.0010240078,0.003867358
2459361.8690079977,-0.00033527613,0.0038646052
2459361.870396901,-0.004492402,0.0038653025
2459361.8717858037,-0.0021681786,0.0038633447
2459361.8731747065,-0.0005635023,0.003866778
2459361.8745636097,-0.0033319592,0.003863168
2459361.875952513,0.004930496,0.0038723846
2459361.877341416,0.0013056993,0.0038688618
2459361.8787303185,0.005787134,0.0038723047
2459361.8801192218,-0.0022950768,0.0038654397
2459361.881508125,-0.0020177364,0.0038653254
2459361.882897028,0.00342834,0.0038698635
2459361.884285931,-0.007957637,0.0038642946
2459361.8856748343,-0.0018700957,0.003863979
2459361.8870637366,0.0026267767,0.0038675815
2459361.88845264,-0.002435565,0.0038665845
2459361.889841543,-0.004442036,0.003862689
2459361.891230446,-0.011717141,0.0038597118
2459361.892619349,0.003355503,0.0038706223
2459361.8940082523,-0.000706017,0.0038693035
2459361.8953971546,0.0059968233,0.0038714462
2459361.896786058,0.004708767,0.0038713287
2459361.8981749606,0.0074118376,0.0038726246
2459361.899563864,0.003763795,0.0038692877
2459361.900952767,0.0027410984,0.0038669559
2459361.9023416694,0.00558424,0.0038730472
2459361.9037305727,0.00048565865,0.003865799
2459361.9051194754,0.0003849268,0.0038663775
2459361.9065083787,-0.0019068122,0.0038655552
2459361.9078972815,0.0016393661,0.0038679445
2459361.9092861847,0.0012181997,0.0038669314
2459361.910675087,0.0022342205,0.0038703221
2459361.9120639903,0.0010188818,0.0038677831
2459361.9134528935,0.00025963783,0.003866181
2459361.9148417963,0.00026619434,0.0038662655
2459361.9162306995,0.0036045313,0.0038677573
2459361.917619602,-0.0031929016,0.0038664534
2459361.919008505,0.005403042,0.0038679375
2459361.920397408,-0.0017262101,0.0038629654
2459361.921786311,-0.002437234,0.0038684865
2459361.923175214,-0.0027572513,0.0038668546
2459361.9245641166,-0.00088882446,0.003869084
2459361.9259530194,0.0034868717,0.003869642
2459361.927341922,-0.0051059127,0.003865126
2459361.9287308254,-0.0025794506,0.0038658294
2459361.930119728,0.0008672476,0.003866804
2459361.9315086314,-0.0035094619,0.003865747
2459361.9328975338,-0.0011735559,0.0038650953
2459361.934286437,0.004266262,0.003871026
2459361.93567534,-0.0055221915,0.0038594892
2459361.9370642425,9.4890594e-05,0.003866177
2459361.938453146,-0.00023841858,0.003864481
2459361.9398420486,0.0024472475,0.0038675978
2459361.9412309513,-0.0018869638,0.0038658162
2459361.942619854,0.002718687,0.0038702444
2459361.944008757,-0.0038583279,0.0038640834
2459361.94539766,0.000885129,0.003866035
2459361.946786563,0.0005148649,0.0038677054
2459361.948175465,-0.0030343533,0.0038617053
2459361.9495643685,-0.0030484796,0.0038670164
2459361.9509532712,-0.004188478,0.0038645174
2459361.9523421745,-0.0009174347,0.0038670271
2459361.9537310773,0.003847003,0.003869125
2459361.95511998,0.004433155,0.0038698425
2459361.956508883,-0.0028002858,0.003862855
2459361.9578977856,0.00032663345,0.0038651347
2459361.9592866884,-0.0036037564,0.0038643444
2459361.9606755916,0.0036382675,0.0038686525
2459361.9620644944,-0.009257138,0.0038620825
2459361.963453397,0.0028113127,0.0038698
2459361.9648422995,0.0032362938,0.0038675074
2459361.9662312027,0.0024704933,0.0038691924
2459361.9676201055,-0.0049639344,0.0038619698
2459361.9690090083,-0.00028032064,0.0038645884
2459361.9703979115,0.003918767,0.0038677256
2459361.971786814,0.002682209,0.0038672155
2459361.9731757166,0.00040256977,0.0038661384
2459361.9745646194,0.0017735958,0.0038669354
2459361.9759535226,0.0025408268,0.0038675999
2459361.9773424254,0.00014019012,0.0038660895
2459361.978731328,-0.005387664,0.0038609912
2459361.9801202305,0.0033214092,0.0038710572
2459361.9815091337,0.0017929077,0.0038660713
2459361.9828980365,0.008767366,0.003873525
2459361.9842869393,-0.00061541796,0.003866694
2459361.985675842,0.002554059,0.0038709796
2459361.9870647443,-0.00088489056,0.0038657682
2459361.9884536476,0.0023514032,0.0038682069
2459361.9898425504,-0.002203524,0.0038636993
2459361.991231453,-0.0020079613,0.003866406
2459361.992620356,0.0016824007,0.003865897
2459361.9940092587,-0.004347861,0.003860972
2459361.9953981615,-0.0070866942,0.0038586357
2459361.9967870642,0.0009685755,0.003864996
2459361.998175967,-0.0017814636,0.0038650935
2459361.99956487,-0.00016516447,0.003865522
2459362.0009537726,-6.181002e-05,0.0038640846
2459362.002342675,-0.006074667,0.0038614748
2459362.003731578,0.0008994341,0.0038651843
2459362.005120481,-0.0042066574,0.0038640217
2459362.0065093837,0.004613757,0.0038691633
2459362.0078982865,0.004735112,0.00386904
2459362.009287189,0.0021847486,0.0038664164
2459362.0106760915,-0.00053328276,0.0038637093
2459362.0120649943,-0.0020878315,0.003863315
2459362.013453897,-0.005395055,0.0038614494
2459362.0148428003,-0.0035749674,0.003864564
2459362.016231703,-0.0069395304,0.0038601568
2459362.0176206054,-0.0038216114,0.0038630357
2459362.019009508,-0.002333641,0.003864627
2459362.020398411,-0.006507337,0.0038614252
2459362.0217873137,-0.0009860396,0.003863864
2459362.0231762165,0.0045039654,0.0038677438
2459362.0245651193,-0.0021029115,0.003864106
2459362.0259540216,-0.008401573,0.0038581332
2459362.0273429244,0.0030294657,0.0038680376
2459362.028731827,0.0016833544,0.0038683033
2459362.03012073,0.00045657158,0.0038644245
2459362.031509633,0.00075161457,0.0038648604
2459362.032898536,0.0013337135,0.003867333
2459362.0342874383,-0.005519986,0.0038596494
2459362.035676341,-0.002713263,0.0038641589
2459362.037065244,0.0007214546,0.003866588
2459362.0384541466,-0.0015910268,0.003860455
2459362.0398430494,0.0030652285,0.0038690346
2459362.0412319517,0.0056750774,0.0038707317
2459362.0426208545,0.0031468868,0.00386738
2459362.044009757,0.0018805265,0.003863878
2459362.04539866,-0.0013982654,0.003862129
2459362.046787563,-0.0057137012,0.0038619926
2459362.0481764656,-0.00038564205,0.0038662127
2459362.049565368,0.0010111332,0.003868443
2459362.0509542706,0.00077843666,0.0038649826
2459362.0523431734,-0.0016513467,0.0038628255
2459362.053732076,-0.0044946074,0.0038645559
2459362.055120979,0.0039150715,0.0038667577
2459362.0565098813,-0.0055758357,0.0038613568
2459362.057898784,-0.0011612177,0.0038634595
2459362.059287687,-0.001439929,0.0038617149
2459362.0606765896,0.00015509129,0.0038664318
2459362.0620654924,-0.0035815835,0.0038599551
2459362.063454395,0.0034425259,0.0038675705
2459362.0648432975,-0.004300058,0.0038610927
2459362.0662322002,0.0013619661,0.00386444
2459362.067621103,0.002536416,0.0038656935
2459362.0690100053,-0.0032859445,0.0038620173
2459362.070398908,0.005229354,0.0038696725
2459362.0717878104,0.0059951544,0.003869188
2459362.073176713,0.00036883354,0.0038653468
2459362.074565616,0.0040290356,0.00386514
2459362.0759545187,0.0017983913,0.003866509
2459362.0773434215,0.0019761324,0.0038669012
2459362.0787323243,-0.0045495033,0.003864069
2459362.0801212266,0.0032182932,0.0038662874
2459362.0815101294,0.001765132,0.003864104
2459362.082899032,-0.004173517,0.0038625903
2459362.084287935,0.0034097433,0.0038648236
2459362.0856768377,-0.0072082877,0.0038572291
2459362.0870657396,0.0025250912,0.0038662239
2459362.0884546423,0.0026602745,0.003866538
2459362.089843545,0.0008094311,0.003864586
2459362.091232448,0.0033956766,0.0038665754
2459362.0926213507,0.0004348755,0.003864217
2459362.0940102534,0.0019100904,0.003863626
2459362.0953991557,-0.0047991276,0.0038599286
2459362.0967880585,-0.0058317184,0.003858061
2459362.098176961,-0.002769649,0.0038590648
2459362.0995658636,-0.0065974593,0.003860129
2459362.1009547664,-0.0027344227,0.003862635
2459362.102343669,0.0039173365,0.0038679133
2459362.1037325715,-0.00016790628,0.0038615735
2459362.1051214742,0.004345894,0.0038682972
2459362.106510377,0.002616167,0.0038624224
2459362.1078992793,-0.0031864643,0.0038610795
2459362.109288182,0.0019308329,0.0038670884
2459362.1106770844,-0.0010697246,0.0038649447
2459362.112065987,7.6413155e-05,0.003863861
2459362.11345489,-0.0051529408,0.0038603665
2459362.1148437927,0.0018846989,0.003865002
2459362.116232695,0.0030983686,0.003865891
2459362.117621598,0.0020395517,0.0038642567
2459362.1190105,0.0003681183,0.0038645167
2459362.120399403,-0.0006004572,0.0038637351
2459362.1217883057,-0.00013160706,0.0038683745
2459362.123177208,0.0052952766,0.003868279
2459362.124566111,-0.0002014637,0.003862609
2459362.125955013,0.0016241074,0.0038634583
2459362.127343916,-0.0067527294,0.0038570918
2459362.1287328186,0.0018388033,0.0038656506
2459362.130121721,-0.003929496,0.0038646641
2459362.1315106237,0.00026082993,0.0038639703
2459362.1328995265,0.0057173967,0.0038663386
2459362.134288429,-0.002170682,0.003862902
2459362.1356773316,0.001580596,0.0038644874
2459362.137066234,0.003917694,0.0038661454
2459362.1384551367,-0.00394994,0.003858395
2459362.1398440395,-0.00388515,0.0038604713
2459362.1412329418,-0.006019175,0.0038624057
2459362.142621844,-0.0039072633,0.0038615353
2459362.144010747,-0.0023403764,0.0038597423
2459362.1453996496,0.0057406425,0.0038702213
2459362.1467885524,-0.0016644597,0.0038612953
2459362.1481774547,0.0035231113,0.0038636203
2459362.149566357,-0.0038881898,0.0038604694
2459362.15095526,-0.0009945035,0.0038629458
2459362.1523441626,-0.009608805,0.0038553989
2459362.153733065,-0.00036668777,0.0038636143
2459362.1551219677,-3.4213066e-05,0.0038626702
2459362.15651087,0.00179708,0.0038663181
2459362.1578997727,0.0023918152,0.0038645347
2459362.159288675,0.0022989511,0.003864102
2459362.160677578,0.0068951845,0.003869365
2459362.1620664806,0.0031409264,0.0038692593
2459362.1634553834,0.0026327372,0.0038651656
2459362.164844285,0.004324436,0.0038676497
2459362.166233188,-0.0016284585,0.003861061
2459362.167622091,0.0052759647,0.0038686073
2459362.169010993,0.005518675,0.0038675035
2459362.170399896,-0.001255393,0.0038594108
2459362.171788798,-0.0018696189,0.0038629887
2459362.1731777005,-0.0019280314,0.0038603842
2459362.1745666033,-0.0005530715,0.0038628555
2459362.175955506,0.005383849,0.0038671962
2459362.177344409,-0.0033459663,0.0038612743
2459362.178733311,0.008239031,0.0038686844
2459362.1801222134,-0.0008983612,0.0038626692
2459362.181511116,0.0013990402,0.0038655049
2459362.1829000185,-0.0048573017,0.003862144
2459362.1842889213,-0.00011706352,0.003862886
2459362.185677824,-0.001964271,0.0038640734
2459362.1870667264,0.0061559677,0.0038658509
2459362.1884556287,0.0010038614,0.0038648273
2459362.1898445315,-0.0024713278,0.0038608164
2459362.191233434,0.0062047243,0.0038669845
2459362.1926223366,-0.0017872453,0.0038628487
2459362.1940112393,-0.0017848611,0.0038618115
2459362.195400141,-0.008408129,0.003856958
2459362.196789044,0.005862236,0.0038673126
2459362.1981779467,-0.0007106066,0.0038625568
2459362.199566849,0.0061733723,0.0038664085
2459362.200955752,0.0002641678,0.0038652986
2459362.2023446546,0.00039815903,0.0038651866
2459362.2037335564,0.0022752285,0.0038622043
2459362.205122459,0.0012828112,0.0038624022
2459362.2065113615,-0.001819849,0.0038626476
2459362.2079002643,0.0026757717,0.0038632515
2459362.209289167,-0.0020381808,0.0038599332
2459362.210678069,0.0023816824,0.0038656255
2459362.2120669717,-7.5280666e-05,0.0038623153
2459362.2134558745,0.0031496286,0.003865445
2459362.214844777,-0.00065231323,0.0038617859
2459362.2162336796,-0.0051479936,0.0038580205
2459362.217622582,0.002131462,0.003863496
2459362.219011484,0.0027985573,0.0038637158
2459362.220400387,0.00083100796,0.0038591314
2459362.2217892893,0.00311172,0.003866628
2459362.223178192,-0.00290668,0.0038618047
2459362.2245670944,0.002395749,0.0038648574
2459362.2259559967,0.0021166801,0.0038632716
2459362.2273448994,-0.0007664561,0.0038594443
2459362.2287338017,0.0019111633,0.003861894
2459362.2301227045,0.0046116114,0.003866515
2459362.231511607,0.005219817,0.003867101
2459362.2329005096,-0.0022094846,0.0038598564
2459362.234289412,0.0036307573,0.0038626152
2459362.235678314,-0.0006393194,0.0038621384
2459362.237067217,-0.004722774,0.0038580378
2459362.2384561193,-0.0026828647,0.0038606052
2459362.239845022,0.00022268295,0.003863641
2459362.2412339244,-0.0013611913,0.0038631035
2459362.2426228267,-0.00961107,0.0038548147
2459362.2440117295,-0.0046103,0.003858897
2459362.245400632,-0.008281827,0.0038558713
2459362.2467895346,0.007301688,0.0038697787
2459362.248178437,-0.0007736087,0.0038638057
2459362.249567339,0.008305788,0.0038677515
2459362.250956242,0.004753709,0.0038681158
2459362.2523451443,0.0054187775,0.0038688735
2459362.253734047,-0.0003232956,0.003861322
2459362.2551229494,0.0004557371,0.0038603263
2459362.256511852,-0.0045348406,0.003863312
2459362.257900754,0.0013786554,0.0038650632
2459362.2592896568,-0.0013117194,0.0038590499
2459362.260678559,-7.170439e-05,0.003867078
2459362.262067462,-0.00234437,0.003860875
2459362.263456364,-0.00014531612,0.0038643694
2459362.2648452665,0.008008361,0.0038688644
2459362.2662341692,-0.0012641549,0.0038601498
2459362.2676230716,-0.0003451109,0.003863101
2459362.2690119743,0.0037281513,0.0038643884
2459362.2704008766,0.008686185,0.003870675
2459362.2717897794,0.003578186,0.0038674378
2459362.2731786813,0.0020563602,0.0038643265
2459362.274567584,0.0075519085,0.003866229
2459362.2759564864,-0.00274539,0.003857828
2459362.277345389,-0.0029417872,0.0038615305
2459362.2787342914,0.0053128004,0.0038685268
2459362.2801231937,-0.0004183054,0.0038629628
2459362.281512096,0.0016720295,0.0038641056
2459362.282900999,0.0074516535,0.0038687012
2459362.284289901,0.0013543367,0.003863062
2459362.285678804,-0.0004274845,0.0038627363
2459362.287067706,-0.00993216,0.0038522815
2459362.2884566085,-0.0037516952,0.0038583823
2459362.289845511,-0.0018553138,0.003858235
2459362.2912344136,0.0032743216,0.00386486
2459362.292623316,-0.0050411224,0.003857505
2459362.2940122187,0.0038449764,0.003864425
2459362.2954011206,-0.0009185076,0.0038578026
2459362.2967900233,0.0002387762,0.003859813
2459362.2981789256,0.003186226,0.0038658148
2459362.2995678284,0.00052702427,0.0038616066
2459362.3009567307,0.0058163404,0.0038644043
2459362.3023456335,0.00076162815,0.003861835
2459362.3037345354,0.0005338192,0.0038637219
2459362.305123438,-0.0033210516,0.0038588122
2459362.3065123404,0.00014710426,0.0038605442
2459362.307901243,-0.0040782094,0.0038584908
2459362.3092901455,0.0038517714,0.003863341
2459362.310679048,0.0014414787,0.0038644788
2459362.31206795,-0.002651155,0.0038592096
2459362.313456853,-0.00016093254,0.0038605062
2459362.314845755,0.0032906532,0.003862146
2459362.316234658,0.0034483671,0.0038622408
2459362.3176235603,0.004661441,0.0038641326
2459362.3190124626,0.004116416,0.0038636802
2459362.320401365,-0.00609231,0.003857321
2459362.3217902672,-0.00043177605,0.0038613863
2459362.32317917,-0.0053490996,0.0038609502
2459362.3245680723,0.0038750172,0.0038640462
2459362.325956975,0.0051853657,0.0038643628
2459362.327345877,-0.00028520823,0.0038612382
2459362.3287347797,0.005944133,0.0038641884
2459362.330123682,-0.0011712313,0.0038595793
2459362.331512585,-0.006343484,0.0038573593
2459362.332901487,-0.0021486282,0.0038575884
2459362.334290389,0.005371332,0.0038667468
2459362.3356792917,0.0038657188,0.0038633656
2459362.337068194,-0.001331389,0.0038596997
2459362.338457097,0.0020401478,0.0038611195
2459362.339845999,0.0033328533,0.0038634245
2459362.341234902,-0.004301548,0.0038576862
2459362.3426238038,-0.004671693,0.0038585828
2459362.3440127065,0.0015472174,0.0038605502
2459362.345401609,0.0025941133,0.0038623824
2459362.346790511,0.0025039911,0.003865685
2459362.348179414,-0.0022124648,0.0038599751
2459362.349568316,-0.0019567013,0.003862238
2459362.3509572186,-0.0019342899,0.003859163
2459362.352346121,0.0013408661,0.0038622713
2459362.353735023,-0.00057929754,0.00385944
2459362.355123926,-0.005663216,0.003859009
2459362.3565128283,0.0025494099,0.0038613663
2459362.3579017306,0.0016332865,0.0038637212
2459362.359290633,-0.0015984178,0.0038599905
2459362.3606795357,0.0044385195,0.0038633228
2459362.362068438,0.0016597509,0.0038640385
2459362.3634573403,-0.00089263916,0.0038625647
2459362.3648462426,0.001940012,0.0038614615
2459362.366235145,0.0026450157,0.003865931
2459362.3676240477,0.0010530949,0.0038609204
2459362.36901295,0.0019198656,0.0038617472
2459362.3704018523,-0.0030598044,0.0038599668
2459362.371790755,0.007306576,0.0038652811
2459362.373179657,-0.00031012297,0.0038606273
2459362.3745685597,-0.0062469244,0.0038568391
2459362.375957462,-0.0058240294,0.003856677
2459362.3773463643,-0.0002116561,0.0038584648
2459362.378735267,0.0006121397,0.003862269
2459362.380124169,-0.00045984983,0.0038620958
2459362.3815130712,-0.0017821789,0.0038609952
2459362.382901974,0.0039383173,0.0038653638
2459362.3842908763,-0.0012492537,0.0038591034
2459362.385679779,0.0010002851,0.0038596482
2459362.3870686814,-0.0070660114,0.003854793
2459362.3884575833,-0.004568577,0.003858211
2459362.389846486,-0.003242731,0.0038574215
2459362.3912353883,0.003436327,0.003862089
2459362.3926242907,-0.0016298294,0.0038622497
2459362.3940131934,-0.0082739,0.0038537113
2459362.3954020957,-0.0010120273,0.0038604813
2459362.396790998,0.0032855272,0.0038668246
2459362.3981799004,0.0032896996,0.0038614615
2459362.3995688027,0.001593709,0.0038618115
2459362.4009577055,0.0009171963,0.003864214
2459362.4023466078,0.0063169003,0.003867397
2459362.4037355096,-0.0015063882,0.003860047
2459362.4051244124,0.0016487837,0.003863749
2459362.4065133147,0.001475215,0.0038607395
2459362.407902217,0.003565073,0.0038637926
2459362.40929112,0.0057092905,0.0038659768
2459362.410680022,0.00298357,0.003861091
2459362.4120689244,0.0017864704,0.0038604538
2459362.4134578267,-0.004685998,0.0038563453
2459362.414846729,-0.002268672,0.0038581393
2459362.416235632,0.0027633905,0.0038616532
2459362.417624534,-0.002038002,0.00385898
2459362.419013436,-0.0043948293,0.0038576503
2459362.4204023387,-0.0024825335,0.0038612473
2459362.421791241,0.009241939,0.0038657037
2459362.4231801433,-0.003180623,0.003857517
2459362.424569046,-0.00046122074,0.0038622578
2459362.4259579484,0.0085378885,0.003867846
2459362.4273468503,-0.0003336072,0.0038601288
2459362.428735753,-0.0034595728,0.0038609114
2459362.4301246554,-0.0010601282,0.0038625824
2459362.4315135577,0.0023272038,0.0038604648
2459362.4329024605,-0.006327808,0.0038566012
2459362.4342913623,-0.0028181672,0.0038622601
2459362.4356802646,-0.0039047003,0.003856588
2459362.4370691674,0.002537012,0.0038630778
2459362.4384580697,-0.0017276406,0.0038584725
2459362.439846972,0.0009601116,0.0038651982
2459362.4412358743,0.004083395,0.0038645617
2459362.4426247766,0.007842898,0.003865032
2459362.444013679,-0.0035156012,0.0038565933
2459362.4454025812,0.0028933287,0.0038608827
2459362.446791484,0.004889369,0.0038667328
2459362.4481803863,0.0036154985,0.0038617149
2459362.449569288,0.001034379,0.003862132
2459362.450958191,-0.0006271601,0.0038593574
2459362.4523470933,-0.0016849041,0.0038580392
2459362.4537359956,0.007975459,0.0038668914
2459362.4551248983,0.006321907,0.0038642117
2459362.4565138007,0.007655978,0.003864489
2459362.4579027025,-0.004933238,0.0038576983
2459362.459291605,0.0036296844,0.003861429
2459362.4606805076,0.0013477802,0.0038601453
2459362.46206941,-0.0101521015,0.0038553588
2459362.463458312,0.0021504164,0.003862629
2459362.4648472145,0.0023266077,0.0038612639
2459362.466236117,-0.0022708178,0.003857117
2459362.467625019,0.00038838387,0.0038624203
2459362.469013922,0.0032752752,0.0038611598
2459362.470402824,0.0025624037,0.0038613807
2459362.4717917265,-0.0042169094,0.0038599703
2459362.4731806284,0.0018562078,0.0038576976
2459362.474569531,-0.0027543902,0.0038578918
2459362.4759584335,-0.0022958517,0.0038583896
2459362.477347336,-0.0024137497,0.0038590615
2459362.478736238,0.0019059181,0.0038634792
2459362.480125141,0.0031577349,0.0038639635
2459362.4815140427,-0.00034552813,0.003861609
2459362.482902945,0.00012409687,0.0038615803
2459362.484291848,-0.0023795962,0.0038593907
2459362.48568075,-0.00050133467,0.0038613167
2459362.4870696524,0.0027025938,0.0038624054
2459362.4884585543,-0.0006364584,0.003861796
2459362.489847457,0.0012125969,0.0038615067
2459362.4912363593,-0.0034415126,0.0038587116
2459362.4926252617,-0.000336349,0.0038603898
2459362.494014164,-0.0061163306,0.0038567856
2459362.4954030667,-0.0021660924,0.0038599402
2459362.4967919686,-0.0006020665,0.0038641607
2459362.498180871,0.004983425,0.0038657044
2459362.499569773,-0.0023050308,0.0038661167
2459362.500958676,0.0034236908,0.0038668134
2459362.5023475783,-0.0015295148,0.003862132
2459362.50373648,-0.0014092922,0.0038629908
2459362.505125383,-0.0011804104,0.0038673189
2459362.506514285,0.0022712946,0.0038696288
2459362.5079031875,0.0021100044,0.0038733585
2459362.50929209,0.0042225122,0.0038712285
2459362.5106809926,0.0031584501,0.0038722446
2459362.5120698945,-0.00021582842,0.003869664
2459362.513458797,0.0012944937,0.0038695808
2459362.514847699,0.0045222044,0.003875528
2459362.5162366014,0.0012273788,0.0038696413
2459362.517625504,-0.00092834234,0.0038678602
2459362.519014406,0.00047159195,0.0038698365
2459362.5204033083,0.005434394,0.0038737708
2459362.5217922106,0.0016669035,0.0038740563
2459362.5231811134,-0.007511914,0.0038624161
2459362.5245700157,-0.0013921261,0.0038683924
2459362.525958918,0.003487587,0.003873256
2459362.52734782,-0.004242301,0.003866212
2459362.5287367227,0.0011126995,0.0038691368
2459362.530125625,-0.010296047,0.0038597076
2459362.5315145273,-0.0042966604,0.0038630837
2459362.5329034296,-0.0007072091,0.0038647254
2459362.5342923314,0.0067566633,0.003866912
2459362.535681234,-0.0068449974,0.0038590746
2459362.5370701365,0.0027748346,0.0038645393
2459362.538459039,-0.001650691,0.0038629188
2459362.539847941,0.0011800528,0.0038601335
2459362.541236844,-0.0030512214,0.0038594846
2459362.5426257458,0.0010403395,0.003860001
2459362.544014648,-0.004069984,0.0038568003
2459362.5454035504,0.0065709352,0.0038652327
2459362.5467924527,0.0013791323,0.0038612823
2459362.5481813555,0.00085651875,0.0038577507
2459362.549570258,0.00093221664,0.0038606366
2459362.5509591596,-2.9146671e-05,0.003859095
2459362.552348062,-0.0017196536,0.0038584329
2459362.5537369642,-0.00014084578,0.0038633589
2459362.555125867,-5.787611e-05,0.0038598578
2459362.5565147693,-0.0018219948,0.0038567493
2459362.557903671,-0.00072574615,0.003860042
2459362.5592925735,0.0010187626,0.0038602522
2459362.560681476,-0.00024437904,0.0038607446
2459362.5620703786,0.0022050142,0.0038608895
2459362.563459281,0.0004042387,0.0038591663
2459362.564848183,-0.0005005598,0.0038571255
2459362.566237085,0.0009471178,0.003860554
2459362.5676259873,-0.0037184954,0.003857436
2459362.56901489,0.0028727055,0.0038621658
2459362.5704037924,-0.0006326437,0.0038575893
2459362.5717926947,0.0018641949,0.003861224
2459362.5731815966,0.0037417412,0.0038604564
2459362.574570499,0.0023651123,0.0038585826
2459362.5759594017,0.004813075,0.0038619135
2459362.577348304,-0.0032929778,0.0038567083
2459362.5787372063,0.0052155256,0.003863816
2459362.5801261086,-0.00077712536,0.0038597449
2459362.5815150104,0.010936618,0.003867395
2459362.5829039128,-0.00284791,0.0038582373
2459362.5842928155,-0.0016910434,0.0038575658
2459362.585681718,-0.0030995011,0.0038544806
2459362.58707062,-0.004597962,0.0038573968
2459362.588459522,0.0033644438,0.003861048
2459362.5898484243,-0.0005120635,0.0038601025
2459362.5912373266,-0.0029339194,0.0038559192
2459362.5926262294,-0.0023770332,0.003855939
2459362.5940151317,-0.0026768446,0.0038560159
2459362.595404034,-0.005743146,0.0038545385
2459362.596792936,-6.836653e-05,0.003858872
2459362.598181838,-0.0071715117,0.0038574378
2459362.5995707405,-0.0024203062,0.003857115
2459362.6009596433,0.0034823418,0.0038609041
2459362.6023485456,0.0005726814,0.003857708
2459362.6037374474,-0.0035565495,0.0038549532
2459362.6051263497,-0.005779147,0.003856118
2459362.606515252,-0.00090926886,0.0038578287
2459362.6079041543,-0.0048876405,0.0038549593
2459362.609293057,0.0012165308,0.0038590764
2459362.6106819594,0.006626487,0.0038627984
2459362.6120708613,0.0012577772,0.003862937
2459362.6134597636,-0.0016528964,0.0038551842
2459362.614848666,-0.0010025501,0.0038567772
2459362.616237568,0.00016570091,0.0038587004
2459362.6176264705,-0.0028049946,0.0038579088
2459362.6190153733,0.002302289,0.0038617512
2459362.620404275,0.0018997192,0.003861086
2459362.6217931774,-0.0024017692,0.003859113
2459362.6231820798,0.0009794235,0.0038608816
2459362.624570982,0.0035539865,0.0038585288
2459362.6259598844,0.0052132607,0.0038648131
2459362.627348786,-0.00024718046,0.0038566792
2459362.628737689,0.00451982,0.0038628937
2459362.6301265913,-0.005969882,0.0038556424
2459362.6315154936,0.0007469654,0.0038557665
2459362.632904396,-0.0046033263,0.0038533825
2459362.6342932982,0.0004156828,0.003859873
2459362.6356822,-0.0007636547,0.003858175
2459362.6370711024,-0.0017176867,0.0038567171
2459362.6384600047,-0.0030073524,0.0038539853
2459362.6398489075,0.0037076473,0.0038627028
2459362.64123781,0.0051538944,0.0038617812
2459362.6426267116,0.0025120974,0.0038570021
2459362.644015614,0.00087189674,0.0038585227
2459362.6454045163,-0.0035657287,0.0038541784
2459362.6467934186,-0.001113832,0.0038576953
2459362.648182321,0.0025355816,0.0038616874
2459362.649571223,-0.0038130283,0.0038567127
2459362.650960125,0.0026420355,0.0038601647
2459362.652349028,0.0010364056,0.0038573546
2459362.65373793,0.001226902,0.0038590257
2459362.6551268324,-0.003101945,0.003858382
2459362.6565157347,-0.00043737888,0.0038569758
2459362.6579046366,0.0040996075,0.003860874
2459362.659293539,0.0038813353,0.0038599062
2459362.660682441,-0.005381465,0.0038519653
2459362.6620713435,0.005493045,0.00386494
2459362.663460246,-0.0010604858,0.0038576964
2459362.6648491486,-0.006229639,0.003852616
2459362.6662380504,-0.0043768287,0.003852679
2459362.6676269528,-0.0027213097,0.0038549064
2459362.669015855,0.008827686,0.0038612818
2459362.6704047574,-0.0055285096,0.0038536645
2459362.6717936597,0.002883315,0.003858617
2459362.6731825615,0.0024546385,0.0038572578
2459362.674571464,0.0038000345,0.0038583681
2459362.675960366,0.0024709702,0.003859309
2459362.6773492685,-0.0047954917,0.0038545579
2459362.678738171,-0.0040691495,0.0038543679
2459362.6801270735,-0.0012661219,0.0038544547
2459362.6815159754,-0.0013764501,0.0038553495
2459362.6829048777,0.0022461414,0.0038569928
2459362.68429378,-0.0079933405,0.003853457
2459362.6856826823,-0.0014458299,0.0038591493
2459362.6870715846,-0.00025469065,0.0038550873
2459362.688460487,-0.00089901686,0.0038571202
2459362.689849389,0.00010216236,0.0038552666
2459362.691238291,-0.0051217675,0.0038559365
2459362.6926271934,-0.0043120384,0.0038544051
2459362.6940160957,-0.008688271,0.0038505641
2459362.695404998,0.007354021,0.0038609733
2459362.6967939,-0.0025301576,0.0038554776
2459362.6981828026,0.004068017,0.003862755
2459362.699571705,-0.0010845065,0.0038572105
2459362.7009606073,0.0033575296,0.0038624546
2459362.7023495096,0.0039470196,0.0038580487
2459362.703738412,0.0024286509,0.003861308
2459362.7051273137,0.0018743277,0.0038585584
2459362.706516216,-0.0071154237,0.0038525756
2459362.7079051184,0.009020925,0.0038621027
2459362.7092940207,-0.0004968047,0.0038568056
2459362.710682923,0.0010851622,0.003859427
2459362.712071825,-0.0022051334,0.0038547402
2459362.713460727,0.001486659,0.0038560987
2459362.7148496294,0.00036549568,0.003860552
2459362.7162385317,-0.00089997053,0.003860929
2459362.717627434,0.0063699484,0.0038635964
2459362.7190163364,0.00037539005,0.0038603083
2459362.720405238,-0.0009548664,0.0038585565
2459362.7217941405,-0.0056033134,0.003852341
2459362.7231830433,0.0024710894,0.0038572939
2459362.7245719456,0.0013237,0.0038584888
2459362.725960848,0.0035116673,0.0038629808
2459362.7273497498,0.0033845901,0.0038580378
2459362.728738652,-0.0021122694,0.0038553693
2459362.7301275544,-0.0019286871,0.0038576743
2459362.7315164567,0.0030333996,0.003858515
2459362.732905359,0.00063061714,0.0038570946
2459362.7342942613,-0.0011872649,0.0038575632
2459362.735683163,-0.0036485195,0.003856955
2459362.7370720655,0.00035345554,0.0038570685
2459362.738460968,0.00011050701,0.0038591053
2459362.73984987,0.0004993677,0.003857995
2459362.7412387724,-0.0008106828,0.0038594238
2459362.7426276742,0.004077673,0.003861766
2459362.7440165766,0.001352191,0.0038581425
2459362.745405479,-0.0019737482,0.0038603633
2459362.746794381,0.0014232397,0.003856847
2459362.7481832835,0.0017879009,0.003857689
2459362.749572186,0.0029166937,0.0038577984
2459362.7509610876,-0.00035768747,0.0038569656
2459362.75234999,0.004644394,0.0038620576
2459362.7537388923,0.0014023781,0.00386121
2459362.7551277946,-0.0017602444,0.0038559001
2459362.756516697,0.001589179,0.0038569528
2459362.7579055987,5.352497e-05,0.0038577907
2459362.759294501,0.000911355,0.0038580734
2459362.7606834034,-0.0048535466,0.0038526463
2459362.7620723057,-0.00074893236,0.0038563495
2459362.763461208,0.0007277727,0.003861391
2459362.7648501103,-0.001326859,0.0038573167
2459362.766239012,0.0012637377,0.00385777
2459362.7676279144,0.0012401342,0.0038583847
2459362.7690168167,-0.0002130866,0.0038586836
2459362.770405719,-0.00019359589,0.0038574678
2459362.7717946214,0.00609076,0.0038633572
2459362.7731835237,0.00041294098,0.0038551185
2459362.7745724255,0.00051796436,0.003857974
2459362.775961328,0.0021928549,0.003856893
2459362.77735023,0.0003374815,0.0038539674
2459362.7787391325,0.00020742416,0.0038583148
2459362.7801280348,0.0019124746,0.003858349
2459362.7815169366,-0.005646944,0.0038516088
2459362.782905839,-0.0068287253,0.0038507397
2459362.784294741,-0.0006017089,0.0038577418
2459362.7856836435,-0.0040326715,0.0038540822
2459362.787072546,0.0010992289,0.0038573423
2459362.788461448,-0.0017772913,0.0038561933
2459362.78985035,0.0012434721,0.0038598797
2459362.7912392523,-0.004757881,0.0038534815
2459362.7926281546,-0.0025442839,0.0038517814
2459362.794017057,0.0042274,0.0038603416
2459362.7954059592,0.00049865246,0.003857474
2459362.796794861,0.0039184093,0.0038612778
2459362.7981837634,0.003625393,0.0038583614
2459362.7995726657,-0.0026358962,0.0038556352
2459362.800961568,0.0015647411,0.003856106
2459362.8023504703,0.0063568354,0.0038584452
2459362.8037393726,0.00068056583,0.003855839
2459362.8051282745,-0.0036962628,0.0038553367
2459362.806517177,-0.0023034215,0.003855765
2459362.807906079,0.0044311285,0.0038622874
2459362.8092949814,-0.00049602985,0.0038538177
2459362.8106838837,0.004266143,0.0038614525
2459362.8120727856,0.0001887083,0.0038559088
2459362.813461688,-0.0013100505,0.0038551253
2459362.81485059,-0.0008930564,0.0038532314
2459362.8162394925,0.0019857883,0.0038560804
2459362.817628395,-0.00074470043,0.0038545802
2459362.8190172967,0.0034857988,0.003861832
2459362.8204061985,-0.0021694899,0.0038527858
2459362.821795101,-0.00079226494,0.0038551574
2459362.823184003,-0.0047462583,0.0038533944
2459362.8245729054,-0.0047682524,0.0038511055
2459362.8259618077,-0.0014438629,0.0038554035
2459362.8273507096,0.005763054,0.0038582429
2459362.828739612,0.0011893511,0.0038576217
2459362.830128514,-0.006293595,0.0038492284
2459362.8315174165,0.004672289,0.0038586275
2459362.832906319,0.0015717745,0.0038563954
2459362.834295221,0.0055606365,0.003863781
2459362.835684123,0.0042835474,0.0038590026
2459362.8370730253,0.0033552647,0.0038585912
2459362.8384619276,-0.0011813641,0.003855693
2459362.83985083,0.0005016327,0.0038575712
2459362.841239732,0.0029735565,0.0038608937
2459362.842628634,-0.004032016,0.0038516633
2459362.844017536,-0.0013744235,0.0038562564
2459362.845406438,0.0015904903,0.0038564294
2459362.8467953405,0.00031507015,0.0038565148
2459362.848184243,-0.0017689466,0.0038523774
2459362.849573145,-0.0027077794,0.0038566203
2459362.850962047,-0.0027951002,0.0038525723
2459362.8523509493,0.003749013,0.003860188
2459362.8537398516,-0.004062295,0.0038529474
2459362.855128754,-0.005663097,0.0038520547
2459362.8565176562,-0.00407058,0.003852782
2459362.8579065586,-0.00095129013,0.0038556827
2459362.8592954604,-0.0015841722,0.0038563155
2459362.8606843622,-0.0004158616,0.0038558403
2459362.8620732646,-0.0012296438,0.003857464
2459362.863462167,-0.0014694333,0.0038549968
2459362.864851069,0.0009328127,0.0038543125
2459362.866239971,6.330013e-05,0.0038577092
2459362.8676288733,-0.0050057173,0.0038522657
2459362.8690177756,0.0014958382,0.0038576922
2459362.870406678,-0.00064861774,0.0038555313
2459362.8717955803,-0.0032453537,0.0038503057
2459362.8731844826,0.0037821531,0.003860875
2459362.874573384,-0.0040825605,0.0038505327
2459362.8759622863,-0.003088832,0.003852388
2459362.8773511886,0.0073627234,0.0038617535
2459362.878740091,0.0051670074,0.0038595814
2459362.880128993,0.0039418936,0.0038571802
2459362.881517895,-0.003113389,0.0038540114
2459362.8829067973,0.0028039217,0.0038597207
2459362.8842956997,-0.0034484267,0.003853105
2459362.885684602,-0.003985584,0.0038543427
2459362.8870735043,-0.0013659596,0.0038539842
2459362.888462406,-0.0024043918,0.0038533765
2459362.889851308,0.00051653385,0.0038537688
2459362.8912402103,-0.0013538003,0.003854471
2459362.8926291126,2.014637e-05,0.0038563649
2459362.894018015,0.004892826,0.0038609852
2459362.895406917,0.005110979,0.003858269
2459362.896795819,-0.0023565292,0.0038513094
2459362.8981847214,-0.0047795773,0.0038545798
2459362.899573623,0.002995491,0.0038560356
2459362.9009625255,-0.00044864416,0.0038578222
2459362.902351428,-0.0006837249,0.0038541548
2459362.90374033,0.006855488,0.0038619274
2459362.905129232,-0.001955092,0.003856313
2459362.9065181343,0.0013231039,0.0038571141
2459362.9079070366,0.010418415,0.0038644462
2459362.9092959384,0.0023559332,0.0038551672
2459362.9106848408,-0.0010386705,0.0038537064
2459362.912073743,0.00073611736,0.003856441
2459362.913462645,-0.0031841397,0.0038522698
2459362.914851547,0.004532337,0.0038567549
2459362.9162404495,-0.00065791607,0.0038545479
2459362.917629352,-0.00562191,0.0038521013
2459362.919018254,-0.000726521,0.0038553914
2459362.9204071555,-0.0023089647,0.0038530438
2459362.921796058,-0.002815485,0.0038533998
2459362.92318496,-0.0016496778,0.0038521267
2459362.9245738625,0.0038876534,0.0038592403
2459362.925962765,-0.006513953,0.003848904
2459362.927351667,0.0033261776,0.0038593782
2459362.9287405685,-0.001488328,0.0038516815
2459362.930129471,-0.0015727878,0.0038552203
2459362.931518373,0.0022950172,0.003854416
2459362.9329072754,0.006049514,0.0038566615
2459362.9342961777,-0.0002670884,0.0038561367
2459362.9356850795,0.0001257658,0.0038534666
2459362.9370739814,0.0026825666,0.0038564692
2459362.9384628837,0.004333377,0.0038593395
2459362.939851786,0.0030796528,0.0038562305
2459362.9412406883,0.0019984245,0.0038554864
2459362.9426295906,0.0010414124,0.0038545642
2459362.9440184925,0.004404664,0.003859401
2459362.9454073943,-0.0065125227,0.0038492985
2459362.9467962966,-0.0004991889,0.0038555174
2459362.948185199,0.0016642809,0.0038572499
2459362.9495741013,-0.000667274,0.0038543264
2459362.950963003,-0.0028945804,0.003852056
2459362.9523519054,-0.0027552843,0.0038526866
2459362.9537408073,0.0046709776,0.0038576243
2459362.9551297096,-0.006185293,0.0038499834
2459362.956518612,0.0032063723,0.003855932
2459362.957907514,0.0045889616,0.003858672
2459362.959296416,0.0008108616,0.0038551602
2459362.960685318,-0.0054540634,0.0038513853
2459362.96207422,-0.0039456487,0.0038534843
2459362.9634631225,-0.003425002,0.0038526156
2459362.964852025,0.0033336878,0.003857654
2459362.9662409266,0.0015872717,0.0038563632
2459362.9676298285,-0.0003940463,0.0038559348
2459362.969018731,-0.0044212937,0.0038515162
2459362.970407633,-0.0025039315,0.0038530852
2459362.9717965354,-0.0043797493,0.0038532678
2459362.9731854377,0.0009652376,0.0038519271
2459362.974574339,0.00032699108,0.0038554592
2459362.9759632414,0.001507163,0.0038528813
2459362.9773521437,0.005556464,0.0038594168
2459362.978741046,-0.00069743395,0.0038541541
2459362.9801299484,0.0032538176,0.003856045
2459362.98151885,0.00086534023,0.003853937
2459362.982907752,-0.0008946657,0.0038538836
2459362.9842966544,0.0015097857,0.003853212
2459362.9856855567,-0.0015725493,0.00385422
2459362.987074459,0.0015233755,0.0038519928
2459362.988463361,0.0018582344,0.00385552
2459362.9898522627,-0.0012997389,0.0038528456
2459362.991241165,-0.0057683587,0.003847595
2459362.9926300673,-0.006079614,0.0038476894
2459362.994018969,-0.001907587,0.0038531085
2459362.9954078714,0.0014503002,0.003854252
2459362.9967967737,0.00024807453,0.0038560552
2459362.9981856756,-0.0017414689,0.003850715
2459362.9995745774,0.007650137,0.0038580212
2459363.0009634797,0.0030908585,0.003854739
2459363.002352382,-0.0029500723,0.0038518342
2459363.0037412844,-0.0047571063,0.003851672
2459363.005130186,-0.00019830465,0.00385299
2459363.006519088,-0.002003014,0.0038511944
2459363.0079079904,0.0021175146,0.003854995
2459363.0092968927,0.0010625124,0.0038518605
2459363.010685795,-0.0060182214,0.0038495166
2459363.012074697,0.00067174435,0.0038516386
2459363.0134635987,0.0011550188,0.0038541434
2459363.014852501,-0.005326271,0.0038514796
2459363.0162414033,-0.0005559325,0.0038506482
2459363.017630305,0.00043737888,0.003852646
2459363.0190192075,-0.00033825636,0.0038533881
2459363.0204081093,0.002264738,0.0038542224
2459363.0217970116,-0.0021188855,0.0038518223
2459363.0231859135,-0.00033020973,0.0038520633
2459363.0245748158,-0.00204736,0.0038523115
2459363.025963718,0.0012646914,0.0038536992
2459363.0273526204,-0.0015015006,0.0038523294
2459363.0287415218,0.0019198656,0.0038511208
2459363.030130424,-0.001049161,0.0038542228
2459363.0315193264,-0.0012178421,0.003851568
2459363.032908228,-0.0001398921,0.0038513148
2459363.0342971305,-0.0023417473,0.0038551458
2459363.0356860324,-0.0003759861,0.003854558
2459363.0370749347,0.0013537407,0.0038550012
2459363.0384638365,0.0034382343,0.0038565611
2459363.039852739,0.00037705898,0.0038541583
2459363.041241641,3.170967e-05,0.003851936
2459363.0426305435,0.0012500286,0.0038521783
2459363.044019445,0.0018377304,0.0038566838
2459363.045408347,0.0025691986,0.0038547805
2459363.0467972495,0.001106143,0.0038531101
2459363.0481861513,-0.0011317134,0.0038506677
2459363.0495750536,-0.0023578405,0.003852252
2459363.050963956,-0.0043025613,0.0038489667
2459363.052352858,0.002820611,0.0038557975
2459363.0537417596,0.00071287155,0.003855554
2459363.055130662,-0.006857872,0.0038499876
2459363.0565195642,0.008438706,0.0038624492
2459363.057908466,0.0006213188,0.0038507667
2459363.059297368,-0.001709342,0.0038530712
2459363.0606862702,0.00010561943,0.0038519849
2459363.062075172,-0.0036010742,0.003851592
2459363.0634640744,-0.0033204556,0.003849018
2459363.0648529767,-0.0014114976,0.0038515262
2459363.066241879,0.00020837784,0.003854881
2459363.0676307804,0.0060629845,0.0038576522
2459363.0690196827,-0.006609261,0.003847887
2459363.070408585,-0.002104342,0.0038497488
2459363.071797487,-0.00036925077,0.0038496654
2459363.073186389,0.0014595985,0.003852549
2459363.074575291,0.0022369623,0.0038535967
2459363.075964193,-0.00056904554,0.003852605
2459363.077353095,-0.002592206,0.0038503525
2459363.0787419975,-0.0035221577,0.003851596
2459363.0801308993,-0.0005520582,0.0038528813
2459363.0815198016,-0.0033609867,0.0038509965
2459363.0829087035,0.0028594732,0.0038534873
2459363.0842976053,-0.001240015,0.003852025
2459363.0856865076,-0.0012872219,0.0038534626
2459363.08707541,0.002956748,0.0038566438
2459363.088464312,-0.0005645156,0.0038497983
2459363.0898532136,0.00038802624,0.0038569556
2459363.091242116,-0.0024332404,0.003852073
2459363.092631018,-0.0018176436,0.0038500552
2459363.09401992,0.0024912357,0.003853541
2459363.0954088224,-0.0023024082,0.0038515974
2459363.0967977243,-0.0029021502,0.0038497879
2459363.098186626,-0.0003540516,0.0038542827
2459363.0995755284,-0.0061057806,0.0038487853
2459363.1009644303,-0.0017305613,0.0038501783
2459363.1023533326,-0.005564332,0.003851068
2459363.103742235,-0.0035532117,0.0038467266
2459363.1051311363,-0.0009955764,0.003852534
2459363.1065200386,0.004606962,0.003854026
2459363.107908941,-0.0011906624,0.0038547805
2459363.1092978427,-0.00064736605,0.0038496924
2459363.110686745,0.0015884638,0.003857083
2459363.112075647,-0.0021345615,0.003851426
2459363.1134645487,0.0012923479,0.0038560159
2459363.114853451,0.0048087835,0.00385762
2459363.116242353,0.0017234087,0.0038541153
2459363.117631255,-0.0015150309,0.0038522186
2459363.1190201575,0.0013555288,0.0038534547
2459363.120409059,-0.0038551688,0.0038502156
2459363.121797961,0.006829858,0.0038600797
2459363.1231868635,-0.0042926073,0.0038510354
2459363.1245757653,-0.0046090484,0.0038484521
2459363.1259646676,-0.00084775686,0.003852051
2459363.1273535695,-0.004187286,0.0038491786
2459363.1287424713,0.0040436983,0.003854617
2459363.1301313736,0.0017417669,0.003855724
2459363.1315202755,0.0021420717,0.0038518503
2459363.132909178,0.0036988258,0.003854957
2459363.1342980796,-0.0045232773,0.0038478621
2459363.135686982,0.0014134645,0.0038559802
2459363.137075884,-0.0044324994,0.0038514552
2459363.1384647856,-0.0057127476,0.0038488985
2459363.139853688,-0.005510807,0.0038508975
2459363.14124259,0.0048145056,0.0038577623
2459363.142631492,0.0007195473,0.0038518414
2459363.144020394,-0.00017976761,0.0038549567
2459363.145409296,0.0032379627,0.0038534966
2459363.146798198,0.00084388256,0.003853053
2459363.1481871,-0.00076013803,0.0038535008
2459363.1495760023,-0.000977993,0.003852965
2459363.1509649046,0.0036531687,0.0038550992
2459363.152353806,-0.004110396,0.0038489327
2459363.1537427083,0.002129674,0.0038529963
2459363.15513161,0.00032269955,0.0038531271
2459363.1565205124,0.0011994839,0.003850062
2459363.1579094147,0.0033900738,0.0038550282
2459363.159298316,-0.00062435865,0.0038528875
2459363.1606872184,0.0013000965,0.0038543898
2459363.1620761203,-0.0054186583,0.0038478165
2459363.1634650226,0.0007982254,0.003849111
2459363.164853925,0.0018228292,0.0038525283
2459363.1662428267,-0.0013778806,0.0038512652
2459363.1676317286,-0.012675941,0.003842519
2459363.1690206304,0.005069971,0.0038561502
2459363.1704095327,-0.001465857,0.00384787
2459363.1717984346,-0.0013225675,0.0038506123
2459363.173187337,0.0052722692,0.003853891
2459363.1745762383,-0.004902005,0.0038475106
2459363.1759651406,0.00015306473,0.003851458
2459363.177354043,0.0029594898,0.0038525818
2459363.1787429447,0.0043154955,0.0038560613
2459363.180131847,-0.0066667795,0.003847887
2459363.181520749,0.002652526,0.0038529565
2459363.1829096507,0.008626819,0.0038567444
2459363.1842985526,0.0014463663,0.0038516386
2459363.185687455,0.002113223,0.0038548151
2459363.1870763567,-0.0028716326,0.00385393
2459363.188465259,0.0018644333,0.0038539472
2459363.189854161,-0.003975451,0.0038513958
2459363.1912430627,0.0027483702,0.0038529085
2459363.192631965,-0.0014635324,0.0038515145
2459363.194020867,-0.0025246143,0.0038487713
2459363.195409769,0.00346601,0.0038548664
2459363.196798671,-0.0034116507,0.0038496407
2459363.198187573,-0.004044175,0.0038481532
2459363.1995764747,0.0014740229,0.0038536638
2459363.200965377,-0.004031241,0.003849768
2459363.202354279,-0.0031638145,0.0038491935
2459363.203743181,0.0014652014,0.0038541162
2459363.205132083,0.0027198792,0.0038556012
2459363.206520985,-0.0016015768,0.0038514927
2459363.2079098867,0.0025622845,0.003853492
2459363.209298789,-0.0034623146,0.0038499495
2459363.2106876913,-0.0038297176,0.0038501609
2459363.212076593,1.859665e-05,0.0038517108
2459363.213465495,0.0068188906,0.0038558193
2459363.214854397,-0.0010506511,0.0038511162
2459363.216243299,-0.004900217,0.0038518845
2459363.217632201,-0.0044612885,0.0038454132
2459363.220410005,0.0021039248,0.0038517087
2459363.221798907,0.0013093948,0.0038538245
2459363.223187809,0.001253128,0.0038540356
2459363.224576711,-0.004502237,0.0038488156
2459363.225965613,-0.0011315942,0.0038511
2459363.2273545153,-0.004246652,0.0038499392
2459363.2287434167,-0.0019324422,0.0038511157
2459363.230132319,0.0015799999,0.003853309
2459363.231521221,-0.0074023604,0.003847105
2459363.232910123,0.0037816763,0.0038558426
2459363.234299025,0.001237154,0.003852577
2459363.2356879273,0.0006557703,0.0038507879
2459363.2370768287,-0.00013744831,0.0038541977
2459363.238465731,-0.0014585853,0.0038532238
2459363.239854633,0.002521038,0.0038542934
2459363.2412435347,-0.0017168522,0.0038521236
2459363.242632437,0.0013940334,0.00385314
2459363.2440213384,0.0010547638,0.0038531271
2459363.2454102407,0.008656144,0.003857787
2459363.2467991426,0.00368917,0.0038541118
2459363.248188045,-0.0024273992,0.0038503082
2459363.2495769467,0.0028817654,0.003854991
2459363.250965849,-0.0063741207,0.0038474735
2459363.2523547504,0.0028476715,0.0038527355
2459363.2537436527,-0.0008404851,0.003853443
2459363.2551325546,-0.0040920973,0.0038510005
2459363.256521457,0.0009047985,0.0038543642
2459363.2579103587,-0.0031513572,0.003849421
2459363.2592992606,-0.0054401755,0.0038479604
2459363.2606881624,-0.0055291653,0.0038505397
2459363.2620770643,-0.0032250881,0.003849576
2459363.2634659666,-0.0060827136,0.0038448796
2459363.2648548684,0.007680893,0.0038582017
2459363.2662437707,-0.001909256,0.0038499418
2459363.267632672,-0.0006837249,0.003854023
2459363.2690215744,0.004010439,0.0038552687
2459363.2704104763,-0.0070003867,0.003847742
2459363.2717993786,-0.0058095455,0.003849397
2459363.2731882804,0.001156807,0.003853881
2459363.2745771823,-0.0045999885,0.0038511595
2459363.275966084,-0.008125722,0.0038442388
2459363.277354986,-0.003553152,0.0038498968
2459363.2787438883,-0.0043531656,0.0038489597
2459363.28013279,-0.007425964,0.0038486344
2459363.2815216924,-0.010330141,0.0038480116
2459363.282910594,-0.009487808,0.0038475997
2459363.2842994956,-0.006088376,0.0038474526
2459363.285688398,-0.0068905354,0.0038494184
2459363.2870773,-0.0061693788,0.0038450724
2459363.288466202,-0.013447404,0.0038443308
2459363.289855104,-0.0033922195,0.003848756
2459363.2912440053,-0.004989624,0.0038503734
2459363.2926329076,-0.009355962,0.0038432223
2459363.2940218095,-0.008525431,0.0038430614
2459363.295410712,-0.006190479,0.0038491911
2459363.2967996136,-0.004562974,0.00384904
2459363.2981885155,-0.005877316,0.003847711
2459363.2995774173,0.0060756207,0.0038562382
2459363.300966319,-0.0047353506,0.0038459077
2459363.3023552215,-0.006551504,0.0038476149
2459363.3037441233,-0.0072470307,0.0038432959
2459363.305133025,-0.0051125884,0.0038452055
2459363.306521927,-0.0029854774,0.0038486593
2459363.307910829,-0.008422911,0.003848345
2459363.309299731,-0.0027390718,0.0038475757
2459363.310688633,-0.011935711,0.003842862
2459363.312077535,-0.00985682,0.0038451604
2459363.3134664367,-0.0019577146,0.003847167
2459363.3148553385,-0.008823335,0.0038465841
2459363.316244241,-0.0056682825,0.003847854
2459363.3176331427,-0.00856638,0.0038467408
2459363.3190220445,-0.00015538931,0.0038503576
2459363.320410947,-0.008390009,0.0038481618
2459363.321799848,-0.0071302056,0.0038486896
2459363.32318875,-0.005876422,0.0038481927
2459363.3245776524,-0.0004221201,0.0038518612
2459363.325966554,-0.008892894,0.0038468153
2459363.3273554565,-0.0059465766,0.0038464894
2459363.328744358,-0.0073722005,0.003845823
2459363.3301332598,-0.004114926,0.0038484016
2459363.331522162,-0.008172929,0.0038432616
2459363.332911064,-0.0027928948,0.0038512682
2459363.3342999658,-0.0073687434,0.0038461764
2459363.335688868,-0.004437089,0.003849393
2459363.3370777695,-0.006482899,0.0038469206
2459363.3384666713,-0.0064450502,0.0038453257
2459363.3398555736,-0.0078270435,0.0038431555
2459363.3412444755,-0.0073085427,0.0038471203
2459363.3426333773,-0.006345868,0.0038470137
2459363.3440222796,-0.004365623,0.0038472656
2459363.345411181,-0.0061333776,0.0038474186
2459363.346800083,-0.0034142733,0.0038499807
2459363.348188985,-0.0069866776,0.0038462207
2459363.349577887,-0.0053685904,0.0038511723
2459363.350966789,-0.008101702,0.0038455501
2459363.3523556907,-0.0024171472,0.00384982
2459363.3537445925,-0.008526146,0.003843561
2459363.3551334944,-0.007944405,0.0038467466
2459363.3565223967,-0.0014003515,0.0038518845
2459363.3579112985,-0.0106063485,0.0038443243
2459363.3593002004,-0.0065361857,0.003846985
2459363.360689102,-0.00791961,0.0038477576
2459363.362078004,-0.0054709315,0.0038494924
2459363.363466906,-0.011318982,0.003846576
2459363.364855808,-0.008242667,0.0038441883
2459363.36624471,-0.01362282,0.003841406
2459363.3676336114,-0.010054946,0.0038438602
2459363.3690225137,-0.006640494,0.0038478684
2459363.3704114156,-0.0051516294,0.0038484521
2459363.3718003174,-0.0076269507,0.0038457317
2459363.3731892193,-0.0026501417,0.0038496763
2459363.3745781216,-0.005083382,0.0038513949
2459363.375967023,0.00042891502,0.0038542515
2459363.377355925,-0.013757944,0.0038409764
2459363.378744827,-0.005918026,0.0038477457
2459363.380133729,0.0013585091,0.0038526764
2459363.381522631,-0.004668772,0.0038478747
2459363.382911532,-0.010995626,0.0038442803
2459363.3843004345,-0.0011573434,0.0038508098
2459363.3856893363,-0.008605361,0.00384742
2459363.387078238,-0.008663595,0.0038493478
2459363.3884671405,-0.009505928,0.0038453294
2459363.3898560423,-0.012231529,0.0038452863
2459363.3912449437,-0.01299274,0.0038427287
2459363.3926338456,-0.007589519,0.0038477888
2459363.394022748,-0.0036604404,0.0038477436
2459363.3954116497,-0.004464686,0.0038462204
2459363.3968005516,-0.009108305,0.0038458765
2459363.398189453,-0.009054065,0.0038436202
2459363.3995783553,0.0050543547,0.0038551844
2459363.400967257,-0.0024169683,0.0038514128
2459363.402356159,-0.0055054426,0.003846067
2459363.4037450613,-0.007144451,0.0038489809
2459363.405133963,-0.014391065,0.003843118
2459363.4065228645,-0.0035914779,0.0038494356
2459363.4079117663,-0.0047329664,0.003850124
2459363.4093006686,-0.003127098,0.0038511388
2459363.4106895705,-0.0047356486,0.003850495
2459363.4120784723,-0.0029226542,0.0038503448
2459363.4134673737,-0.0023562908,0.0038517357
2459363.4148562755,-0.003983021,0.0038510347
2459363.416245178,-0.0034145117,0.0038510703
2459363.4176340797,-0.010445118,0.0038439892
2459363.4190229815,0.0013158321,0.0038562308
2459363.4204118834,-0.0040094256,0.0038495078
2459363.421800785,-2.9742718e-05,0.0038514633
2459363.423189687,-0.008566499,0.0038485907
2459363.424578589,0.0011432171,0.0038536526
2459363.4259674908,-0.011945069,0.0038429964
2459363.427356393,0.00084495544,0.0038536445
2459363.428745295,-0.0048332214,0.00384951
2459363.4301341963,-0.010187864,0.0038465806
2459363.431523098,-0.0066740513,0.003848632
2459363.432912,-0.004790187,0.0038512582
2459363.4343009023,-0.0055969357,0.0038486267
2459363.435689804,-0.0047267675,0.0038481464
2459363.4370787055,-0.0037805438,0.003850951
2459363.4384676074,-0.0043752193,0.0038505644
2459363.439856509,-0.0051050186,0.003849267
2459363.4412454115,-0.0068618655,0.003849541
2459363.4426343134,-0.004803419,0.003851047
2459363.444023215,-0.0034846663,0.0038517618
2459363.4454121166,0.00055778027,0.0038543195
2459363.4468010184,-0.008637369,0.00384703
2459363.4481899207,-0.0008560419,0.0038526952
2459363.4495788226,-0.003154397,0.003853122
2459363.4509677244,-0.0039652586,0.0038504263
2459363.452356626,-0.00936383,0.0038454467
2459363.4537455277,-0.0066515207,0.0038486659
2459363.45513443,-0.00573653,0.0038527364
2459363.456523332,-0.0044100285,0.0038513995
2459363.4579122337,-0.0055403113,0.0038475415
2459363.4593011355,-0.003936827,0.0038499495
2459363.460690037,-0.005867183,0.0038501918
2459363.4620789387,-0.005223751,0.00384921
2459363.463467841,-0.002524078,0.003854309
2459363.464856743,-0.006821692,0.0038483553
2459363.4662456447,0.0015807152,0.0038537618
2459363.467634546,-0.0048110485,0.0038475045
2459363.469023448,-0.0089069605,0.0038484987
2459363.47041235,-0.004004836,0.0038499944
2459363.471801252,0.0012072325,0.0038552156
2459363.473190154,0.00049972534,0.0038526324
2459363.474579056,0.002338171,0.0038557828
2459363.475967957,-0.0003401637,0.0038530226
2459363.477356859,-0.0044843554,0.0038527984
2459363.478745761,0.0008741617,0.0038544056
2459363.4801346627,0.004038334,0.003859718
2459363.481523565,-0.0022346377,0.0038527409
2459363.4829124664,-0.0025087595,0.0038546547
2459363.4843013682,-0.0012049675,0.0038552657
2459363.48569027,0.002286911,0.0038554738
2459363.487079172,0.0005912781,0.0038545232
2459363.488468074,0.0042294264,0.0038573493
2459363.4898569756,0.0028301477,0.003857863
2459363.491245877,0.0011225939,0.0038540773
2459363.4926347793,0.0027514696,0.0038558673
2459363.494023681,-0.0060257316,0.0038516477
2459363.495412583,-0.0007991791,0.0038527113
2459363.496801485,-0.0026353598,0.0038565325
2459363.4981903867,0.006442547,0.003860041
2459363.499579288,-0.0021510124,0.003852535
2459363.50096819,0.0076373816,0.0038605628
2459363.5023570918,0.00175488,0.0038541537
2459363.5037459936,-0.0001577735,0.0038534005
2459363.505134896,0.005466819,0.0038574655
2459363.5065237973,0.010027766,0.0038657628
2459363.507912699,-0.003881216,0.0038518605
2459363.509301601,-0.005407572,0.0038508251
2459363.510690503,-0.0020338297,0.0038530699
2459363.5120794047,0.0010129213,0.0038568864
2459363.5134683065,0.00021600723,0.0038534945
2459363.514857208,3.5762787e-06,0.0038548764
2459363.5162461097,-0.0015881062,0.0038574245
2459363.5176350116,-0.0013267994,0.003854991
2459363.519023914,-0.0029792786,0.0038525322
2459363.5204128157,0.0030659437,0.003857177
2459363.521801717,-0.0012689233,0.0038544547
2459363.523190619,0.0020593405,0.0038577185
2459363.524579521,0.0018725395,0.003857312
2459363.5259684226,-8.583069e-06,0.003854641
2459363.5273573245,-0.0007531643,0.0038560804
2459363.5287462263,0.0047026873,0.0038594273
2459363.5301351277,0.010013342,0.0038649377
2459363.5315240296,-0.002105713,0.0038535823
2459363.5329129314,-0.0058895946,0.0038530824
2459363.5343018332,0.0050684214,0.0038631342
2459363.535690735,-0.0007343888,0.0038535777
2459363.5370796365,-0.0015068054,0.003854501
2459363.5384685383,-0.0003143549,0.0038557085
2459363.5398574406,-0.0061795115,0.0038508484
2459363.5412463425,0.006681323,0.0038609076
2459363.5426352443,-0.00019109249,0.0038550787
2459363.544024146,-0.00054883957,0.0038567896
2459363.5454130475,-0.0020820498,0.0038583034
2459363.5468019494,-0.00211066,0.0038552454
2459363.548190851,0.0023232698,0.0038592631
2459363.549579753,0.003947258,0.0038586394
2459363.550968655,0.0009838343,0.0038579637
2459363.5523575563,-0.0019533634,0.0038552803
2459363.553746458,-0.009771466,0.0038492198
2459363.55513536,0.0013108253,0.0038561996
2459363.556524262,-0.0036715865,0.0038539416
2459363.5579131637,-0.0037178397,0.003857491
2459363.5593020655,0.0008081198,0.003857402
2459363.560690967,-0.004358709,0.0038533143
2459363.5620798687,0.0014232397,0.0038604666
2459363.5634687706,0.0024796724,0.0038602245
2459363.5648576724,0.0036219358,0.003863784
2459363.5662465743,0.0050901175,0.0038597137
2459363.567635476,0.0016434193,0.003858794
2459363.5690243775,-0.0044806004,0.0038542699
2459363.5704132793,0.0015647411,0.003860437
2459363.571802181,0.0022207499,0.003857815
2459363.573191083,-0.0016671419,0.0038585758
2459363.574579985,0.0013861656,0.0038608925
2459363.5759688863,0.00022804737,0.0038591493
2459363.577357788,0.005916238,0.003861332
2459363.57874669,0.0031301975,0.0038614816
2459363.580135592,0.00459671,0.00386273
2459363.5815244936,0.0019471645,0.0038591328
2459363.5829133955,0.0076104403,0.003867847
2459363.584302297,0.0010818243,0.0038591214
2459363.5856911987,0.00048744678,0.003858929
2459363.5870801006,-0.003948331,0.00385572
2459363.5884690024,-0.0028926134,0.0038573514
2459363.5898579042,0.0039457083,0.0038618236
2459363.5912468056,-0.0003298521,0.0038599598
2459363.5926357075,0.004703641,0.0038613607
2459363.5940246093,-0.0004107356,0.003859593
2459363.595413511,0.00096952915,0.003858876
2459363.596802413,-0.00042390823,0.003858661
2459363.598191315,0.004044533,0.0038598368
2459363.599580216,-0.0013923049,0.0038554978
2459363.600969118,0.002751112,0.003859413
2459363.6023580194,-0.0044682026,0.0038583367
2459363.6037469213,-0.008845031,0.0038565751
2459363.605135823,0.0031689405,0.003865526
2459363.6065247245,0.00018012524,0.0038623207
2459363.6079136264,-0.0031140447,0.0038578443
2459363.609302528,0.002154708,0.003862137
2459363.61069143,0.003079772,0.003860658
2459363.612080332,-0.0029280186,0.003856206
2459363.6134692337,-0.0045589805,0.0038563355
2459363.614858135,0.0030933619,0.0038612406
2459363.616247037,0.0029803514,0.0038625454
2459363.617635939,0.002743721,0.0038623519
2459363.6190248406,0.00060510635,0.0038592957
2459363.6204137425,-0.0032145977,0.0038570736
2459363.621802644,0.00081539154,0.0038574596
2459363.6231915453,-0.0033826232,0.0038556634
2459363.624580447,-0.0053756833,0.0038568329
2459363.625969349,0.0008573532,0.0038589407
2459363.627358251,0.0030013323,0.0038603118
2459363.6287471526,-0.0037029386,0.0038592564
2459363.630136054,0.0003927946,0.003859305
2459363.631524956,0.0008292198,0.0038605223
2459363.6329138577,-0.0035085082,0.0038580594
2459363.6343027595,-0.0004377365,0.00385993
2459363.6356916614,-0.003501892,0.0038569754
2459363.6370805628,-0.0046414733,0.003861786
2459363.638469464,-0.00040769577,0.0038599255
2459363.639858366,0.006184578,0.003864252
2459363.641247268,-0.0032454133,0.0038588254
2459363.6426361697,-0.00035119057,0.0038584303
2459363.6440250715,0.0038974285,0.0038651642
2459363.645413973,0.00035464764,0.003859276
2459363.6468028747,0.0027177334,0.0038618841
2459363.6481917766,-0.001635015,0.0038631966
2459363.649580678,-0.00243783,0.003857159
2459363.65096958,0.0037790537,0.0038643933
2459363.6523584817,0.0047671795,0.0038639377
2459363.653747383,-0.00029087067,0.0038627852
2459363.655136285,-0.0030387044,0.0038584203
2459363.6565251867,-0.006000817,0.0038553404
2459363.6579140886,0.00098598,0.0038660932
2459363.65930299,0.0027769804,0.0038629791
2459363.6606918913,-0.00018835068,0.0038640904
2459363.662080793,-0.00034493208,0.0038606673
2459363.663469695,-0.000600338,0.0038602785
2459363.664858597,0.0050421953,0.0038636134
2459363.6662474987,0.00012290478,0.0038654504
2459363.6676364006,-0.0049615502,0.003859005
2459363.6690253015,0.001995325,0.0038595684
2459363.6704142033,-0.0004168749,0.0038598357
2459363.671803105,-0.0003877282,0.0038619656
2459363.673192007,-0.0029197931,0.0038567963
2459363.674580909,-0.0018992424,0.0038607784
2459363.67596981,-0.008701324,0.0038583518
2459363.6773587116,0.0018209219,0.003862674
2459363.6787476134,0.0034918785,0.003863979
2459363.6801365153,0.0058469772,0.0038655533
2459363.681525417,0.0018786192,0.0038635219
2459363.682914319,-0.003988743,0.0038599921
2459363.6843032204,-0.004430473,0.0038593332
2459363.6856921217,0.0019851923,0.0038630646
2459363.6870810236,0.0043563843,0.0038653603
2459363.6884699254,0.00025963783,0.0038621477
2459363.6898588273,-0.007202029,0.003856586
2459363.6912477287,0.0016797781,0.003861818
2459363.69263663,-0.004035771,0.0038574107
2459363.694025532,-0.0017471313,0.003860649
2459363.6954144337,0.0010210276,0.003865001
2459363.6968033356,0.003774166,0.003863792
2459363.6981922374,0.0033253431,0.003868089
2459363.6995811383,-0.000636518,0.003861989
2459363.70097004,0.005926013,0.0038703945
2459363.702358942,-0.0033091903,0.003858832
2459363.703747844,-0.006472826,0.0038577504
2459363.7051367452,-0.006100476,0.0038594855
2459363.7065256466,-0.00016826391,0.0038625412
2459363.7079145485,-0.0007612109,0.0038625004
2459363.7093034503,0.00038826466,0.003864706
2459363.710692352,-0.001680553,0.0038601286
2459363.7120812535,3.8981438e-05,0.0038631475
2459363.7134701554,0.002381444,0.0038655524
2459363.7148590568,0.0015271902,0.0038623752
2459363.7162479586,-0.0036782026,0.0038603207
2459363.71763686,-0.0026829839,0.0038596306
2459363.719025762,-0.002211988,0.003862122
2459363.7204146637,0.0001603365,0.0038626024
2459363.7218035655,0.0064154863,0.0038684104
2459363.7231924664,0.005189419,0.003865131
2459363.7245813683,-0.00039231777,0.003862681
2459363.72597027,0.0059468746,0.0038673994
2459363.727359172,0.0010017157,0.00386378
2459363.7287480733,-0.0024968386,0.0038607768
2459363.7301369747,0.0025304556,0.0038683
2459363.7315258766,0.0029156208,0.0038647915
2459363.7329147784,-0.00438416,0.0038581556
2459363.73430368,0.0026202202,0.003864205
2459363.7356925816,-0.00541687,0.0038599703
2459363.7370814835,0.004810691,0.0038658513
2459363.7384703844,0.0017062426,0.0038680786
2459363.739859286,-0.0017627478,0.0038609188
2459363.741248188,-0.0029051304,0.0038607097
2459363.74263709,-0.0022850037,0.003860573
2459363.7440259913,-0.0059197545,0.0038579227
2459363.7454148927,0.0066281557,0.0038716858
2459363.7468037945,-0.0037727356,0.0038599146
2459363.748192696,-0.003483057,0.0038639114
2459363.7495815977,-0.0020997524,0.0038616913
2459363.7509704996,0.0009357929,0.003864298
2459363.7523594014,0.00040018559,0.0038656797
2459363.7537483023,0.003631711,0.0038672881
2459363.755137204,0.0027077198,0.0038662553
2459363.756526106,0.002898097,0.0038661102
2459363.7579150074,-0.0015566945,0.0038639116
2459363.7593039093,-0.00064367056,0.003861952
2459363.7606928106,0.0011645555,0.0038631707
2459363.762081712,-0.0044251084,0.003859903
2459363.763470614,0.0019589663,0.0038633936
2459363.7648595157,-0.009195924,0.0038592124
2459363.766248417,-0.00061142445,0.0038624243
2459363.767637319,0.009616852,0.0038732444
2459363.7690262203,0.0017888546,0.003865037
2459363.7704151217,0.0034290552,0.0038674136
2459363.7718040235,0.0046036243,0.0038676139
2459363.7731929254,0.0060275793,0.003869477
2459363.7745818268,-0.002411902,0.0038645572
2459363.775970728,-0.002444744,0.003861716
2459363.77735963,0.0038347244,0.0038665258
2459363.7787485314,4.2319298e-05,0.0038634636
2459363.780137433,0.004965663,0.0038732323
2459363.781526335,0.000846982,0.0038656825
2459363.7829152364,-0.0040709376,0.0038599144
2459363.784304138,0.0016716719,0.0038654217
2459363.7856930397,-0.0055140853,0.003860822
2459363.787081941,0.0030025244,0.0038656215
2459363.788470843,-0.0008480549,0.0038625838
2459363.7898597443,-0.0009149313,0.0038672765
2459363.791248646,0.002981782,0.003867656
2459363.7926375475,-0.00086295605,0.0038646348
2459363.794026449,-0.0058631897,0.0038588846
2459363.7954153507,0.0007148981,0.0038654115
2459363.7968042525,-0.0038781762,0.003860941
2459363.798193154,0.004478216,0.0038696104
2459363.7995820553,0.005956769,0.0038705843
2459363.8009709567,7.045269e-05,0.003864064
2459363.8023598585,-0.0037032366,0.0038636096
2459363.8037487604,-0.003406942,0.0038631032
2459363.8051376618,0.0010060072,0.0038660287
2459363.8065265636,0.0048787594,0.003869174
2459363.8079154645,-0.0075373054,0.0038617533
2459363.8093043664,-0.0046107173,0.0038612948
2459363.810693268,-0.0047810078,0.0038616834
2459363.8120821696,-0.0026341677,0.0038660474
2459363.8134710714,-0.0063644648,0.0038592145
2459363.8148599723,-0.005350232,0.003863637
2459363.816248874,-0.0019140244,0.0038614671
2459363.817637776,0.0048116446,0.0038698975
2459363.8190266774,-0.0020279884,0.003864852
2459363.8204155792,-0.0007098317,0.0038655468
2459363.8218044806,0.0013397932,0.003866518
2459363.823193382,-0.0020962358,0.0038657489
2459363.8245822834,-0.0018612742,0.003863147
2459363.825971185,0.0058192015,0.0038705936
2459363.827360087,-0.00052142143,0.003867367
2459363.8287489885,-0.007222533,0.0038620483
2459363.83013789,-0.0032467842,0.0038645526
2459363.831526791,0.001955986,0.0038688804
2459363.832915693,0.0014358759,0.003867495
2459363.8343045944,0.0010155439,0.0038690513
2459363.8356934963,-0.0012748837,0.003866535
2459363.8370823977,-0.0024596453,0.0038678981
2459363.838471299,0.0011349916,0.0038739168
2459363.839860201,0.00018584728,0.0038671864
2459363.8412491023,-0.008614898,0.0038598734
2459363.842638004,0.00014543533,0.0038680662
2459363.8440269055,-0.0063872337,0.0038630883
2459363.845415807,0.008236289,0.0038742607
2459363.8468047082,0.000202775,0.0038673813
2459363.84819361,0.0034675598,0.0038716253
2459363.8495825115,-0.0024445653,0.0038658814
2459363.8509714133,-0.002669692,0.0038661878
2459363.8523603147,-0.0043857694,0.0038632243
2459363.853749216,0.0004261732,0.0038673785
2459363.8551381174,0.0029304028,0.0038672388
2459363.8565270193,0.0025303364,0.0038695764
2459363.8579159207,-0.00348109,0.003864693
2459363.8593048225,-0.008036494,0.0038610818
2459363.860693724,-0.003993511,0.0038647412
2459363.8620826253,0.004205942,0.0038678776
2459363.8634715267,-0.0059815645,0.0038608687
2459363.8648604285,0.0037727356,0.003869635
2459363.86624933,0.0035494566,0.0038716698
2459363.8676382317,-0.0054166913,0.0038638741
2459363.8690271326,3.8266182e-05,0.003867262
2459363.8704160345,-0.009283543,0.0038593137
2459363.871804936,0.0037704706,0.0038750616
2459363.8731938377,0.0044281483,0.0038686018
2459363.874582739,0.0012682676,0.0038686576
2459363.875971641,0.0035467148,0.0038702164
2459363.877360542,0.0046823025,0.0038709787
2459363.8787494437,0.011305094,0.00387309
2459363.880138345,-0.003790021,0.0038674143
2459363.881527247,0.008201718,0.0038744637
2459363.8829161483,0.004494667,0.0038720618
2459363.8843050497,0.004688859,0.003872247
2459363.885693951,-0.004134774,0.0038644185
2459363.8870828524,-0.00092345476,0.0038677948
2459363.8884717543,-0.0024577975,0.0038686492
2459363.8898606556,0.00057578087,0.0038670665
2459363.8912495575,0.0010893345,0.0038657873
2459363.8926384584,0.008339286,0.0038725312
2459363.8940273602,-0.0024753213,0.003869002
2459363.8954162616,-0.0019259453,0.0038656336
2459363.8968051635,0.0022646189,0.0038701026
2459363.898194065,-0.0029455423,0.0038667591
2459363.8995829658,0.0008147955,0.0038705985
2459363.9009718676,-0.00025814772,0.0038695978
2459363.902360769,0.002080202,0.0038692309
2459363.903749671,0.0011788607,0.0038691354
2459363.905138572,0.0038876534,0.0038702204
2459363.906527474,-0.00045758486,0.003869001
2459363.907916375,-0.0029530525,0.0038656965
2459363.9093052763,-0.0017091632,0.0038683768
2459363.910694178,-0.001426518,0.0038695396
2459363.9120830796,0.005397439,0.0038711156
2459363.9134719814,0.0053960085,0.0038730914
2459363.9148608823,0.005388379,0.0038746474
2459363.9162497837,0.0010957718,0.003868904
2459363.9176386856,0.003712058,0.003869577
2459363.919027587,0.0054736137,0.00387009
2459363.920416489,0.0038565397,0.0038721825
2459363.92180539,0.0013943911,0.0038720486
2459363.923194291,0.0020295382,0.003871062
2459363.924583193,-0.0041067004,0.0038656627
2459363.9259720943,-0.0058050156,0.0038628408
2459363.927360996,-0.0021463037,0.0038684881
2459363.9287498975,0.0035049915,0.0038707326
2459363.9301387984,0.00044620037,0.003867849
2459363.9315277003,-0.0013824105,0.0038692527
2459363.9329166017,-0.001034677,0.0038686944
2459363.934305503,0.0011769533,0.0038686702
2459363.935694405,-0.00047135353,0.0038668478
2459363.9370833063,0.0053471327,0.0038718984
2459363.938472207,-0.0077492,0.0038630257
2459363.939861109,0.00081038475,0.003868148
2459363.9412500104,-0.0039527416,0.003865942
2459363.9426389122,-0.0009909272,0.0038668138
2459363.9440278136,0.0006765127,0.003872521
2459363.945416715,0.0044053793,0.003870645
2459363.9468056164,0.001678586,0.0038692036
2459363.9481945178,-0.00016230345,0.0038737669
2459363.949583419,-0.004586816,0.0038690981
2459363.950972321,0.0029549599,0.0038719287
2459363.9523612224,-0.005889952,0.003864103
2459363.9537501233,0.0051436424,0.0038729433
2459363.955139025,-0.00048303604,0.0038689545
2459363.9565279265,-0.005801916,0.0038672546
2459363.957916828,-0.00056135654,0.0038721166
2459363.9593057297,0.005412221,0.0038743522
2459363.960694631,0.0004940033,0.0038708264
2459363.962083532,0.0043599606,0.003873527
2459363.9634724334,0.0040495396,0.0038742216
2459363.9648613352,-0.0026410222,0.0038661812
2459363.9662502366,8.332729e-05,0.0038736698
2459363.967639138,0.0061398745,0.0038742328
2459363.9690280394,-0.0027110577,0.0038685012
2459363.9704169407,-0.0051767826,0.0038653938
2459363.971805842,0.0013318062,0.003870476
2459363.973194744,-0.0038112402,0.0038673505
2459363.9745836454,0.004586935,0.0038721205
2459363.9759725467,0.0017683506,0.0038701054
2459363.9773614476,0.0047974586,0.0038753056
2459363.9787503495,0.0031840801,0.0038720786
2459363.980139251,0.0012013912,0.0038694157
2459363.9815281522,-0.0022563934,0.00386827
2459363.982917054,-0.011684656,0.0038620653
2459363.984305955,0.004478693,0.0038714898
2459363.9856948564,-0.0065467358,0.003866733
2459363.9870837578,-0.0033717155,0.0038667913
2459363.9884726596,0.0036063194,0.0038745278
2459363.989861561,0.00532794,0.0038746626
2459363.9912504624,0.0017952919,0.0038695433
2459363.9926393633,-0.008306682,0.003863501
2459363.994028265,0.0007094145,0.0038715648
2459363.9954171665,0.0043286085,0.0038746737
2459363.996806068,0.00045752525,0.0038715817
2459363.9981949693,-0.007084608,0.0038668802
2459363.9995838706,0.0035785437,0.0038740213
2459364.000972772,-1.4483929e-05,0.0038708532
2459364.0023616734,0.0062122345,0.0038750789
2459364.003750575,0.0012559891,0.0038725077
2459364.0051394766,0.003574729,0.0038722495
2459364.006528378,-0.0016217232,0.0038720793
2459364.007917279,-9.095669e-05,0.0038731305
2459364.0093061803,0.0033441782,0.003872268
2459364.0106950817,-0.00084525347,0.00387275
2459364.0120839835,0.0019425154,0.0038714746
2459364.013472885,0.006600976,0.0038756956
2459364.0148617863,0.004366398,0.0038753466
2459364.016250687,-0.0070059896,0.0038640883
2459364.017639589,-0.009451091,0.003863927
2459364.0190284904,0.0012539625,0.0038701256
2459364.020417392,0.009530783,0.0038803958
2459364.021806293,0.0021568537,0.0038722837
2459364.023195194,0.0004041195,0.0038686306
2459364.024584096,-0.0016195178,0.0038705892
2459364.0259729973,0.0040397644,0.0038745864
2459364.0273618987,0.006573677,0.0038782242
2459364.0287508,0.0040693283,0.0038747592
2459364.0301397014,0.0048451424,0.0038749827
2459364.0315286024,-0.00046157837,0.003872176
2459364.032917504,0.007470846,0.0038759739
2459364.0343064056,0.005200386,0.0038755094
2459364.035695307,-0.0012595654,0.0038683992
2459364.0370842083,0.0015398264,0.0038762344
2459364.0384731092,0.0019881725,0.0038720719
2459364.0398620106,0.0029457808,0.003873351
2459364.0412509125,0.0006248951,0.0038722663
2459364.042639814,-0.009584069,0.0038615672
2459364.044028715,-0.004409015,0.003866539
2459364.0454176166,0.0012530088,0.0038756996
2459364.0468065175,-0.002047062,0.0038704136
2459364.048195419,0.0050822496,0.0038759536
2459364.0495843207,-0.001678288,0.0038713873
2459364.050973222,-0.0004553795,0.0038702276
2459364.0523621235,-0.0003361702,0.003870263
2459364.0537510244,0.00030481815,0.0038692215
2459364.055139926,-0.0005041361,0.0038716942
2459364.056528827,0.0022354126,0.0038718076
2459364.0579177286,0.0036587715,0.00388084
2459364.05930663,0.006217003,0.0038790202
2459364.060695532,0.0027468204,0.0038760249
2459364.0620844327,0.011084557,0.003885023
2459364.063473334,0.0035697222,0.0038759902
2459364.0648622354,2.7060509e-05,0.003873218
2459364.066251137,0.0028998852,0.003876479
2459364.067640038,0.0015224218,0.0038740046
2459364.069028939,-0.0006734729,0.0038724442
2459364.0704178405,0.0064475536,0.0038771238
2459364.071806742,0.009198904,0.0038800675
2459364.0731956437,-0.0027519464,0.0038714267
2459364.074584545,0.0029466152,0.0038740176
2459364.0759734465,0.0034579039,0.0038742723
2459364.0773623474,-0.0018433928,0.003870986
2459364.078751249,-0.0037327409,0.0038691019
2459364.08014015,0.00729239,0.00387854
2459364.0815290515,0.0026253462,0.0038749825
2459364.082917953,-0.011709452,0.0038654557
2459364.0843068543,0.0011839867,0.0038736956
2459364.085695755,-0.0062582493,0.0038670767
2459364.0870846566,-0.00065100193,0.0038720926
2459364.088473558,-0.0020962358,0.0038718358
2459364.08986246,-0.0023090243,0.0038712304
2459364.091251361,-0.00082558393,0.0038719035
2459364.092640262,0.0025662184,0.0038754833
2459364.0940291635,0.0074777603,0.0038784957
2459364.095418065,0.000120043755,0.003876501
2459364.0968069662,0.0047774315,0.0038799753
2459364.0981958676,-0.0055018663,0.0038670092
2459364.099584769,-0.0024062395,0.0038726456
2459364.10097367,-0.0011505485,0.0038715557
2459364.1023625713,2.348423e-05,0.0038742
2459364.1037514727,-0.002468586,0.0038732195
2459364.105140374,0.0015045404,0.003874832
2459364.1065292754,-0.0031110644,0.0038701526
2459364.1079181763,-0.006665349,0.0038665165
2459364.1093070777,-6.490946e-05,0.0038737764
2459364.110695979,0.0034105778,0.0038760663
2459364.1120848805,-0.0045206547,0.0038727294
2459364.113473782,0.002516389,0.0038802896
2459364.114862683,-0.006027937,0.0038702805
2459364.116251584,-0.001922965,0.0038736186
2459364.1176404855,0.0029165745,0.003874736
2459364.119029387,0.00023007393,0.0038778994
2459364.1204182883,-0.0009627938,0.0038742071
2459364.1218071897,-0.00327456,0.0038732416
2459364.1231960906,0.0006650686,0.003874019
2459364.124584992,0.0042957067,0.0038802049
2459364.1259738933,-0.002393663,0.0038742449
2459364.1273627947,-0.0009710789,0.0038719655
2459364.128751696,0.005394101,0.0038773897
2459364.1301405975,0.0005797148,0.003875214
2459364.1315294984,0.0018939972,0.0038739347
2459364.1329183998,0.0015989542,0.003875996
2459364.134307301,-0.0029916167,0.003877267
2459364.1356962025,-0.0019137263,0.003872772
2459364.137085104,-0.0010018349,0.0038697564
2459364.138474005,0.00078737736,0.0038773692
2459364.139862906,0.003234148,0.0038792472
2459364.1412518076,0.002784133,0.0038751888
2459364.142640709,-0.0004928708,0.003873795
2459364.1440296103,0.004114747,0.0038752123
2459364.1454185117,0.0054678917,0.0038779501
2459364.1468074126,0.0015001297,0.0038763145
2459364.148196314,-0.0007457137,0.0038740167
2459364.1495852154,0.00053560734,0.0038732274
2459364.1509741168,0.0016053915,0.003876547
2459364.152363018,0.0011320114,0.0038762027
2459364.153751919,-0.005597532,0.0038709368
2459364.15514082,-0.0011586547,0.003874603
2459364.1565297213,0.0012065172,0.0038764447
2459364.1579186227,0.004488468,0.0038794382
2459364.159307524,-0.0015103817,0.003878321
2459364.1606964255,0.0046799183,0.0038784235
2459364.1620853264,0.0020686388,0.0038762945
2459364.163474228,0.0036828518,0.0038782246
2459364.164863129,0.0024424791,0.0038758598
2459364.1662520305,-0.007413566,0.0038697796
2459364.167640932,0.0019197464,0.0038803439
2459364.1690298333,0.0042907,0.0038813376
2459364.1704187337,0.0030202866,0.003877124
2459364.171807635,0.0043137074,0.0038826184
2459364.1731965365,0.00507915,0.0038814498
2459364.174585438,0.004005909,0.0038793744
2459364.1759743392,0.0027183294,0.003880028
2459364.17736324,-0.0037674308,0.003873383
2459364.1787521415,0.0033752918,0.00387866
2459364.180141043,-0.00073343515,0.0038763182
2459364.1815299443,0.0026631355,0.0038762717
2459364.182918845,-0.0069503784,0.0038688008
2459364.1843077466,0.006599188,0.0038826198
2459364.1856966475,-0.0056565404,0.0038744893
2459364.187085549,0.0062191486,0.0038830317
2459364.1884744503,0.0028653145,0.003879528
2459364.1898633516,0.0011724234,0.0038760821
2459364.191252253,0.0024961233,0.0038789515
2459364.1926411535,0.0028797388,0.0038787501
2459364.194030055,0.0012294054,0.0038784507
2459364.195418956,-0.004417181,0.0038747778
2459364.1968078576,1.5258789e-05,0.0038769846
2459364.198196759,0.0017044544,0.003877283
2459364.1995856604,0.00017082691,0.0038770202
2459364.2009745613,-0.0062639117,0.0038718232
2459364.202363462,0.0034307241,0.0038824666
2459364.2037523636,0.0036227703,0.0038783366
2459364.205141265,0.00055766106,0.0038809383
2459364.2065301663,0.004558563,0.0038832864
2459364.2079190672,0.0013123751,0.003878734
2459364.209307968,-0.009216666,0.003869945
2459364.2106968695,0.002769947,0.003879515
2459364.212085771,0.0014078617,0.0038774586
2459364.2134746723,0.0005457401,0.003874959
2459364.2148635737,0.0017056465,0.003879108
2459364.2162524746,-0.0075617433,0.0038726532
2459364.2176413755,-0.005208552,0.003871657
2459364.219030277,0.0021238327,0.0038760458
2459364.2204191783,0.004884839,0.0038798763
2459364.2218080796,0.0038506985,0.0038811448
2459364.2231969805,0.0042995214,0.003878972
2459364.2245858815,-0.0015077591,0.0038764316
2459364.225974783,0.002301693,0.003877034
2459364.227363684,0.003078103,0.0038780794
2459364.2287525856,-0.00069743395,0.003875452
2459364.2301414865,0.0038604736,0.0038798067
2459364.2315303874,0.003157258,0.0038792216
2459364.232919289,-0.00011640787,0.0038775834
2459364.23430819,0.0048383474,0.0038791772
2459364.2356970916,-0.004933417,0.0038762789
2459364.2370859925,-0.0028912425,0.0038742942
2459364.238474894,0.006387472,0.003882355
2459364.2398637948,-0.0015954375,0.0038745042
2459364.241252696,0.00048398972,0.0038809907
2459364.242641597,0.00020265579,0.0038769338
2459364.2440304984,-0.0009544492,0.003875733
2459364.2454194,0.0004682541,0.0038762635
2459364.2468083007,-0.002589345,0.003874409
2459364.2481972016,0.00203681,0.003881522
2459364.249586103,0.0017131567,0.0038827052
2459364.2509750044,-0.0012100935,0.0038760132
2459364.2523639053,-0.0022934675,0.003872599
2459364.2537528067,-0.010556877,0.0038702101
2459364.2551417076,0.0043405294,0.0038814042
2459364.256530609,0.0015990734,0.0038792298
2459364.25791951,0.00019645691,0.0038755925
2459364.2593084113,-0.0021564364,0.0038752975
2459364.2606973127,0.004225254,0.0038812938
2459364.262086213,0.0026803017,0.003877989
2459364.2634751145,-0.0011801124,0.003877412
2459364.264864016,0.004541278,0.0038804696
2459364.2662529172,0.0034837723,0.0038824645
2459364.267641818,0.0038084984,0.0038788351
2459364.2690307195,-0.002472818,0.0038752805
2459364.2704196204,0.0007021427,0.0038782905
2459364.2718085214,0.00040090084,0.00387514
2459364.2731974227,0.0023328066,0.0038800326
2459364.274586324,0.00974977,0.0038822114
2459364.275975225,-0.0010450482,0.0038735962
2459364.277364126,-0.0011844635,0.0038763743
2459364.2787530273,-0.0012763739,0.003877908
2459364.2801419282,0.002028942,0.0038806219
2459364.2815308296,-0.0008047819,0.0038738362
2459364.282919731,-0.0025909543,0.0038765091
2459364.284308632,-0.002850771,0.0038730397
2459364.285697533,0.0040131807,0.0038788705
2459364.287086434,-0.0011215806,0.0038744293
2459364.288475335,0.004150152,0.0038807609
2459364.2898642365,0.0028179884,0.0038784419
2459364.291253138,0.00021791458,0.0038762353
2459364.2926420383,0.0017066002,0.0038778419
2459364.2940309397,0.0010205507,0.0038740844
2459364.295419841,0.0019071102,0.0038785366
2459364.296808742,-0.0049755573,0.003872816
2459364.2981976434,0.0010931492,0.0038783993
2459364.2995865447,0.0067533255,0.0038835085
2459364.300975445,0.0045632124,0.0038804922
2459364.3023643466,-0.0006722808,0.00387751
2459364.3037532475,-0.0028111339,0.0038730518
2459364.305142149,0.005673051,0.0038843695
2459364.3065310502,0.0016351938,0.0038779415
2459364.307919951,-0.002545476,0.0038732889
2459364.309308852,0.0054340363,0.0038798456
2459364.310697753,0.00013279915,0.003876631
2459364.3120866544,-0.00012373924,0.0038762486
2459364.3134755557,9.417534e-06,0.0038754973
2459364.3148644567,0.0053839684,0.0038824154
2459364.3162533576,0.0021269321,0.0038760924
2459364.3176422585,-0.0057578087,0.0038707764
2459364.31903116,-0.005702436,0.0038703894
2459364.3204200612,-0.004693687,0.0038717284
2459364.321808962,-0.0020428896,0.0038725266
2459364.3231978635,0.0024917126,0.003879042
2459364.324586764,0.0016585588,0.0038771308
2459364.3259756654,-0.0019142032,0.0038734998
2459364.3273645663,0.0019448996,0.0038772624
2459364.3287534676,0.0018761158,0.003876312
2459364.330142369,-0.0043197274,0.003871764
2459364.3315312695,-0.0015652776,0.0038741813
2459364.332920171,-0.001143992,0.0038743245
2459364.334309072,-0.0016812682,0.0038741326
2459364.335697973,-0.003659308,0.0038715391
2459364.337086874,0.0033501387,0.003879945
2459364.3384757754,0.0015025139,0.0038774696
2459364.339864676,-0.0010889173,0.0038763566
2459364.3412535773,0.00040984154,0.0038743678
2459364.3426424786,0.0041754246,0.003882399
2459364.3440313796,-0.00022649765,0.003876899
2459364.345420281,-0.0094515085,0.0038711575
2459364.3468091814,-0.0014496446,0.0038707522
2459364.3481980828,0.0048151016,0.0038800277
2459364.3495869837,-0.0024698377,0.0038747303
2459364.350975885,0.0011553764,0.003878997
2459364.352364786,0.0022667646,0.0038748481
2459364.3537536873,0.0010617971,0.0038788258
2459364.355142588,-0.0025019646,0.0038754628
2459364.356531489,0.0035034418,0.0038781562
2459364.35792039,-0.0025156736,0.0038741273
2459364.3593092915,0.0005774498,0.0038768088
2459364.3606981924,-0.0028506517,0.0038715736
2459364.3620870933,0.007568598,0.0038808063
2459364.363475994,-0.003076017,0.0038723294
2459364.3648648956,-0.00050115585,0.0038766055
2459364.3662537965,-0.0014967322,0.0038751748
2459364.367642698,0.0019649267,0.0038757122
2459364.369031599,-0.0021455288,0.0038732968
2459364.3704204997,-0.0020914674,0.0038737399
2459364.3718094006,-0.0032550693,0.0038720206
2459364.373198302,-0.0061080456,0.0038722896
2459364.374587203,0.00020205975,0.0038750009
2459364.3759761043,-0.00089776516,0.003873625
2459364.377365005,0.0012184381,0.0038769285
2459364.3787539057,5.4121017e-05,0.0038743478
2459364.380142807,0.0033527613,0.0038756812
2459364.381531708,-0.0008816123,0.0038743801
2459364.3829206093,-0.004106939,0.0038735978
2459364.3843095102,0.004285693,0.0038790256
2459364.385698411,-0.004199028,0.003872545
2459364.387087312,0.0028549433,0.0038753287
2459364.3884762134,0.00046610832,0.003877163
2459364.3898651144,-0.0063707232,0.0038705138
2459364.3912540153,-0.0013736486,0.0038724705
2459364.3926429166,-0.004314661,0.0038763245
2459364.394031817,0.0010880232,0.0038738747
2459364.3954207185,0.005190015,0.003880225
2459364.3968096194,-0.0048238635,0.003874449
2459364.3981985208,0.0017220974,0.0038776638
2459364.3995874217,-0.0005545616,0.0038758488
2459364.400976322,-0.0005723238,0.0038757736
2459364.4023652235,-0.00055366755,0.0038747792
2459364.4037541244,0.005515337,0.0038798053
2459364.405143026,0.0018612146,0.0038773098
2459364.4065319267,0.0020751953,0.003879504
2459364.4079208276,0.0023955107,0.0038762516
2459364.4093097285,0.0029928684,0.0038755357
2459364.4106986295,-0.0005183816,0.0038763634
2459364.412087531,-0.00068610907,0.0038751268
2459364.4134764317,-0.0013003349,0.0038755764
2459364.4148653327,-0.0011384487,0.0038723517
2459364.4162542336,-0.0010001659,0.0038755764
2459364.4176431345,-0.0002271533,0.0038742747
2459364.4190320354,-0.0011098385,0.0038751285
2459364.420420937,-0.0027974248,0.0038751634
2459364.4218098377,0.0022217035,0.0038778062
2459364.4231987386,0.0015850067,0.003875553
2459364.4245876395,0.0018804073,0.0038764707
2459364.4259765404,-0.00059592724,0.0038750118
2459364.427365442,0.00074768066,0.003877403
2459364.4287543427,0.00269413,0.003878009
2459364.4301432436,-0.0062364936,0.0038728942
2459364.4315321445,-0.0044481754,0.0038731436
2459364.4329210455,0.0024672747,0.0038765476
2459364.4343099464,0.0010360479,0.0038753378
2459364.4356988478,-0.002782166,0.0038758218
2459364.4370877487,0.0015166998,0.0038768332
2459364.4384766496,-0.0013970733,0.003873267
2459364.4398655505,0.006014943,0.0038787178
2459364.4412544514,0.0033552647,0.0038789087
2459364.4426433523,0.0046777725,0.0038811355
2459364.444032253,0.0005700588,0.003879125
2459364.4454211546,0.0043023825,0.0038788258
2459364.446810055,0.004521966,0.003878436
2459364.448198956,-0.007693827,0.0038702227
2459364.4495878574,0.00092983246,0.0038760917
2459364.4509767583,0.0025982857,0.003880687
2459364.452365659,-1.847744e-06,0.0038746737
2459364.4537545606,0.0025576353,0.0038806514
2459364.455143461,0.0031934977,0.0038793907
2459364.456532362,0.00650239,0.0038817308
2459364.457921263,0.0021442175,0.003879649
2459364.459310164,0.0011298656,0.0038801932
2459364.460699065,-0.0002809763,0.0038743832
2459364.462087966,0.0056602955,0.0038824026
2459364.463476867,0.0030328035,0.0038817828
2459364.464865768,0.0009846687,0.0038771424
2459364.466254669,0.0038694143,0.0038820452
2459364.4676435697,-0.0074445605,0.0038713785
2459364.469032471,0.005868554,0.003883233
2459364.4704213715,-0.00330621,0.0038733834
2459364.4718102724,0.0008869171,0.0038781238
2459364.4731991733,-0.000800848,0.003875535
2459364.4745880747,-0.0037690997,0.0038761927
2459364.4759769756,-0.0019646883,0.0038761857
2459364.4773658765,0.0035159588,0.003879096
2459364.478754777,-0.0068019032,0.0038777567
2459364.4801436784,0.007891774,0.0038836792
2459364.4815325793,-0.0041211247,0.003875757
2459364.48292148,0.0054112673,0.0038798896
2459364.484310381,-0.0017416477,0.0038766328
2459364.4856992816,0.0009006262,0.003879848
2459364.487088183,-0.0037385821,0.0038759662
2459364.488477084,0.0013370514,0.0038807313
2459364.489865985,6.580353e-05,0.0038770318
2459364.4912548857,-0.00094228983,0.0038809227
2459364.4926437866,0.0005991459,0.00387984
2459364.4940326875,0.0032787323,0.0038814535
2459364.4954215884,-0.00086539984,0.003878841
2459364.4968104893,-0.0005776882,0.0038761343
2459364.4981993902,-0.0051879287,0.0038761252
2459364.499588291,-0.000972867,0.0038792433
2459364.500977192,0.0016988516,0.003878334
2459364.502366093,0.0016022921,0.0038842864
2459364.503754994,-0.0011745691,0.0038807227
2459364.505143895,0.0001270771,0.0038831243
2459364.5065327957,-0.0030239224,0.0038786596
2459364.507921697,-0.0004761219,0.0038779003
2459364.5093105976,-0.0019207597,0.0038838754
2459364.5106994985,0.00069475174,0.0038810077
2459364.5120883994,-0.0014135838,0.003879587
2459364.5134773003,0.0010740757,0.0038813616
2459364.514866201,-0.00568825,0.003878932
2459364.5162551017,-0.003736794,0.0038784088
2459364.517644003,0.0037100315,0.0038850314
2459364.519032904,0.0044573545,0.003883454
2459364.520421805,-0.004234493,0.0038780204
2459364.521810706,0.0013475418,0.003884706
2459364.5231996067,-0.0036634207,0.0038784856
2459364.524588507,0.0011488199,0.0038805185
2459364.525977408,-0.0044602156,0.0038799318
2459364.5273663094,0.00016367435,0.0038825264
2459364.5287552103,0.0028995275,0.00388362
2459364.5301441113,5.698204e-05,0.0038814454
2459364.531533012,0.0011227131,0.0038812472
2459364.5329219126,-0.0012908578,0.0038824845
2459364.5343108135,-0.0037139654,0.0038759534
2459364.5356997144,-0.0013126731,0.0038822687
2459364.5370886154,-0.0019290447,0.0038815204
2459364.5384775163,0.0012859106,0.0038829495
2459364.539866417,-0.0023739934,0.0038816275
2459364.541255318,0.0003902912,0.0038830768
2459364.542644219,0.0014812946,0.0038855555
2459364.54403312,0.0050302744,0.0038892084
2459364.545422021,-0.0029575825,0.0038808621
2459364.5468109217,-0.0019968152,0.003883386
2459364.548199822,0.0017300844,0.003882688
2459364.549588723,-0.0020099282,0.0038855458
2459364.550977624,0.0010595322,0.0038841763
2459364.552366525,0.0004515648,0.0038835178
2459364.553755426,0.0008147955,0.0038835113
2459364.5551443263,0.0027580261,0.003884228
2459364.556533227,0.002577424,0.003882386
2459364.5579221286,0.0052410364,0.0038881477
2459364.5593110295,-0.002332449,0.003880347
2459364.5606999304,-0.0026341677,0.0038812496
2459364.5620888313,-0.00033169985,0.0038844245
2459364.563477732,-0.0039783716,0.0038783357
2459364.5648666327,-0.00055247545,0.0038855786
2459364.5662555336,0.0037784576,0.0038880773
2459364.5676444345,0.0007264614,0.0038817455
2459364.5690333354,-0.0018056631,0.0038819201
2459364.570422236,0.0031647682,0.0038860545
2459364.571811137,0.0038349628,0.00388853
2459364.5732000377,0.0018253326,0.0038873088
2459364.5745889386,-0.0012313724,0.0038821185
2459364.5759778395,-0.0042708516,0.003883386
2459364.5773667404,0.0037767887,0.003889269
2459364.578755641,0.0012253523,0.0038893928
2459364.580144542,0.0041342974,0.0038883807
2459364.5815334427,-0.00083220005,0.0038847295
2459364.5829223436,0.0012187958,0.003885331
2459364.5843112445,0.007305503,0.003889898
2459364.585700145,0.0037193298,0.0038864831
2459364.587089046,0.0017075539,0.0038863341
2459364.588477947,0.0011401176,0.0038861202
2459364.5898668477,-0.0006480217,0.0038865139
2459364.5912557486,0.002995491,0.003886714
2459364.5926446496,0.0027621984,0.0038880976
2459364.59403355,-0.00087094307,0.0038844703
2459364.595422451,0.0019168854,0.0038847572
2459364.596811352,0.0015728474,0.0038869262
2459364.5982002527,0.00851059,0.003895331
2459364.5995891537,0.0003118515,0.0038875432
2459364.6009780546,-0.00010532141,0.0038867882
2459364.602366955,-0.004844427,0.0038839711
2459364.603755856,0.001324296,0.003888775
2459364.605144757,0.004943967,0.0038915034
2459364.6065336573,0.0033692122,0.0038895109
2459364.607922558,0.0009571314,0.0038882878
2459364.6093114587,0.003427267,0.003889216
2459364.6107003596,0.0059992075,0.0038918424
2459364.6120892605,0.0007632971,0.0038875788
2459364.6134781614,0.0008831024,0.0038880398
2459364.6148670623,0.0025552511,0.0038885453
2459364.616255963,0.0042089224,0.003889813
2459364.6176448637,0.001463294,0.003888494
2459364.6190337646,0.0018471479,0.0038865195
2459364.6204226655,0.00139153,0.0038859164
2459364.6218115664,0.001375556,0.0038884396
2459364.6232004673,0.0025929213,0.0038941668
2459364.6245893673,-0.0021965504,0.0038853106
2459364.625978268,-0.0020900965,0.0038877141
2459364.627367169,0.006645918,0.003894339
2459364.62875607,0.0037294626,0.0038925682
2459364.630144971,0.007606387,0.0038951456
2459364.631533872,-0.00014704466,0.0038891227
2459364.6329227723,0.0005789995,0.003888019
2459364.634311673,0.0073735714,0.003892465
2459364.635700574,-0.0029419065,0.0038875681
2459364.6370894746,-0.0011122227,0.0038913488
2459364.6384783755,0.0041484833,0.0038922015
2459364.639867276,-0.00273484,0.0038864124
2459364.641256177,0.0026906729,0.0038911316
2459364.642645078,0.0076117516,0.0038923845
2459364.6440339787,-0.0026206374,0.0038864687
2459364.6454228796,0.0059742928,0.0038904136
2459364.64681178,-0.00564754,0.0038846154
2459364.6482006805,-0.0022127032,0.003888561
2459364.6495895814,-6.5386295e-05,0.0038895558
2459364.6509784823,0.0023001432,0.0038907763
2459364.6523673832,-0.0005005002,0.0038889807
2459364.653756284,-0.001736939,0.0038876105
2459364.655145184,0.004236102,0.0038907102
2459364.656534085,0.0015170574,0.0038905658
2459364.657922986,-0.0013917685,0.0038881153
2459364.659311887,-0.0029190183,0.0038881244
2459364.660700788,0.0013315678,0.0038923703
2459364.6620896887,0.0010256767,0.0038922725
2459364.6634785887,0.0015568733,0.0038875043
2459364.6648674896,-0.0028483272,0.0038888676
2459364.6662563905,-6.479025e-05,0.003890142
2459364.6676452914,-0.004515767,0.0038869067
2459364.6690341923,-0.002168119,0.0038880364
2459364.670423093,-0.0024695992,0.00388659
2459364.6718119932,0.004771471,0.0038917474
2459364.673200894,0.00063991547,0.003889168
2459364.674589795,0.0015375614,0.0038913155
2459364.6759786955,0.0030169487,0.0038923067
2459364.6773675964,-0.0034104586,0.0038848282
2459364.678756497,0.0013689995,0.0038923598
2459364.680145398,0.00083076954,0.0038938187
2459364.6815342987,-0.005882621,0.003886617
2459364.682923199,0.0036245584,0.0038920664
2459364.6843121,-0.0041387677,0.0038867532
2459364.685701001,-0.006605208,0.003883258
2459364.6870899014,-0.00037580729,0.0038889784
2459364.688478802,0.0031719208,0.003890066
2459364.689867703,0.0010925531,0.0038887004
2459364.6912566037,0.0013275146,0.0038889511
2459364.6926455046,-0.0053701997,0.0038856438
2459364.6940344046,0.00010251999,0.0038878375
2459364.6954233055,0.0037579536,0.0038931638
2459364.6968122064,-0.0042459965,0.003890368
2459364.6982011073,0.0014638901,0.003889951
2459364.699590008,0.0002939701,0.003889694
2459364.7009789087,0.00060248375,0.0038895775
2459364.702367809,0.00093877316,0.0038907286
2459364.7037567096,0.0023115873,0.0038975743
2459364.7051456105,-0.0009291172,0.0038875744
2459364.7065345114,0.00069856644,0.003890696
2459364.7079234123,0.0023355484,0.0038895297
2459364.7093123123,0.0005429983,0.003895852
2459364.710701213,-0.004026115,0.0038868657
2459364.712090114,0.001770854,0.0038905828
2459364.7134790146,-0.00380826,0.0038892278
2459364.7148679155,-0.00502187,0.0038825981
2459364.7162568164,-0.00014936924,0.0038873933
2459364.7176457164,-0.011725485,0.0038782395
2459364.7190346173,-0.0013352036,0.0038899214
2459364.720423518,0.0051347017,0.0038943943
2459364.7218124187,-0.0037427545,0.003885991
2459364.7232013196,-0.0060388446,0.0038817704
2459364.72459022,-0.00045996904,0.0038883805
2459364.7259791205,-0.0028026104,0.0038861856
2459364.7273680214,-0.00052148104,0.0038925614
2459364.7287569223,0.0048775673,0.0038941053
2459364.7301458227,-0.0015046597,0.0038874254
2459364.7315347237,0.0009381771,0.0038893316
2459364.732923624,-0.0026249886,0.0038876995
2459364.7343125246,0.0008009672,0.0038936767
2459364.7357014255,0.0040591955,0.003892397
2459364.7370903264,-7.933378e-05,0.0038887176
2459364.738479227,0.008705258,0.0038950793
2459364.7398681273,0.00024843216,0.0038877032
2459364.7412570277,-0.0013322234,0.0038879137
2459364.7426459286,0.0034217834,0.003891241
2459364.7440348295,-0.0057567954,0.0038837306
2459364.74542373,0.006340623,0.0038925847
2459364.746812631,-0.0020226836,0.0038858447
2459364.7482015314,0.0034815073,0.0038916168
2459364.749590432,-0.0046309233,0.0038849737
2459364.7509793327,-0.003750205,0.0038879327
2459364.752368233,0.00490427,0.003893202
2459364.753757134,0.004386306,0.0038922718
2459364.755146035,-0.002841711,0.0038875935
2459364.756534935,0.004920244,0.0038924837
2459364.757923836,-0.0051529408,0.003883027
2459364.7593127363,0.006636739,0.0038929712
2459364.7607016372,0.0022586584,0.003890475
2459364.7620905377,0.0029051304,0.003895314
2459364.763479438,-0.0018097162,0.0038892056
2459364.764868339,0.006040573,0.00389429
2459364.7662572395,-0.00011742115,0.0038862517
2459364.7676461404,-0.006498456,0.0038849786
2459364.769035041,-0.0006933212,0.003884043
2459364.770423942,-0.0029669404,0.0038837173
2459364.7718128418,0.0003517866,0.0038879956
2459364.7732017427,0.0012055635,0.0038888184
2459364.774590643,-0.00040632486,0.0038893386
2459364.775979544,-0.0051802397,0.0038852557
2459364.777368445,0.00015711784,0.0038866056
2459364.778757345,0.0011643171,0.0038904476
2459364.780146246,-0.0059693456,0.0038837863
2459364.7815351463,-0.0023149252,0.0038869213
2459364.782924047,0.0034052134,0.003894114
2459364.7843129477,-0.0025396943,0.0038863602
2459364.7857018486,-0.008794129,0.0038860992
2459364.7870907485,0.0052769184,0.0038923773
2459364.7884796495,0.0012910366,0.0038908203
2459364.78986855,0.0035932064,0.0038915996
2459364.791257451,0.00387156,0.0038933984
2459364.7926463513,0.004960537,0.003891679
2459364.7940352517,0.008561134,0.0038945128
2459364.795424152,-0.0021772385,0.0038877456
2459364.796813053,-0.007920861,0.0038833949
2459364.7982019535,-0.00094228983,0.0038878212
2459364.7995908544,0.00080263615,0.0038891516
2459364.800979755,-0.00212121,0.0038876408
2459364.8023686553,0.0015101433,0.0038895495
2459364.803757556,-0.0027911067,0.0038832703
2459364.8051464567,-0.0030019283,0.0038864831
2459364.806535357,-5.543232e-06,0.0038892368
2459364.807924258,-0.001959741,0.003888089
2459364.809313158,-0.00029093027,0.0038887353
2459364.8107020585,0.0065910816,0.0038931554
2459364.8120909594,0.0035922527,0.0038892042
2459364.81347986,-0.0035353303,0.0038853646
2459364.8148687608,0.0026359558,0.00388973
2459364.816257661,-0.003322482,0.0038862843
2459364.8176465617,-0.0035759807,0.0038826575
2459364.819035462,-0.0012677312,0.003887402
2459364.820424363,0.0011359453,0.0038942124
2459364.8218132635,7.736683e-05,0.0038882308
2459364.823202164,-0.0062620044,0.0038836258
2459364.824591065,-0.0054938197,0.0038865232
2459364.825979965,0.0044722557,0.0038902499
2459364.8273688657,0.0018153191,0.0038934394
2459364.828757766,-0.002385378,0.0038885106
2459364.8301466666,-0.0012924075,0.0038868175
2459364.8315355675,0.0033341646,0.0038929866
2459364.8329244675,0.0054889917,0.003894996
2459364.8343133684,0.0024086237,0.0038903567
2459364.835702269,0.0008509159,0.0038907675
2459364.8370911693,-0.00043916702,0.003890309
2459364.8384800702,0.0017786026,0.0038876676
2459364.8398689707,0.006026268,0.0038927177
2459364.841257871,0.0023840666,0.0038927922
2459364.8426467716,0.0029716492,0.0038908552
2459364.844035672,0.004218936,0.0038913304
2459364.845424573,0.0016049147,0.0038901872
2459364.8468134734,0.0009710789,0.0038909707
2459364.848202374,-0.0042734146,0.0038852482
2459364.8495912743,0.0015554428,0.0038928934
2459364.8509801747,0.00291574,0.0038942157
2459364.8523690756,0.0045524836,0.003892883
2459364.853757976,0.0091308355,0.003896795
2459364.8551468765,-0.006233394,0.0038839376
2459364.856535777,0.007936358,0.0038944979
2459364.8579246774,0.0023969412,0.0038912836
2459364.859313578,0.0059820414,0.0038946345
2459364.860702479,0.004720092,0.0038922601
2459364.8620913792,-0.0045998096,0.0038863807
2459364.863480279,0.0036340952,0.003893157
2459364.86486918,-0.0012848377,0.003888157
2459364.8662580806,-0.00084632635,0.0038905311
2459364.867646981,0.0018206835,0.0038911435
2459364.869035882,0.005061269,0.0038943517
2459364.8704247824,0.0014488697,0.0038888673
2459364.8718136824,0.00074374676,0.0038881446
2459364.8732025833,-0.0015987754,0.003890364
2459364.8745914837,-0.0043718815,0.0038818987
2459364.875980384,-0.004388511,0.0038865455
2459364.8773692846,-0.010285735,0.003882518
2459364.878758185,-0.0031636357,0.0038873383
2459364.8801470855,0.0017108917,0.0038899714
2459364.881535986,0.002747178,0.0038898205
2459364.882924887,-0.005292833,0.0038854692
2459364.8843137873,0.0058761835,0.003896638
2459364.885702688,-0.0030850172,0.003887626
2459364.8870915878,0.0019059181,0.0038920941
2459364.8884804887,0.0021612644,0.0038906669
2459364.889869389,0.00094270706,0.0038909253
2459364.8912582896,0.0032252073,0.0038899586
2459364.89264719,-0.0024141073,0.003889929
2459364.894036091,0.00031459332,0.0038913295
2459364.895424991,0.0007559061,0.0038917891
2459364.8968138914,-0.0052748322,0.003884238
2459364.898202792,-0.004240036,0.0038853553
2459364.8995916927,-0.0060094,0.0038874212
2459364.900980593,-0.0007585287,0.0038904035
2459364.902369493,-0.0012723804,0.0038910818
2459364.9037583936,-0.0011879206,0.003884984
2459364.9051472945,-0.0023820996,0.003887745
2459364.906536195,-0.0006340742,0.0038889241
2459364.9079250954,-0.0020828247,0.0038869896
2459364.909313996,-0.003873229,0.0038868478
2459364.910702896,-0.0032106042,0.0038881858
2459364.9120917968,-0.00024819374,0.0038923046
2459364.913480697,0.005069256,0.0038937163
2459364.9148695976,-0.007090986,0.0038871015
2459364.916258498,-0.0013461113,0.0038896524
2459364.917647398,0.0006148815,0.0038926478
2459364.919036299,0.003373146,0.0038954224
2459364.9204251994,0.0013457537,0.003890146
2459364.9218141,0.0013979673,0.0038922154
2459364.9232030003,-0.0021071434,0.0038872669
2459364.924591901,-0.001131475,0.0038888846
2459364.925980801,0.002044797,0.0038920795
2459364.9273697017,-0.0011813641,0.003887992
2459364.928758602,0.0012881756,0.0038888059
2459364.9301475026,0.0032829046,0.0038920345
2459364.931536403,-0.0015175939,0.0038899179
2459364.932925303,0.0044471025,0.0038938506
2459364.934314204,0.003652811,0.0038920555
2459364.9357031044,0.003973961,0.0038949398
2459364.937092005,0.001840353,0.0038936334
2459364.9384809053,0.0032594204,0.0038935496
2459364.9398698057,-0.0037572384,0.003885748
2459364.9412587057,0.0054610968,0.0038981105
2459364.942647606,-9.9778175e-05,0.0038912243
2459364.944036507,0.005293131,0.0038934143
2459364.9454254075,-0.0005071759,0.0038903602
2459364.946814308,-0.0013335943,0.0038888063
2459364.948203208,0.0019336939,0.0038938927
2459364.9495921084,-0.0020552874,0.0038906496
2459364.950981009,0.0020483732,0.0038901332
2459364.9523699093,-0.0049105287,0.0038891733
2459364.9537588097,-0.004936576,0.0038827555
2459364.95514771,-0.003940046,0.0038878508
2459364.9565366106,0.0019699335,0.003892005
2459364.957925511,0.0023989677,0.0038931235
2459364.9593144115,0.00067293644,0.0038932513
2459364.960703312,0.0015441179,0.0038927477
2459364.9620922124,0.0074626207,0.0038951356
2459364.9634811124,-0.007608652,0.0038847162
2459364.964870013,-0.00034552813,0.0038917451
2459364.9662589133,-0.00013744831,0.0038907884
2459364.9676478137,0.0072335005,0.0038955826
2459364.969036714,0.005381584,0.0038959906
2459364.9704256146,0.0021088123,0.0038923023
2459364.9718145146,-0.0028185248,0.0038877388
2459364.973203415,-0.0007125735,0.0038892021
2459364.974592316,-0.0076494217,0.003884148
2459364.9759812164,-0.008246124,0.0038850429
2459364.977370117,-0.0008792877,0.0038889225
2459364.9787590173,0.0024340153,0.003894556
2459364.9801479173,0.0040973425,0.0038947726
2459364.9815368177,0.0030668974,0.003893646
2459364.982925718,-0.0068233013,0.0038874527
2459364.9843146186,-0.00021594763,0.0038941037
2459364.985703519,-0.00029927492,0.0038908296
2459364.987092419,0.004478097,0.0038966923
2459364.9884813195,0.004071474,0.0038950995
2459364.98987022,0.0021916628,0.0038897921
2459364.9912591204,0.0011049509,0.00389445
2459364.992648021,0.001724124,0.0038922867
2459364.9940369213,0.00091564655,0.0038934161
2459364.9954258213,-0.0010131598,0.0038895893
2459364.9968147217,-0.0018594861,0.0038880033
2459364.998203622,-0.001863122,0.0038880277
2459364.9995925226,0.0022283792,0.0038952315
2459365.000981423,-0.00025063753,0.0038921845
2459365.002370323,0.0037685633,0.0038956935
2459365.0037592235,0.0005069971,0.003888925
2459365.005148124,-0.0062665343,0.0038848475
2459365.0065370244,0.0018476248,0.003893696
2459365.007925925,0.0022263527,0.0038946718
2459365.0093148253,-0.0060616136,0.003887347
2459365.0107037253,-0.0006661415,0.0038937507
2459365.0120926257,0.00022482872,0.0038906953
2459365.013481526,0.002444148,0.0038931412
2459365.0148704266,0.0032368898,0.0038957752
2459365.0162593266,0.0023423433,0.0038919644
2459365.0176482266,0.0014932156,0.0038922757
2459365.019037127,0.00014340878,0.0038898836
2459365.0204260275,-0.0024395585,0.0038920902
2459365.021814928,0.0027178526,0.0038962413
2459365.0232038284,-0.0010595918,0.00389183
2459365.024592729,-0.0007458925,0.0038910422
2459365.025981629,-0.008170068,0.003883177
2459365.0273705292,-0.00087946653,0.0038865474
2459365.0287594297,0.0056061745,0.0038974565
2459365.03014833,-0.000344038,0.00389255
2459365.0315372306,-0.0008507371,0.0038916806
2459365.0329261306,-0.006292999,0.003887767
2459365.034315031,-0.0036293268,0.0038917346
2459365.035703931,-0.004819572,0.0038897097
2459365.0370928315,0.0022269487,0.0038934993
2459365.038481732,-0.002503574,0.0038883754
2459365.0398706323,-0.0009661317,0.003889734
2459365.0412595323,0.0031859875,0.0038944941
2459365.042648433,0.00128901,0.0038925987
2459365.044037333,-0.001499474,0.0038932934
2459365.0454262337,0.0012218952,0.00389309
2459365.0468151337,-0.0014029145,0.0038916247
2459365.048204034,0.005235076,0.003895605
2459365.049592934,8.499622e-05,0.0038892964
2459365.0509818345,0.0015100241,0.003892268
2459365.052370735,-0.006909609,0.0038896708
2459365.0537596354,-0.0007559061,0.0038923086
2459365.055148536,-0.002078712,0.0038926865
2459365.0565374354,0.0051139593,0.0038967242
2459365.057926336,0.0014258623,0.003893174
2459365.0593152363,-0.0068769455,0.0038861663
2459365.0607041367,0.0010558367,0.003891453
2459365.062093037,-0.0032636523,0.003886943
2459365.0634819376,-0.005170524,0.0038874866
2459365.064870837,-0.0032451153,0.0038893907
2459365.0662597376,0.002873063,0.0038934497
2459365.067648638,-0.00075113773,0.003890922
2459365.0690375385,-6.0379505e-05,0.003892844
2459365.070426439,-0.0015920997,0.003892032
2459365.071815339,0.0058397055,0.003900849
2459365.073204239,0.0007292032,0.0038937966
2459365.0745931393,-0.0016273856,0.003892771
2459365.07598204,0.004920125,0.0038986881
2459365.0773709402,0.0010584593,0.003895372
2459365.0787598407,0.0070199966,0.0038971165
2459365.08014874,0.0042939186,0.0038958462
2459365.0815376407,0.0016818047,0.0038946285
2459365.082926541,-0.000369668,0.0038922834
2459365.0843154415,0.0013097525,0.0038948825
2459365.0857043415,0.002380371,0.0038950571
2459365.0870932415,-0.0030921698,0.0038905335
2459365.088482142,-0.0040795207,0.003888143
2459365.0898710424,0.007998705,0.003902964
2459365.0912599424,0.0018309355,0.0038942879
2459365.092648843,0.009165287,0.0039012395
2459365.0940377433,0.0025110245,0.0038953063
2459365.0954266433,0.0017127991,0.0038967174
2459365.0968155432,-0.002282381,0.0038927773
2459365.0982044437,-0.0029686093,0.003891843
2459365.099593344,-0.0011042356,0.0038907093
2459365.1009822446,0.003831029,0.003898751
2459365.102371144,0.00094151497,0.003894377
2459365.1037600446,0.002925396,0.0038939228
2459365.105148945,0.003873825,0.0038963496
2459365.1065378455,-0.004625559,0.003890526
2459365.1079267454,0.005220771,0.0038977615
2459365.109315646,-0.00036126375,0.0038912168
2459365.110704546,-0.0053707957,0.0038895388
2459365.112093446,-0.0010676384,0.003894708
2459365.1134823463,0.0006327629,0.003894207
2459365.1148712467,0.00734365,0.003902194
2459365.116260147,0.0006289482,0.0038940753
2459365.117649047,0.0041126013,0.00389718
2459365.119037947,-0.004730761,0.0038891733
2459365.1204268476,0.0028631687,0.003899182
2459365.1218157476,0.002531767,0.0038965745
2459365.123204648,0.0017697811,0.0038936553
2459365.1245935485,0.003213644,0.0038958404
2459365.125982448,-0.002864778,0.0038890957
2459365.1273713484,-0.00026273727,0.0038915304
2459365.128760249,0.0011037588,0.0038935472
2459365.130149149,-0.0015113354,0.003892577
2459365.1315380493,-0.0027302504,0.00389147
2459365.1329269498,0.0040369034,0.0038989063
2459365.1343158493,0.00069248676,0.0038950087
2459365.1357047497,0.009934425,0.0039036178
2459365.13709365,0.0039224625,0.0038990283
2459365.13848255,-0.004817188,0.0038927523
2459365.1398714506,-0.004439652,0.0038877479
2459365.14126035,-0.0014828444,0.0038924592
2459365.1426492506,0.0068995953,0.003901178
2459365.144038151,0.0009586811,0.0038960085
2459365.145427051,0.006705761,0.0038980786
2459365.1468159514,-0.0007805824,0.0038957843
2459365.1482048514,0.008647442,0.003902803
2459365.1495937514,-0.0046943426,0.0038911975
2459365.150982652,0.0029349327,0.0038951666
2459365.152371552,0.00021994114,0.0038952169
2459365.1537604523,0.0023890734,0.003897991
2459365.1551493527,-0.00043058395,0.0038950671
2459365.1565382523,0.0030962229,0.00389992
2459365.1579271527,-7.766485e-05,0.003895791
2459365.1593160527,-0.0010269284,0.0038922352
2459365.160704953,0.00040471554,0.0038962027
2459365.162093853,0.010585427,0.0039006646
2459365.1634827536,0.001801014,0.0038975833
2459365.1648716535,0.0048861504,0.0038985654
2459365.1662605535,-0.007423818,0.0038895623
2459365.167649454,0.0030050278,0.0038974308
2459365.169038354,0.005869508,0.0038996188
2459365.1704272544,0.0036332607,0.0038992944
2459365.171816154,-0.0034211874,0.003890951
2459365.1732050544,-0.0016029477,0.0038949996
2459365.1745939543,-1.3709068e-06,0.0038951966
2459365.175982855,0.005233884,0.0038981903
2459365.1773717552,-0.0034266114,0.0038954995
2459365.178760655,-0.0024689436,0.0038930553
2459365.180149555,-0.0036044717,0.0038921752
2459365.181538455,-0.0029838085,0.00389516
2459365.1829273556,0.006359577,0.0038998942
2459365.1843162556,0.001170516,0.0038971417
2459365.185705156,-0.0028808713,0.0038920431
2459365.187094056,0.0034483671,0.0038968222
2459365.188482956,-0.0033288002,0.0038925663
2459365.189871856,0.003978491,0.0039011636
2459365.1912607565,-0.0013949275,0.0038944166
2459365.1926496564,-0.0018165708,0.0038940532
2459365.194038557,-0.0015485287,0.0038940369
2459365.1954274564,-0.0023037195,0.0038936965
2459365.196816357,0.0053378344,0.0039003873
2459365.198205257,-0.0033458471,0.0038908485
2459365.1995941573,0.0019067526,0.0038985924
2459365.2009830573,0.004724741,0.003899985
2459365.2023719577,0.000472188,0.0038955389
2459365.203760857,0.0022243261,0.0039001359
2459365.205149757,-0.008181095,0.0038890962
2459365.2065386577,0.0030663013,0.003898897
2459365.2079275576,-0.0046625137,0.0038938902
2459365.209316458,0.0064487457,0.0039009042
2459365.2107053576,-0.005100131,0.0038936387
2459365.212094258,-0.0009123087,0.0038957011
2459365.213483158,-0.00081795454,0.0038954404
2459365.2148720585,-0.0016326308,0.0038938571
2459365.2162609585,0.0014688969,0.0038962967
2459365.2176498584,0.003361702,0.0038974842
2459365.2190387584,0.0020133257,0.0039000611
2459365.2204276584,0.005356431,0.0039005373
2459365.221816559,-0.002211392,0.00389182
2459365.223205459,0.0022847652,0.003898304
2459365.2245943593,-0.0012186766,0.003897414
2459365.225983259,-0.0031664371,0.0038921833
2459365.227372159,-0.0043230057,0.003892463
2459365.228761059,0.0009953976,0.0038979321
2459365.230149959,-0.00016528368,0.0038972325
2459365.2315388597,-0.00025451183,0.0038967438
2459365.2329277596,-0.00548923,0.0038925803
2459365.234316659,0.0007390976,0.0038959521
2459365.2357055596,-0.009161115,0.0038924622
2459365.2370944596,0.0040744543,0.0038979047
2459365.23848336,0.00221169,0.0038976334
2459365.23987226,0.0038677454,0.003897963
2459365.2412611595,-0.00049203634,0.0038981005
2459365.24265006,-0.00057917833,0.0038953954
2459365.24403896,-0.0010690689,0.0038972925
2459365.24542786,-0.0047104955,0.00389
2459365.2468167604,0.0005568266,0.0038971184
2459365.2482056604,0.007766962,0.0039039883
2459365.24959456,-0.0043424964,0.0038914871
2459365.2509834603,0.0018361807,0.003898781
2459365.2523723603,-0.0006200075,0.0038952425
2459365.2537612603,-0.0040006638,0.003892151
2459365.2551501608,-0.0025330186,0.0038938187
2459365.2565390603,-0.00068950653,0.0038933153
2459365.2579279603,-0.00047451258,0.0038972562
2459365.2593168607,-0.0007519126,0.0038956804
2459365.2607057607,0.002772212,0.0038987892
2459365.2620946607,0.0010904074,0.003895533
2459365.263483561,-0.0021378994,0.0038931987
2459365.2648724606,-0.0006700754,0.0038946813
2459365.2662613606,0.003607154,0.0038972716
2459365.267650261,0.003029585,0.003902282
2459365.269039161,-0.0033041835,0.0038959014
2459365.270428061,-0.00017976761,0.003894987
2459365.271816961,0.0014857054,0.0038954653
2459365.273205861,-0.0028403401,0.0038927502
2459365.274594761,-0.0018989444,0.0038938958
2459365.275983661,0.009361863,0.0039042355
2459365.2773725614,-0.0020837188,0.0038926918
2459365.2787614614,-0.0012970567,0.0038980506
2459365.280150361,0.00057184696,0.003894894
2459365.281539261,-0.0042486787,0.0038904434
2459365.2829281613,0.0029300451,0.0038969251
2459365.2843170613,0.0012462139,0.00389532
2459365.2857059613,0.0038038492,0.0039007103
2459365.2870948613,0.0042003393,0.0038996965
2459365.2884837613,0.0025179386,0.003895731
2459365.2898726612,0.0023459196,0.0038955437
2459365.291261561,-3.3140182e-05,0.0038958052
2459365.292650461,0.007897377,0.0039030293
2459365.2940393616,-0.0041980147,0.003892098
2459365.295428261,-0.0037031174,0.0038919451
2459365.296817161,-0.0036554337,0.0038905307
2459365.298206061,-0.0017965436,0.0038968187
2459365.2995949616,0.0025953054,0.0038961298
2459365.3009838616,-0.005364597,0.003893799
2459365.3023727615,-0.0002564788,0.0038941386
2459365.303761661,7.677078e-05,0.0038957587
2459365.305150561,0.0003029108,0.003895677
2459365.3065394615,-0.006349802,0.0038907286
2459365.3079283615,0.0048259497,0.0038961652
2459365.3093172614,0.0011931658,0.0038931547
2459365.310706161,-0.00648129,0.0038909921
2459365.312095061,-0.004997432,0.0038878212
2459365.313483961,-0.002904117,0.0038915619
2459365.3148728614,0.003264904,0.003899796
2459365.3162617614,0.004101157,0.0038984832
2459365.3176506613,-0.0024065375,0.0038922864
2459365.319039561,-0.00043809414,0.0038947572
2459365.320428461,-0.0011824965,0.0038921323
2459365.321817361,-0.0015499592,0.0038946567
2459365.3232062613,0.0054939985,0.0038963635
2459365.3245951612,-0.0069686174,0.0038886035
2459365.3259840608,-0.0025945306,0.003892744
2459365.3273729607,0.00036680698,0.0038950555
2459365.3287618607,0.0016504526,0.0038932257
2459365.3301507607,-0.0010055304,0.0038923433
2459365.3315396607,-0.0044463277,0.003889829
2459365.332928561,0.0032464266,0.0038965114
2459365.3343174607,-0.002338767,0.003893205
2459365.3357063606,0.0021637678,0.0038954446
2459365.3370952606,-0.0018929839,0.003896271
2459365.3384841606,-0.007254958,0.0038899237
2459365.3398730606,0.0037642717,0.003897371
2459365.3412619606,0.0024567842,0.0038946066
2459365.34265086,0.0044611692,0.0038969698
2459365.34403976,-0.0064322352,0.0038895737
2459365.3454286605,-0.0012512803,0.0038913747
2459365.3468175605,-0.0012649894,0.0038913267
2459365.3482064605,-0.0005543828,0.0038911765
2459365.34959536,0.0055452585,0.0038999247
2459365.35098426,-0.00019675493,0.0038940262
2459365.35237316,0.0036138296,0.0038961396
2459365.35376206,0.0025855303,0.0038962322
2459365.35515096,0.0022960901,0.0038955281
2459365.35653986,0.002921462,0.0038959752
2459365.3579287594,0.0055001974,0.0039000425
2459365.3593176594,0.001416564,0.0038968867
2459365.3607065594,0.0012372732,0.0038962113
2459365.3620954594,0.00092482567,0.0038940688
2459365.3634843593,0.00782764,0.003898743
2459365.3648732593,0.0015723705,0.0038965049
2459365.3662621593,-0.0066792965,0.0038871565
2459365.3676510593,0.0023950338,0.0038939577
2459365.3690399593,0.001547575,0.0038929635
2459365.3704288593,-7.259846e-05,0.0038948748
2459365.3718177592,0.0037616491,0.0038958006
2459365.3732066588,0.0063079596,0.0038977072
2459365.3745955587,0.0019505024,0.003895297
2459365.3759844587,0.0050171614,0.0038940776
2459365.3773733587,-0.006493926,0.003888439
2459365.3787622587,-0.0025721192,0.0038895328
2459365.380151158,0.0015329123,0.0038933612
2459365.381540058,-0.0047318935,0.0038904394
2459365.382928958,-0.0035165548,0.0038883016
2459365.384317858,-0.0024821162,0.0038946182
2459365.385706758,-0.0037492514,0.0038888184
2459365.387095658,-4.529953e-05,0.0038922585
2459365.3884845576,-0.0021839738,0.0038932005
2459365.3898734576,0.00084912777,0.0038923558
2459365.3912623576,0.0013386011,0.0038944469
2459365.3926512576,-0.0013305545,0.0038900855
2459365.3940401576,-0.0012224317,0.0038924443
2459365.395429057,0.0009950399,0.0038914776
2459365.3968179566,-0.001683414,0.0038879889
2459365.3982068566,-0.0026245117,0.0038884562
2459365.3995957565,-0.002955377,0.0038940478
2459365.4009846565,-0.00032788515,0.0038922026
2459365.4023735565,-0.004245043,0.0038902143
2459365.403762456,-0.0009738207,0.0038940387
2459365.405151356,0.001657486,0.003891758
2459365.406540256,0.0011661053,0.0038922725
2459365.407929156,-0.0020395517,0.0038902718
2459365.409318056,-0.0021517873,0.0038924909
2459365.410706956,0.0021709204,0.0038924194
2459365.4120958555,-0.009159446,0.003886226
2459365.4134847554,8.9883804e-05,0.0038942725
2459365.4148736554,0.0046584606,0.0038976185
2459365.4162625554,-0.003843069,0.0038912196
2459365.417651455,0.002008438,0.0038961715
2459365.4190403544,0.0036833286,0.0038956443
2459365.4204292544,0.0014072657,0.003890208
2459365.4218181544,0.0018633604,0.003893958
2459365.4232070544,0.0012382269,0.0038952096
2459365.4245959544,0.002049446,0.003894779
2459365.4259848543,-0.004757881,0.003890551
2459365.427373754,0.0016255379,0.0038932671
2459365.4287626534,0.0012363195,0.0038942576
2459365.4301515534,-0.0057314634,0.003888269
2459365.4315404533,-0.0051100254,0.0038875178
2459365.4329293533,-0.0012486577,0.0038932113
2459365.434318253,-0.0027568936,0.0038893502
2459365.435707153,0.004810691,0.0038965282
2459365.437096053,-0.0014339685,0.0038899954
2459365.4384849523,-0.0034989715,0.0038904266
2459365.4398738523,0.0006893873,0.0038931211
2459365.4412627523,-0.003381133,0.0038929037
2459365.442651652,0.0008556843,0.0038918348
2459365.444040552,0.001663804,0.0038932692
2459365.4454294518,0.0018309355,0.0038928092
2459365.4468183513,0.0050168037,0.003899687
2459365.4482072513,0.0022990704,0.0038949202
2459365.449596151,-8.648634e-05,0.0038939756
2459365.4509850508,-0.0023886561,0.0038908
2459365.4523739507,0.0041491985,0.003901679
2459365.4537628507,0.0075461864,0.0039009352
2459365.4551517502,0.003169775,0.0038975629
2459365.45654065,0.0010858774,0.0038965007
2459365.4579295497,0.0057491064,0.0038951111
2459365.4593184497,-0.0049948096,0.00389371
2459365.4607073497,-0.002963841,0.0038919267
2459365.462096249,0.0022662878,0.00389799
2459365.463485149,-0.006241679,0.0038865102
2459365.4648740487,0.0016384125,0.0038978197
2459365.4662629487,-0.009428501,0.0038890275
2459365.467651848,0.0020244122,0.0038942622
2459365.469040748,-0.0030744672,0.0038909058
2459365.470429648,0.0027990341,0.0038977165
2459365.471818548,-0.00027048588,0.0038949095
2459365.473207447,0.006444335,0.003899722
2459365.474596347,0.003919959,0.0038972814
2459365.475985247,0.0046126842,0.003901213
2459365.477374147,0.0035361052,0.0038974492
2459365.4787630467,-0.004980743,0.003892574
2459365.480151946,0.0003335476,0.003896502
2459365.481540846,-0.0039764643,0.003894225
2459365.482929746,0.0040979385,0.003895678
2459365.4843186457,0.004645109,0.003900444
2459365.4857075457,0.0037671328,0.0039003445
2459365.4870964456,0.0069059134,0.0038987563
2459365.4884853447,0.00031542778,0.0038957957
2459365.4898742447,-0.0016367435,0.0038941123
2459365.4912631446,0.0015552044,0.003897742
2459365.4926520446,0.004402399,0.003899018
2459365.494040944,-0.00032311678,0.0038971975
2459365.495429844,0.002853036,0.0038995992
2459365.4968187436,0.0014624596,0.0038975147
2459365.498207643,0.0010128021,0.0038959777
2459365.499596543,-0.0006426573,0.0038981712
2459365.500985443,0.00041902065,0.0038969857
2459365.5023743426,-0.0014126301,0.0038957843
2459365.503763242,0.0048685074,0.003900642
2459365.505152142,-0.004322231,0.003892684
2459365.5065410417,0.0027308464,0.0038967049
2459365.5079299416,-0.000610888,0.0038964844
2459365.5093188416,-0.0045621395,0.0038974462
2459365.510707741,0.005591154,0.0039014404
2459365.5120966407,-0.0011788011,0.0038959258
2459365.5134855406,-0.0024606586,0.0038935964
2459365.51487444,-0.00026983023,0.003898466
2459365.51626334,-0.0038915277,0.0038952052
2459365.51765224,0.0023988485,0.0039019382
2459365.519041139,-0.0023757815,0.003898636
2459365.520430039,-0.001210928,0.0039003491
2459365.5218189387,-0.0043827295,0.0038951973
2459365.5232078386,-0.001424551,0.0038961726
2459365.5245967386,-0.004490018,0.003894159
2459365.525985638,-0.0032523274,0.0038966138
2459365.5273745377,-0.0043632984,0.0038955559
2459365.528763437,-0.002754271,0.0038960592
2459365.530152337,-0.0008414984,0.0039001834
2459365.531541237,-0.0039060712,0.003895681
2459365.5329301367,0.0076076984,0.0039042388
2459365.534319036,-0.00028926134,0.0039016402
2459365.5357079357,0.0021458864,0.0039018271
2459365.5370968357,-0.008925736,0.0038961368
2459365.5384857357,0.0002758503,0.0039056228
2459365.539874635,-0.0051519275,0.0038963151
2459365.541263535,-0.0033667684,0.0038986825
2459365.542652434,0.00056660175,0.0039016635
2459365.544041334,0.0001270771,0.0039008397
2459365.5454302337,-0.0056948066,0.0039001652
2459365.5468191337,-0.0019117594,0.0038997661
2459365.548208033,-0.004647255,0.003898636
2459365.5495969327,-0.0038176775,0.0039008406
2459365.5509858327,0.0056456327,0.0039062845
2459365.552374732,0.0031409264,0.0039041098
2459365.553763632,0.0018980503,0.0038995347
2459365.5551525317,-0.00031769276,0.0039042046
2459365.5565414317,0.0047385693,0.0039031636
2459365.5579303307,0.0021489859,0.0039043135
2459365.5593192307,0.002044201,0.00390174
2459365.5607081302,0.0012181997,0.0039008167
2459365.56209703,-0.006288469,0.0038947056
2459365.5634859297,-0.00823158,0.003894708
2459365.5648748297,0.0046219826,0.0039047566
2459365.566263729,0.0031064749,0.003903261
2459365.5676526288,-0.0058743358,0.0039001496
2459365.5690415283,0.002423048,0.0039044712
2459365.5704304283,0.0034308434,0.003905201
2459365.571819328,0.002020955,0.0039056584
2459365.5732082273,-0.0030742884,0.0039009661
2459365.574597127,-0.0021814108,0.0038986306
2459365.575986027,0.0017393827,0.0039011105
2459365.5773749263,0.004085064,0.0039041706
2459365.5787638263,-0.00021833181,0.0039041354
2459365.580152726,-0.004241526,0.003897988
2459365.581541625,-0.0009062886,0.0039038851
2459365.582930525,-0.0034100413,0.0039016274
2459365.5843194243,0.0026862621,0.0039041743
2459365.5857083243,-0.0019292831,0.0039024542
2459365.587097224,0.0052518845,0.0039069797
2459365.5884861234,0.0056750774,0.0039091976
2459365.589875023,-0.0025325418,0.003900699
2459365.591263923,0.0028774738,0.0039056586
2459365.5926528224,0.002904892,0.003910164
2459365.594041722,-0.0002565384,0.0039038437
2459365.595430622,8.273125e-05,0.0039042775
2459365.596819521,-0.0011217594,0.0039039457
2459365.598208421,0.0059227943,0.003909426
2459365.5995973204,-0.0038547516,0.003900975
2459365.60098622,-0.003729999,0.0039016837
2459365.60237512,0.0004029274,0.0039047024
2459365.603764019,0.0013531446,0.0039044095
2459365.605152919,0.0084530115,0.0039105034
2459365.6065418185,0.0014437437,0.003908822
2459365.607930718,0.0019773245,0.003907879
2459365.609319618,-0.0033041835,0.0039022379
2459365.6107085175,-0.0044561625,0.0039052826
2459365.612097417,-0.0055617094,0.0039041294
2459365.6134863165,-0.007389128,0.0039003165
2459365.614875216,0.0028215647,0.00390853
2459365.616264116,-0.0053443313,0.0039013133
2459365.6176530155,0.005508423,0.003909005
2459365.6190419146,0.000713706,0.0039063483
2459365.6204308146,0.00689435,0.0039089974
2459365.621819714,-0.0035187602,0.003901419
2459365.6232086136,-0.0055930614,0.0039030793
2459365.6245975136,-0.0038949847,0.00390292
2459365.625986413,-0.0058661103,0.0039037818
2459365.627375312,-0.00259161,0.0039049445
2459365.628764212,0.0019452572,0.0039091837
2459365.6301531116,0.0015832186,0.0039069448
2459365.631542011,-0.004438162,0.0039040921
2459365.632930911,0.0015518665,0.003908354
2459365.6343198107,0.0011732578,0.003908098
2459365.6357087097,0.0022437572,0.0039072703
2459365.6370976097,-0.0062315464,0.003904162
2459365.638486509,-0.004212439,0.00390358
2459365.6398754087,-0.0026692748,0.0039051457
2459365.6412643087,-0.0004912615,0.003907306
2459365.6426532078,-0.0005226135,0.0039078137
2459365.6440421073,0.001090169,0.0039063413
2459365.645431007,0.005569935,0.0039102025
2459365.646819907,0.0035204887,0.003910805
2459365.6482088063,0.0007644892,0.0039099418
2459365.649597706,-0.0078035593,0.0039015994
2459365.650986605,0.008574963,0.0039131376
2459365.652375505,-0.0015413761,0.003907059
2459365.6537644044,-0.00068831444,0.003906884
2459365.655153304,-0.00269109,0.003907557
2459365.6565422034,0.0062298775,0.003912744
2459365.657931103,-0.0062974095,0.0039051664
2459365.6593200024,-0.0036985874,0.0039053715
2459365.660708902,-0.0030893683,0.0039074323
2459365.6620978015,-0.006154537,0.0039050258
2459365.6634867014,-0.003568828,0.0039045895
2459365.664875601,-0.0035660863,0.0039040402
2459365.6662645,-0.0001308918,0.003907547
2459365.6676533995,-0.0044427514,0.0039071515
2459365.6690422995,-0.00074887276,0.0039101616
2459365.670431199,-0.0010591149,0.0039062873
2459365.6718200985,-0.009189844,0.0039021585
2459365.6732089976,-0.0022839308,0.0039058668
2459365.674597897,0.0019609928,0.0039094808
2459365.675986797,-0.003303945,0.0039051494
2459365.6773756966,0.0076640844,0.003914183
2459365.678764596,0.0018867254,0.0039103767
2459365.6801534956,0.00021541119,0.003907622
2459365.6815423947,0.0011860132,0.0039106645
2459365.6829312947,0.0019762516,0.003911711
2459365.684320194,-0.0046871305,0.003906369
2459365.6857090937,0.0011304617,0.0039091185
2459365.687097993,-0.0022305846,0.0039063673
2459365.6884868923,0.008748174,0.0039141676
2459365.689875792,0.001079917,0.0039089937
2459365.6912646913,0.0027987957,0.003911542
2459365.6926535913,0.0033345222,0.0039103753
2459365.694042491,-0.0014392138,0.003907278
2459365.6954313903,0.003613472,0.0039131045
2459365.6968202894,-0.0027819872,0.0039105117
2459365.698209189,0.0060870647,0.00391557
2459365.6995980884,-0.0043224096,0.0039055422
2459365.700986988,0.0031872988,0.003911627
2459365.702375888,-0.002857089,0.0039058642
2459365.703764787,0.0013688803,0.003909115
2459365.7051536865,-0.005017698,0.003907969
2459365.706542586,0.0008350611,0.003912934
2459365.7079314855,-0.0036248565,0.003909156
2459365.709320385,0.0046173334,0.003912379
2459365.7107092845,0.0014939308,0.0039077066
2459365.7120981836,-0.0006913543,0.003906736
2459365.713487083,0.0017215014,0.003908952
2459365.714875983,-0.00035053492,0.0039081876
2459365.7162648826,-0.0019755363,0.003912238
2459365.717653782,0.0012495518,0.0039097634
2459365.7190426816,-0.00018817186,0.0039063324
2459365.7204315807,-0.008038878,0.0039040542
2459365.72182048,-0.008156359,0.0039040998
2459365.7232093797,0.00092947483,0.0039090295
2459365.724598279,-0.0024544597,0.003906815
2459365.7259871787,-0.001820147,0.003906927
2459365.727376078,0.0052170753,0.0039129658
2459365.7287649773,0.0026288033,0.003910778
2459365.730153877,0.0068900585,0.003913141
2459365.7315427763,0.0029377937,0.0039133793
2459365.732931676,0.0017168522,0.0039108936
2459365.7343205754,0.004318118,0.0039108107
2459365.7357094744,-0.003043592,0.0039072265
2459365.737098374,-0.0017971396,0.003907782
2459365.7384872735,-0.0045425296,0.0039083296
2459365.739876173,0.00144732,0.0039107515
2459365.7412650725,-0.0013782382,0.0039071525
2459365.7426539715,0.0025191307,0.0039129276
2459365.744042871,-0.0019885302,0.0039094407
2459365.7454317706,0.0023458004,0.0039099054
2459365.74682067,-0.0026806593,0.0039087646
2459365.7482095696,0.00021469593,0.0039109127
2459365.749598469,-0.0028095245,0.0039056537
2459365.750987368,-0.0048124194,0.003905741
2459365.7523762677,-0.002068162,0.003908887
2459365.753765167,0.0034655333,0.0039101494
2459365.7551540667,0.0077387094,0.003913793
2459365.7565429662,-0.003849566,0.0039064167
2459365.7579318653,0.00096297264,0.003910543
2459365.759320765,-0.0065502524,0.0039038344
2459365.7607096643,0.0072256327,0.003916829
2459365.762098564,-0.002106905,0.0039067385
2459365.7634874634,0.0002821684,0.003910883
2459365.764876363,0.0017031431,0.0039109094
2459365.766265262,-0.002961576,0.0039086677
2459365.7676541614,0.00065004826,0.003912372
2459365.769043061,-0.00044631958,0.003908653
2459365.7704319605,0.0020725727,0.0039104475
2459365.77182086,0.0030519962,0.003910051
2459365.773209759,0.0021466017,0.003911771
2459365.7745986586,-0.000842154,0.003908066
2459365.775987558,-0.0045937896,0.0039029797
2459365.777376457,-0.0041246414,0.0039089336
2459365.7787653566,0.012596011,0.003922388
2459365.780154256,-0.004825115,0.003908409
2459365.781543155,-0.0014154315,0.003909515
2459365.7829320547,0.0016934872,0.003911488
2459365.7843209542,0.005690217,0.0039131
2459365.7857098537,0.0015119314,0.0039114933
2459365.7870987533,-0.001640737,0.0039121998
2459365.788487653,0.00088477135,0.00390881
2459365.789876552,0.0046203136,0.0039119283
2459365.791265451,0.0008237362,0.00391363
2459365.7926543504,0.000121831894,0.0039101904
2459365.79404325,0.004504442,0.0039120936
2459365.7954321494,-0.0016456842,0.0039117266
2459365.7968210485,-0.0023636222,0.003908214
2459365.798209948,0.0033388138,0.0039120717
2459365.7995988475,-0.00076431036,0.0039084926
2459365.8009877466,-0.0020270944,0.0039073676
2459365.802376646,-0.0012352467,0.003909563
2459365.8037655456,-0.0011333823,0.0039105574
2459365.8051544446,-0.006049216,0.0039068665
2459365.806543344,-0.0042144656,0.003906757
2459365.8079322437,-0.003851056,0.003905283
2459365.8093211427,-0.00021117926,0.0039125592
2459365.8107100422,-0.0035538077,0.0039074696
2459365.8120989413,-0.0024514794,0.003909408
2459365.813487841,-0.0020823479,0.0039106808
2459365.8148767403,0.0003991127,0.003909911
2459365.81626564,-0.0031491518,0.0039068065
2459365.817654539,7.56979e-05,0.003911191
2459365.8190434384,-0.0014858246,0.003912053
2459365.8204323375,-0.0021240115,0.003908093
2459365.821821237,-0.0027970672,0.0039102086
2459365.823210136,-0.0007532835,0.003910054
2459365.8245990355,-0.002380371,0.003910836
2459365.825987935,0.00081408024,0.0039101294
2459365.827376834,0.0014938116,0.0039119553
2459365.8287657336,0.004229188,0.0039168755
2459365.8301546327,-0.0031289458,0.0039090905
2459365.831543532,0.00010085106,0.0039111516
2459365.8329324317,0.0011514425,0.003913292
2459365.834321331,0.004117012,0.003912618
2459365.83571023,0.0059837103,0.003918394
2459365.8370991293,-0.0023877025,0.003912036
2459365.838488029,0.0045882463,0.003913743
2459365.8398769284,-0.00321728,0.0039092493
2459365.8412658274,-0.00024300814,0.0039103744
2459365.8426547265,0.002073884,0.0039152554
2459365.844043626,0.001627326,0.003914164
2459365.845432525,0.00522089,0.003915702
2459365.8468214246,0.007938147,0.00391927
2459365.848210324,0.0015419722,0.003915487
2459365.8495992236,0.0054432154,0.0039149523
2459365.850988122,0.009773016,0.0039194655
2459365.8523770217,0.0040334463,0.0039151995
2459365.853765921,0.0009214878,0.003913854
2459365.8551548203,0.00030064583,0.003912355
2459365.85654372,0.00089907646,0.003914124
2459365.8579326193,-0.0009313822,0.003913403
2459365.8593215183,-0.0026472807,0.003914086
2459365.8607104174,-0.0034109354,0.003909371
2459365.862099317,-0.006345272,0.0039073434
2459365.8634882164,0.0014076233,0.0039131814
2459365.8648771155,0.004486084,0.0039161323
2459365.8662660145,0.0036677122,0.00391687
2459365.867654914,-0.0017954111,0.003912277
2459365.869043813,-0.0024880767,0.0039132186
2459365.8704327126,0.003616333,0.0039151497
2459365.8718216117,-0.0026106238,0.003910931
2459365.873210511,-0.007736385,0.003907902
2459365.87459941,-0.007665336,0.0039093867
2459365.8759883093,0.0036289692,0.003913809
2459365.877377209,0.0050139427,0.0039174915
2459365.8787661083,0.0041362047,0.003917738
2459365.8801550074,-0.0020765066,0.0039131967
2459365.8815439064,0.0034583807,0.0039152186
2459365.882932806,-0.0036888123,0.003914816
2459365.884321705,0.006575465,0.0039201695
2459365.8857106045,-0.0018060803,0.003911482
2459365.8870995035,0.0042248964,0.00391648
2459365.888488403,-0.0008391142,0.003914682
2459365.889877302,0.0030310154,0.003916047
2459365.891266201,0.009921193,0.003920683
2459365.8926551007,-0.0051235557,0.003911892
2459365.8940439997,0.0087326765,0.0039220084
2459365.8954328992,-0.0007317066,0.0039127814
2459365.896821798,0.00041031837,0.003915288
2459365.8982106973,-0.0009261966,0.0039110268
2459365.899599597,-0.008398175,0.003910856
2459365.900988496,0.005110383,0.0039196275
2459365.9023773954,0.004322648,0.0039185314
2459365.9037662945,-0.0013048053,0.0039133737
2459365.9051551935,0.0017739534,0.003918843
2459365.9065440926,-0.0008200407,0.0039150114
2459365.907932992,0.0005829334,0.0039134226
2459365.909321891,-0.0002784133,0.003915745
2459365.9107107907,0.0002822876,0.003915604
2459365.9120996897,0.00034320354,0.0039142286
2459365.9134885888,-0.0011674762,0.0039151865
2459365.9148774883,-0.00051248074,0.0039148447
2459365.9162663873,-0.0012851954,0.003914991
2459365.917655287,0.0008972883,0.0039170817
2459365.919044186,0.005425811,0.0039169607
2459365.920433085,0.0077619553,0.0039187
2459365.921821984,-0.0042951703,0.003911034
2459365.9232108835,0.001537323,0.0039175097
2459365.9245997826,-0.0007455349,0.0039161104
2459365.925988682,0.006237626,0.003918128
2459365.9273775807,0.00013625622,0.0039154477
2459365.92876648,0.004958749,0.0039202897
2459365.930155379,-0.0038738847,0.003915355
2459365.9315442787,-0.0008779168,0.0039173095
2459365.932933178,0.0032393932,0.0039195307
2459365.9343220773,0.0019271374,0.003918949
2459365.935710976,-0.007959604,0.003909416
2459365.937099875,-0.0048314333,0.0039124796
2459365.9384887745,0.00022482872,0.0039161206
2459365.9398776735,0.0011744499,0.0039161555
2459365.941266573,0.0011011362,0.003915463
2459365.942655472,-0.0012980103,0.0039177933
2459365.944044371,0.0062915087,0.0039235055
2459365.94543327,0.0009201765,0.003915365
2459365.9468221697,-0.0056082606,0.0039107786
2459365.9482110688,-0.0047026277,0.003910912
2459365.949599968,-0.0015515089,0.003917105
2459365.950988867,0.00074350834,0.003914641
2459365.952377766,0.0029500723,0.0039189043
2459365.9537666654,-0.005140662,0.003911672
2459365.9551555645,0.000420928,0.00391789
2459365.956544464,-0.0069620013,0.0039089834
2459365.957933363,0.0009843111,0.003918809
2459365.9593222616,0.0051532984,0.0039196843
2459365.960711161,0.006994128,0.0039234753
2459365.96210006,-0.0043255687,0.0039150333
2459365.9634889597,-0.0034531355,0.0039142068
2459365.9648778588,-0.0052312016,0.003912533
2459365.9662667573,-0.0035569072,0.0039117774
2459365.967655657,0.00273633,0.0039197826
2459365.969044556,-0.0038141012,0.003913855
2459365.970433455,0.0071748495,0.00392059
2459365.9718223545,0.0005213022,0.0039178734
2459365.9732112535,0.0006824732,0.003916532
2459365.974600152,-0.004167199,0.0039120023
2459365.9759890516,0.0023514032,0.003920411
2459365.9773779507,0.004227519,0.0039205705
2459365.97876685,0.0048686266,0.003920234
2459365.9801557492,-0.0020372272,0.003918641
2459365.981544648,0.0019167662,0.0039198613
2459365.9829335473,-0.0055440664,0.003913025
2459365.9843224464,0.008158684,0.003921195
2459365.9857113454,-0.0038478374,0.0039141173
2459365.9871002445,0.0035694838,0.003921471
2459365.988489144,0.0061371326,0.0039215265
2459365.9898780426,0.00089120865,0.0039176964
2459365.9912669417,0.0033797026,0.003917345
2459365.992655841,0.0029587746,0.0039216657
2459365.99404474,0.0034729242,0.0039223614
2459365.9954336393,0.0076408386,0.003922471
2459365.9968225383,-0.0057634115,0.0039114878
2459365.9982114374,-0.001406312,0.0039152117
2459365.9996003364,-0.0033465028,0.0039156107
2459366.0009892355,0.00073075294,0.0039210785
2459366.002378135,-0.0038900375,0.0039152675
2459366.003767034,-0.007828593,0.0039120098
2459366.0051559326,-0.0076027513,0.0039119725
2459366.006544832,-0.009589791,0.003912238
2459366.007933731,0.0025769472,0.0039180536
2459366.0093226302,0.001483798,0.003919018
2459366.0107115293,-0.0040264726,0.003914552
2459366.012100429,-0.0043345094,0.00391542
2459366.0134893274,-0.00748837,0.003912502
2459366.0148782264,-0.006807983,0.0039130403
2459366.0162671255,0.001601696,0.0039186445
2459366.017656025,0.0033892393,0.003920523
2459366.019044924,-0.0029855967,0.003914562
2459366.0204338226,0.0030539036,0.003921024
2459366.0218227217,-0.0017814636,0.0039155497
2459366.0232116207,0.0026603937,0.0039194995
2459366.0246005203,0.006503105,0.003921458
2459366.0259894193,-0.007093847,0.0039103846
2459366.0273783184,0.0014287233,0.0039181807
2459366.028767217,0.0021842718,0.003918086
2459366.030156116,-0.0014853477,0.0039181747
2459366.0315450155,0.0013084412,0.0039204042
2459366.0329339146,-0.002885878,0.0039172587
2459366.0343228136,-0.004930258,0.0039145485
2459366.035711712,0.0006238222,0.00391989
2459366.0371006113,-0.00061005354,0.0039187972
2459366.038489511,-0.0019245744,0.0039151367
2459366.03987841,-0.004049301,0.00391297
2459366.041267309,-0.00072586536,0.003918829
2459366.042656208,-0.0007314086,0.0039205267
2459366.0440451065,-0.0014905334,0.00391639
2459366.0454340056,-0.0014189482,0.0039163893
2459366.0468229046,0.0037037134,0.0039235414
2459366.048211804,9.36985e-05,0.003918051
2459366.049600703,-0.00030320883,0.0039167833
2459366.0509896018,-0.0029269457,0.003919045
2459366.052378501,0.005771637,0.003920064
2459366.0537674,-0.0048803687,0.0039155222
2459366.055156299,-0.004341781,0.003915427
2459366.056545198,0.008627653,0.003924309
2459366.0579340975,0.0040709972,0.0039227917
2459366.059322996,0.0014164448,0.0039239335
2459366.060711895,-0.0019444227,0.003917644
2459366.062100794,0.004655242,0.0039237626
2459366.063489693,-0.0029146671,0.003917965
2459366.0648785923,0.0054394007,0.0039243507
2459366.066267491,-0.0030363202,0.0039148075
2459366.06765639,-0.0026406646,0.0039193444
2459366.069045289,-0.0016435385,0.003916499
2459366.070434188,0.0037850142,0.0039203363
2459366.071823087,-0.0022335649,0.003919166
2459366.0732119866,-0.005020261,0.003914719
2459366.074600885,0.0016005039,0.0039178035
2459366.075989784,0.0031180382,0.003921891
2459366.0773786833,0.0013976097,0.0039196922
2459366.0787675823,-0.0022976398,0.003919288
2459366.0801564814,-0.004851401,0.0039140577
2459366.0815453804,0.007905722,0.003922308
2459366.082934279,-0.005292833,0.003914005
2459366.084323178,-0.0039815307,0.0039159553
2459366.085712077,-0.00047934055,0.0039193076
2459366.087100976,-0.001938045,0.003919078
2459366.088489875,-0.0032010674,0.003916521
2459366.089878774,0.005477786,0.003921606
2459366.091267673,0.004247546,0.003923076
2459366.092656572,0.0036770105,0.0039218017
2459366.094045471,-0.003816843,0.0039152643
2459366.09543437,0.0027259588,0.0039204475
2459366.096823269,-0.0021306276,0.0039178063
2459366.0982121676,-0.0016422868,0.0039161835
2459366.0996010667,-0.00059080124,0.003917034
2459366.1009899657,0.0038038492,0.0039252513
2459366.102378865,0.0020171404,0.0039201733
2459366.103767764,-0.0012654066,0.0039200396
2459366.1051566624,0.007306099,0.0039267098
2459366.1065455615,-0.0049049854,0.0039192853
2459366.1079344605,-0.0014798641,0.003915614
2459366.1093233596,0.000300169,0.0039192904
2459366.1107122586,0.0037424564,0.0039221835
2459366.1121011577,-0.0026134849,0.003915863
2459366.1134900562,0.00767529,0.0039254352
2459366.1148789553,0.0032305717,0.0039203702
2459366.1162678543,-0.0039263964,0.0039171157
2459366.1176567534,0.007825255,0.0039251614
2459366.1190456524,-0.003683865,0.0039180317
2459366.120434551,-0.00020521879,0.003918646
2459366.12182345,-0.0023645163,0.0039179376
2459366.1232123487,-0.0018728375,0.003916999
2459366.1246012477,0.0006057024,0.0039188243
2459366.125990147,0.0032351017,0.0039221235
2459366.127379046,0.0073764324,0.003926844
2459366.1287679444,-0.00072801113,0.0039237454
2459366.1301568435,0.0040056705,0.0039203097
2459366.1315457425,0.00072443485,0.003921087
2459366.1329346416,0.0058487654,0.0039237454
2459366.1343235406,0.004967928,0.0039239153
2459366.135712439,0.006744981,0.003923502
2459366.137101338,-0.0060036182,0.003917721
2459366.138490237,0.0029426813,0.003921819
2459366.139879136,-0.0026459694,0.0039207446
2459366.141268035,-0.0012616515,0.0039187158
2459366.142656934,0.003716588,0.003921188
2459366.1440458326,-0.003365755,0.0039178296
2459366.1454347316,0.003084898,0.003922858
2459366.1468236307,0.0018367767,0.003921141
2459366.1482125293,0.0022203922,0.0039202995
2459366.1496014283,-0.0017260313,0.003919241
2459366.150990327,-0.0052425265,0.0039159874
2459366.152379226,-0.0047676563,0.003920612
2459366.153768125,0.008807778,0.0039239996
2459366.155157024,0.0030989647,0.003923559
2459366.1565459226,0.0048265457,0.003923503
2459366.1579348217,0.00090396404,0.003921593
2459366.1593237203,-0.0019149184,0.0039185355
2459366.1607126193,0.001896739,0.0039218413
2459366.1621015184,0.00023317337,0.00392172
2459366.1634904174,0.0026518106,0.003920269
2459366.164879316,0.0037277937,0.0039234236
2459366.166268215,0.0028774738,0.0039226776
2459366.1676571136,-0.0021115541,0.0039195037
2459366.1690460127,0.007531166,0.003923901
2459366.1704349117,0.0015665293,0.0039204117
2459366.1718238103,-0.0038526654,0.0039180745
2459366.1732127094,0.0020458698,0.0039201393
2459366.174601608,0.00077438354,0.0039236103
2459366.175990507,-0.0043227077,0.0039159376
2459366.1773794056,0.0021799803,0.0039219223
2459366.1787683046,0.0023230314,0.0039220667
2459366.1801572037,0.0020210743,0.003923338
2459366.1815461027,-0.00026029348,0.0039218697
2459366.1829350013,0.00063097477,0.003919616
2459366.1843239,-0.0018976927,0.003921628
2459366.185712799,0.00047826767,0.0039215763
2459366.187101698,0.0012485981,0.003921194
2459366.1884905966,-0.0012726784,0.0039197193
2459366.189879495,0.0022258759,0.003923399
2459366.1912683942,0.00077068806,0.003920565
2459366.1926572933,-0.0042102337,0.003918088
2459366.194046192,-0.0055930614,0.0039202776
2459366.195435091,-0.0015126467,0.003920939
2459366.19682399,-0.0005784035,0.0039214194
2459366.1982128886,-0.0010678768,0.003922295
2459366.199601787,-0.0022603273,0.003922084
2459366.200990686,0.0010848045,0.003921304
2459366.2023795852,-0.003638804,0.0039206143
2459366.203768484,0.0052593946,0.0039249756
2459366.2051573824,-0.0024580956,0.0039196657
2459366.2065462815,0.005600095,0.0039261132
2459366.20793518,0.0018546581,0.0039233435
2459366.209324079,0.0025485754,0.0039230385
2459366.210712978,-0.0001502037,0.0039250394
2459366.2121018767,-0.0049241185,0.0039216164
2459366.2134907753,0.0057154894,0.0039243046
2459366.2148796744,-0.007053077,0.003917961
2459366.216268573,-0.0020939708,0.0039216657
2459366.217657472,-0.0013891459,0.0039206655
2459366.219046371,0.0050827265,0.003925858
2459366.220435269,-0.0032251477,0.003919806
2459366.221824168,-0.0011561513,0.0039179446
2459366.2232130673,0.0011920929,0.00392425
2459366.224601966,0.00032615662,0.003922481
2459366.225990865,-6.1929226e-05,0.0039278585
2459366.2273797635,4.053116e-06,0.0039212652
2459366.228768662,-1.3947487e-05,0.0039220853
2459366.230157561,0.0018680096,0.0039236858
2459366.2315464597,-0.001881659,0.003922221
2459366.232935359,-0.0037971735,0.003920006
2459366.234324258,0.0029710531,0.0039260583
2459366.2357131564,-0.0031780005,0.0039199158
2459366.237102055,-0.002482891,0.0039231293
2459366.2384909536,-0.0018283725,0.003921233
2459366.2398798526,0.008516431,0.0039285156
2459366.2412687517,0.0034543276,0.0039252695
2459366.2426576503,0.0011279583,0.0039238324
2459366.244046549,0.0036740303,0.003923811
2459366.2454354474,0.008166194,0.003929081
2459366.2468243465,-0.0035279393,0.0039227805
2459366.248213245,-0.0006393194,0.0039235023
2459366.249602144,0.0028162003,0.00392494
2459366.2509910427,0.008624673,0.0039281882
2459366.2523799413,0.006244898,0.003925298
2459366.2537688403,0.0034600496,0.0039254692
2459366.255157739,-1.0192394e-05,0.00392285
2459366.256546638,-0.0042970777,0.0039203363
2459366.2579355366,0.0030305386,0.003923115
2459366.259324435,0.003684163,0.0039261593
2459366.2607133337,0.0020917654,0.0039251572
2459366.262102233,-0.0011250973,0.003923311
2459366.2634911314,-0.0026798844,0.003921662
2459366.2648800304,-0.0027737617,0.0039202883
2459366.266268929,0.0033456087,0.0039264048
2459366.2676578276,0.0010566711,0.003924878
2459366.269046726,0.0021117926,0.003925707
2459366.270435625,0.005718589,0.0039263945
2459366.271824524,-0.0048967004,0.003917655
2459366.273213423,-0.0025021434,0.003921854
2459366.274602321,0.0021910667,0.003923882
2459366.27599122,0.0010033846,0.0039233733
2459366.2773801186,0.0041832924,0.003924873
2459366.2787690177,0.004930496,0.0039268634
2459366.2801579162,0.0037744045,0.0039226706
2459366.2815468153,0.0015524626,0.0039241663
2459366.2829357134,-0.0010875463,0.003923367
2459366.2843246125,0.0018359423,0.003923587
2459366.285713511,0.003910184,0.0039264117
2459366.2871024096,-0.0033905506,0.0039181607
2459366.2884913087,0.0050997734,0.003924931
2459366.289880207,-0.0002695918,0.0039221593
2459366.291269106,-0.0023102164,0.0039209668
2459366.2926580044,0.002227068,0.0039281715
2459366.2940469035,-0.0010881424,0.003922768
2459366.295435802,0.0029348135,0.003924534
2459366.296824701,-0.0027238727,0.0039192475
2459366.2982135992,-0.002737224,0.003919796
2459366.299602498,-0.00016230345,0.003921138
2459366.300991397,-0.0019950867,0.0039222925
2459366.3023802955,0.0029650927,0.003925212
2459366.3037691945,-0.002609253,0.003920196
2459366.305158093,-0.0025152564,0.003919134
2459366.306546991,0.0076617002,0.003927465
2459366.3079358903,0.0011874437,0.0039238236
2459366.309324789,0.0004491806,0.0039236057
2459366.310713688,0.0009868145,0.0039211465
2459366.3121025865,0.0023344755,0.003921215
2459366.3134914846,0.0025906563,0.0039216448
2459366.3148803837,-0.005655527,0.0039178235
2459366.3162692823,-0.0010609627,0.003920253
2459366.317658181,0.001660347,0.0039234795
2459366.31904708,0.0027124882,0.0039201234
2459366.3204359785,0.0030703545,0.0039230655
2459366.3218248766,-0.00013250113,0.003919015
2459366.3232137756,0.0031263828,0.003923061
2459366.324602674,0.0001155138,0.0039195963
2459366.325991573,0.00060784817,0.0039210287
2459366.327380472,-0.0007548928,0.003921353
2459366.32876937,0.0013953447,0.0039213235
2459366.3301582686,0.0050941706,0.0039226846
2459366.3315471676,-0.001616478,0.003919604
2459366.332936066,0.00022232533,0.003920737
2459366.334324965,0.0011013746,0.003922648
2459366.335713864,0.0021355152,0.0039207772
2459366.337102762,0.003117919,0.003922564
2459366.3384916605,-0.0032045841,0.0039169216
2459366.3398805596,-0.006957233,0.003914695
2459366.341269458,0.0016225576,0.003922609
2459366.3426583568,0.0018613338,0.003921967
2459366.344047255,-0.0037157536,0.0039160633
2459366.345436154,-0.0030344725,0.003919059
2459366.3468250525,-0.00230366,0.003917228
2459366.348213951,-0.0034252405,0.003919142
2459366.3496028497,0.0023659468,0.0039220736
2459366.3509917487,0.0035187006,0.003921067
2459366.352380647,0.0033812523,0.003921507
2459366.3537695454,0.003632307,0.003920996
2459366.355158444,0.002567649,0.003920561
2459366.356547343,-0.006051302,0.0039162114
2459366.3579362417,-0.0007587075,0.003917768
2459366.35932514,0.0002578497,0.0039178967
2459366.3607140384,0.0012366772,0.0039197323
2459366.3621029374,0.0024282932,0.003917877
2459366.363491836,-0.0020228624,0.003917664
2459366.3648807346,0.004388213,0.003921205
2459366.366269633,-0.010033727,0.0039103124
2459366.3676585318,-0.006409824,0.003915692
2459366.3690474303,0.0070165396,0.0039260667
2459366.370436329,-0.007859409,0.0039136237
2459366.3718252275,0.0042175055,0.0039201635
2459366.373214126,0.0073833466,0.0039241957
2459366.3746030247,0.005461812,0.003923465
2459366.3759919233,0.002363801,0.0039201933
2459366.377380822,0.006976962,0.0039222986
2459366.3787697204,0.0012979507,0.0039191665
2459366.380158619,-0.0016823411,0.0039183176
2459366.3815475176,0.003450513,0.003915527
2459366.382936416,-0.0026066303,0.003915188
2459366.384325315,-0.0007932186,0.003915807
2459366.3857142134,0.00086402893,0.003917822
2459366.387103112,-0.0005940795,0.003917558
2459366.3884920105,-0.01156044,0.0039088298
2459366.389880909,0.0067732334,0.003920094
2459366.3912698077,0.0029129982,0.0039184843
2459366.3926587063,0.004037142,0.003918745
2459366.394047605,-0.001011014,0.003918733
2459366.3954365035,-0.00033700466,0.0039159004
2459366.396825402,-0.004916489,0.0039151977
2459366.3982143,0.0032792091,0.003917788
2459366.3996031987,-0.0006093979,0.003916271
2459366.4009920973,0.0035780668,0.0039184974
2459366.4023809964,0.0041987896,0.0039184233
2459366.403769895,-0.00033956766,0.0039162873
2459366.4051587936,-0.003141284,0.003913308
2459366.4065476917,0.0019357204,0.003914829
2459366.4079365903,0.000872612,0.003919284
2459366.409325489,-0.0026049614,0.0039122095
2459366.4107143874,-0.0024561286,0.003912701
2459366.412103286,0.0056272745,0.003919532
2459366.413492184,0.0014801025,0.003917774
2459366.4148810827,-0.0043907166,0.0039139804
2459366.4162699813,-0.00010830164,0.0039145686
2459366.41765888,-0.0019065738,0.003913625
2459366.4190477785,0.0012062788,0.003917004
2459366.4204366775,0.0014885664,0.0039145323
2459366.4218255756,0.004995227,0.003920018
2459366.423214474,-0.004901409,0.0039127637
2459366.424603373,0.006136894,0.0039182655
2459366.4259922714,0.007321,0.003921496
2459366.42738117,0.0025504827,0.003916245
2459366.428770068,-0.00071936846,0.003915881
2459366.4301589667,0.0022571087,0.0039159465
2459366.4315478653,0.0060487986,0.0039212457
2459366.432936764,0.003661275,0.003918944
2459366.4343256624,0.0011219978,0.00391791
2459366.435714561,-0.0016472936,0.003913726
2459366.437103459,-6.479025e-05,0.003917114
2459366.4384923577,-0.0023664832,0.0039170263
2459366.4398812563,0.0055320263,0.0039160065
2459366.441270155,0.0023292303,0.0039208047
2459366.4426590535,-0.00022953749,0.003915557
2459366.4440479516,-0.0016198754,0.0039143423
2459366.44543685,-0.0046639442,0.0039133504
2459366.446825749,-0.0045161247,0.003913242
2459366.4482146474,-0.0011982918,0.0039180517
2459366.449603546,0.012942553,0.0039235475
2459366.4509924445,-0.00010091066,0.003917084
2459366.4523813426,-0.0015066862,0.0039157234
2459366.4537702412,0.0070536137,0.0039197295
2459366.45515914,-0.0027999878,0.0039117513
2459366.4565480384,-0.00064468384,0.0039165523
2459366.4579369365,-0.0029724836,0.0039149877
2459366.459325835,-0.0068048835,0.003912353
2459366.460714733,0.0036724806,0.003915846
2459366.462103632,0.0036958456,0.0039191395
2459366.4634925304,-0.00017488003,0.0039148666
2459366.464881429,0.00073075294,0.0039160294
2459366.4662703276,-0.0021912456,0.0039140526
2459366.4676592257,-0.0017771125,0.0039159306
2459366.4690481243,7.867813e-06,0.003914753
2459366.470437023,0.005472064,0.003919572
2459366.4718259214,-0.0035588741,0.0039141527
2459366.47321482,0.00042200089,0.003915639
2459366.474603718,-0.0054385066,0.00391474
2459366.4759926163,-0.0029941201,0.0039145774
2459366.477381515,0.0052808523,0.003920698
2459366.4787704134,-0.0006188154,0.003917375
2459366.480159312,0.0031517744,0.0039193085
2459366.4815482106,-0.0034364462,0.0039142985
2459366.4829371087,-0.0027113557,0.0039158505
2459366.4843260073,0.001055479,0.0039168354
2459366.4857149054,-0.00022953749,0.0039193705
2459366.487103804,0.0039486885,0.0039210054
2459366.4884927026,-0.005687177,0.0039123567
2459366.489881601,-0.0037353039,0.003915495
2459366.4912704993,0.009302139,0.003925201
2459366.492659398,-0.0012006164,0.003917354
2459366.4940482965,-0.0020338297,0.0039147423
2459366.4954371946,0.0033318996,0.0039190827
2459366.496826093,-0.0015874505,0.0039173616
2459366.4982149913,-0.00012421608,0.0039182855
2459366.49960389,-0.0019825697,0.003919256
2459366.5009927885,-0.00048440695,0.0039163893
2459366.502381687,-0.0021131039,0.003915515
2459366.503770585,-0.0056784153,0.0039117923
2459366.5051594838,0.0015488863,0.0039191083
2459366.506548382,-0.00220865,0.003918397
2459366.5079372805,0.0015881062,0.003920677
2459366.5093261786,0.0019267797,0.0039211274
2459366.510715077,-0.0034421086,0.0039151628
2459366.5121039758,-0.0028012395,0.0039170785
2459366.513492874,0.006167054,0.0039243866
2459366.5148817725,-0.0022557378,0.0039164387
2459366.5162706706,0.00336349,0.003922538
2459366.517659569,0.0013475418,0.003919843
2459366.5190484677,0.0017626286,0.0039219446
2459366.5204373663,0.0016342402,0.0039185914
2459366.521826264,-0.0064763427,0.003916418
2459366.5232151626,-0.008160651,0.0039137728
2459366.524604061,-0.0017237663,0.003918302
2459366.5259929597,-0.001975,0.003916159
2459366.527381858,-0.0046622157,0.0039180787
2459366.5287707564,-0.006231129,0.0039170412
2459366.5301596546,0.0022138357,0.0039201663
2459366.531548553,-0.008536279,0.0039143604
2459366.5329374513,-0.006804526,0.0039142966
2459366.53432635,-0.004775226,0.0039168037
2459366.5357152484,-0.005446315,0.0039161346
2459366.537104146,-0.0067513585,0.003917474
2459366.5384930447,-0.004424095,0.0039170505
2459366.5398819433,-0.015175521,0.003912312
2459366.541270842,-0.0066651106,0.0039156573
2459366.54265974,-0.007575631,0.0039159926
2459366.5440486385,-0.004557848,0.0039168163
2459366.5454375367,-0.0072687864,0.00391458
2459366.546826435,-0.009934783,0.0039117667
2459366.5482153334,-0.008748829,0.003917344
2459366.549604232,-0.010197997,0.0039139558
2459366.55099313,-0.0013921261,0.003919376
2459366.552382028,-0.007020235,0.003915652
2459366.553770927,-0.0064809322,0.003916043
2459366.555159825,-0.007763505,0.0039174715
2459366.5565487235,-0.00087177753,0.003919996
2459366.557937622,-0.0064842105,0.003916674
2459366.55932652,-0.007820427,0.0039179907
2459366.5607154183,-0.004030049,0.0039207386
2459366.5621043164,-0.0070995092,0.003918315
2459366.563493215,-0.009079874,0.0039137723
2459366.5648821136,-0.0034466982,0.0039199763
2459366.5662710117,-0.0021359324,0.0039211405
2459366.56765991,-0.003718853,0.0039204233
2459366.5690488084,-0.0071222186,0.0039182683
2459366.5704377065,-0.008264363,0.003916998
2459366.571826605,-0.0058134794,0.0039200056
2459366.5732155032,-0.010232449,0.003915126
2459366.574604402,-0.006420374,0.003919961
2459366.5759933,-0.003501892,0.0039219293
2459366.577382198,-0.009578049,0.003920054
2459366.5787710967,-0.005178988,0.003922362
2459366.580159995,-0.009237945,0.0039163358
2459366.5815488934,-0.0070073605,0.0039171907
2459366.582937791,-0.004306674,0.00392294
2459366.5843266896,-0.0062714815,0.0039204853
2459366.585715588,-0.003030479,0.003921069
2459366.5871044863,-0.009577692,0.0039182142
2459366.588493385,-0.00569582,0.003921805
2459366.589882283,-0.0030870438,0.0039221398
2459366.591271181,-0.013166964,0.003916321
2459366.5926600792,-0.008970082,0.003917899
2459366.594048978,-0.0036828518,0.003921849
2459366.595437876,-0.0054015517,0.003922576
2459366.5968267745,-0.008610606,0.0039193784
2459366.598215672,-0.0048467517,0.0039214664
2459366.599604571,-0.0062256455,0.0039225966
2459366.600993469,-0.0062642097,0.003919769
2459366.6023823675,-0.0082761645,0.0039193328
2459366.603771266,-0.004782617,0.0039226282
2459366.605160164,2.503395e-06,0.0039256797
2459366.6065490623,-0.003093779,0.003927339
2459366.6079379604,-0.01079756,0.003921455
2459366.609326859,-0.006662786,0.003919591
2459366.610715757,-0.003618598,0.003924793
2459366.6121046552,0.00052547455,0.0039267796
2459366.613493554,-0.00061798096,0.003929273
2459366.6148824515,-0.0054138303,0.003921736
2459366.61627135,-0.0059856176,0.003922539
2459366.617660248,-0.0140731335,0.0039193695
2459366.619049147,-0.0033017993,0.003927903
2459366.620438045,-0.0047848225,0.003925215
2459366.621826943,-0.0041123033,0.0039245565
2459366.623215841,-0.0054650903,0.003922809
2459366.6246047397,0.00047385693,0.003927349
2459366.625993638,-0.0069919825,0.003925604
2459366.6273825364,-0.002210319,0.003925907
2459366.6287714345,-0.000949502,0.003927685
2459366.630160332,-0.0077589154,0.0039251326
2459366.631549231,-0.004486084,0.0039265715
2459366.632938129,-0.008948624,0.003925112
2459366.6343270275,-0.007419646,0.003924515
2459366.6357159256,-0.011503398,0.0039230064
2459366.6371048233,-0.011807084,0.0039187297
2459366.638493722,-0.003569007,0.0039268713
2459366.63988262,-0.005488217,0.0039285496
2459366.6412715185,-0.011114538,0.0039211065
2459366.6426604167,-0.0020801425,0.0039308607
2459366.644049315,-0.002032876,0.003927078
2459366.645438213,-0.008929253,0.003925564
2459366.646827111,-0.005886674,0.003928005
2459366.6482160096,-0.0029408932,0.0039298083
2459366.6496049077,-0.0023174286,0.0039285254
2459366.650993806,-0.006398082,0.003929183
2459366.652382704,-0.0018357038,0.0039305934
2459366.653771602,-0.009335995,0.0039243386
2459366.6551605,-0.009844899,0.0039251093
2459366.656549399,-0.0047392845,0.003928839
2459366.657938297,-0.004350841,0.0039268294
2459366.659327195,-0.0055939555,0.003925657
2459366.660716093,-0.005790174,0.003928751
2459366.6621049913,-0.0015098453,0.003931593
2459366.6634938894,-0.0060427785,0.0039292835
2459366.664882788,-0.0062176585,0.003929617
2459366.666271686,-0.012056947,0.0039222543
2459366.6676605837,-0.0044769645,0.003928023
2459366.6690494823,-0.015925705,0.0039196587
2459366.6704383804,-0.0056159496,0.0039262576
2459366.6718272786,-0.007094562,0.0039268117
2459366.673216177,-0.010715485,0.003924945
2459366.6746050753,-0.009798586,0.003926065
2459366.675993973,-0.008020401,0.0039284998
2459366.677382871,-0.0027680993,0.003930861
2459366.6787717696,-0.0065763593,0.0039280136
2459366.6801606677,-0.0014005303,0.0039306027
2459366.681549566,-0.0081954,0.0039288686
2459366.6829384645,-0.0048791766,0.003929645
2459366.684327362,-0.008968413,0.0039258045
2459366.68571626,-0.0070552826,0.003927667
2459366.6871051583,-0.0026865602,0.003931229
2459366.688494057,-0.012575865,0.0039228424
2459366.689882955,-0.007176459,0.003926699
2459366.6912718527,-0.003908515,0.0039302236
2459366.692660751,-0.008086562,0.003929519
2459366.6940496494,-0.0054861903,0.003930566
2459366.6954385475,-0.0022853613,0.003931402
2459366.6968274456,-0.0034883618,0.0039312327
2459366.6982163438,-0.009247065,0.0039269845
2459366.6996052414,-0.0030559897,0.0039291354
2459366.70099414,-0.007525742,0.0039287773
2459366.702383038,-0.010166109,0.003927426
2459366.7037719362,-0.0041641593,0.0039307717
2459366.7051608344,-0.0030493736,0.003932567
2459366.706549732,-0.006352544,0.003927749
2459366.7079386306,-0.0070860386,0.0039275424
2459366.7093275287,-0.005833745,0.0039289244
2459366.710716427,-0.0004156828,0.0039325166
2459366.712105325,-0.004948318,0.003929689
2459366.713494223,-0.004774213,0.0039316486
2459366.714883121,-0.009175301,0.003927928
2459366.7162720193,-0.007745981,0.003927699
2459366.7176609174,-0.0036199093,0.003931964
2459366.7190498156,-0.0026370287,0.0039300793
2459366.7204387137,-0.0020278096,0.0039325976
2459366.7218276113,-0.0022702217,0.003935544
2459366.72321651,-0.0010941625,0.003934298
2459366.724605408,-0.0017629266,0.003932398
2459366.725994306,0.0067631006,0.0039391336
2459366.7273832043,-0.00082856417,0.0039347853
2459366.7287721024,8.34465e-06,0.003937356
2459366.730161,-0.0011956692,0.003931974
2459366.731549898,0.0019528866,0.0039340327
2459366.7329387963,0.005253792,0.003938693
2459366.734327695,-0.0017508864,0.003937198
2459366.735716593,-0.0016447306,0.003930575
2459366.7371054906,-0.0002889037,0.003935859
2459366.7384943888,-0.0023708344,0.003932946
2459366.739883287,-0.0016393661,0.0039314977
2459366.741272185,0.002658248,0.003934899
2459366.742661083,-0.00423038,0.0039325557
2459366.7440499812,0.0091462135,0.0039417553
2459366.745438879,0.00019824505,0.0039334996
2459366.746827777,0.0013916492,0.0039349967
2459366.748216675,0.004340291,0.003938915
2459366.7496055737,-0.001757443,0.0039330632
2459366.750994472,0.004706502,0.003936626
2459366.75238337,-0.006070614,0.0039324216
2459366.7537722676,-0.0016517043,0.0039337464
2459366.7551611657,0.0063066483,0.0039364467
2459366.756550064,-0.0015423894,0.00393208
2459366.757938962,0.0033265352,0.0039365804
2459366.75932786,0.0015250444,0.003935797
2459366.7607167577,0.0024356842,0.0039337943
2459366.762105656,0.002228856,0.0039378083
2459366.763494554,0.0035603046,0.003936917
2459366.764883452,0.001229763,0.0039355173
2459366.76627235,-0.0013590455,0.0039328
2459366.7676612483,0.00474,0.0039400966
2459366.769050146,0.004817009,0.0039381217
2459366.770439044,0.0034377575,0.0039360826
2459366.771827942,-0.008215904,0.0039265286
2459366.7732168403,0.00068485737,0.0039323024
2459366.7746057385,0.001008749,0.0039375965
2459366.775994636,-0.0018332601,0.003934989
2459366.7773835342,0.005970478,0.003938763
2459366.7787724324,-0.00429368,0.003930816
2459366.7801613305,0.0023386478,0.003934107
2459366.7815502286,-0.0038170218,0.0039315443
2459366.7829391267,-0.004658997,0.0039321696
2459366.7843280244,0.00012683868,0.0039331447
2459366.7857169225,-0.00283885,0.003931119
2459366.7871058206,-0.0052060485,0.0039306427
2459366.7884947187,0.0033299923,0.0039387126
2459366.789883617,-0.0011874437,0.0039331163
2459366.7912725145,-0.01068902,0.0039240615
2459366.7926614126,8.7976456e-05,0.003933886
2459366.7940503103,0.0041048527,0.003941396
2459366.7954392084,-0.0012798905,0.003934534
2459366.7968281065,0.0025191307,0.0039367448
2459366.7982170046,-0.004113555,0.003934134
2459366.7996059023,-0.0007303953,0.0039356
2459366.8009948004,0.006542444,0.0039394125
2459366.8023836985,0.00069975853,0.003934418
2459366.8037725966,0.0047403574,0.0039359317
2459366.8051614948,0.004578829,0.0039363997
2459366.8065503924,0.0010672808,0.003934933
2459366.8079392905,-0.00506258,0.0039293407
2459366.809328188,0.004263401,0.003937222
2459366.8107170863,-0.0025399923,0.003932212
2459366.8121059844,-0.0022949576,0.0039329994
2459366.8134948825,0.005213499,0.0039419574
2459366.81488378,-0.003610611,0.0039320556
2459366.8162726783,-0.005740404,0.003930817
2459366.8176615764,-0.0007946491,0.0039372845
2459366.8190504746,0.000346303,0.003933348
2459366.820439372,-0.005675018,0.0039325976
2459366.82182827,0.0011093616,0.0039371485
2459366.823217168,0.0034263134,0.0039384323
2459366.824606066,0.0052472353,0.003938544
2459366.825994964,0.0028150082,0.003939203
2459366.8273838623,-0.002215445,0.0039350777
2459366.82877276,0.0038701296,0.003938192
2459366.8301616577,-0.0063364506,0.003927862
2459366.831550556,0.0014389753,0.0039363992
2459366.832939454,-0.000918448,0.003933546
2459366.834328352,-0.001519382,0.0039344253
2459366.8357172497,0.00016665459,0.0039357985
2459366.837106148,-0.0026550293,0.003930663
2459366.8384950454,-0.0037128925,0.0039318865
2459366.8398839436,0.0009976625,0.0039365073
2459366.8412728417,-0.0012841225,0.0039389837
2459366.8426617393,-0.009092808,0.003931379
2459366.8440506374,0.0013000965,0.003938536
2459366.845439535,-0.00031811,0.003940039
2459366.846828433,0.0036213398,0.0039391057
2459366.8482173313,-0.0060813427,0.003931725
2459366.849606229,4.0650368e-05,0.003936741
2459366.850995127,-0.0016492605,0.003935533
2459366.852384025,0.0032974482,0.003938156
2459366.853772923,0.0022232533,0.003944272
2459366.8551618205,-0.0022712946,0.0039359834
2459366.8565507187,-0.0023370385,0.0039344146
2459366.857939617,-0.00033384562,0.0039363503
2459366.859328515,0.0052731037,0.003939705
2459366.860717412,0.00017035007,0.0039348262
2459366.86210631,-0.0054684877,0.0039346707
2459366.8634952083,0.0022933483,0.0039391364
2459366.864884106,0.0027461052,0.0039367755
2459366.866273004,-0.00765115,0.0039352723
2459366.867661902,-0.00052046776,0.0039391844
2459366.8690508,0.0021170378,0.0039406414
2459366.8704396975,0.0006560087,0.003939155
2459366.8718285956,-0.0027054548,0.003933639
2459366.8732174938,0.0024591684,0.003939748
2459366.8746063914,0.0011219978,0.0039403024
2459366.875995289,-0.0025469065,0.003936822
2459366.877384187,0.0009926558,0.003939319
2459366.878773085,-0.0035976171,0.0039365087
2459366.880161983,-0.0002220273,0.0039372155
2459366.881550881,0.0016950369,0.003941695
2459366.8829397787,-0.004325986,0.003936177
2459366.8843286764,0.0007356405,0.003940632
2459366.8857175745,0.0028854609,0.0039393455
2459366.887106472,-0.0027229786,0.0039363783
2459366.8884953703,-0.00440228,0.0039344584
2459366.8898842684,0.0038485527,0.0039406945
2459366.8912731656,0.0034239292,0.0039428216
2459366.8926620637,0.001024723,0.003940144
2459366.8940509614,-0.004397273,0.00393718
2459366.8954398595,0.009944558,0.0039460557
2459366.8968287576,0.005602598,0.0039474955
2459366.8982176553,-0.0044130087,0.00393669
2459366.899606553,-0.0062387586,0.0039368114
2459366.900995451,0.004206419,0.003940078
2459366.9023843487,-0.0016384125,0.0039410787
2459366.903773247,-0.0024537444,0.0039380984
2459366.9051621445,-0.0022617579,0.0039358903
2459366.9065510426,-0.0026233792,0.003938353
2459366.90793994,0.0040590763,0.003940386
2459366.909328838,-0.002868414,0.0039368924
2459366.910717736,0.0007760525,0.0039354884
2459366.9121066337,0.0006709099,0.003938829
2459366.913495532,0.0048764944,0.003943737
2459366.914884429,-0.0049627423,0.0039368696
2459366.916273327,0.0017851591,0.0039390004
2459366.917662225,-0.01282078,0.0039304234
2459366.919051123,0.0015710592,0.0039398707
2459366.920440021,0.0025182962,0.0039415816
2459366.9218289186,0.004168272,0.0039413613
2459366.9232178163,0.0005328655,0.003939849
2459366.924606714,-0.0024104118,0.0039378526
2459366.925995612,0.00051414967,0.003938588
2459366.9273845097,0.00035727024,0.0039418987
2459366.928773408,0.0024988651,0.0039411075
2459366.930162305,-0.00038921833,0.0039429623
2459366.931551203,-0.0014640689,0.0039389804
2459366.932940101,0.002906561,0.003943948
2459366.934328999,0.00025260448,0.003939306
2459366.9357178966,-0.000114023685,0.003938656
2459366.9371067947,-0.002191782,0.003940673
2459366.938495692,-0.0019119382,0.0039369767
2459366.93988459,0.010957837,0.003950421
2459366.9412734876,0.00027740002,0.0039455555
2459366.9426623858,0.003848195,0.003942284
2459366.9440512834,-0.0031336546,0.003939954
2459366.945440181,0.007479906,0.0039450154
2459366.9468290787,-0.0048535466,0.0039357007
2459366.948217977,0.0012617111,0.003937832
2459366.9496068745,2.1457672e-06,0.0039416538
2459366.9509957726,-0.0038384795,0.00393637
2459366.9523846703,0.0046128035,0.00394457
2459366.9537735675,0.0052291155,0.0039428137
2459366.9551624656,0.0055001974,0.0039429315
2459366.956551363,0.0035152435,0.003941519
2459366.9579402613,-0.0028390288,0.0039373673
2459366.959329159,0.0060743093,0.0039471593
2459366.9607180567,-0.004229605,0.003939105
2459366.9621069543,-0.0016030073,0.003941017
2459366.963495852,0.00866735,0.0039469516
2459366.96488475,-0.0026848316,0.003936178
2459366.9662736477,-0.003170073,0.0039394684
2459366.967662546,-0.0023531318,0.0039404896
2459366.969051443,-0.0021224022,0.0039400174
2459366.9704403407,-0.00011008978,0.00394409
2459366.971829239,0.004451394,0.003946145
2459366.9732181365,0.0014070272,0.0039445222
2459366.9746070346,-0.0011219382,0.003940485
2459366.9759959322,0.0052319765,0.003942413
2459366.9773848294,-0.0014919043,0.003938159
2459366.9787737275,-0.0015867352,0.0039406028
2459366.980162625,0.0012009144,0.003938502
2459366.981551523,0.00038027763,0.0039398456
2459366.982940421,0.0003607273,0.00394188
2459366.984329318,-0.0051900744,0.003937543
2459366.9857182163,0.00038957596,0.003939524
2459366.987107114,-0.0018922687,0.003936876
2459366.9884960116,-0.0018837452,0.0039407713
2459366.9898849097,-0.0016874075,0.0039424673
2459366.9912738074,0.0015385151,0.0039398973
2459366.9926627045,0.00076019764,0.003940056
2459366.9940516027,-0.0015423894,0.003938723
2459366.9954405003,0.004788995,0.0039432417
2459366.996829398,0.005796671,0.00394651
2459366.9982182956,-0.0004274249,0.003941198
2459366.9996071933,-0.00084733963,0.0039398475
2459367.000996091,0.00437963,0.0039452547
2459367.0023849886,-0.003708899,0.003937761
2459367.0037738867,-0.00070762634,0.003937962
2459367.0051627844,0.0037999153,0.003943076
2459367.006551682,-0.00035089254,0.003938734
2459367.007940579,-0.0060118437,0.003933386
2459367.0093294773,0.0043377876,0.0039431904
2459367.010718375,0.0066581964,0.0039446633
2459367.0121072726,-0.0020506978,0.003940085
2459367.0134961708,-0.0026247501,0.003938532
2459367.014885068,0.0008318424,0.0039392365
2459367.0162739656,-0.004795432,0.003938176
2459367.0176628632,9.036064e-05,0.0039394624
2459367.0190517614,-0.0022913814,0.0039396337
2459367.020440659,0.0032553673,0.0039385515
2459367.0218295567,0.0007677078,0.003939852
2459367.023218454,0.0013815165,0.00394149
2459367.0246073515,0.0026284456,0.0039436063
2459367.0259962496,-0.007628858,0.0039313543
2459367.0273851473,-0.0026967525,0.003935298
2459367.028774045,0.0028090477,0.0039413697
2459367.030162942,0.0014361143,0.003940371
2459367.0315518402,-0.0038404465,0.003935681
2459367.032940738,0.0026718378,0.003942154
2459367.0343296356,-0.004866481,0.003934379
2459367.035718533,0.0013713837,0.00394045
2459367.037107431,0.0072375536,0.003943989
2459367.0384963285,0.0016824007,0.003938141
2459367.039885226,-0.0022847652,0.003936143
2459367.041274124,0.010676026,0.0039468077
2459367.0426630215,0.0018398762,0.003939957
2459367.044051919,-0.0015980601,0.0039364486
2459367.0454408163,0.0049973726,0.003943473
2459367.0468297144,-0.0010786057,0.0039373455
2459367.048218612,0.001019001,0.00393922
2459367.0496075097,-0.00805217,0.0039333296
2459367.0509964074,-0.0017237663,0.0039386856
2459367.052385305,-0.0050554276,0.0039350744
2459367.0537742022,0.0029227734,0.0039433753
2459367.0551631,0.00023818016,0.0039399974
2459367.056551998,0.0043258667,0.0039418335
2459367.0579408957,0.00031757355,0.003938345
2459367.0593297933,-0.004971385,0.003935398
2459367.060718691,0.0013744831,0.003939403
2459367.062107588,0.0008032322,0.003939512
2459367.063496486,0.0008819103,0.003935027
2459367.0648853835,0.0056955814,0.003943529
2459367.066274281,0.0017323494,0.0039419113
2459367.067663179,0.0077217817,0.0039445497
2459367.069052076,-0.0032108426,0.0039349217
2459367.070440974,-0.0019683838,0.0039407136
2459367.0718298717,0.0008505583,0.0039382786
2459367.0732187694,-0.0016697645,0.0039349524
2459367.074607667,0.00061762333,0.0039378405
2459367.0759965647,0.004832983,0.0039416743
2459367.077385462,0.0056774616,0.003943357
2459367.0787743595,-0.0026541352,0.003934835
2459367.080163257,-0.002931714,0.0039352574
2459367.081552155,0.0007082224,0.003936662
2459367.0829410525,0.0015029907,0.0039392076
2459367.0843299497,0.0042436123,0.0039374763
2459367.0857188473,-0.0012471676,0.0039386665
2459367.087107745,0.0011222363,0.0039367783
2459367.0884966427,0.004404187,0.003939765
2459367.0898855403,-0.0028266907,0.0039344416
2459367.091274438,-0.0042061806,0.0039335922
2459367.092663335,-0.0025351048,0.003934303
2459367.094052233,-0.0069523454,0.0039339424
2459367.0954411305,0.000813365,0.0039385697
2459367.096830028,-0.0014679432,0.003939732
2459367.0982189258,-0.0042905807,0.0039355448
2459367.099607823,0.0034432411,0.0039414726
2459367.1009967206,-0.0001258254,0.0039385525
2459367.1023856183,0.005411625,0.0039405534
2459367.103774516,-0.0031394958,0.0039364714
2459367.1051634136,0.0023210049,0.003936268
2459367.106552311,0.005723119,0.003944212
2459367.1079412084,0.0071240664,0.0039437716
2459367.109330106,0.0016371012,0.003940881
2459367.1107190037,0.0019991398,0.003936398
2459367.1121079014,-0.0014746785,0.00393649
2459367.113496799,-0.0038440824,0.0039359755
2459367.114885696,0.0013539791,0.0039372197
2459367.116274594,-0.0005812049,0.003936341
2459367.1176634915,0.00052428246,0.003938515
2459367.119052389,-0.0050643086,0.003934898
2459367.120441287,0.0042381287,0.003942429
2459367.1218301845,-0.0025419593,0.00393576
2459367.1232190817,-0.0016415715,0.0039377073
2459367.1246079793,-0.00023382902,0.003939883
2459367.125996877,0.0016129017,0.0039382745
2459367.127385774,0.00043976307,0.0039374395
2459367.128774672,0.003922224,0.0039394614
2459367.1301635695,-0.0017583966,0.0039377664
2459367.1315524667,-0.0005828738,0.0039391015
2459367.1329413643,0.006429553,0.0039416114
2459367.134330262,-0.0026142,0.0039348416
2459367.1357191596,0.0038882494,0.003943586
2459367.1371080573,0.003676653,0.0039449334
2459367.1384969545,0.013037562,0.0039478405
2459367.1398858516,-0.009842932,0.003932031
2459367.1412747493,0.0074938536,0.003942103
2459367.142663647,-0.0007382035,0.003938898
2459367.1440525446,-0.00239861,0.0039337394
2459367.1454414423,-0.00786823,0.0039327466
2459367.1468303395,-0.0029966235,0.003937578
2459367.148219237,0.005017519,0.00394279
2459367.1496081343,-0.004385352,0.0039329464
2459367.150997032,0.0033944845,0.0039418926
2459367.1523859296,0.0010766983,0.003937615
2459367.153774827,-0.0049373507,0.003933231
2459367.1551637244,0.0012068748,0.0039381376
2459367.156552622,-0.0024133325,0.0039377166
2459367.1579415193,-9.852648e-05,0.003938373
2459367.159330417,-0.0038263202,0.0039354027
2459367.1607193146,-0.0001655817,0.0039374116
2459367.162108212,0.0020751953,0.0039410205
2459367.1634971094,0.0028361082,0.00394026
2459367.1648860066,0.0002747774,0.0039387234
2459367.1662749043,8.773804e-05,0.0039361273
2459367.167663802,-0.0055476427,0.0039342716
2459367.169052699,-0.0008584261,0.003938493
2459367.1704415963,0.0032669306,0.0039402875
2459367.171830494,0.01659584,0.0039503803
2459367.1732193916,0.0016186237,0.0039412477
2459367.1746082893,0.0010045767,0.00393747
2459367.175997187,-0.0013315678,0.0039381483
2459367.1773860836,-0.0017438531,0.0039373115
2459367.1787749813,-0.0039197803,0.0039366144
2459367.180163879,0.0012894869,0.003939335
2459367.1815527766,-0.003129363,0.003936403
2459367.182941674,-0.006981373,0.0039324276
2459367.184330571,-0.00085502863,0.0039385417
2459367.1857194686,0.0024034977,0.0039413166
2459367.187108366,-0.0008177161,0.00393973
2459367.1884972635,0.0024892092,0.0039374805
2459367.189886161,-0.0042740703,0.0039367
2459367.191275059,0.003948331,0.003940967
2459367.1926639555,-0.0013782382,0.0039356505
2459367.194052853,-0.004665494,0.003937029
2459367.195441751,2.503395e-06,0.003939599
2459367.196830648,-0.0012611747,0.0039387546
2459367.1982195457,0.004096508,0.00394203
2459367.1996084433,0.002236843,0.0039413804
2459367.20099734,0.0013782978,0.0039383057
2459367.2023862377,0.0036770105,0.003939572
2459367.2037751353,-0.000102996826,0.0039381776
2459367.205164033,0.0021567345,0.003940906
2459367.20655293,-0.001756072,0.0039388444
2459367.2079418274,0.00020337105,0.0039369436
2459367.2093307246,0.0067979097,0.0039411536
2459367.210719622,-0.0017118454,0.0039369897
2459367.21210852,-0.0026197433,0.003936592
2459367.213497417,-0.00082087517,0.0039346702
2459367.2148863147,0.0037132502,0.0039453832
2459367.216275212,-0.0017338991,0.003938235
2459367.217664109,-0.00093090534,0.0039394745
2459367.2190530067,-0.0040600896,0.0039346158
2459367.2204419044,0.0013051033,0.003942015
2459367.2218308016,0.0041275024,0.0039438037
2459367.2232196988,0.003221631,0.0039426535
2459367.224608596,-0.005266309,0.0039357333
2459367.2259974936,0.00080645084,0.0039422377
2459367.2273863913,0.0038927794,0.0039412887
2459367.2287752884,-0.001001656,0.0039380193
2459367.230164186,-0.0035726428,0.0039365115
2459367.231553083,-0.0012878776,0.0039349757
2459367.2329419805,-0.000762403,0.003941056
2459367.234330878,0.001954198,0.003939287
2459367.2357197753,0.0023206472,0.003941766
2459367.237108673,0.000106573105,0.0039368276
2459367.2384975697,-0.00075119734,0.0039384225
2459367.2398864673,-0.0036094189,0.003936379
2459367.2412753645,-0.0012227297,0.0039384323
2459367.242664262,0.005336046,0.0039441595
2459367.2440531594,0.0037833452,0.0039429204
2459367.245442057,-0.0037290454,0.003936916
2459367.246830954,0.0018173456,0.0039434466
2459367.2482198514,0.0020534992,0.00394242
2459367.249608749,-0.0029748678,0.003937523
2459367.2509976462,0.00046229362,0.0039434684
2459367.252386544,0.005123496,0.0039444277
2459367.2537754406,-9.286404e-05,0.00394061
2459367.2551643383,7.9631805e-05,0.0039420086
2459367.2565532355,-0.002617836,0.003936428
2459367.257942133,0.00031125546,0.0039403928
2459367.2593310303,-0.004652202,0.0039366013
2459367.260719928,0.0029051304,0.0039429413
2459367.2621088247,0.009541035,0.003945953
2459367.2634977223,0.0062693357,0.0039460585
2459367.2648866195,0.0013244152,0.0039390926
2459367.266275517,0.006973982,0.003943638
2459367.2676644144,-0.0016924739,0.003939034
2459367.2690533116,-0.00034159422,0.003936449
2459367.2704422087,0.0008326769,0.003941048
2459367.2718311064,0.0038878918,0.0039437455
2459367.2732200036,0.0054038763,0.003941624
2459367.274608901,0.0013333559,0.003940899
2459367.2759977984,0.010336041,0.0039490676
2459367.277386695,9.059906e-05,0.0039431327
2459367.278775593,0.000705719,0.003939453
2459367.28016449,-0.0044813156,0.0039390316
2459367.2815533876,0.0010445118,0.003938353
2459367.282942285,-0.0027928948,0.003939676
2459367.284331182,0.003931403,0.0039446047
2459367.285720079,-0.0020215511,0.003938182
2459367.2871089764,-0.0004734993,0.003940482
2459367.288497874,0.005910754,0.0039441786
2459367.2898867712,0.0010143518,0.003939484
2459367.291275669,0.0036871433,0.0039435914
2459367.2926645656,-0.0021119118,0.0039396384
2459367.294053463,0.00089621544,0.0039430745
2459367.2954423605,-0.00031411648,0.0039417734
2459367.2968312576,0.0024483204,0.0039413725
2459367.298220155,-0.007477522,0.003932646
2459367.2996090525,0.00082957745,0.003941766
2459367.300997949,0.00067794323,0.0039354614
2459367.302386847,-0.0064592957,0.0039374223
2459367.303775744,0.00090801716,0.003942731
2459367.3051646412,0.0011698008,0.0039378176
2459367.306553539,-0.00032562017,0.003942093
2459367.3079424356,0.00036787987,0.0039395965
2459367.309331333,-0.005656302,0.0039369552
2459367.3107202305,0.0005066395,0.003939357
2459367.3121091276,-0.003801763,0.0039357473
2459367.313498025,0.008708954,0.003948286
2459367.3148869225,0.0028549433,0.003940715
2459367.316275819,-0.0055822134,0.003933459
2459367.3176647164,0.003089428,0.0039435714
2459367.319053614,0.0017071962,0.003941489
2459367.3204425112,-0.002594173,0.0039357087
2459367.3218314084,0.0006041527,0.003936359
2459367.3232203056,0.00053310394,0.003934974
2459367.324609203,0.0063135624,0.0039436934
2459367.3259981,0.00358212,0.0039425776
2459367.327386997,0.0045393705,0.003940148
2459367.328775895,0.0014483929,0.003939433
2459367.330164792,0.0028480291,0.0039388724
2459367.3315536887,0.0073871613,0.003940483
2459367.3329425864,0.0022161007,0.003939637
2459367.3343314836,0.0023499727,0.0039408538
2459367.335720381,-0.0040590763,0.003935401
2459367.337109278,0.0069619417,0.0039411006
2459367.338498175,-0.00063210726,0.003941091
2459367.3398870723,-0.0007901192,0.003938451
2459367.3412759695,-0.0032153726,0.003936053
2459367.3426648667,-0.00386101,0.0039356654
2459367.3440537644,-0.0051903725,0.0039319703
2459367.3454426615,-0.0016767383,0.0039360123
2459367.3468315583,0.00089240074,0.0039355797
2459367.3482204555,-0.00203377,0.0039362027
2459367.3496093526,0.0006542206,0.003938411
2459367.3509982503,0.0017300844,0.0039366307
2459367.3523871475,-0.003124714,0.003933669
2459367.3537760447,-0.0003322959,0.0039335266
2459367.3551649414,-6.66976e-05,0.0039324714
2459367.356553839,0.0023499727,0.003935181
2459367.3579427362,0.0058420897,0.0039356034
2459367.3593316334,-0.0075492263,0.003930448
2459367.3607205306,-0.0007445216,0.0039370903
2459367.3621094273,-0.0020362139,0.0039328607
2459367.3634983245,-0.00012892485,0.003933294
2459367.364887222,0.0020792484,0.0039357287
2459367.3662761194,-0.0017310381,0.0039324267
2459367.3676650166,-0.0008802414,0.0039328854
2459367.3690539137,0.00515306,0.003938471
2459367.3704428105,-0.0028699636,0.0039340667
2459367.3718317077,8.72612e-05,0.0039333976
2459367.3732206053,0.0061873198,0.003939215
2459367.3746095025,-0.0009344816,0.0039337156
2459367.3759983997,-0.0004940033,0.0039332635
2459367.3773872964,0.006523609,0.003939156
2459367.3787761936,-0.0023311377,0.003931558
2459367.380165091,0.002616167,0.0039364044
2459367.381553988,-0.0032807589,0.0039324933
2459367.382942885,0.0012363195,0.0039322753
2459367.384331783,0.0012311935,0.0039345277
2459367.3857206795,0.0003978014,0.003933886
2459367.3871095767,-0.0012184978,0.003933568
2459367.388498474,-0.0004518628,0.003934391
2459367.389887371,0.0038069487,0.0039346158
2459367.3912762683,-0.0023694038,0.0039314884
2459367.392665165,-0.0049853325,0.003930406
2459367.394054062,-0.00724262,0.0039285813
2459367.3954429594,-0.0040102005,0.0039325887
2459367.3968318566,-0.0016417503,0.0039307843
2459367.3982207538,-0.007661283,0.00392517
2459367.399609651,-0.0087323785,0.0039254143
2459367.400998548,-0.004806459,0.003929519
2459367.4023874453,-0.0009737015,0.003930688
2459367.4037763425,0.002334237,0.0039340304
2459367.4051652397,0.0008883476,0.0039308937
2459367.406554137,0.0004297495,0.003931769
2459367.4079430336,-0.006231427,0.003928957
2459367.409331931,-0.0035749674,0.0039285175
2459367.410720828,0.0023386478,0.0039360686
2459367.412109725,-0.0041027665,0.003925372
2459367.4134986224,0.0069719553,0.003937742
2459367.4148875196,0.0010528564,0.0039309547
2459367.4162764163,0.0017542839,0.0039301305
2459367.4176653135,-0.003617406,0.0039286576
2459367.4190542107,0.004170656,0.003933041
2459367.420443108,0.0038820505,0.0039325687
2459367.421832005,0.0013623238,0.003930915
2459367.4232209018,-0.006195843,0.0039267456
2459367.424609799,0.0020068884,0.0039317664
2459367.425998696,0.0024709702,0.0039311955
2459367.4273875933,-0.004141748,0.003927238
2459367.4287764905,-0.005420089,0.003923602
2459367.4301653877,0.0019568205,0.0039309883
2459367.4315542844,-0.0022397041,0.003929997
2459367.4329431816,-0.0027954578,0.003925603
2459367.434332079,0.0009497404,0.003932718
2459367.435720976,-0.0013490319,0.0039284066
2459367.437109873,-0.0031917095,0.0039264057
2459367.43849877,0.0025134087,0.003933271
2459367.4398876666,0.00084245205,0.0039295503
2459367.441276564,-0.00029313564,0.003928396
2459367.442665461,0.00075650215,0.003928968
2459367.444054358,0.00057041645,0.0039284257
2459367.4454432554,0.0029103756,0.003931357
2459367.446832152,-0.002134025,0.0039253747
2459367.4482210493,0.0013535023,0.003932616
2459367.4496099465,-0.0013287663,0.003930249
2459367.4509988436,0.004993558,0.0039319657
2459367.452387741,-0.00092446804,0.003925407
2459367.453776638,0.0016320944,0.003931193
2459367.4551655343,-0.0053545237,0.003924213
2459367.4565544315,0.002055645,0.003928024
2459367.4579433287,-0.0028224587,0.0039261593
2459367.459332226,-0.0009496808,0.003928559
2459367.460721123,-0.0046522617,0.003923351
2459367.4621100198,-0.0018281341,0.003932585
2459367.463498917,-0.0026599765,0.003928745
2459367.464887814,-0.0007594228,0.003926876
2459367.466276711,0.002640605,0.003931936
2459367.467665608,0.004236698,0.003931326
2459367.469054505,0.0016499758,0.0039330325
2459367.470443402,-0.0029059052,0.003928528
2459367.471832299,-0.0011656284,0.003925724
2459367.4732211963,-0.002084434,0.003930462
2459367.474610093,-0.0019208789,0.0039315247
2459367.4759989902,0.004677415,0.0039309026
2459367.477387887,0.0008647442,0.0039309305
2459367.478776784,0.0018292665,0.003927731
2459367.4801656813,0.0018941164,0.0039318204
2459367.481554578,0.0012896061,0.003929213
2459367.4829434752,0.0035620928,0.0039323587
2459367.4843323724,-0.0011308193,0.00392821
2459367.485721269,-0.0058200955,0.0039272537
2459367.4871101663,0.0020337105,0.0039314986
2459367.488499063,0.004056573,0.0039337073
2459367.4898879603,0.0029251575,0.0039305207
2459367.4912768574,-0.006048739,0.003926357
2459367.492665754,-0.010675132,0.0039211856
2459367.4940546514,-0.00392133,0.0039271237
2459367.495443548,-0.00083583593,0.003929098
2459367.4968324453,-0.006673336,0.0039259125
2459367.4982213425,-0.0043569207,0.0039264676
2459367.4996102396,-0.0009317398,0.0039290953
2459367.500999136,0.0025686026,0.0039322777
2459367.502388033,-0.00057685375,0.0039318097
2459367.5037769303,0.00087189674,0.0039281887
2459367.5051658275,0.004419327,0.003935857
2459367.506554724,-0.00014048815,0.0039299177
2459367.5079436214,-0.005828202,0.0039253817
2459367.509332518,0.00093483925,0.0039314944
2459367.510721415,0.0051573515,0.003931389
2459367.512110312,-0.0007302761,0.0039283577
2459367.513499209,0.0048214197,0.0039315852
2459367.5148881064,-0.0003002286,0.003927722
2459367.5162770026,-0.0017818213,0.0039274427
2459367.5176659,0.0026766062,0.003931465
2459367.519054797,0.0072090626,0.003938143
2459367.5204436937,0.0012742281,0.0039331843
2459367.521832591,0.0054593086,0.0039354935
2459367.523221488,0.002453804,0.003930772
2459367.5246103844,0.0017050505,0.003932932
2459367.5259992816,-0.0055863857,0.0039257975
2459367.5273881787,-0.0009511709,0.0039288835
2459367.5287770755,0.0010187626,0.003932907
2459367.5301659727,-0.0010108352,0.003930101
2459367.5315548694,0.000264287,0.0039289827
2459367.532943766,0.005312443,0.0039320933
2459367.5343326633,0.0019536018,0.003932509
2459367.5357215605,0.002693057,0.0039361273
2459367.537110457,-0.0009522438,0.0039301156
2459367.5384993544,0.00046360493,0.0039338255
2459367.5398882506,0.003347516,0.003934171
2459367.541277148,0.005098343,0.0039345264
2459367.542666045,-0.004465878,0.003929477
2459367.5440549417,0.0018607378,0.0039328933
2459367.545443839,-0.0026772618,0.003930073
2459367.546832735,0.0034130812,0.0039348947
2459367.5482216324,-0.0057074428,0.003929897
2459367.5496105296,0.0006723404,0.003930782
2459367.5509994263,-0.00038087368,0.0039315457
2459367.5523883235,0.0012624264,0.003933056
2459367.55377722,-0.0033037663,0.003928466
2459367.555166117,0.003049612,0.003933487
2459367.556555014,0.0023852587,0.003934937
2459367.557943911,-0.00017565489,0.0039316015
2459367.559332808,0.004481435,0.0039408877
2459367.5607217047,-0.009190202,0.0039267517
2459367.5621106015,0.0004811287,0.0039347475
2459367.563499498,-0.003076911,0.0039287405
2459367.5648883954,0.00014615059,0.0039304537
2459367.566277292,0.00010859966,0.003932975
2459367.5676661893,-0.0011843443,0.003928784
2459367.569055086,-0.0047008395,0.0039313314
2459367.5704439827,-0.004948497,0.0039283074
2459367.57183288,-0.006278336,0.0039294125
2459367.5732217766,-0.0065089464,0.003927722
2459367.574610674,0.0031443834,0.0039380295
2459367.5759995705,0.0029431581,0.003939555
2459367.5773884677,-0.00024068356,0.0039330353
2459367.578777364,-0.0008804798,0.0039337967
2459367.580166261,0.0022135973,0.003933182
2459367.581555158,-0.005403161,0.0039290213
2459367.582944055,0.0059292316,0.0039387466
2459367.584332952,-0.0029137135,0.003934166
2459367.585721848,0.0012750626,0.0039355
2459367.5871107453,0.00016343594,0.003935256
2459367.588499642,0.0043741465,0.0039381194
2459367.589888539,-0.0009690523,0.0039358404
2459367.591277436,0.00154531,0.003933769
2459367.592666333,0.0073531866,0.0039391983
2459367.5940552293,1.513958e-05,0.003933857
2459367.5954441265,0.004669428,0.0039380235
2459367.5968330232,-0.00028574467,0.003936595
2459367.5982219204,0.008849382,0.0039408905
2459367.599610817,0.007340312,0.003943893
2459367.6009997134,-0.0046752095,0.0039317925
2459367.6023886106,0.0026296377,0.0039388924
2459367.6037775073,-0.0034180284,0.003935518
2459367.6051664045,-0.0025490522,0.003935436
2459367.606555301,0.0032126904,0.0039388435
2459367.6079441984,0.0011166334,0.0039363764
2459367.6093330947,0.003903389,0.003941031
2459367.6107219914,0.0071775913,0.003945076
2459367.6121108886,-0.0019991994,0.00393781
2459367.6134997853,-0.0030927062,0.0039360276
2459367.6148886825,0.0026916265,0.003938351
2459367.6162775788,0.002723813,0.0039394875
2459367.6176664755,-0.004678011,0.0039360095
2459367.6190553727,0.0035647154,0.0039425297
2459367.6204442694,-0.004525423,0.003934021
2459367.621833166,-0.0014690161,0.0039381417
2459367.6232220633,0.010778785,0.003945434
2459367.6246109596,-0.00077432394,0.0039387634
2459367.6259998563,-0.004609883,0.003934734
2459367.6273887535,0.005824685,0.003944421
2459367.62877765,0.00122118,0.003943454
2459367.630166547,0.004548669,0.0039429483
2459367.6315554436,0.003587246,0.00394138
2459367.6329443404,0.0011744499,0.003942314
2459367.634333237,-0.0005826354,0.003940769
2459367.6357221343,-0.0015434027,0.003940889
2459367.637111031,0.002860546,0.003941509
2459367.6384999277,-0.0044214725,0.003936029
2459367.6398888244,0.0021660328,0.003941592
2459367.641277721,0.006186962,0.003944929
2459367.642666618,-0.0016499162,0.0039408463
2459367.644055515,-0.0026673675,0.003940358
2459367.645444412,-0.004060447,0.0039411034
2459367.646833308,0.0048732758,0.0039447616
2459367.6482222048,0.0024386644,0.003946248
2459367.649611102,-0.0041694045,0.0039364058
2459367.6509999987,0.0042476654,0.0039452543
2459367.6523888954,-0.0014522076,0.0039425488
2459367.6537777926,-0.0047104955,0.003939231
2459367.655166689,-0.0010355115,0.003938971
2459367.6565555856,0.001611948,0.0039427285
2459367.6579444823,-0.0025701523,0.0039428445
2459367.6593333795,0.0010788441,0.0039444086
2459367.660722276,0.004546404,0.00394916
2459367.662111173,-0.006527424,0.0039369855
2459367.663500069,0.0043518543,0.003944374
2459367.6648889664,-0.00879997,0.003935965
2459367.666277863,0.00095689297,0.003944048
2459367.66766676,0.0054597855,0.003945922
2459367.6690556565,0.003344655,0.0039459346
2459367.670444553,0.005170107,0.0039444193
2459367.67183345,0.0025699139,0.0039432007
2459367.6732223467,0.00037562847,0.0039453655
2459367.6746112434,0.0035684109,0.0039459667
2459367.67600014,-0.00014424324,0.00394269
2459367.677389037,0.004729867,0.0039457004
2459367.6787779336,0.0011470318,0.003944338
2459367.6801668303,0.0033675432,0.003944535
2459367.681555727,0.0044401884,0.003945296
2459367.6829446238,0.0021615028,0.0039441492
2459367.6843335205,0.004014969,0.0039492385
2459367.6857224167,0.0056880713,0.003942834
2459367.687111314,0.000813365,0.0039434163
2459367.6885002106,-0.0066173077,0.0039396887
2459367.6898891074,0.0027632713,0.0039421148
2459367.691278004,0.00075137615,0.003940751
2459367.692666901,0.005318284,0.003946117
2459367.694055797,0.0021935701,0.0039431234
2459367.695444694,-0.00362432,0.003936939
2459367.696833591,-0.0051526427,0.0039369287
2459367.6982224877,0.0012834072,0.0039418214
2459367.6996113844,0.0041035414,0.003946687
2459367.7010002807,-0.0011601448,0.0039438843
2459367.7023891774,0.004080415,0.003945167
2459367.703778074,0.0024693012,0.0039426005
2459367.705166971,0.00041139126,0.0039445395
2459367.7065558676,0.004646063,0.0039461437
2459367.7079447643,0.005056739,0.003947903
2459367.709333661,-0.0016707778,0.0039437744
2459367.7107225577,0.0038753748,0.0039449246
2459367.7121114545,-0.0016667247,0.0039414214
2459367.713500351,0.005385399,0.0039469996
2459367.714889248,-0.0039797425,0.0039416593
2459367.716278144,0.0058418512,0.00394705
2459367.717667041,-0.0010647178,0.003943525
2459367.7190559376,-0.0032922626,0.0039414843
2459367.7204448343,0.0098410845,0.0039493674
2459367.721833731,0.0008568764,0.003943538
2459367.723222628,0.0014711618,0.0039447295
2459367.724611524,0.006849289,0.0039483653
2459367.7260004207,0.0014647245,0.0039458526
2459367.7273893175,-0.002569139,0.00394211
2459367.728778214,0.0064020157,0.0039474806
2459367.730167111,-0.0023313165,0.003943507
2459367.7315560076,-0.0017496943,0.003940946
2459367.732944904,0.0031455755,0.003945591
2459367.7343338006,0.00067687035,0.003946952
2459367.7357226973,0.0047647953,0.0039452165
2459367.737111594,0.0047171116,0.003945233
2459367.738500491,-0.004178524,0.0039418973
2459367.739889387,-0.0018731952,0.003941962
2459367.7412782838,0.0071834326,0.003952067
2459367.7426671805,-0.0011046529,0.003941641
2459367.744056077,-0.00624305,0.003939089
2459367.745444974,0.001537323,0.003946149
2459367.7468338707,8.952618e-05,0.003941514
2459367.748222767,0.0021877289,0.0039450303
2459367.7496116636,0.004008651,0.003947528
2459367.7510005604,-0.0013710856,0.003940225
2459367.752389457,-0.0012498498,0.003946376
2459367.753778354,-0.0069268346,0.0039372905
2459367.75516725,-0.004465878,0.003937878
2459367.756556147,0.0043309927,0.0039485674
2459367.7579450435,0.008671522,0.0039508757
2459367.75933394,0.0072681904,0.0039488245
2459367.760722837,0.0009471178,0.0039432244
2459367.7621117337,0.0066871643,0.0039470145
2459367.76350063,0.001045227,0.0039465744
2459367.764889526,0.0016022921,0.0039447756
2459367.766278423,0.001196742,0.0039489605
2459367.7676673196,-0.0017371178,0.0039465777
2459367.7690562163,-0.0012891889,0.0039419043
2459367.7704451126,0.0017706156,0.0039431406
2459367.7718340093,-0.004175365,0.00394135
2459367.773222906,0.00172472,0.0039449898
2459367.774611803,0.0050252676,0.003948486
2459367.7760006995,-0.001418829,0.0039429553
2459367.7773895958,-0.0031660795,0.0039404393
2459367.778778492,0.0015757084,0.00394578
2459367.7801673887,0.0014622211,0.0039476412
2459367.7815562855,-0.0071593523,0.0039390386
2459367.782945182,-0.0052011013,0.0039370744
2459367.784334079,0.0024074316,0.0039464612
2459367.785722975,0.0025161505,0.003943573
2459367.7871118714,-2.7060509e-05,0.0039440845
2459367.788500768,0.0008865595,0.00394259
2459367.789889665,0.000949502,0.0039434917
2459367.7912785616,-0.0009842515,0.0039432882
2459367.7926674583,0.0023349524,0.003941782
2459367.7940563546,-0.0039197803,0.0039404016
2459367.795445251,-0.00022310019,0.003942579
2459367.7968341475,-0.0012693405,0.003944288
2459367.7982230443,-0.0038579702,0.00394149
2459367.799611941,0.00024151802,0.003939288
2459367.8010008377,0.0006444454,0.003944339
2459367.8023897335,0.0019595623,0.00394203
2459367.80377863,0.004307747,0.003947443
2459367.805167527,0.005869627,0.0039462056
2459367.8065564237,0.0028516054,0.00394805
2459367.8079453204,-0.00459677,0.0039400323
2459367.809334216,0.0035883188,0.0039480734
2459367.810723113,0.0022051334,0.0039450913
2459367.8121120096,0.0030133724,0.003942107
2459367.8135009063,-0.005021274,0.0039403276
2459367.8148898026,0.003968358,0.0039466075
2459367.8162786993,-0.0022479892,0.003944025
2459367.8176675956,-0.0029653907,0.0039433897
2459367.8190564923,0.00081408024,0.003942924
2459367.8204453886,0.0011860132,0.0039461097
2459367.8218342853,0.008531928,0.0039519276
2459367.823223182,0.0008786917,0.0039460193
2459367.824612078,0.0047802925,0.0039468193
2459367.8260009745,0.005230665,0.003947009
2459367.8273898712,0.0031063557,0.003945665
2459367.828778768,0.0033128262,0.0039460156
2459367.830167664,0.0039829016,0.0039494513
2459367.831556561,0.0011166334,0.003945965
2459367.832945457,-0.0002899766,0.0039466037
2459367.8343343535,0.0022565126,0.003946759
2459367.83572325,0.0004093647,0.0039468477
2459367.837112147,-0.0051680803,0.0039443388
2459367.838501043,0.0018283129,0.0039496077
2459367.8398899394,-0.0024594665,0.003945239
2459367.841278836,-0.0071842074,0.0039420286
2459367.8426677324,-0.0023558736,0.0039448496
2459367.844056629,-0.0011072755,0.0039468547
2459367.845445526,-0.0013154149,0.0039456645
2459367.846834422,-0.0045062304,0.0039457716
2459367.8482233183,-0.0004361868,0.0039450834
2459367.849612215,-0.00041556358,0.003945193
2459367.8510011113,-0.0012055635,0.003944118
2459367.852390008,-0.0024528503,0.0039464417
2459367.853778905,0.0016160011,0.0039463723
2459367.8551678006,-0.0026113987,0.0039446615
2459367.8565566973,0.0002707243,0.003946744
2459367.857945594,-0.0016397834,0.003946935
2459367.8593344903,0.0084427595,0.003954479
2459367.860723387,0.0013982058,0.003950203
2459367.8621122832,-6.181002e-05,0.003947598
2459367.8635011795,-0.00011640787,0.003950067
2459367.864890076,0.0037953854,0.0039514033
2459367.8662789725,0.0034081936,0.003951756
2459367.867667869,0.00094747543,0.003947975
2459367.8690567655,-6.633997e-05,0.0039460966
2459367.8704456617,0.0001462698,0.0039490703
2459367.871834558,0.005282998,0.003955131
2459367.8732234547,0.006615758,0.0039526667
2459367.8746123514,0.0018337965,0.003948559
2459367.8760012477,0.0022047758,0.0039481428
2459367.8773901444,0.0022425652,0.0039502187
2459367.87877904,-0.0017431378,0.003946497
2459367.880167937,-0.001826942,0.003952613
2459367.881556833,0.0009983778,0.003951005
2459367.88294573,-0.002731502,0.0039460235
2459367.884334626,-0.001616776,0.0039476226
2459367.885723523,0.0031671524,0.0039508035
2459367.8871124187,-0.0035754442,0.003944868
2459367.8885013154,-0.0013186336,0.0039481972
2459367.8898902116,0.0018364191,0.0039500194
2459367.8912791084,-0.0019181967,0.003949195
2459367.892668005,0.0059856176,0.003951741
2459367.894056901,-0.000977695,0.0039483197
2459367.8954457976,-0.0022398233,0.0039478065
2459367.896834694,0.0016887188,0.0039495453
2459367.89822359,0.00042760372,0.0039461926
2459367.899612487,-0.0048950315,0.0039429693
2459367.901001383,0.0035202503,0.0039524618
2459367.9023902793,0.0021255016,0.003948121
2459367.9037791756,0.0023903847,0.0039506056
2459367.9051680723,-0.0024331808,0.003950518
2459367.9065569686,0.0074574947,0.003954396
2459367.9079458653,0.0052936077,0.0039486377
2459367.909334761,0.00050354004,0.0039496943
2459367.910723658,-0.001693964,0.003949393
2459367.912112554,0.002547741,0.003951868
2459367.913501451,-0.0012542009,0.0039475453
2459367.914890347,-0.004425049,0.00394506
2459367.9162792433,-0.0013365746,0.0039504464
2459367.9176681396,0.0030002594,0.003951694
2459367.919057036,-0.0028210878,0.003950425
2459367.9204459325,0.004437566,0.0039522364
2459367.921834829,-0.0036597252,0.003948451
2459367.9232237255,-0.0029889941,0.003948314
2459367.9246126213,0.006962657,0.003954784
2459367.9260015176,-0.0046117306,0.00395093
2459367.9273904143,0.006695509,0.003955313
2459367.9287793105,0.0039020777,0.003954264
2459367.9301682073,-0.00063085556,0.0039493353
2459367.9315571035,0.0049972534,0.0039552273
2459367.9329459993,-0.008885503,0.003944513
2459367.934334896,-0.0012984276,0.0039506387
2459367.9357237923,-0.0028108358,0.0039505386
2459367.9371126886,-0.003937125,0.00394811
2459367.9385015853,0.0063682795,0.003953942
2459367.939890481,0.006740093,0.003957972
2459367.9412793773,0.0005502701,0.003950944
2459367.942668274,0.006941676,0.0039548725
2459367.9440571703,-7.688999e-06,0.0039510233
2459367.9454460666,0.0016088486,0.003952058
2459367.9468349633,-0.0013731122,0.003951072
2459367.948223859,-0.0036553144,0.0039490922
2459367.9496127553,0.0023224354,0.003951889
2459367.951001652,-0.001830101,0.003953483
2459367.9523905483,0.0062117577,0.0039551617
2459367.9537794446,0.00038456917,0.0039513167
2459367.9551683413,0.00230515,0.0039567943
2459367.956557237,0.009145021,0.0039573973
2459367.9579461333,0.0033789873,0.003952409
2459367.95933503,-0.0016832948,0.0039484
2459367.9607239263,0.001455307,0.0039536348
2459367.9621128226,0.002000451,0.0039511654
2459367.9635017184,0.0075292587,0.0039562606
2459367.964890615,-0.0043089986,0.0039481986
2459367.9662795113,-0.005320132,0.0039444007
2459367.9676684076,-0.003747046,0.0039464254
2459367.9690573043,0.0034633875,0.003952171
2459367.9704462006,0.0013277531,0.0039487723
2459367.9718350964,-0.0035585165,0.0039488506
2459367.9732239926,-0.00045222044,0.003953254
2459367.9746128893,0.002826929,0.003951604
2459367.9760017856,0.0016593933,0.003953241
2459367.977390682,0.005509734,0.003954555
2459367.9787795777,-0.001807332,0.0039474573
2459367.9801684744,0.0020906925,0.003951129
2459367.9815573706,0.0008021593,0.0039506066
2459367.982946267,0.0017148256,0.0039523756
2459367.984335163,0.001129508,0.0039515183
2459367.9857240594,5.6505203e-05,0.0039468757
2459367.9871129557,0.002278924,0.003950951
2459367.988501852,-0.0004890561,0.003949126
2459367.989890748,-0.0013586283,0.0039464855
2459367.9912796444,0.004357815,0.0039495477
2459367.9926685407,0.0052343607,0.003952065
2459367.994057437,-0.003798902,0.0039430913
2459367.995446333,0.0017447472,0.0039526434
2459367.9968352295,0.0040932894,0.0039499574
2459367.9982241257,0.0021791458,0.003951091
2459367.999613022,0.0014212132,0.003948736
2459368.001001918,-0.0010336637,0.003947171
2459368.0023908145,-0.0002796054,0.003949286
2459368.0037797107,0.004039049,0.0039513293
2459368.005168607,0.0026298761,0.0039495756
2459368.0065575032,0.0007561445,0.0039475863
2459368.0079463995,0.006163597,0.0039534704
2459368.0093352953,-6.8724155e-05,0.0039487057
2459368.0107241916,0.0009391308,0.003948178
2459368.0121130883,0.0031205416,0.003949863
2459368.0135019845,0.0073884726,0.003953481
2459368.014890881,-0.004260421,0.0039437735
2459368.016279777,0.0026803017,0.0039486685
2459368.017668673,-0.003106594,0.0039444906
2459368.019057569,0.0045832396,0.0039473563
2459368.0204464654,-0.0061610937,0.003943319
2459368.0218353616,0.0024746656,0.0039485395
2459368.023224258,-0.0013353825,0.0039459523
2459368.024613154,0.0034307241,0.0039487667
2459368.0260020504,0.0027911663,0.003951691
2459368.0273909466,-0.0038546324,0.0039445795
2459368.028779843,-9.316206e-05,0.003946944
2459368.030168739,-0.005459845,0.0039399667
2459368.0315576354,0.00038683414,0.003950379
2459368.032946531,0.00038659573,0.003945878
2459368.0343354275,-4.8458576e-05,0.003946633
2459368.0357243237,8.535385e-05,0.003945088
2459368.03711322,-0.0041075945,0.003942425
2459368.038502116,-0.00086057186,0.0039443104
2459368.0398910125,-0.0025114417,0.003942522
2459368.0412799083,0.0019966364,0.0039471183
2459368.0426688045,0.0030466318,0.003946858
2459368.044057701,-0.0009786487,0.0039472384
2459368.045446597,0.0044289827,0.003947733
2459368.0468354933,-0.0014951229,0.003944146
2459368.048224389,-0.0005941391,0.003946412
2459368.0496132853,-0.0028541088,0.0039448463
2459368.0510021816,0.0059318542,0.0039477786
2459368.052391078,0.0013692379,0.0039472724
2459368.053779974,-0.00055217743,0.003943962
2459368.0551688704,-0.00591439,0.003940213
2459368.056557766,0.0019519329,0.0039454866
2459368.0579466624,0.0025281906,0.00394542
2459368.0593355587,-0.0054878592,0.003939968
2459368.060724455,0.0030474663,0.003947503
2459368.062113351,0.00021839142,0.003943813
2459368.063502247,0.0061204433,0.0039488086
2459368.0648911432,0.0007894039,0.0039418684
2459368.0662800395,0.0043286085,0.0039480976
2459368.0676689357,0.002769947,0.0039450494
2459368.069057832,0.0008496046,0.0039452547
2459368.0704467283,0.0068496466,0.0039488445
2459368.071835624,0.0052319765,0.0039438196
2459368.0732245203,0.0010588169,0.003943422
2459368.0746134166,0.0006123781,0.0039424314
2459368.076002313,0.008140922,0.0039464133
2459368.0773912086,0.0034418106,0.0039451374
2459368.0787801044,-0.0014155507,0.0039419034
2459368.0801690007,-0.00019448996,0.003940775
2459368.081557897,-0.006408632,0.003936269
2459368.082946793,-0.0065779686,0.0039351443
2459368.0843356894,-0.0036543012,0.003940108
2459368.0857245857,0.0036389828,0.0039440733
2459368.0871134815,-0.0014551282,0.003941395
2459368.0885023777,-0.00010353327,0.003940335
2459368.089891274,-0.0011370182,0.0039412756
2459368.09128017,0.0064151287,0.0039434205
2459368.092669066,0.0024672747,0.003940196
2459368.094057962,-0.00078326464,0.0039419765
2459368.095446858,-0.0013304353,0.003939328
2459368.0968357543,-0.0022075176,0.0039385804
2459368.0982246506,0.00015902519,0.003936997
2459368.099613547,0.011653304,0.0039487267
2459368.1010024427,0.0011245012,0.0039422726
2459368.1023913384,0.003412962,0.0039408556
2459368.1037802347,-0.0012616515,0.003936143
2459368.105169131,0.007172942,0.00394844
2459368.106558027,-0.0016141534,0.0039380915
2459368.1079469235,-0.0032898784,0.0039361925
2459368.1093358193,-0.00073736906,0.003938174
2459368.110724715,-0.0024026036,0.003936866
2459368.1121136113,-0.0050643086,0.0039387206
2459368.1135025076,0.0008237362,0.003940483
2459368.114891404,-0.0043299794,0.0039355843
2459368.1162802996,-0.00095522404,0.0039413627
2459368.1176691954,0.006509304,0.003945578
2459368.1190580917,0.005286336,0.0039492785
2459368.120446988,0.006067276,0.003942577
2459368.121835884,-0.0051761866,0.00393406
2459368.12322478,0.0021607876,0.003942546
2459368.124613676,-0.0028489828,0.003941212
2459368.126002572,0.0033590794,0.0039420784
2459368.1273914683,0.0008505583,0.0039418032
2459368.128780364,0.0022809505,0.0039440156
2459368.1301692603,-8.1419945e-05,0.003939778
2459368.1315581566,0.002664566,0.0039452864
2459368.1329470524,-0.0009458661,0.0039398223
2459368.134335948,0.0045520067,0.003942904
2459368.1357248444,-0.0053684115,0.0039385012
2459368.1371137407,-0.010136843,0.003932818
2459368.1385026365,-0.00325495,0.003938166
2459368.1398915327,0.0011941195,0.003940477
2459368.1412804285,0.0008074045,0.003944822
2459368.1426693248,-0.0032691956,0.0039379457
2459368.1440582206,0.0017127991,0.003944169
2459368.145447117,0.0031176805,0.003944346
2459368.146836013,-0.0012270212,0.003940778
2459368.1482249084,0.0028685331,0.0039403024
2459368.1496138046,-0.0019978285,0.0039363694
2459368.151002701,0.00092053413,0.003944256
2459368.1523915967,-0.012625456,0.003930278
2459368.153780493,-0.001431644,0.0039399057
2459368.155169389,-0.007611692,0.003935708
2459368.1565582845,-0.0076046586,0.0039355946
2459368.157947181,0.001004219,0.0039415867
2459368.159336077,-0.00018715858,0.0039392426
2459368.160724973,0.00187397,0.003945215
2459368.162113869,-0.0028762817,0.0039405776
2459368.163502765,-0.00902909,0.003936625
2459368.1648916607,-0.0069024563,0.0039348183
2459368.166280557,-0.0018604994,0.0039377115
2459368.167669453,0.0031330585,0.0039419825
2459368.169058349,0.004112482,0.0039459825
2459368.1704472452,0.006686926,0.003942228
2459368.1718361406,0.00041997433,0.003942168
2459368.173225037,-0.003757,0.003935389
2459368.174613933,0.0040478706,0.003941482
2459368.176002829,0.00036728382,0.00394269
2459368.177391725,-0.0033673644,0.0039365673
2459368.1787806214,0.0050139427,0.003943295
2459368.1801695167,-0.0065461993,0.0039344886
2459368.181558413,0.0007505417,0.0039376137
2459368.1829473088,-0.0006560087,0.0039325757
2459368.184336205,0.0030304193,0.003942642
2459368.185725101,0.0021517277,0.003939345
2459368.1871139966,-0.0073527694,0.0039295265
2459368.188502893,-0.0013903975,0.0039399792
2459368.1898917886,-0.0026734471,0.0039367327
2459368.191280685,0.0014469624,0.0039399373
2459368.1926695807,-0.0010769963,0.00393819
2459368.194058477,0.0014258623,0.003940288
2459368.1954473723,0.0005373955,0.0039376174
2459368.1968362685,0.004241824,0.0039415434
2459368.1982251643,-0.0007547736,0.003937509
2459368.1996140606,-0.002036035,0.003937733
2459368.2010029564,0.0020042658,0.0039413823
2459368.202391852,0.0011283159,0.003940301
2459368.203780748,-0.00028336048,0.0039390386
2459368.205169644,0.004753709,0.003938599
2459368.20655854,-0.0030700564,0.003933571
2459368.2079474363,0.0034874678,0.0039438014
2459368.209336332,0.000172019,0.0039419206
2459368.210725228,0.0003464222,0.0039423434
2459368.2121141236,-0.0018440485,0.003940061
2459368.21350302,0.0001732111,0.003939932
2459368.2148919157,-0.0006740689,0.003933103
2459368.216280812,0.0064792633,0.003945291
2459368.2176697073,0.006914377,0.0039436934
2459368.2190586035,-0.004156649,0.0039373036
2459368.2204474993,0.0043365955,0.003937744
2459368.2218363956,-0.0041897893,0.0039424077
2459368.2232252914,0.0007406473,0.003938058
2459368.2246141876,-0.00070619583,0.0039403006
2459368.226003083,0.0005155802,0.0039431546
2459368.2273919787,0.00067031384,0.003942133
2459368.228780875,0.0033603907,0.0039461013
2459368.230169771,-0.0034261942,0.003940617
2459368.231558667,-0.0015323162,0.0039427853
2459368.2329475624,0.00093078613,0.003941312
2459368.2343364586,0.0069229603,0.003946683
2459368.2357253544,0.0045895576,0.0039443974
2459368.23711425,0.003387928,0.003943812
2459368.2385031465,-0.0016793013,0.0039459416
2459368.2398920422,-0.004116535,0.0039396957
2459368.241280938,-0.0005515814,0.0039439593
2459368.242669834,0.0012667179,0.0039449204
2459368.2440587296,0.00356102,0.0039481986
2459368.245447626,-0.0011641979,0.0039456603
2459368.2468365217,0.004238248,0.003944301
2459368.2482254175,0.0060579777,0.003946703
2459368.2496143132,0.002143383,0.0039448333
2459368.251003209,0.0034415722,0.0039436994
2459368.2523921053,0.0011924505,0.0039441306
2459368.253781001,0.0013827085,0.003945079
2459368.255169897,-0.004373789,0.0039389967
2459368.2565587927,0.0065529346,0.0039488724
2459368.2579476885,-0.0020182729,0.0039485334
2459368.2593365842,-0.0083143115,0.0039396994
2459368.2607254805,0.0016245842,0.003946431
2459368.2621143763,0.0015057325,0.0039448384
2459368.263503272,-0.000626564,0.003943444
2459368.264892168,0.0017809868,0.003946424
2459368.2662810637,0.0021407604,0.0039472
2459368.2676699595,0.0019396544,0.0039427094
2459368.2690588557,0.0011788607,0.003944556
2459368.2704477515,0.008697987,0.0039484603
2459368.271836647,-0.0016693473,0.0039415313
2459368.2732255426,5.9247017e-05,0.003947201
2459368.274614439,-0.0023602247,0.0039393725
2459368.2760033347,0.002270341,0.0039436817
2459368.2773922305,0.000980854,0.003947005
2459368.2787811267,0.003299594,0.0039463607
2459368.280170022,-0.0026330948,0.003942229
2459368.281558918,-0.00068694353,0.0039407844
2459368.2829478136,-0.0072873235,0.0039375178
2459368.28433671,0.0018200874,0.0039411793
2459368.2857256057,0.0030989647,0.003947841
2459368.287114501,0.0021072626,0.0039413865
2459368.288503397,-0.005746484,0.0039381045
2459368.289892293,0.008616805,0.003945538
2459368.291281189,0.0055230856,0.003945708
2459368.2926700846,0.00015091896,0.0039427816
2459368.2940589804,-0.0008689165,0.0039436105
2459368.2954478757,-0.00462991,0.003934
2459368.296836772,0.0017914772,0.00394621
2459368.298225668,-0.0010892749,0.0039452133
2459368.2996145636,0.0011944771,0.003943783
2459368.3010034594,-0.0008818507,0.0039455593
2459368.302392355,0.001824975,0.0039425823
2459368.303781251,-8.2314014e-05,0.003941831
2459368.3051701467,0.002091527,0.003943885
2459368.3065590425,0.0047210455,0.0039473022
2459368.3079479383,0.007161498,0.0039468645
2459368.309336834,-0.00068473816,0.0039448133
2459368.31072573,-0.0010741949,0.0039396645
2459368.3121146257,0.00017166138,0.0039450736
2459368.3135035215,0.0018402338,0.003943566
2459368.316281313,-0.0018086433,0.003939141
2459368.3176702084,0.004829526,0.003941008
2459368.3190591047,-0.0067525506,0.0039372663
2459368.330170271,0.003033042,0.0039500273
2459368.331559167,-0.0012859106,0.003941859
2459368.3329480626,-0.002090454,0.0039441157
2459368.334336958,-0.001739502,0.003942488
2459368.3357258537,-0.0022252202,0.0039467905
2459368.3371147495,0.006821394,0.003949295
2459368.3385036453,0.0025771856,0.0039453413
2459368.339892541,-0.011120677,0.003937567
2459368.3412814364,-0.0037736893,0.0039450107
2459368.342670332,0.0026515722,0.0039477353
2459368.344059228,-0.004349351,0.0039415704
2459368.3454481238,0.0026886463,0.003947819
2459368.3468370195,-0.004981041,0.0039402177
2459368.348225916,-0.003452599,0.003940667
2459368.349614811,-0.0034199953,0.003942922
2459368.351003707,-0.0035803914,0.0039413394
2459368.3523926027,-0.00070637465,0.003943459
2459368.3537814985,0.0053663254,0.003948565
2459368.3551703943,0.00023674965,0.0039460678
2459368.3565592896,0.0028631687,0.003946244
2459368.3579481854,0.0032148361,0.003943932
2459368.359337081,0.0011467934,0.003944046
2459368.360725977,-0.0014284849,0.0039436175
2459368.362114873,-0.006213367,0.003937732
2459368.3635037686,-0.0013190508,0.0039445045
2459368.364892664,-0.0027247667,0.003938714
2459368.3662815597,0.0015641451,0.0039447383
2459368.3676704555,0.00088357925,0.0039430284
2459368.3690593513,-0.0017328262,0.0039411457
2459368.370448247,0.003190279,0.0039447923
2459368.3718371424,0.002303958,0.0039445045
2459368.373226038,0.0047718287,0.003947696
2459368.374614934,-0.0027421713,0.003941857
2459368.3760038298,0.0010492802,0.0039410093
2459368.3773927256,0.0020980835,0.0039455895
2459368.3787816213,-0.0052090287,0.0039368006
2459368.380170516,0.0057241917,0.003946625
2459368.381559412,0.0023924112,0.003943601
2459368.382948308,-0.0005028844,0.003941552
2459368.3843372036,0.0006002188,0.0039428053
2459368.3857260994,-0.003269434,0.0039413176
2459368.3871149947,0.00087821484,0.0039441204
2459368.3885038905,-0.00073069334,0.003941
2459368.3898927863,-0.007473707,0.003933872
2459368.391281682,-0.0045517087,0.0039374013
2459368.392670578,0.00474298,0.003945164
2459368.3940594736,0.0025755167,0.0039420305
2459368.395448369,0.0019222498,0.0039432477
2459368.3968372648,-0.0030705333,0.0039400263
2459368.39822616,4.6014786e-05,0.0039411606
2459368.399615056,-0.004392743,0.0039331834
2459368.4010039517,0.005210161,0.003943113
2459368.4023928475,0.0028128624,0.0039466964
2459368.403781743,0.0027258396,0.003943364
2459368.4051706386,0.0041006804,0.003943608
2459368.4065595344,-0.0036870241,0.003941368
2459368.40794843,0.0030413866,0.0039427634
2459368.4093373255,-0.00234437,0.0039411397
2459368.410726221,0.0011298656,0.0039419145
2459368.4121151166,-0.004679799,0.003933749
2459368.4135040124,-0.004276693,0.003936882
2459368.414892908,0.011655331,0.0039463695
2459368.416281804,0.0035059452,0.0039422256
2459368.4176706993,0.0019911528,0.0039373836
2459368.4190595946,0.00571084,0.003941616
2459368.4204484904,0.0030959845,0.0039430116
2459368.421837386,-0.004353404,0.003935716
2459368.423226282,0.00028300285,0.003939046
2459368.4246151773,-3.6597252e-05,0.0039384626
2459368.4260040727,-0.0051311255,0.003935033
2459368.4273929684,0.0049003363,0.00394158
2459368.4287818642,-0.0038989782,0.0039372067
2459368.43017076,0.00012266636,0.0039379224
2459368.4315596553,-0.001809597,0.003935963
2459368.432948551,-0.0053512454,0.00393119
2459368.4343374465,-0.004973352,0.0039310907
2459368.4357263423,0.00072062016,0.0039391145
2459368.437115238,-7.1406364e-05,0.003937591
2459368.4385041334,0.002569437,0.0039400775
2459368.439893029,0.00085258484,0.0039393026
2459368.4412819245,0.00083744526,0.00393754
2459368.4426708203,-0.006272912,0.0039329403
2459368.4440597156,-0.0033495426,0.0039349594
2459368.4454486114,-0.0021951199,0.003935851
2459368.446837507,-0.005342722,0.0039338837
2459368.4482264025,-0.00047969818,0.0039368286
2459368.449615298,0.0012509823,0.0039392924
2459368.4510041936,-0.0026099086,0.0039341915
2459368.4523930894,-3.1352043e-05,0.003936525
2459368.4537819847,0.0010939837,0.0039402624
2459368.4551708805,-0.0036417842,0.0039354996
2459368.456559776,0.0016312599,0.0039361836
2459368.457948671,0.0033239126,0.003942607
2459368.459337567,0.00581491,0.003938085
2459368.460726463,-0.0065760016,0.003933529
2459368.4621153586,-0.0027498007,0.0039354903
2459368.463504254,0.007192135,0.0039386963
2459368.464893149,-0.0019788146,0.0039359797
2459368.466282045,-0.0024091601,0.0039332276
2459368.4676709403,-0.0020682216,0.0039362945
2459368.469059836,-0.0008176565,0.003934688
2459368.470448732,-0.0028898716,0.003935741
2459368.471837627,0.000341177,0.0039366833
2459368.4732265226,0.0032978058,0.003943014
2459368.474615418,-0.0067579746,0.0039317003
2459368.4760043137,-0.0005506873,0.003932926
2459368.4773932095,0.002073288,0.003938525
2459368.478782105,0.0031591654,0.003940241
2459368.480171,0.0031186342,0.0039387722
2459368.481559896,0.0074318647,0.003939709
2459368.4829487912,0.00031900406,0.003937993
2459368.484337687,-0.00018513203,0.003937378
2459368.4857265824,0.0019379854,0.003936794
2459368.487115478,0.0063513517,0.0039426447
2459368.4885043735,-0.002617836,0.003935741
2459368.489893269,-0.0042954683,0.0039310576
2459368.4912821646,-0.0035638213,0.003933893
2459368.49267106,-0.00038290024,0.003934099
2459368.4940599557,-0.0018857121,0.0039330004
2459368.495448851,0.004237652,0.0039379583
2459368.4968377464,-0.004314244,0.003935911
2459368.498226642,0.0059342384,0.003940283
2459368.4996155375,0.006958127,0.003943457
2459368.5010044333,-0.0009875894,0.00393774
2459368.5023933286,0.0038199425,0.003940024
2459368.503782224,-7.0393085e-05,0.0039347527
2459368.5051711197,0.0030874014,0.0039378423
2459368.506560015,0.0034229755,0.0039377273
2459368.507948911,-0.00030380487,0.003936743
2459368.509337806,0.0010435581,0.0039385757
2459368.5107267015,-0.0005851388,0.0039375923
2459368.512115597,-8.422136e-05,0.003936973
2459368.5135044926,0.00054359436,0.003940033
2459368.514893388,0.0018497705,0.0039389227
2459368.5162822837,0.004812479,0.0039389697
2459368.517671179,0.001255393,0.00394108
2459368.5190600744,-0.0010231137,0.0039360183
2459368.5204489697,-0.009406447,0.0039319857
2459368.5218378655,0.0058084726,0.0039408407
2459368.523226761,-0.002747178,0.0039357524
2459368.5246156566,-0.00101614,0.0039380626
2459368.5260045514,0.0011267662,0.0039392547
2459368.5273934472,0.0057543516,0.0039435267
2459368.5287823426,0.0005829334,0.00393651
2459368.5301712384,0.0029398203,0.0039417855
2459368.5315601337,-0.0010637641,0.003937615
2459368.5329490295,-0.00053453445,0.003938948
2459368.5343379243,-0.000307858,0.00394049
2459368.5357268197,0.0052734613,0.003942918
2459368.5371157154,-0.0020232797,0.0039369096
2459368.538504611,-0.0034734607,0.003938173
2459368.5398935066,-0.0028200746,0.003937394
2459368.5412824014,-0.0072310567,0.00393405
2459368.542671297,-0.00083994865,0.003936846
2459368.5440601925,-0.0015205741,0.003939197
2459368.545449088,0.0004684925,0.0039426032
2459368.5468379837,-0.0033991933,0.003939481
2459368.548226879,0.0032089949,0.0039404044
2459368.5496157743,0.002998829,0.003943072
2459368.5510046696,0.0021252632,0.0039453367
2459368.552393565,0.0009471178,0.003940886
2459368.5537824607,-0.0029762983,0.00393835
2459368.555171356,-0.00022041798,0.0039403634
2459368.556560252,-0.002651155,0.003939003
2459368.5579491467,-0.0012201071,0.003943875
2459368.559338042,-0.0013355613,0.0039411946
2459368.560726938,0.0008022785,0.0039411676
2459368.562115833,-0.0033329725,0.0039379145
2459368.5635047285,0.0029296875,0.0039443946
2459368.564893624,2.360344e-05,0.0039384062
2459368.566282519,-0.0046391487,0.003942045
2459368.5676714145,-0.0061298013,0.0039397953
2459368.5690603103,-0.0006676316,0.003943168
2459368.5704492056,0.003431797,0.0039440687
2459368.571838101,-0.00086802244,0.0039414996
2459368.573226996,-0.0031712055,0.0039400863
2459368.5746158916,0.0005122423,0.003944133
2459368.576004787,-0.00031334162,0.0039439024
2459368.5773936827,0.0049039125,0.003948379
2459368.578782578,0.0049129725,0.003949716
2459368.580171473,-0.0069737434,0.0039385604
2459368.5815603686,0.0016304255,0.003945879
2459368.582949264,0.0027967691,0.003947344
2459368.5843381593,-0.00027382374,0.0039443285
2459368.585727055,-0.005353272,0.0039401758
2459368.5871159504,-0.0013139248,0.0039444845
2459368.5885048453,0.0038372278,0.0039485125
2459368.5898937406,-0.0012860894,0.0039454796
2459368.5912826364,0.011002779,0.003953063
2459368.5926715317,0.0063780546,0.003949335
2459368.594060427,0.0028241873,0.003948548
2459368.595449322,0.00462687,0.003949194
2459368.5968382177,0.002469778,0.0039467635
2459368.598227113,0.0023965836,0.0039484436
2459368.5996160083,0.0021922588,0.003949442
2459368.6010049037,0.001747489,0.0039489237
2459368.6023937995,0.00016105175,0.0039465413
2459368.6037826943,-0.00025957823,0.0039457907
2459368.6051715896,0.0037999153,0.0039487346
2459368.606560485,-0.0029417276,0.0039466615
2459368.6079493808,0.006148815,0.00395182
2459368.609338276,-0.0015536547,0.003949245
2459368.610727171,-0.006079018,0.00394392
2459368.6121160663,0.00074088573,0.003949537
2459368.6135049616,-0.00085401535,0.0039486513
2459368.6148938574,-0.004200816,0.0039471104
2459368.6162827527,0.00022614002,0.0039494177
2459368.617671648,-0.00021380186,0.003950036
2459368.619060543,-0.00041615963,0.0039501293
2459368.620449438,0.002949357,0.003950566
2459368.6218383336,0.00043475628,0.0039495197
2459368.6232272293,0.0016541481,0.003950692
2459368.6246161247,-0.005145371,0.0039458405
2459368.62600502,-0.0017030835,0.0039504836
2459368.627393915,0.004172921,0.0039528715
2459368.62878281,0.001298666,0.0039517744
2459368.6301717055,-0.0020929575,0.0039507416
2459368.631560601,-0.0021096468,0.003949452
2459368.6329494966,0.0017752647,0.0039534154
2459368.6343383915,0.0021654367,0.003955346
2459368.635727287,-0.002297461,0.0039480077
2459368.637116182,0.0010304451,0.0039532417
2459368.6385050775,0.0032174587,0.003957795
2459368.639893973,-0.006010413,0.003950617
2459368.641282868,0.0017030239,0.0039552697
2459368.642671763,-0.0056828856,0.0039512715
2459368.6440606588,-0.005751431,0.003947595
2459368.645449554,0.0005095005,0.0039509176
2459368.6468384494,0.0039491653,0.0039550443
2459368.6482273447,0.0007351637,0.0039547994
2459368.6496162396,0.0005072355,0.0039513637
2459368.651005135,-0.002239287,0.0039528366
2459368.6523940302,-0.0012079477,0.0039562867
2459368.6537829256,-3.9875507e-05,0.003954818
2459368.655171821,-0.00066268444,0.0039534788
2459368.656560716,-0.00058943033,0.003953529
2459368.657949611,0.00308609,0.003956359
2459368.6593385064,-0.0035974383,0.003952618
2459368.6607274017,-0.0002720356,0.003953973
2459368.662116297,0.00014650822,0.0039543
2459368.6635051924,0.0052855015,0.0039594676
2459368.6648940872,-0.0012643933,0.0039533894
2459368.666282983,0.005167365,0.0039594895
2459368.6676718784,-0.0006905794,0.003955401
2459368.6690607737,-0.004591882,0.0039513167
2459368.670449669,-0.0012432933,0.003954198
2459368.6718385643,-0.00457716,0.003953669
2459368.673227459,7.271767e-05,0.0039549754
2459368.6746163545,-0.0012200475,0.0039574327
2459368.67600525,0.0030449629,0.003956308
2459368.677394145,0.0035966635,0.0039592134
2459368.6787830405,0.0016518831,0.0039609727
2459368.6801719354,-0.005990565,0.0039528217
2459368.6815608307,0.005302787,0.003960007
2459368.6829497255,0.0029108524,0.0039579323
2459368.684338621,0.005547881,0.003958525
2459368.685727516,-0.0036944747,0.0039534476
2459368.6871164115,-0.00046533346,0.0039571715
2459368.6885053064,0.0032838583,0.003958121
2459368.6898942017,-0.0003874302,0.003955544
2459368.691283097,-0.0033071637,0.003953286
2459368.6926719924,-0.0020449758,0.0039567943
2459368.6940608877,-0.0036576986,0.003953419
2459368.6954497825,-0.0058152676,0.003951741
2459368.696838678,-0.0022951365,0.003955328
2459368.698227573,-3.2007694e-05,0.00395705
2459368.6996164685,-0.0014857054,0.0039537223
2459368.701005364,-0.003755629,0.003954413
2459368.702394259,0.0016133785,0.0039580553
2459368.703783154,-0.00031203032,0.0039572874
2459368.705172049,0.0047079325,0.0039594327
2459368.706560944,0.004073024,0.003960326
2459368.7079498395,0.00062584877,0.003956524
2459368.709338735,-0.0036367774,0.00395581
2459368.71072763,-0.00017130375,0.0039580436
2459368.712116525,-0.003291607,0.003953255
2459368.7135054204,0.0023469925,0.0039579254
2459368.7148943157,-0.0011412501,0.0039546667
2459368.716283211,-0.0018426776,0.003954876
2459368.717672106,-0.003237784,0.0039517046
2459368.7190610007,-0.00018537045,0.0039562564
2459368.720449896,0.005146742,0.003962219
2459368.7218387914,0.0023745298,0.0039569554
2459368.7232276867,-0.0048133135,0.00395158
2459368.724616582,-0.004862666,0.0039526336
2459368.726005477,-0.0011591315,0.003956035
2459368.7273943718,0.0019800663,0.0039585615
2459368.728783267,0.004665017,0.0039604884
2459368.7301721624,-0.005388081,0.0039492473
2459368.7315610577,0.0019830465,0.003956852
2459368.732949953,-0.0028862953,0.0039545163
2459368.7343388475,0.0038882494,0.0039581507
2459368.735727743,0.0050908327,0.0039584786
2459368.737116638,-0.0038556457,0.0039540105
2459368.7385055334,-0.0023495555,0.0039557484
2459368.7398944288,-5.1915646e-05,0.0039556366
2459368.7412833236,0.00434947,0.0039565903
2459368.7426722185,-0.004717827,0.003954136
2459368.744061114,0.010184646,0.0039626695
2459368.745450009,0.0026385784,0.003958666
2459368.746838904,-0.002801299,0.0039523733
2459368.7482277993,-0.00326854,0.0039534206
2459368.749616694,0.00086665154,0.0039590253
2459368.7510055895,-0.00065243244,0.0039568376
2459368.7523944844,0.0047922134,0.0039583733
2459368.7537833797,0.00063598156,0.003954672
2459368.755172275,-0.0021458268,0.003954832
2459368.7565611703,-0.0012276769,0.003954713
2459368.7579500647,-0.0029923916,0.00395398
2459368.75933896,0.0007876158,0.003952843
2459368.7607278554,-0.00028419495,0.003954299
2459368.7621167507,0.00079095364,0.0039573084
2459368.7635056456,0.0028378963,0.0039569414
2459368.7648945404,-0.0017755032,0.0039536804
2459368.7662834357,0.0067312717,0.0039592776
2459368.7676723306,-0.004024625,0.003952918
2459368.769061226,-0.00083994865,0.0039525745
2459368.7704501213,-0.0039827824,0.003955273
2459368.771839016,0.0017586946,0.00395601
2459368.773227911,-0.0035614371,0.003952547
2459368.7746168063,0.0018947124,0.003960139
2459368.7760057016,-0.00022214651,0.0039551193
2459368.7773945965,-0.0030166507,0.0039529377
2459368.778783492,0.0029398203,0.003958254
2459368.7801723867,-7.69496e-05,0.003953526
2459368.7815612815,-0.004563451,0.003951802
2459368.782950177,0.0046890974,0.003955831
2459368.7843390717,-0.0044313073,0.0039528445
2459368.785727967,0.009220123,0.003963632
2459368.7871168624,0.0051180124,0.003959496
2459368.7885057568,-0.0025671124,0.003956444
2459368.789894652,-0.0033432841,0.003951524
2459368.7912835474,-0.0071792006,0.0039486946
2459368.7926724423,-0.002636671,0.0039521502
2459368.7940613376,-0.0069866776,0.0039500995
2459368.7954502325,0.0046123266,0.0039580753
2459368.7968391273,0.00082468987,0.0039540636
2459368.7982280226,0.0023995638,0.003956586
2459368.7996169175,-0.00095516443,0.0039553205
2459368.801005813,-0.001998067,0.003952383
2459368.8023947077,-0.0069702268,0.0039504752
2459368.8037836025,0.004525304,0.003957822
2459368.805172498,0.00027692318,0.0039587272
2459368.8065613927,0.0042262077,0.003956467
2459368.807950288,-0.005510032,0.0039531463
2459368.809339183,0.0074825287,0.003961346
2459368.8107280782,0.0067032576,0.0039582546
2459368.8121169726,0.0067362785,0.003959238
2459368.813505868,0.00018119812,0.0039560515
2459368.8148947633,0.0015137196,0.0039551533
2459368.816283658,0.0054632425,0.0039573875
2459368.8176725535,-0.0023251772,0.0039530057
2459368.819061448,-0.0046363473,0.0039517283
2459368.820450343,-0.00084614754,0.0039562257
2459368.821839238,0.0018517971,0.003955872
2459368.8232281334,-0.0035469532,0.0039515155
2459368.8246170282,-0.0064582825,0.00395095
2459368.8260059236,0.00018632412,0.003954229
2459368.827394818,0.0015668869,0.0039539705
2459368.8287837133,-0.0016728044,0.0039555146
2459368.830172608,0.0013910532,0.0039577563
2459368.8315615035,0.00010204315,0.003952952
2459368.8329503983,0.00049209595,0.0039567063
2459368.834339293,0.0031540394,0.003957674
2459368.835728188,0.0021185875,0.003958203
2459368.8371170834,0.006643057,0.0039598295
2459368.838505978,0.0058460236,0.003961418
2459368.8398948736,-0.0048900843,0.003952631
2459368.8412837684,0.008167267,0.003961276
2459368.8426726633,0.00050854683,0.00395407
2459368.844061558,0.0021233559,0.0039575584
2459368.845450453,-0.0042809844,0.0039533363
2459368.8468393483,-0.0003515482,0.003955695
2459368.848228243,0.004934907,0.0039599002
2459368.849617138,0.004685402,0.0039583035
2459368.851006033,0.0037446022,0.003956289
2459368.852394928,7.843971e-05,0.0039590844
2459368.853783823,-0.0032593012,0.003953364
2459368.855172718,0.00026977062,0.003957966
2459368.8565616133,0.0044027567,0.0039588255
2459368.8579505077,-0.007575214,0.003950517
2459368.859339403,0.0002989769,0.0039564557
2459368.860728298,-0.0010521412,0.003957476
2459368.8621171927,-0.0035060048,0.0039543244
2459368.863506088,0.0022819042,0.003956367
2459368.864894983,0.0019294024,0.003955623
2459368.8662838778,0.00615716,0.0039609415
2459368.8676727726,0.001475215,0.003956115
2459368.8690616675,-0.0001462102,0.00395616
2459368.870450563,-0.003909409,0.0039558723
2459368.8718394577,0.010110736,0.0039634435
2459368.873228352,-0.0013176203,0.003956833
2459368.8746172474,-0.004242718,0.0039530313
2459368.8760061422,-0.0027301311,0.0039546234
2459368.8773950376,-0.0024388433,0.0039567687
2459368.8787839324,-0.0024399161,0.0039538643
2459368.8801728273,-0.002133131,0.003955607
2459368.881561722,0.0047528744,0.003961436
2459368.882950617,0.00069224834,0.003957601
2459368.884339512,0.00080120564,0.00395957
2459368.885728407,0.0011401176,0.0039611408
2459368.887117302,0.0017937422,0.0039608655
2459368.8885061964,0.0003631115,0.0039589135
2459368.8898950913,-0.001395762,0.0039579733
2459368.8912839866,0.003516674,0.0039608437
2459368.8926728815,0.0020213127,0.003958356
2459368.8940617763,-0.0025732517,0.003957971
2459368.8954506717,-0.0022076964,0.003960309
2459368.896839566,0.0045906305,0.0039598527
2459368.898228461,0.0015540123,0.003958484
2459368.899617356,-0.00096589327,0.003958858
2459368.901006251,-0.002488792,0.003955818
2459368.902395146,0.0019977093,0.00395841
2459368.9037840404,0.0009688139,0.003959048
2459368.9051729357,-0.007037401,0.0039562015
2459368.9065618305,-0.0020447373,0.0039548255
2459368.9079507254,0.0015226603,0.003958862
2459368.9093396203,-0.0028101802,0.0039578485
2459368.910728515,-0.008040845,0.0039519756
2459368.91211741,0.0018457174,0.0039575216
2459368.913506305,-0.0012944341,0.003957867
2459368.9148951997,0.0033836365,0.0039614
2459368.9162840946,0.00047266483,0.0039590998
2459368.91767299,-0.0009609461,0.003957298
2459368.9190618843,0.0015799999,0.003960367
2459368.920450779,-0.0071537495,0.0039553144
2459368.921839674,0.0022233725,0.0039595026
2459368.923228569,0.0028370619,0.003962127
2459368.924617464,0.0009763241,0.0039620292
2459368.926006359,0.00036609173,0.003958735
2459368.9273952534,0.0024522543,0.0039606635
2459368.9287841483,0.00032675266,0.003957505
2459368.930173043,0.007403493,0.0039637317
2459368.9315619385,0.0011445284,0.00395775
2459368.9329508333,-0.00017088652,0.0039577764
2459368.934339728,-0.0053403974,0.0039603557
2459368.9357286226,-0.009209514,0.00395123
2459368.9371175175,-0.0028304458,0.003959359
2459368.9385064123,-0.00092083216,0.003957688
2459368.939895307,0.00078606606,0.003959657
2459368.9412842025,-0.0047869086,0.0039550983
2459368.942673097,0.0071783066,0.0039640116
2459368.9440619918,0.003301382,0.00396347
2459368.9454508866,0.0020575523,0.003960913
2459368.9468397815,0.008317351,0.0039625275
2459368.9482286763,0.0009874105,0.003959673
2459368.949617571,-0.00074255466,0.003957036
2459368.9510064656,-0.0018949509,0.0039538797
2459368.952395361,0.0038471222,0.0039616
2459368.953784256,0.0008404255,0.0039590723
2459368.9551731506,0.00042760372,0.003960045
2459368.9565620455,-0.0001681447,0.003958621
2459368.95795094,-0.0022656918,0.003955396
2459368.9593398347,0.0026086569,0.00395885
2459368.9607287296,0.0017534494,0.003961305
2459368.9621176245,0.00710392,0.0039642416
2459368.9635065193,-0.001264751,0.0039567943
2459368.964895414,-0.0011442304,0.003957108
2459368.9662843086,-5.722046e-05,0.003957395
2459368.9676732034,0.002295494,0.00395891
2459368.9690620983,0.0018194914,0.003959346
2459368.970450993,0.0008366108,0.0039593056
2459368.9718398885,-0.0001603961,0.0039552185
2459368.973228783,0.0033640862,0.00395835
2459368.9746176777,-0.0070254207,0.003952936
2459368.9760065726,-0.0038571358,0.003952983
2459368.9773954675,0.0050041676,0.00396268
2459368.9787843623,-0.0029968023,0.0039552343
2459368.980173257,-4.9471855e-06,0.003955105
2459368.9815621516,0.005110264,0.0039615394
2459368.9829510464,-0.0013178587,0.003956861
2459368.9843399413,0.0068403482,0.0039648917
2459368.985728836,-0.0024059415,0.0039562914
2459368.987117731,0.00036668777,0.0039596152
2459368.9885066254,0.00014472008,0.0039570816
2459368.9898955203,0.0068844557,0.0039602425
2459368.991284415,-0.001529634,0.003956887
2459368.99267331,0.0051140785,0.0039604846
2459368.994062205,-0.007620573,0.0039514275
2459368.9954510997,-0.002225697,0.0039556744
2459368.9968399936,-0.0025399923,0.0039558653
2459368.9982288885,0.0070409775,0.003961627
2459368.9996177834,-0.0031952262,0.003951951
2459369.001006678,0.004516721,0.0039594267
2459369.002395573,-0.0030972958,0.003954778
2459369.003784468,0.0007225275,0.0039560795
2459369.0051733623,-0.004927039,0.0039538494
2459369.006562257,-0.004297495,0.0039534667
2459369.007951152,-0.007478118,0.0039497735
2459369.009340047,0.005935192,0.0039617433
2459369.0107289418,-0.010966003,0.0039456417
2459369.012117836,0.0025708675,0.003957635
2459369.013506731,-0.003164053,0.003952359
2459369.014895626,-0.006495476,0.00395121
2459369.0162845203,-0.0041651726,0.0039530033
2459369.017673415,-0.0037270188,0.003950729
2459369.01906231,0.0017198324,0.0039562313
2459369.0204512044,0.0003207922,0.0039538313
2459369.0218400992,0.00024938583,0.003954357
2459369.023228994,-0.0012537241,0.003952148
2459369.024617889,-0.0018434525,0.0039528813
2459369.026006784,0.005299926,0.0039564837
2459369.0273956778,-0.006153226,0.003951256
2459369.0287845726,0.0012406111,0.0039537526
2459369.0301734675,0.008905888,0.0039606187
2459369.0315623623,-0.0013025403,0.0039529675
2459369.032951257,0.0014374256,0.0039562015
2459369.034340152,-0.001632154,0.0039546783
2459369.0357290464,-0.0010758638,0.0039510815
2459369.037117941,0.0029944181,0.003954878
2459369.0385068357,-0.004653573,0.0039495938
2459369.0398957306,0.0054661036,0.003956977
2459369.0412846254,-0.00039082766,0.0039553256
2459369.04267352,-0.0016771555,0.003951545
2459369.044062414,0.0025702715,0.0039562983
2459369.045451309,-0.010268152,0.0039470308
2459369.046840204,0.0004553795,0.0039521386
2459369.048229099,-0.000546515,0.003950673
2459369.0496179936,-0.00033038855,0.003951388
2459369.0510068876,-0.00067794323,0.0039498224
2459369.0523957824,-0.0013331175,0.003951688
2459369.0537846773,0.0041217804,0.003953688
2459369.055173572,0.0004553795,0.0039517204
2459369.056562467,0.0017783642,0.003948905
2459369.057951361,-0.0016438961,0.0039504925
2459369.059340256,-0.0018386841,0.003949369
2459369.0607291507,-0.0016875863,0.003947045
2459369.0621180455,-0.0028039813,0.003948374
2459369.06350694,-0.0017172694,0.003949516
2459369.064895835,0.0009652376,0.0039505144
2459369.066284729,-0.0057162642,0.003944852
2459369.0676736236,0.0009741783,0.003951146
2459369.0690625184,-0.005988896,0.003944631
2459369.0704514133,0.0034068823,0.003951036
2459369.071840308,-0.00045228004,0.0039487886
2459369.073229202,0.0013153553,0.003953615
2459369.074618097,-0.0030975342,0.003948121
2459369.076006992,-0.0026343465,0.003945513
2459369.077395886,0.0047028065,0.003952329
2459369.078784781,0.0016126633,0.0039496874
2459369.080173676,0.0013364553,0.0039485325
2459369.0815625703,0.0034275055,0.003950278
2459369.0829514647,-0.004607916,0.0039477646
2459369.0843403595,0.0041708946,0.0039513665
2459369.0857292544,0.0039098263,0.0039490135
2459369.087118149,-0.004653573,0.003948451
2459369.0885070437,-0.005062759,0.0039441017
2459369.089895938,-0.0035333037,0.0039461683
2459369.0912848325,-0.0035045147,0.0039462545
2459369.0926737273,0.0017280579,0.003951023
2459369.094062622,0.0006468296,0.00394806
2459369.0954515166,0.00018382072,0.003946937
2459369.096840411,0.0007250309,0.003947625
2459369.0982293054,0.001632452,0.003949472
2459369.0996182,0.0016621351,0.003949136
2459369.101007095,-0.0015096664,0.0039471546
2459369.1023959895,0.0054479837,0.0039513167
2459369.1037848843,0.0012661219,0.003950351
2459369.1051737787,0.00051915646,0.003950611
2459369.106562673,-0.002295494,0.00394864
2459369.107951568,-0.0042666793,0.0039433856
2459369.1093404624,-0.0060912967,0.0039444626
2459369.110729357,0.0010205507,0.0039477553
2459369.1121182516,0.0059529543,0.003951235
2459369.113507146,-0.0013136864,0.0039484124
2459369.114896041,-0.003430128,0.0039453474
2459369.1162849353,-0.004677236,0.0039439965
2459369.11767383,-0.00024861097,0.0039474727
2459369.1190627245,-0.0047231317,0.003944814
2459369.120451619,-0.0027020574,0.003947454
2459369.1218405133,-0.006667733,0.0039451746
2459369.123229408,0.0034153461,0.003949258
2459369.124618303,0.0057058334,0.00395208
2459369.1260071974,0.0016967058,0.003948755
2459369.127396092,-0.0054816604,0.003945096
2459369.128784986,0.00069856644,0.003949401
2459369.130173881,0.0034427643,0.0039456044
2459369.1315627755,-0.0021915436,0.003943676
2459369.1329516703,0.0040365458,0.0039475104
2459369.1343405647,0.008279085,0.003952155
2459369.135729459,0.0029591322,0.0039478587
2459369.1371183535,0.0026084185,0.0039505544
2459369.1385072484,0.0009101629,0.003949526
2459369.1398961428,0.0023261309,0.0039482536
2459369.1412850376,0.00568676,0.0039510983
2459369.1426739316,-0.0015725493,0.0039461832
2459369.1440628264,0.0027624369,0.0039486554
2459369.145451721,-0.0039052963,0.003945752
2459369.1468406157,-0.0029866695,0.0039454345
2459369.14822951,0.0033516884,0.003950831
2459369.149618405,-4.130602e-05,0.0039477847
2459369.151007299,0.0053594112,0.003953875
2459369.1523961937,-0.0013009906,0.0039473013
2459369.153785088,0.0035976171,0.0039504757
2459369.1551739825,0.002182722,0.003947307
2459369.1565628774,-0.0015887618,0.0039483523
2459369.1579517717,-0.0006722212,0.0039492743
2459369.159340666,-0.0003080368,0.003946357
2459369.1607295605,-0.0016038418,0.0039462945
2459369.1621184554,0.0011626482,0.0039523165
2459369.16350735,0.0019737482,0.0039506224
2459369.164896244,0.007736802,0.003951589
2459369.1662851386,0.005137682,0.003951662
2459369.167674033,0.005317688,0.00395212
2459369.169062928,-0.004604578,0.0039475616
2459369.170451822,0.0058044195,0.003949113
2459369.171840717,-0.0051847696,0.003943614
2459369.1732296115,-0.006928861,0.0039434065
2459369.1746185054,0.0007596016,0.0039492864
2459369.1760074003,-0.0010966659,0.003947861
2459369.1773962947,-0.0032045841,0.003949166
2459369.178785189,0.0013471842,0.0039502014
2459369.180174084,0.0010534525,0.0039489195
2459369.181562978,-0.006003797,0.003947056
2459369.1829518727,8.535385e-05,0.0039472976
2459369.184340767,-0.0045761466,0.0039484734
2459369.1857296615,-0.00048559904,0.003951732
2459369.1871185564,0.0017287731,0.003952249
2459369.1885074507,-0.0020763874,0.00394756
2459369.1898963447,0.00046038628,0.003950834
2459369.1912852395,-0.0053635836,0.003946342
2459369.192674134,0.00917685,0.0039546834
2459369.1940630283,-0.0027384162,0.003946668
2459369.195451923,0.00039982796,0.003947596
2459369.196840817,0.0011535883,0.003948876
2459369.1982297115,0.0011986494,0.003948674
2459369.199618606,0.0024210215,0.0039502676
2459369.2010075008,0.0018246174,0.0039505158
2459369.202396395,0.0046390295,0.0039511523
2459369.2037852895,0.0028457642,0.003950628
2459369.205174184,-0.0068982244,0.0039465907
2459369.2065630783,-0.0025860071,0.0039464007
2459369.2079519727,-0.0045571923,0.0039457567
2459369.209340867,-0.0017276406,0.0039486727
2459369.210729762,0.0038630962,0.0039518904
2459369.212118656,-0.0028840303,0.0039493977
2459369.2135075503,-0.00017648935,0.0039492645
2459369.214896445,-0.0040970445,0.003950223
2459369.2162853396,0.0022357702,0.0039497637
2459369.217674234,0.005155921,0.0039514224
2459369.2190631283,0.0010836124,0.0039493707
2459369.2204520223,-0.0006543994,0.0039491556
2459369.221840917,0.00452137,0.003950743
2459369.2232298115,0.0002462864,0.0039500436
2459369.224618706,0.00085771084,0.003950767
2459369.2260076003,0.005439043,0.0039527365
2459369.2273964947,-0.0039002895,0.0039491877
2459369.228785389,-0.0047031045,0.0039461306
2459369.2301742835,0.0025154352,0.0039515886
2459369.231563178,0.0014770031,0.003948721
2459369.2329520723,0.002350092,0.0039501903
2459369.234340967,0.00013661385,0.003951243
2459369.235729861,-7.3969364e-05,0.003950495
2459369.2371187555,-0.0020783544,0.00394862
2459369.23850765,0.0009007454,0.0039518834
2459369.2398965443,-0.0023685694,0.003947328
2459369.241285439,-0.00046354532,0.003950633
2459369.2426743335,-0.002649188,0.0039463877
2459369.2440632274,0.0013768673,0.0039506066
2459369.245452122,0.0019431114,0.0039533456
2459369.246841016,0.004730344,0.0039540096
2459369.2482299106,-0.0055863857,0.0039450596
2459369.249618805,0.0028787851,0.003952786
2459369.2510076994,-0.0033841133,0.0039471025
2459369.252396594,-0.0051577687,0.003946504
2459369.253785488,0.0026817322,0.0039506243
2459369.2551743826,0.004490018,0.003951362
2459369.256563277,0.0033502579,0.003952321
2459369.2579521714,0.0057474375,0.0039518224
2459369.2593410653,-0.001970768,0.003947625
2459369.2607299597,-0.00042307377,0.003950625
2459369.2621188546,0.003209114,0.003951974
2459369.263507749,-0.003341496,0.003946547
2459369.2648966433,0.001335144,0.0039496534
2459369.2662855373,0.002436757,0.003951239
2459369.2676744317,0.004473686,0.003956334
2459369.269063326,-0.0041288137,0.003947156
2459369.2704522205,-0.0032087564,0.003948419
2459369.271841115,-0.0031126738,0.003947127
2459369.2732300092,-0.003949225,0.0039487514
2459369.274618903,-0.0026805997,0.003949379
2459369.2760077976,0.0015796423,0.00395146
2459369.277396692,0.0008120537,0.0039498727
2459369.2787855864,0.0006021261,0.0039522103
2459369.2801744808,0.0036574602,0.003955606
2459369.2815633747,-0.0073170066,0.0039461097
2459369.2829522695,0.0007381439,0.0039502317
2459369.284341164,-0.0043210387,0.0039500687
2459369.2857300583,0.0034284592,0.0039540934
2459369.2871189527,-0.005695224,0.003946717
2459369.288507847,0.0043435097,0.0039510075
2459369.289896741,-0.002451241,0.0039506033
2459369.2912856354,0.004633069,0.0039558806
2459369.29267453,-0.00059479475,0.0039500343
2459369.294063424,-0.0038548112,0.003947869
2459369.2954523186,0.007676363,0.0039542005
2459369.2968412125,-0.0011966228,0.0039494876
2459369.298230107,0.0068329573,0.003954004
2459369.2996190013,-0.004360914,0.0039480138
2459369.3010078957,0.0040792227,0.003952176
2459369.30239679,0.0014841557,0.0039531826
2459369.303785684,-0.004020095,0.00394748
2459369.305174578,0.0025197268,0.0039533107
2459369.3065634724,-0.0012467504,0.003952339
2459369.307952367,-0.0054977536,0.003947591
2459369.309341261,0.0034868717,0.0039540417
2459369.3107301556,-0.0013415217,0.003950778
2459369.31211905,-0.007123351,0.003947352
2459369.313507944,-0.0047878027,0.0039480766
2459369.3148968383,-0.0057693124,0.0039457697
2459369.3162857327,0.0055309534,0.0039563496
2459369.317674627,-0.003533125,0.003951046
2459369.3190635215,0.0015832186,0.003950337
2459369.3204524154,0.00052809715,0.003951914
2459369.32184131,-0.00014072657,0.003950352
2459369.323230204,0.0015900135,0.0039543184
2459369.324619098,-0.00096589327,0.0039485204
2459369.3260079925,0.0009889603,0.0039543714
2459369.327396887,-0.0038365722,0.0039488496
2459369.328785781,-0.0014792085,0.0039475514
2459369.330174675,0.0006865263,0.0039505265
2459369.3315635696,-0.0038349032,0.003948299
2459369.332952464,-0.0044825673,0.003945636
2459369.3343413584,-0.00029313564,0.0039502117
2459369.3357302523,0.0033376217,0.003951311
2459369.3371191463,-0.00042784214,0.003949124
2459369.3385080406,0.0043598413,0.0039535267
2459369.339896935,0.00067687035,0.003948613
2459369.3412858294,-0.0014739037,0.0039463188
2459369.342674724,-0.0028793216,0.003946344
2459369.3440636178,-7.331371e-05,0.003948279
2459369.3454525117,-0.008942664,0.003943347
2459369.346841406,-0.0075935125,0.0039451183
2459369.3482303005,0.0044202805,0.003955209
2459369.349619195,0.0009213686,0.0039507
2459369.351008089,0.0019962788,0.0039484897
2459369.352396983,0.00035083294,0.003948617
2459369.353785877,0.0005990267,0.003948166
2459369.3551747715,-0.008386731,0.0039400207
2459369.356563666,0.0046886206,0.0039522094
2459369.3579525603,0.001021266,0.003948883
2459369.359341454,-0.0007674694,0.0039516315
2459369.360730348,0.0024124384,0.003950589
2459369.3621192425,-0.00858748,0.0039425106
2459369.363508137,0.0074435472,0.0039522233
2459369.3648970313,0.0017205477,0.003949864
2459369.366285925,0.003922701,0.003950808
2459369.367674819,-0.0030732155,0.003945579
2459369.3690637136,-0.0020199418,0.0039467053
2459369.370452608,0.0013359785,0.003946364
2459369.371841502,0.0039850473,0.0039504888
2459369.3732303963,0.007961273,0.0039513498
2459369.37461929,-0.001229763,0.003946663
2459369.3760081846,-0.00032567978,0.0039463555
2459369.3773970786,0.0015246868,0.0039462605
2459369.378785973,0.0026022196,0.003948156
2459369.3801748673,0.0029671192,0.0039477088
2459369.3815637613,-0.006098628,0.0039437115
2459369.382952655,-0.0079369545,0.00394262
2459369.3843415496,0.00053834915,0.003945408
2459369.385730444,-0.0014865994,0.0039440864
2459369.387119338,-0.0045773387,0.003941135
2459369.3885082323,0.0017251968,0.003946266
2459369.3898971262,0.0011301041,0.003946617
2459369.39128602,0.0019403696,0.003945186
2459369.3926749146,0.0016206503,0.003948211
2459369.394063809,0.0006392002,0.00394747
2459369.395452703,-0.0033854842,0.003940956
2459369.3968415973,-0.002132237,0.003941031
2459369.398230491,0.0040872097,0.0039456575
2459369.399619385,-0.0014899969,0.0039446023
2459369.4010082795,-0.0024248958,0.003946535
2459369.402397174,-0.004416287,0.0039403457
2459369.403786068,0.0029864311,0.003946508
2459369.405174962,0.0029906034,0.0039457222
2459369.406563856,-0.004113257,0.0039414726
2459369.40795275,-0.00463289,0.0039400896
2459369.4093416445,-0.000107347965,0.0039437036
2459369.410730539,-0.005980432,0.0039395434
2459369.412119433,-0.0075471997,0.0039379816
2459369.4135083267,0.0013911724,0.0039456487
2459369.4148972207,0.00015866756,0.0039427946
2459369.416286115,0.003388524,0.0039431043
2459369.4176750095,-0.006183684,0.0039393483
2459369.4190639034,0.00044226646,0.0039410377
2459369.4204527973,0.0023384094,0.003943509
2459369.4218416912,0.0040869713,0.0039461562
2459369.4232305856,0.0027672052,0.0039435527
2459369.4246194796,0.007055044,0.003945375
2459369.426008374,5.7935715e-05,0.0039413963
2459369.4273972684,0.003467679,0.0039439034
2459369.428786162,-0.0041795373,0.0039372365
2459369.430175056,-0.004036367,0.003939036
2459369.43156395,0.005804658,0.0039446624
2459369.4329528445,-2.6404858e-05,0.0039418065
2459369.4343417385,0.0049750805,0.003943102
2459369.4357306324,-0.0014679432,0.00394019
2459369.4371195263,-0.0014624596,0.0039409488
2459369.4385084207,-0.0028326511,0.0039380426
2459369.439897315,0.0012159348,0.003941767
2459369.441286209,0.00053703785,0.003941218
2459369.4426751034,-0.002359748,0.0039389967
2459369.444063997,0.00032556057,0.0039410572
2459369.4454528913,-0.0051523447,0.0039423145
2459369.446841785,0.0015131235,0.0039420463
2459369.4482306796,0.00047421455,0.0039419276
2459369.4496195735,-0.0075485706,0.003936286
2459369.4510084675,-0.0007855296,0.003936532
2459369.4523973614,-0.00018382072,0.0039408114
2459369.453786256,0.0037225485,0.003942706
2459369.4551751497,-0.0033465624,0.003940458
2459369.456564044,0.0072170496,0.003944289
2459369.457952938,-0.0030331612,0.0039407406
2459369.4593418315,0.0022614002,0.003945405
2459369.460730726,0.0039474964,0.0039456696
2459369.46211962,0.0011496544,0.0039426936
2459369.463508514,-0.00016230345,0.0039414074
2459369.464897408,0.0025537014,0.003942984
2459369.4662863025,0.0093688965,0.003945835
2459369.467675196,-0.0016693473,0.0039385213
2459369.4690640904,-0.0013999343,0.00394025
2459369.4704529843,0.0022240877,0.0039431043
2459369.4718418783,-0.0010522008,0.003941518
2459369.4732307727,0.003630042,0.0039416035
2459369.474619666,0.009935617,0.003947957
2459369.4760085605,0.005211115,0.0039448566
2459369.4773974544,-0.0014359355,0.0039421716
2459369.478786349,0.007144332,0.003946447
2459369.4801752428,0.0005495548,0.0039420556
2459369.4815641367,0.0013626814,0.0039408593
2459369.4829530306,0.0026737452,0.003941398
2459369.4843419245,0.0037599802,0.0039441762
2459369.4857308185,-0.0028051734,0.0039407574
2459369.487119713,0.001961708,0.0039436235
2459369.488508607,4.6014786e-05,0.003940851
2459369.4898975007,-0.0005713105,0.0039405636
2459369.4912863947,0.0057115555,0.003941897
2459369.4926752886,0.004438281,0.003944046
2459369.494064183,0.004028201,0.003946602
2459369.495453077,-5.4478645e-05,0.003938124
2459369.496841971,0.0011645555,0.003941171
2459369.4982308648,0.0025366545,0.0039399806
2459369.4996197587,-0.0051549077,0.0039374675
2459369.5010086526,-0.002177298,0.003940725
2459369.502397547,-0.0011668801,0.0039390693
2459369.503786441,-0.0037466884,0.0039367597
2459369.5051753344,-0.00043314695,0.003940503
2459369.506564229,0.00200665,0.0039431625
2459369.5079531227,-0.004380226,0.0039364235
2459369.5093420167,0.002902627,0.003944555
2459369.510730911,0.00079631805,0.003941859
2459369.512119805,-0.0031861067,0.0039416593
2459369.5135086984,0.0028989315,0.003943688
2459369.5148975924,-0.0028340816,0.003941877
2459369.5162864868,-0.0038995147,0.003938296
2459369.5176753807,-0.003308773,0.003941738
2459369.5190642746,0.006908059,0.003945771
2459369.520453168,-0.0035372376,0.0039383057
2459369.5218420625,-0.000120043755,0.003940225
2459369.5232309564,-0.0038847923,0.003939661
2459369.5246198503,-0.0002542138,0.0039398167
2459369.5260087447,-0.0032482743,0.003940388
2459369.5273976387,-0.007333696,0.0039381576
2459369.528786532,-0.001468718,0.0039401934
2459369.530175426,-0.0014882088,0.003941606
2459369.53156432,0.007583976,0.0039495113
2459369.5329532144,0.0011749268,0.003943852
2459369.5343421083,-0.0021607876,0.003940994
2459369.535731002,-0.0016020536,0.0039407355
2459369.5371198957,-0.002534151,0.0039407383
2459369.53850879,0.0008468628,0.0039425474
2459369.539897684,-4.9829483e-05,0.003942192
2459369.541286578,-0.00040996075,0.0039455467
2459369.542675472,-0.0018327236,0.0039412198
2459369.5440643653,0.0019856691,0.0039463555
2459369.5454532597,0.005751848,0.003951335
2459369.5468421536,-0.006706655,0.0039382624
2459369.5482310476,-0.0046617985,0.003940857
2459369.5496199415,-0.0026723146,0.0039438857
2459369.5510088354,-0.00074261427,0.0039470717
2459369.552397729,0.0030540228,0.0039459434
2459369.5537866233,0.003519535,0.003949765
2459369.555175517,0.0037128925,0.0039467365
2459369.556564411,0.0014566183,0.003949921
2459369.557953305,0.00467813,0.0039498503
2459369.5593421985,0.00052678585,0.0039475383
2459369.5607310925,0.0029394627,0.003948305
2459369.5621199864,-0.0027324557,0.003942336
2459369.563508881,0.0027002096,0.0039469427
2459369.5648977747,-0.0034576058,0.0039467346
2459369.5662866686,-0.0037410855,0.0039416547
2459369.567675562,0.0015500784,0.0039464403
2459369.569064456,-0.005535066,0.0039457544
2459369.57045335,-0.0041464567,0.0039430396
2459369.571842244,-0.0012207031,0.0039454303
2459369.573231138,-0.0018313527,0.0039438945
2459369.5746200313,-0.006395757,0.0039421804
2459369.5760089257,0.0046851635,0.003949689
2459369.5773978196,-0.004295945,0.003944391
2459369.5787867135,0.0020523071,0.0039506066
2459369.5801756075,-0.0010977387,0.0039482755
2459369.5815645014,0.0009788275,0.003946758
2459369.582953395,0.0020090342,0.003950126
2459369.584342289,0.0020914078,0.003949872
2459369.5857311827,0.0011986494,0.0039500683
2459369.5871200766,0.003784418,0.003951133
2459369.5885089706,0.0011041164,0.0039511435
2459369.589897864,-0.0020297766,0.0039480533
2459369.591286758,0.0060141087,0.003954795
2459369.592675652,0.011057377,0.0039546723
2459369.594064546,0.0035440922,0.0039521484
2459369.5954534397,0.0020935535,0.0039512026
2459369.5968423337,0.0040769577,0.0039513484
2459369.598231227,-0.007876575,0.003944724
2459369.599620121,0.00520885,0.003952532
2459369.601009015,-0.0037987828,0.003948516
2459369.602397909,0.0053813457,0.0039522527
2459369.603786803,0.0019142628,0.0039521595
2459369.6051756963,0.0063409805,0.003953176
2459369.6065645902,-0.0009839535,0.0039498038
2459369.607953484,-0.00037753582,0.0039529237
2459369.609342378,0.0075132847,0.003957963
2459369.610731272,0.005026102,0.0039561535
2459369.612120166,-0.0041866302,0.00394913
2459369.6135090594,0.0051562786,0.00395401
2459369.6148979533,-0.0032899976,0.003947556
2459369.6162868473,0.002753973,0.003953495
2459369.617675741,-0.0006453991,0.003952562
2459369.619064635,-0.001017034,0.003953709
2459369.620453529,-0.0025143027,0.003952353
2459369.6218424225,-0.007029772,0.0039481632
2459369.6232313165,-0.00318259,0.003953714
2459369.6246202104,-0.0025212765,0.003952272
2459369.6260091043,-0.00018692017,0.003952101
2459369.6273979982,-0.0018032789,0.003953091
2459369.6287868917,-0.006973326,0.003949082
2459369.630175785,0.004098892,0.0039551947
2459369.631564679,-0.0007214546,0.0039522834
2459369.632953573,-0.0024944544,0.003950969
2459369.634342467,0.0040392876,0.0039573214
2459369.635731361,0.003266096,0.003957649
2459369.6371202543,-0.007540345,0.003948257
2459369.6385091483,0.0048041344,0.003961509
2459369.639898042,-0.0012773275,0.003955437
2459369.641286936,0.00036787987,0.003956753
2459369.6426758296,0.0021016598,0.003953823
2459369.644064723,-0.0018748045,0.0039537875
2459369.645453617,0.006124258,0.0039606765
2459369.646842511,0.00020384789,0.003954339
2459369.648231405,-0.0025978088,0.003956263
2459369.6496202988,-0.0065793395,0.003951425
2459369.6510091927,0.0021281242,0.003959376
2459369.6523980857,0.0056614876,0.003958313
2459369.6537869796,-0.00033068657,0.0039550643
2459369.6551758735,-0.0030248165,0.003954454
2459369.6565647675,0.005648017,0.003961515
2459369.6579536614,0.0057507753,0.0039644856
2459369.659342555,-0.0059670806,0.00395414
2459369.6607314483,0.0051431656,0.0039621377
2459369.6621203423,0.00011205673,0.003958017
2459369.663509236,-0.003107071,0.003954185
2459369.66489813,0.0028396845,0.003957347
2459369.666287024,0.0010045767,0.0039565605
2459369.667675917,0.006868124,0.003963003
2459369.669064811,-0.00026839972,0.003960969
2459369.670453705,-0.002925992,0.0039561316
2459369.671842599,0.0035105944,0.0039596483
2459369.6732314928,-0.0025644302,0.0039577777
2459369.6746203857,0.0034189224,0.0039604027
2459369.6760092797,0.0021469593,0.003960475
2459369.6773981736,-0.004518926,0.0039547426
2459369.6787870675,0.0030492544,0.0039597084
2459369.680175961,-0.004715562,0.003954402
2459369.681564855,0.005425334,0.0039647464
2459369.6829537484,0.0033733845,0.0039612865
2459369.6843426423,-0.0016836524,0.003961387
2459369.685731536,0.0028539896,0.003960736
2459369.6871204297,0.0008029938,0.0039593563
2459369.6885093236,0.0035178661,0.0039613377
2459369.689898217,0.004163146,0.0039602937
2459369.6912871106,-0.0006824136,0.003960256
2459369.6926760045,0.0074802637,0.0039667324
2459369.6940648984,-0.0021201968,0.003959208
2459369.695453792,-0.0017971396,0.0039569144
2459369.696842686,-0.0038239956,0.0039564893
2459369.6982315793,0.004622221,0.003961253
2459369.6996204727,0.00020360947,0.0039606793
2459369.7010093667,0.0067709684,0.003963593
2459369.7023982606,-0.0014382601,0.0039591556
2459369.703787154,-0.0030817986,0.003957569
2459369.705176048,-0.00019812584,0.0039585084
2459369.7065649414,0.0044521093,0.003960665
2459369.707953835,-0.00066006184,0.0039579105
2459369.709342729,0.0030546188,0.003964674
2459369.7107316228,0.0010709763,0.0039607384
2459369.712120516,0.0020102262,0.0039576837
2459369.7135094097,0.0053699017,0.0039620935
2459369.7148983036,-0.0012209415,0.0039592087
2459369.716287197,-0.0021158457,0.0039559533
2459369.717676091,0.0040285587,0.003959966
2459369.719064985,-0.0027038455,0.0039554844
2459369.7204538784,0.0019097328,0.003962139
2459369.721842772,-0.0005736947,0.0039594364
2459369.7232316653,-0.0008303523,0.003958145
2459369.7246205593,0.005657196,0.0039625484
2459369.726009453,-0.0058621764,0.0039537395
2459369.7273983466,0.0031766891,0.0039600027
2459369.72878724,-0.0039420724,0.003954714
2459369.7301761336,0.0020688772,0.003959953
2459369.7315650275,0.0025538206,0.003962248
2459369.7329539214,-0.00043320656,0.0039587845
2459369.734342815,0.0042294264,0.0039624115
2459369.735731709,0.0027679205,0.003959481
2459369.737120602,0.00011754036,0.003957617
2459369.7385094957,-0.004167199,0.0039538993
2459369.739898389,0.0007314682,0.003959836
2459369.741287283,-0.002059877,0.0039571975
2459369.742676177,0.0019000769,0.0039620562
2459369.74406507,0.008782506,0.003962737
2459369.745453964,0.0019606352,0.003957249
2459369.7468428575,0.005771637,0.0039625275
2459369.7482317514,0.0006276369,0.0039569093
2459369.749620645,-0.0048175454,0.003953632
2459369.751009539,-0.0016705394,0.0039552934
2459369.7523984318,0.003847599,0.0039614122
2459369.7537873257,0.003178835,0.0039591487
2459369.755176219,-0.002983451,0.0039542727
2459369.756565113,0.005368471,0.0039614355
2459369.7579540065,-0.0008530021,0.0039599435
2459369.7593429,-0.0053269863,0.0039554234
2459369.7607317935,0.0035258532,0.003960601
2459369.7621206874,-0.00061428547,0.0039565233
2459369.763509581,0.00078225136,0.0039579757
2459369.764898475,-0.0021429658,0.00395786
2459369.7662873683,0.0025920868,0.0039587202
2459369.7676762617,0.0066821575,0.0039600777
2459369.769065155,0.00451684,0.003959096
2459369.770454049,0.00049841404,0.003957347
2459369.7718429426,-0.0075694323,0.0039550913
2459369.7732318365,-0.0016020536,0.003956892
2459369.77462073,-0.0010269284,0.003954573
2459369.776009623,0.0020714998,0.003956927
2459369.777398517,-0.0050435066,0.0039528687
2459369.7787874104,-0.0070293546,0.0039533847
2459369.7801763043,-0.005109191,0.0039531547
2459369.7815651977,-0.0013589263,0.0039556674
2459369.782954091,-0.0073061585,0.0039505875
2459369.7843429847,-0.003173232,0.0039533023
2459369.785731878,-0.00012892485,0.0039578564
2459369.787120772,0.00290668,0.00395675
2459369.7885096655,-0.005131483,0.003954215
2459369.7898985595,-0.004810989,0.003953642
2459369.7912874524,-0.0060253143,0.003955054
2459369.792676346,-0.009801269,0.0039487653
2459369.79406524,0.002573371,0.0039576157
2459369.7954541333,-0.0017170906,0.0039557973
2459369.796843027,-0.009984493,0.003947363
2459369.79823192,-0.01041007,0.0039487295
2459369.7996208137,-0.0020357966,0.003956709
2459369.8010097076,0.0048059225,0.0039606662
2459369.802398601,-0.0068178177,0.003951713
2459369.8037874945,-0.0049644113,0.0039509046
2459369.8051763885,-0.008333802,0.0039498457
2459369.8065652815,-0.0018861294,0.003955592
2459369.807954175,-0.009523451,0.0039476827
2459369.809343069,-0.0038591623,0.003951391
2459369.8107319623,-0.0004246235,0.003955479
2459369.812120856,-0.008274078,0.003950105
2459369.8135097492,-0.0037052035,0.00395127
2459369.8148986427,-0.0068213344,0.003949026
2459369.816287536,-0.009282529,0.0039498713
2459369.81767643,-0.0061377287,0.0039524282
2459369.8190653236,-0.0031781793,0.003955664
2459369.820454217,-0.0025128722,0.003952502
2459369.8218431105,-0.00067418814,0.003956921
2459369.823232004,-0.0059960485,0.003949805
2459369.8246208974,-0.0038798451,0.0039530974
2459369.826009791,-0.0020123124,0.0039571365
2459369.827398685,-0.004760742,0.003951686
2459369.828787578,-0.009816587,0.0039487737
2459369.8301764713,-0.0059200525,0.0039517498
2459369.8315653647,-0.0047543645,0.0039527775
2459369.8329542587,-0.009657919,0.003947483
2459369.834343152,-0.00899744,0.0039530313
2459369.8357320456,-0.0017877817,0.0039554304
2459369.8371209386,-0.0044384003,0.0039573964
2459369.8385098325,-0.0058335066,0.003952072
2459369.839898726,-0.0067178607,0.0039500194
2459369.8412876194,-0.0056690574,0.003952491
2459369.842676513,-0.015479386,0.0039454927
2459369.844065407,-0.002146244,0.0039543873
2459369.8454543,-0.009243786,0.003949608
2459369.8468431933,-0.00527364,0.003953683
2459369.8482320867,-0.0055800676,0.0039541093
2459369.84962098,-0.0039946437,0.003953302
2459369.851009874,-0.0035322905,0.003956603
2459369.852398767,-0.005379677,0.0039507207
2459369.8537876606,-0.008952379,0.003949973
2459369.855176554,-0.0047357082,0.0039549307
2459369.8565654475,-0.005305946,0.0039525586
2459369.8579543415,-0.011345029,0.003953493
2459369.859343235,-0.0074608326,0.003953091
2459369.860732128,-0.011306822,0.0039467826
2459369.8621210214,0.0029798746,0.003959715
2459369.863509915,-0.0035273433,0.003954298
2459369.8648988083,-0.006281674,0.003952931
2459369.866287702,-0.008289814,0.003949657
2459369.867676595,-0.006392181,0.00395209
2459369.8690654887,-0.0070260763,0.0039519067
2459369.870454382,-0.008169591,0.00395203
2459369.8718432756,-0.0058798194,0.0039528674
2459369.873232169,-0.007994175,0.003952976
2459369.8746210625,-0.0043883324,0.0039553153
2459369.876009956,-0.007950664,0.003952603
2459369.8773988495,-0.007838607,0.003951093
2459369.878787743,-0.009237528,0.0039506587
2459369.8801766364,-0.002872765,0.003955536
2459369.88156553,-0.0076196194,0.003953506
2459369.882954423,-0.007590413,0.0039506755
2459369.8843433163,-0.006700754,0.0039511747
2459369.88573221,5.3286552e-05,0.0039580134
2459369.8871211032,-0.002435565,0.0039567
2459369.8885099967,-0.0023104548,0.0039568846
2459369.8898988906,-0.007484913,0.003953241
2459369.8912877836,-0.007298827,0.003953013
2459369.892676677,-0.005336404,0.003954149
2459369.8940655706,-0.008467436,0.0039533274
2459369.895454464,-0.010256231,0.003953285
2459369.8968433575,-0.01607114,0.003947348
2459369.8982322505,-0.00591141,0.0039550457
2459369.899621144,0.002221465,0.0039602737
2459369.9010100374,-0.0057365894,0.0039554057
2459369.902398931,-0.0025003552,0.003956204
2459369.9037878243,-0.0049735904,0.0039574797
2459369.905176718,-0.0070347786,0.003955466
2459369.906565611,-0.009293079,0.0039521446
2459369.9079545042,-0.0017315149,0.0039593945
2459369.9093433977,-0.010008216,0.0039506126
2459369.910732291,-0.0085501075,0.00395571
2459369.9121211846,-0.009259999,0.0039526843
2459369.913510078,-0.008718491,0.003955226
2459369.914898971,-0.0052917004,0.0039547444
2459369.9162878646,-0.006729901,0.003955845
2459369.917676758,-0.011723995,0.003950292
2459369.9190656515,-0.009216368,0.003955656
2459369.920454545,-0.0029655695,0.0039593037
2459369.921843438,-0.004110694,0.003958248
2459369.9232323314,-0.0038250089,0.0039562955
2459369.924621225,-0.0017303824,0.0039602155
2459369.9260101183,-0.0077608824,0.003953934
2459369.927399012,-0.0038574338,0.0039585354
2459369.9287879053,-0.0029474497,0.0039585363
2459369.9301767983,-0.0041430593,0.0039580613
2459369.9315656917,-0.010776937,0.0039545605
2459369.932954585,-0.0051885247,0.003953355
2459369.9343434786,0.001324296,0.003963105
2459369.935732372,-0.005028188,0.0039565135
2459369.9371212646,-0.00426054,0.0039572516
2459369.938510158,-0.009218633,0.0039533256
2459369.9398990516,-0.0029078722,0.003957441
2459369.941287945,-0.008775532,0.003951403
2459369.9426768385,-0.0072720647,0.0039552483
2459369.944065732,-0.005975902,0.0039560026
2459369.945454625,-0.0010384917,0.0039594187
2459369.9468435184,-0.0015794039,0.003957897
2459369.948232412,-0.008802295,0.003955563
2459369.9496213053,-0.0015682578,0.0039582932
2459369.9510101983,-0.004091203,0.00395724
2459369.9523990913,-0.005583346,0.003954548
2459369.953787985,-0.0070522428,0.0039529246
2459369.9551768783,-0.0067493916,0.0039554765
2459369.9565657717,-0.006194949,0.0039566313
2459369.957954665,-0.011145115,0.003951756
2459369.9593435586,-0.0034629107,0.003956319
2459369.960732451,-0.0031865835,0.0039611626
2459369.9621213446,-0.0077471733,0.0039579486
2459369.963510238,-0.003297627,0.0039570034
2459369.9648991316,-0.0050269365,0.003955758
2459369.966288025,-0.004966438,0.0039558476
2459369.967676918,-0.00446856,0.0039543724
2459369.969065811,-0.004736066,0.003957015
2459369.9704547045,-0.0053173304,0.0039581107
2459369.971843598,-0.00017827749,0.0039599976
2459369.9732324914,0.0017155409,0.003963916
2459369.974621385,-0.0022146702,0.0039601675
2459369.976010278,-0.0004079938,0.003959651
2459369.977399171,-0.00045967102,0.003956908
2459369.9787880643,0.003142476,0.0039622583
2459369.980176958,0.0003578663,0.0039577396
2459369.9815658513,0.001222372,0.003959512
2459369.982954744,-0.0019561052,0.003958898
2459369.9843436372,0.003576517,0.00396653
2459369.9857325307,-0.00076282024,0.0039619193
2459369.987121424,0.00018417835,0.0039593196
2459369.9885103176,-0.0015666485,0.003957766
2459369.9898992106,0.00026786327,0.0039601675
2459369.9912881036,0.0026077032,0.003963152
2459369.992676997,0.0009897947,0.003958377
2459369.99406589,0.0014625788,0.0039599226
2459369.9954547836,0.0016925335,0.0039621657
2459369.996843677,0.0030804873,0.0039584734
2459369.9982325705,1.9073486e-06,0.003958431
2459369.999621463,-0.0044852495,0.0039551826
2459370.0010103565,0.00131917,0.003959946
2459370.00239925,0.00267303,0.0039648786
2459370.0037881434,-0.0073944926,0.0039526313
2459370.0051770364,0.0033266544,0.0039585214
2459370.0065659294,-0.00086915493,0.0039564376
2459370.007954823,0.006076455,0.003960411
2459370.009343716,-0.00082087517,0.003958041
2459370.0107326093,-0.009968519,0.0039523793
2459370.012121503,0.004846692,0.003961644
2459370.013510396,0.009073019,0.0039638286
2459370.014899289,0.0051543713,0.003960701
2459370.016288182,0.003746748,0.0039598634
2459370.017677075,-0.0045924783,0.003953216
2459370.0190659687,-0.00055736303,0.003955677
2459370.020454862,0.0031347275,0.0039592837
2459370.0218437547,0.0016608238,0.0039612977
2459370.023232648,-0.00041604042,0.0039567174
2459370.0246215416,0.0046253204,0.0039585265
2459370.0260104346,0.0028356314,0.0039578364
2459370.027399328,-0.0067510605,0.0039498406
2459370.0287882215,0.0043325424,0.003958072
2459370.030177114,-0.0025258064,0.003954173
2459370.0315660075,-0.0024653673,0.003954198
2459370.0329549005,-0.0063937902,0.0039525693
2459370.034343794,0.001129508,0.0039561563
2459370.0357326875,-0.003970802,0.0039506485
2459370.03712158,-0.006081164,0.0039509237
2459370.0385104734,0.00095665455,0.0039572706
2459370.0398993664,-0.00214535,0.003953023
2459370.04128826,0.0016855001,0.0039560394
2459370.0426771534,0.004107833,0.003958769
2459370.0440660464,0.0057997704,0.003958799
2459370.0454549394,-0.004251778,0.003951577
2459370.0468438324,0.0017658472,0.0039551505
2459370.048232726,-0.002436459,0.0039522024
2459370.049621619,0.0013116598,0.003953269
2459370.0510105123,-0.0006273985,0.003952943
2459370.0523994053,0.00048100948,0.0039542536
2459370.0537882983,0.007635474,0.0039561368
2459370.0551771917,0.005522728,0.0039550005
2459370.0565660847,-0.007503152,0.003946411
2459370.057954978,-0.0054742694,0.003947839
2459370.059343871,-0.0052905083,0.0039495584
2459370.060732764,-0.0014667511,0.0039506974
2459370.062121657,-0.0023525953,0.003950815
2459370.0635105507,-0.0038573146,0.0039495006
2459370.0648994436,-0.007160604,0.0039479635
2459370.066288337,-0.0026574135,0.0039487397
2459370.06767723,0.008225441,0.0039575165
2459370.069066123,-0.001075983,0.003953016
2459370.070455016,0.00092983246,0.003953357
2459370.0718439096,0.00061666965,0.003955221
2459370.0732328026,-0.0014879107,0.00395028
2459370.074621696,0.0014305115,0.0039532096
2459370.0760105886,-0.005002737,0.003949941
2459370.077399482,0.001047492,0.0039502834
2459370.078788375,-0.0046957135,0.003949144
2459370.0801772685,0.006455779,0.0039549973
2459370.0815661615,-0.0035307407,0.0039479113
2459370.082955055,-0.0062877536,0.0039481907
2459370.0843439475,0.0028891563,0.003951381
2459370.085732841,-0.0040096045,0.0039483253
2459370.087121734,-0.0025162697,0.003948379
2459370.088510627,8.368492e-05,0.0039525875
2459370.0898995204,0.004131317,0.003955747
2459370.091288413,0.004750848,0.0039548795
2459370.0926773064,-0.0035201907,0.003950097
2459370.0940661994,-0.005941868,0.0039465865
2459370.095455093,-0.0033442974,0.003946916
2459370.096843986,-0.0014855862,0.003948648
2459370.098232879,-0.0038252473,0.003948739
2459370.099621772,-0.0020355582,0.0039472478
2459370.101010665,-0.00265491,0.003950487
2459370.1023995583,0.0008829832,0.0039547924
2459370.1037884513,0.0037389994,0.0039525335
2459370.1051773443,-0.001980722,0.003948884
2459370.1065662373,0.0015339851,0.003949182
2459370.1079551303,0.0018520355,0.0039528534
2459370.1093440233,-0.00563401,0.0039438666
2459370.1107329167,0.004210949,0.003951031
2459370.1121218097,0.001059413,0.0039495584
2459370.113510703,-0.003373921,0.0039450247
2459370.1148995957,-0.0025023818,0.003946912
2459370.1162884887,0.002511382,0.0039505335
2459370.117677382,0.002876401,0.00394879
2459370.119066275,-0.004191458,0.003945229
2459370.120455168,0.0027359724,0.003953668
2459370.121844061,0.0014264584,0.0039471225
2459370.123232954,0.0015448332,0.0039514313
2459370.124621847,-0.0024163127,0.00394524
2459370.1260107406,-0.0019654036,0.00394722
2459370.1273996336,-0.0037324429,0.0039488054
2459370.1287885266,0.0035691261,0.003952582
2459370.130177419,-0.0055288076,0.0039454647
2459370.1315663126,0.0051226616,0.0039537586
2459370.1329552056,0.0022888184,0.003949554
2459370.1343440986,-0.00015538931,0.0039480343
2459370.135732992,-0.0012902617,0.0039484478
2459370.1371218846,0.005569577,0.003951837
2459370.1385107776,-0.008214533,0.0039422596
2459370.1398996706,0.0023907423,0.003950878
2459370.141288564,-0.00660342,0.003943192
2459370.142677457,0.003682971,0.0039484766
2459370.14406635,-0.0037007928,0.0039438913
2459370.145455243,-0.0018591881,0.0039444724
2459370.146844136,0.009796739,0.0039535225
2459370.148233029,0.0033824444,0.0039504934
2459370.149621922,-0.00061899424,0.0039485353
2459370.1510108155,-0.003822744,0.0039442424
2459370.1523997085,-0.0064605474,0.0039436817
2459370.153788601,0.0037782192,0.0039488003
2459370.155177494,-0.0032923818,0.003946546
2459370.156566387,0.00011014938,0.0039494312
2459370.1579552805,-0.0024941564,0.0039453623
2459370.1593441735,0.0015968084,0.003948345
2459370.160733066,0.00044882298,0.0039481535
2459370.162121959,0.00021505356,0.003952654
2459370.163510852,-0.004930973,0.0039439723
2459370.1648997455,-0.0044211745,0.0039462047
2459370.1662886385,-0.0044837,0.0039440123
2459370.1676775315,0.0014789104,0.003950789
2459370.169066424,0.002488494,0.0039482643
2459370.170455317,0.00014734268,0.00394719
2459370.1718442105,-0.0050441027,0.003943932
2459370.1732331035,-0.0004800558,0.00394829
2459370.1746219965,0.0015197992,0.003947094
2459370.176010889,0.0011688471,0.0039472734
2459370.177399782,-0.0044313073,0.003944421
2459370.178788675,-0.0015500784,0.0039468673
2459370.180177568,-0.00018405914,0.0039459867
2459370.1815664615,-0.00057798624,0.003946943
2459370.1829553545,0.010107517,0.003953615
2459370.184344247,0.0030792952,0.00395124
2459370.18573314,-0.0041707754,0.003945671
2459370.187122033,0.0068507195,0.0039555337
2459370.188510926,-0.00089496374,0.0039493158
2459370.189899819,0.0026073456,0.0039494894
2459370.1912887115,-0.0033587813,0.003946043
2459370.192677605,0.004459977,0.003950621
2459370.194066498,0.0034981966,0.003952782
2459370.195455391,-0.0018895864,0.003946632
2459370.196844284,0.0048162937,0.0039506834
2459370.198233177,0.003985524,0.0039492617
2459370.1996220695,2.014637e-05,0.003949657
2459370.2010109625,-0.0027772188,0.0039462307
2459370.2023998555,0.0029073954,0.0039509097
2459370.2037887485,0.0024878979,0.003947711
2459370.2051776415,-0.0017623305,0.0039473884
2459370.206566534,0.0020085573,0.00395031
2459370.207955427,-0.0040385723,0.0039451267
2459370.20934432,-0.0031698942,0.0039498773
2459370.2107332135,0.0011738539,0.0039468836
2459370.2121221065,-0.0041567683,0.0039466354
2459370.2135109995,0.006382704,0.0039534154
2459370.214899892,0.00095009804,0.00394944
2459370.216288785,0.00065779686,0.003949666
2459370.217677678,0.0029928684,0.003950681
2459370.219066571,0.0042972565,0.0039507267
2459370.220455464,-0.0050771236,0.0039446233
2459370.221844357,0.0048667192,0.0039489176
2459370.2232332495,0.0016639233,0.003952228
2459370.2246221425,0.003686428,0.00395039
2459370.2260110355,-0.0043990016,0.003947958
2459370.2273999285,-0.0013631582,0.003949339
2459370.2287888215,-0.00547868,0.0039453157
2459370.230177714,-0.00025200844,0.003946682
2459370.231566607,0.0024323463,0.0039502555
2459370.2329555,-0.0039144754,0.0039438596
2459370.234344393,5.2928925e-05,0.003945986
2459370.235733286,0.00487411,0.0039499467
2459370.237122179,-0.0014711022,0.00394629
2459370.238511071,-0.0002785921,0.003947978
2459370.239899964,-3.2007694e-05,0.0039506224
2459370.241288857,0.0024198294,0.003948632
2459370.24267775,-0.0019564629,0.0039448817
2459370.244066643,0.005475402,0.003954273
2459370.2454555356,-0.0039976835,0.00394607
2459370.2468444286,-0.0013238192,0.003947826
2459370.2482333216,0.0011876822,0.003951073
2459370.2496222146,-0.00080007315,0.0039514406
2459370.2510111076,0.00026237965,0.0039486014
2459370.2524000006,-0.00083613396,0.0039501064
2459370.253788893,-0.0019091964,0.0039477204
2459370.255177786,0.0016770363,0.003950105
2459370.256566679,0.004905224,0.0039508105
2459370.2579555716,-0.0065631866,0.003946651
2459370.2593444646,-0.0017485023,0.003947078
2459370.260733357,-0.0028842688,0.0039456487
2459370.26212225,0.0037258863,0.003952529
2459370.263511143,-0.005180359,0.00394461
2459370.264900036,0.0057430267,0.00395461
2459370.266288929,0.0037784576,0.0039542625
2459370.267677822,-0.0019297004,0.0039467984
2459370.269066714,0.0032570362,0.0039533535
2459370.270455607,0.0056186914,0.003953244
2459370.2718445,0.00643301,0.003955437
2459370.273233393,0.0022649765,0.003951972
2459370.274622286,0.007143736,0.003954776
2459370.2760111787,-0.0031206012,0.0039495467
2459370.2774000713,-0.0017293692,0.0039489474
2459370.2787889643,-0.008022606,0.0039432137
2459370.2801778573,-0.00039941072,0.003952165
2459370.2815667503,-0.0029358268,0.003947785
2459370.2829556433,-0.0051335096,0.0039503067
2459370.284344536,-0.009242475,0.0039443546
2459370.2857334283,0.0015829802,0.0039506997
2459370.2871223213,-0.002965033,0.003953914
2459370.2885112143,-0.0071733,0.003943571
2459370.2899001073,-0.0050780773,0.0039470047
2459370.291289,0.0041975975,0.003950102
2459370.2926778924,0.001843214,0.0039512147
2459370.2940667854,0.0014922619,0.003952734
2459370.2954556784,0.007519126,0.003954863
2459370.2968445714,0.0053778887,0.0039525987
2459370.298233464,0.0026558638,0.003952506
2459370.2996223564,-0.006880939,0.003946469
2459370.3010112494,0.004428625,0.0039534704
2459370.3024001424,0.0051460266,0.003955218
2459370.303789035,-0.003044784,0.003946204
2459370.305177928,-0.004943371,0.003946364
2459370.306566821,0.004814744,0.003952648
2459370.3079557135,-0.0011183023,0.0039482294
2459370.309344606,-0.0013225675,0.0039497763
2459370.310733499,-0.0030086637,0.0039473395
2459370.312122392,0.0034381151,0.003954151
2459370.313511285,-0.008946836,0.003946287
2459370.314900177,-0.0005224347,0.003950523
2459370.31628907,-3.8683414e-05,0.0039529423
2459370.317677963,-0.0012241006,0.00394937
2459370.3190668556,0.0033682585,0.0039514066
2459370.3204557486,0.001488924,0.003951751
2459370.3218446416,0.00080645084,0.003952188
2459370.3232335337,0.0034914017,0.0039534518
2459370.3246224266,-0.00036227703,0.0039496487
2459370.3260113196,0.0023361444,0.0039525568
2459370.3274002126,0.0015941858,0.0039524892
2459370.328789105,-0.0006595254,0.00395178
2459370.3301779977,-0.0035120845,0.003947995
2459370.3315668907,0.0046824217,0.0039571724
2459370.3329557832,-0.0053004026,0.003946417
2459370.334344676,-0.00097584724,0.0039495225
2459370.3357335688,0.0035989285,0.003952384
2459370.3371224618,0.0026232004,0.003949995
2459370.3385113543,0.0006250143,0.003951263
2459370.339900247,0.0019055605,0.003949925
2459370.34128914,-0.0015612841,0.0039492217
2459370.342678033,-0.0006533861,0.0039494787
2459370.3440669253,0.001756072,0.003955297
2459370.345455818,-0.00056374073,0.0039465623
2459370.3468447104,0.0048303604,0.003952985
2459370.3482336034,-0.0034021735,0.003947435
2459370.3496224964,-7.098913e-05,0.0039500045
2459370.351011389,0.0056357384,0.003954467
2459370.352400282,-0.00415504,0.003947655
2459370.353789174,0.00274539,0.003951497
2459370.355178067,0.0040768385,0.003951823
2459370.35656696,0.003324151,0.0039510396
2459370.3579558525,-0.0012313724,0.003948748
2459370.3593447455,0.00044488907,0.0039499756
2459370.3607336376,0.00094401836,0.003951017
2459370.3621225306,0.0039639473,0.003952289
2459370.363511423,-0.002924025,0.0039448896
2459370.364900316,-0.003214717,0.0039477614
2459370.366289209,-0.00090134144,0.0039472976
2459370.3676781016,-0.004368484,0.003943948
2459370.369066994,-0.0012399554,0.003947088
2459370.3704558867,-0.00047773123,0.0039473185
2459370.3718447797,0.0033620596,0.0039491644
2459370.373233672,-0.005466938,0.003945217
2459370.374622565,0.0054479837,0.00395167
2459370.3760114578,-0.0014149547,0.0039475644
2459370.3774003503,-0.0009305477,0.0039469404
2459370.378789243,-0.0057880282,0.0039441166
2459370.380178136,-0.0009997487,0.0039466396
2459370.3815670284,0.004533887,0.003950531
2459370.3829559213,0.00037670135,0.003950787
2459370.3843448134,0.0043667555,0.0039505195
2459370.3857337064,0.0020779371,0.0039480254
2459370.387122599,0.007089138,0.003952115
2459370.388511492,0.013459802,0.003955424
2459370.3899003845,0.0064584017,0.003948402
2459370.3912892775,0.0037542582,0.0039474647
2459370.3926781695,0.0020617247,0.0039490196
2459370.3940670625,0.001408577,0.003945482
2459370.395455955,0.0022851229,0.003949524
2459370.3968448476,-0.0029210448,0.0039438363
2459370.3982337406,0.00440979,0.0039493046
2459370.3996226327,0.0037608147,0.0039480226
2459370.4010115257,-0.00030642748,0.003950029
2459370.402400418,0.0014420748,0.003946647
2459370.403789311,0.0041775703,0.003947509
2459370.4051782037,-0.0028227568,0.003941707
2459370.4065670967,-0.0033576488,0.0039411304
2459370.407955989,0.008097768,0.0039499523
2459370.4093448813,0.0010242462,0.0039451835
2459370.4107337743,-0.002229929,0.003941878
2459370.412122667,0.0059554577,0.0039487896
2459370.41351156,0.006346941,0.0039516017
2459370.414900452,0.0020259619,0.0039457516
2459370.4162893444,-0.0004492998,0.003943328
2459370.4176782374,0.0019882917,0.0039452766
2459370.41906713,-0.0016254783,0.0039418014
2459370.4204560225,-0.00028032064,0.003945563
2459370.4218449155,-0.00086301565,0.003942896
2459370.4232338076,0.008368731,0.0039529926
2459370.4246227005,-0.0077199936,0.0039380025
2459370.426011593,-0.0046961904,0.0039395103
2459370.4274004856,0.0067441463,0.0039515467
2459370.4287893786,-0.0044771433,0.0039404053
2459370.4301782707,0.00046730042,0.0039399206
2459370.431567163,-0.0008890629,0.003940379
2459370.432956056,-0.0026079416,0.003943737
2459370.4343449487,-0.0023340583,0.003940101
2459370.4357338413,-0.00046014786,0.003944794
2459370.4371227343,0.0033603907,0.0039425483
2459370.4385116263,0.0004912615,0.003941668
2459370.439900519,0.004201293,0.0039451458
2459370.441289412,1.0848045e-05,0.003944794
2459370.4426783044,-0.0006364584,0.003940063
2459370.444067197,0.0033786297,0.0039460533
2459370.4454560895,0.0011404753,0.003940813
2459370.446844982,-0.0019364953,0.0039385827
2459370.4482338745,0.0036667585,0.003941326
2459370.449622767,-0.003006339,0.003940844
2459370.45101166,-0.0029170513,0.0039393986
2459370.4524005526,0.0019991398,0.0039406307
2459370.4537894446,0.0051329136,0.0039445614
2459370.455178337,0.00085246563,0.003941287
2459370.45656723,-0.0011681914,0.003937595
2459370.4579561227,0.004584193,0.003945402
2459370.459345015,0.0011792183,0.003942239
2459370.4607339078,0.007119894,0.00394675
2459370.4621228003,-0.0027143955,0.00393821
2459370.463511693,0.0009766817,0.0039421674
2459370.4649005854,-0.0041953325,0.003939936
2459370.466289478,0.01134789,0.0039495276
2459370.467678371,-0.0032310486,0.003939113
2459370.469067263,0.003358841,0.00394516
2459370.4704561555,0.0051697493,0.003947369
2459370.471845048,0.00059866905,0.0039414447
2459370.4732339405,0.0026836395,0.0039427495
2459370.4746228335,0.0044807196,0.003946129
2459370.476011726,-0.0053916574,0.003939313
2459370.477400618,-0.001542747,0.003938724
2459370.4787895107,0.0038125515,0.0039428347
2459370.480178403,0.00057959557,0.003940744
2459370.481567296,-0.0017217994,0.0039403657
2459370.4829561887,0.007466674,0.003947394
2459370.484345081,-0.0036381483,0.003939635
2459370.4857339733,-0.0056310296,0.0039400617
2459370.487122866,0.0028158426,0.003942055
2459370.4885117584,0.0026192665,0.003943438
2459370.4899006514,0.00023972988,0.0039397296
2459370.491289544,0.0022194386,0.0039423304
2459370.492678436,-0.0061181784,0.0039376817
2459370.4940673285,0.0020872355,0.003940835
2459370.495456221,0.0036001205,0.003942202
2459370.4968451136,-0.0047574043,0.0039357096
2459370.498234006,-0.002454698,0.003937322
2459370.4996228986,-0.0027745366,0.003936776
2459370.501011791,0.0015150309,0.003944855
2459370.5024006837,0.0047085285,0.003945161
2459370.5037895762,-0.00027644634,0.003939869
2459370.505178469,-1.6272068e-05,0.003941771
2459370.5065673613,0.0023350716,0.0039430927
2459370.5079562534,-0.0065757036,0.003936076
2459370.509345146,0.0012081861,0.003942226
2459370.5107340384,-0.0030776262,0.003936115
2459370.5121229314,0.0044773817,0.0039463188
2459370.513511824,0.00331223,0.0039441083
2459370.514900716,-0.0052413344,0.003939568
2459370.5162896086,-0.002765119,0.0039439336
2459370.517678501,0.0016196966,0.00394324
2459370.5190673936,-0.001796484,0.0039397315
2459370.520456286,-0.0007058382,0.0039393827
2459370.5218451787,0.0028945208,0.0039460827
2459370.5232340707,-0.004003167,0.0039378107
2459370.5246229633,0.0040584803,0.0039432407
2459370.526011856,-0.0014095902,0.0039423164
2459370.5274007483,-0.0034233332,0.0039383806
2459370.528789641,0.0018064976,0.0039419443
2459370.5301785334,-0.0014551282,0.0039400104
2459370.5315674255,-8.267164e-05,0.0039434265
2459370.532956318,4.7326088e-05,0.003939675
2459370.5343452105,0.00087463856,0.0039413357
2459370.535734103,0.003566146,0.003944945
2459370.5371229956,-0.0025888681,0.003942963
2459370.5385118877,0.0036158562,0.003943727
2459370.53990078,0.0005584955,0.003939572
2459370.5412896727,0.0029537678,0.003943952
2459370.5426785653,-0.0016539097,0.0039394437
2459370.544067458,-0.0062657,0.0039342074
2459370.5454563503,-0.0012603998,0.0039392766
2459370.5468452424,-0.0038081408,0.0039429404
2459370.548234135,-0.0020953417,0.003940508
2459370.5496230274,0.006063938,0.0039486224
2459370.55101192,-0.004979551,0.003939635
2459370.5524008125,-0.0017309785,0.003941106
2459370.5537897046,0.0027341843,0.0039442135
2459370.555178597,0.001414299,0.003944659
2459370.5565674896,-0.0015109777,0.0039419653
2459370.557956382,0.004509568,0.0039463374
2459370.5593452747,0.0033853054,0.003943892
2459370.560734167,-0.0034350753,0.003942418
2459370.5621230593,0.00451982,0.003947399
2459370.563511952,-0.00474447,0.0039381143
2459370.564900844,-0.0008600354,0.0039433665
2459370.5662897364,-0.0027942657,0.0039437967
2459370.567678629,-0.0012105107,0.003944256
2459370.569067521,0.0050336123,0.003946624
2459370.5704564136,-2.6762486e-05,0.003941208
2459370.571845306,0.005082369,0.0039460524
2459370.5732341986,0.006366253,0.0039467774
2459370.574623091,0.0020263195,0.003944573
2459370.5760119837,0.008876562,0.003950383
2459370.5774008753,0.0035737753,0.0039472445
2459370.578789768,0.0023236275,0.0039441297
2459370.5801786603,-0.0023297071,0.003945238
2459370.581567553,0.007098317,0.0039498885
2459370.5829564454,0.0012961626,0.0039432356
2459370.5843453375,-0.0055903196,0.0039435686
2459370.58573423,-0.003993094,0.0039420645
2459370.587123122,0.0056837797,0.003948384
2459370.5885120146,-0.00015115738,0.0039463025
2459370.589900907,-0.0021852255,0.0039420305
2459370.5912897997,0.0020229816,0.00394859
2459370.5926786917,0.0036703348,0.0039475495
2459370.5940675843,0.00081026554,0.003945057
2459370.5954564763,-0.004590869,0.0039441376
2459370.596845369,0.0019413233,0.0039471756
2459370.5982342614,-0.003856361,0.003942688
2459370.599623154,0.004682541,0.003948832
2459370.601012046,-0.0026601553,0.003944369
2459370.602400938,-0.00032800436,0.003946053
2459370.6037898306,0.0015838146,0.003948019
2459370.605178723,-0.0065625906,0.0039443187
2459370.6065676156,0.0034321547,0.003946029
2459370.6079565077,0.00032413006,0.0039468394
2459370.6093454,-0.0022577643,0.0039477507
2459370.6107342923,0.0007586479,0.003948374
2459370.612123185,0.0014926195,0.0039480706
2459370.6135120774,0.00027394295,0.0039466573
2459370.6149009694,0.0010178089,0.0039472096
2459370.6162898615,0.0019007921,0.003948142
2459370.617678754,-0.0033249855,0.003944346
2459370.6190676466,0.003224492,0.003950097
2459370.6204565386,-0.0020053387,0.003946105
2459370.621845431,0.002687931,0.003949453
2459370.623234323,0.004912019,0.003950937
2459370.6246232158,0.006101966,0.0039521344
2459370.626012108,-0.0025228858,0.0039475365
2459370.6274010004,0.00042784214,0.0039523006
2459370.628789893,-0.00080412626,0.0039491346
2459370.6301787854,-0.00031811,0.00394949
2459370.631567677,0.010105491,0.003955864
2459370.6329565695,-0.0007869005,0.003948709
2459370.634345462,0.00043272972,0.003950049
2459370.635734354,0.0003836155,0.003948599
2459370.6371232467,-0.0051599145,0.0039464086
2459370.6385121387,0.0024266243,0.0039497647
2459370.639901031,0.0009447336,0.0039501833
2459370.6412899233,-0.0025939345,0.0039481972
2459370.642678816,0.0033253431,0.003952412
2459370.644067708,0.0036642551,0.0039524273
2459370.6454566005,-0.0068174005,0.0039450186
2459370.6468454925,0.006108165,0.0039543314
2459370.6482343846,0.008086801,0.003954455
2459370.649623277,0.0004569292,0.0039524133
2459370.6510121697,-0.006950319,0.0039471635
2459370.6524010617,0.0026695728,0.0039542904
2459370.653789954,-0.0051350594,0.003948387
2459370.6551788463,-0.0040901303,0.0039484757
2459370.6565677384,0.0049159527,0.0039570304
2459370.657956631,0.005534172,0.0039566336
2459370.659345523,0.006440282,0.0039564404
2459370.6607344155,0.00079393387,0.0039506927
2459370.6621233076,-0.005139649,0.00395108
2459370.6635121997,-0.0048704743,0.0039496375
2459370.664901092,-0.0042287707,0.0039525367
2459370.6662899842,0.0052073,0.0039550494
2459370.667678877,-0.0046820045,0.003949285
2459370.669067769,-0.0004912615,0.003952315
2459370.670456661,-0.0016856194,0.0039486815
2459370.6718455534,-0.0019193888,0.003952564
2459370.6732344455,-0.00090897083,0.0039576665
2459370.674623338,-3.59416e-05,0.003952421
2459370.67601223,-0.0020844936,0.003954158
2459370.677401122,-0.0030357242,0.0039508743
2459370.6787900147,-0.001815021,0.003951646
2459370.680178907,-0.0013813972,0.003952302
2459370.6815677993,-0.005335152,0.003950234
2459370.6829566914,0.0037794113,0.003956679
2459370.684345584,-0.0013571978,0.003953229
2459370.6857344755,0.0008291006,0.0039539174
2459370.687123368,0.0010640621,0.0039556874
2459370.68851226,0.0013905764,0.0039554825
2459370.6899011526,0.0013751984,0.0039553335
2459370.6912900447,0.0010881424,0.0039553684
2459370.6926789368,0.008752704,0.0039608255
2459370.694067829,0.00175488,0.003955926
2459370.6954567214,0.0014470816,0.0039561004
2459370.6968456134,0.0039725304,0.003959751
2459370.698234506,-0.0058152676,0.0039526867
2459370.699623398,0.0034140348,0.0039584436
2459370.70101229,0.00408113,0.003958048
2459370.702401182,-0.0024203062,0.003954313
2459370.7037900747,-0.0060740113,0.0039515686
2459370.7051789667,-0.0054093003,0.0039506387
2459370.7065678593,-0.0007382035,0.003959103
2459370.707956751,0.0009497404,0.003956128
2459370.7093456434,0.0009242296,0.0039564576
2459370.7107345355,0.0019961596,0.0039571724
2459370.712123428,0.0028454065,0.0039561614
2459370.71351232,0.0070359707,0.0039611426
2459370.714901212,0.0006586313,0.003956594
2459370.716290104,-0.0026742816,0.0039546723
2459370.7176789963,4.005432e-05,0.0039575053
2459370.719067889,0.0049666166,0.003957622
2459370.720456781,0.0015845299,0.0039557703
2459370.7218456734,-0.002396226,0.003954716
2459370.723234565,-0.0038526654,0.0039535505
2459370.724623457,-0.0016000271,0.00395477
2459370.7260123496,-0.0020109415,0.0039558616
2459370.7274012417,-0.0011162162,0.0039554196
2459370.728790134,-0.0025607944,0.0039512715
2459370.7301790263,0.0006406307,0.0039570862
2459370.731567918,0.0032355785,0.0039604045
2459370.7329568104,0.0033420324,0.00395822
2459370.7343457025,-0.0047109127,0.0039514517
2459370.735734595,-0.0035868883,0.0039527286
2459370.737123487,0.0010528564,0.003959449
2459370.7385123787,-0.0026048422,0.0039543663
2459370.739901271,-0.0043278933,0.0039523994
2459370.7412901632,0.0002926588,0.0039575854
2459370.7426790553,0.0029441118,0.003960393
2459370.744067948,-0.0008133054,0.003957007
2459370.74545684,-0.005676627,0.0039518266
2459370.7468457315,-0.0031587481,0.003953614
2459370.748234624,-0.00647223,0.00395171
2459370.749623516,-0.008321822,0.003947562
2459370.751012408,0.0019052029,0.0039568744
2459370.7524013007,0.004515052,0.003960182
2459370.753790193,0.0044424534,0.0039591417
2459370.7551790844,0.0032778978,0.003958266
2459370.756567977,0.0008676052,0.003958719
2459370.757956869,0.0056461096,0.003962772
2459370.759345761,0.0010163784,0.003957126
2459370.7607346536,0.0035920143,0.0039616316
2459370.762123545,0.0029084682,0.003959396
2459370.763512437,-0.0026742816,0.003951814
2459370.7649013293,-0.0020583868,0.0039528743
2459370.766290222,0.0037016869,0.0039574597
2459370.767679114,-0.0018604994,0.003954097
2459370.769068006,-0.0028868914,0.003953199
2459370.7704568976,-0.003061533,0.003955222
2459370.77184579,-0.0018132329,0.0039533363
2459370.773234682,-0.0029887557,0.003953889
2459370.774623574,0.004747987,0.0039600846
2459370.7760124663,-0.0013899803,0.003954726
2459370.7774013584,-0.00073701143,0.003954
2459370.7787902504,-0.005071342,0.003953532
2459370.7801791425,-0.002503395,0.003953975
2459370.7815680346,-0.0021580458,0.0039520604
2459370.782956927,0.0037039518,0.0039577833
2459370.784345819,0.0018302202,0.003958527
2459370.7857347107,-0.005616188,0.003951451
2459370.787123603,0.0052964687,0.0039584725
2459370.7885124953,-0.00030082464,0.003956143
2459370.7899013874,-0.009319186,0.003948085
2459370.7912902795,-0.0037222505,0.0039525875
2459370.792679171,-0.0041790605,0.003950938
2459370.794068063,0.002806306,0.0039572
2459370.795456955,-0.0012226701,0.003956413
2459370.7968458477,0.002927661,0.003957648
2459370.79823474,-0.005660534,0.003950893
2459370.799623632,0.0040402412,0.0039565917
2459370.8010125235,-0.002291739,0.003953613
2459370.8024014155,-0.00593096,0.003948704
2459370.803790308,-6.240606e-05,0.003956027
2459370.8051792,-0.004136145,0.003952471
2459370.806568092,0.007108569,0.0039610267
2459370.807956984,0.0031805038,0.0039565233
2459370.809345876,0.007183194,0.003961594
2459370.810734768,0.0029925108,0.003957072
2459370.81212366,-0.008533597,0.0039471444
2459370.813512552,0.0017089844,0.0039547468
2459370.8149014446,-0.002710402,0.0039543463
2459370.816290336,0.007737875,0.0039615734
2459370.8176792283,-0.0025960207,0.0039525554
2459370.8190681203,-0.0037949681,0.003952295
2459370.8204570124,-0.0009369254,0.0039531533
2459370.8218459045,-0.0011804104,0.0039552287
2459370.823234796,0.0023264885,0.003957299
2459370.824623688,0.0015286207,0.003955127
2459370.82601258,0.0028944016,0.003956679
2459370.8274014727,-0.0042175055,0.003951346
2459370.828790365,-0.00016337633,0.003954368
2459370.830179257,-0.0019537807,0.0039547
2459370.8315681485,-0.0007805824,0.003954141
2459370.8329570405,0.0013144016,0.003957326
2459370.8343459326,-0.0024371743,0.0039527374
2459370.8357348246,0.00230515,0.0039572897
2459370.8371237167,-0.0030959845,0.0039548688
2459370.838512609,-0.0025411248,0.003953506
2459370.8399015004,0.00012505054,0.003954358
2459370.8412903924,0.0037300587,0.003958825
2459370.8426792845,-0.0055080056,0.003951909
2459370.8440681766,0.0025939941,0.003959989
2459370.8454570686,-0.0017662048,0.003955083
2459370.8468459602,0.00445807,0.003959823
2459370.8482348523,-0.0009047389,0.003953524
2459370.8496237444,-0.0030992627,0.0039541144
2459370.8510126364,-0.00029349327,0.003955575
2459370.8524015285,0.0014060736,0.0039588953
2459370.8537904206,-0.0016063452,0.0039554867
2459370.855179312,-0.0006785393,0.003955586
2459370.8565682042,0.0019290447,0.003957643
2459370.8579570963,0.0049231052,0.003958448
2459370.8593459884,-0.0067397356,0.0039494396
2459370.8607348804,-0.0014150739,0.0039547756
2459370.862123772,-0.001758635,0.0039514108
2459370.863512664,0.00092577934,0.0039579417
2459370.864901556,-0.0040817857,0.0039520687
2459370.8662904482,0.00027310848,0.0039566783
2459370.8676793403,-0.004532218,0.00395169
2459370.8690682324,0.0020487309,0.003956941
2459370.870457124,-0.0020169616,0.0039518485
2459370.871846016,-0.008158326,0.0039516846
2459370.873234908,-0.0027698874,0.003953881
2459370.8746238,-0.0018130541,0.0039552622
2459370.876012692,0.00058186054,0.0039572106
2459370.877401584,-0.007282138,0.0039499593
2459370.878790476,-0.0067738295,0.003953712
2459370.880179368,0.00043523312,0.003954904
2459370.8815682596,0.00064110756,0.0039546373
2459370.8829571516,0.0019984245,0.003957595
2459370.8843460437,0.00027155876,0.003955354
2459370.8857349353,0.0010677576,0.0039568525
2459370.8871238274,0.0011982918,0.0039578206
2459370.8885127194,-0.0063883066,0.003950793
2459370.8899016115,0.006905794,0.003961187
2459370.8912905036,0.0053936243,0.0039587175
2459370.892679395,0.0069710016,0.0039608786
2459370.8940682868,0.0024194717,0.0039569335
2459370.895457179,0.0012518167,0.003958067
2459370.896846071,-0.0023473501,0.0039560376
2459370.898234963,0.008135438,0.003962631
2459370.899623855,-0.00513345,0.0039525717
2459370.9010127466,-0.0041942596,0.00395512
2459370.9024016387,0.0038897991,0.003958456
2459370.9037905303,0.002342105,0.0039573214
2459370.9051794223,0.002455473,0.003957259
2459370.9065683144,-0.0060209036,0.0039519416
2459370.9079572065,-0.00086063147,0.0039554317
2459370.909346098,-0.0061041713,0.003953357
2459370.91073499,-0.007305801,0.0039516552
2459370.9121238817,0.0011037588,0.003959106
2459370.913512774,-0.0032473803,0.003956662
2459370.914901666,-0.00333637,0.003954878
2459370.9162905575,0.0026961565,0.0039580306
2459370.9176794495,0.002148509,0.003959526
2459370.919068341,-0.0014151931,0.00395775
2459370.920457233,-0.003085196,0.003956669
2459370.9218461253,-0.001190424,0.003958654
2459370.9232350173,0.0026670694,0.0039601144
2459370.924623909,0.00027668476,0.003960744
2459370.9260128005,0.006925583,0.0039619287
2459370.9274016926,0.003463626,0.0039625126
2459370.9287905847,-0.002600789,0.0039539076
2459370.9301794767,-0.00013333559,0.0039577167
2459370.931568368,0.00062572956,0.003958748
2459370.93295726,0.0055937767,0.0039617345
2459370.934346152,0.004000902,0.0039603915
2459370.935735044,0.00044715405,0.0039605796
2459370.9371239357,-0.007410884,0.003952249
2459370.9385128277,-0.0040542483,0.0039565903
2459370.9399017193,0.0021022558,0.0039593056
2459370.9412906114,0.007839441,0.003965068
2459370.942679503,0.0043848753,0.003960032
2459370.944068395,-0.00276649,0.0039573223
2459370.945457287,0.0029215813,0.0039627776
2459370.9468461787,-0.004967034,0.0039520995
2459370.9482350703,0.0016595125,0.0039602444
2459370.9496239624,0.0016372204,0.0039586797
2459370.9510128545,0.0035945177,0.00396057
2459370.952401746,-0.0025744438,0.0039567747
2459370.953790638,-0.0010355115,0.0039592176
2459370.9551795297,0.0017607212,0.003961925
2459370.9565684213,-0.001203835,0.0039577046
2459370.9579573134,-0.004617214,0.003954748
2459370.9593462055,-0.0011882782,0.003957426
2459370.960735097,0.0009958744,0.0039597363
2459370.9621239887,0.0016639233,0.0039583277
2459370.9635128807,0.000318408,0.003956816
2459370.9649017723,-0.0018385053,0.003954787
2459370.9662906644,0.005022645,0.0039633326
2459370.9676795565,0.0071281195,0.0039631203
2459370.969068448,0.0042482615,0.0039616544
2459370.9704573397,-0.00011050701,0.003956811
2459370.9718462317,0.00018429756,0.003962474
2459370.9732351233,-0.0077040195,0.003951931
2459370.9746240154,-0.0010080934,0.00395774
2459370.976012907,-0.004026711,0.0039577554
2459370.9774017986,-0.0010107756,0.003958697
2459370.9787906907,0.0012052059,0.0039619864
2459370.9801795823,0.001536727,0.0039594243
2459370.9815684743,0.0034475327,0.003959455
2459370.982957366,0.00047063828,0.0039604753
2459370.984346258,-0.0044320226,0.0039544227
2459370.9857351496,-0.0012885928,0.003957679
2459370.987124041,0.0042159557,0.0039596865
2459370.9885129333,-3.71933e-05,0.0039584693
2459370.989901825,0.00060224533,0.0039574355
2459370.991290717,-0.0007379651,0.0039604083
2459370.9926796085,-0.0011940002,0.003955388
2459370.9940685,0.0033789873,0.00395825
2459370.995457392,0.00089764595,0.0039562844
2459370.996846284,0.002379179,0.003959715
2459370.998235176,-0.007720351,0.003951409
2459370.9996240675,0.002031684,0.0039579626
2459371.001012959,-0.0028954148,0.0039584027
2459371.0024018507,0.00046610832,0.003957006
2459371.0037907427,0.00073480606,0.00395862
2459371.0051796343,0.0076522827,0.003963857
2459371.0065685264,-0.0055384636,0.0039543672
2459371.007957418,-0.0016519427,0.00395631
2459371.0093463096,-0.0012508631,0.00395185
2459371.010735201,0.0045484304,0.003959777
2459371.0121240932,0.0016241074,0.0039586606
2459371.013512985,0.00046002865,0.0039572
2459371.014901877,0.002942562,0.0039595724
2459371.016290768,0.0023158789,0.003958375
2459371.01767966,0.00246799,0.003959271
2459371.0190685517,0.00034344196,0.0039602057
2459371.020457444,0.00092327595,0.003958077
2459371.0218463354,0.0014896393,0.003956774
2459371.0232352274,0.005325198,0.0039587333
2459371.0246241186,0.0009924173,0.0039563505
2459371.0260130106,0.0046471357,0.0039566765
2459371.0274019022,0.0010778904,0.0039572306
2459371.0287907943,-0.0029100776,0.0039521796
2459371.030179686,-0.00075656176,0.0039514005
2459371.0315685775,0.0015035868,0.003958735
2459371.032957469,0.0007185936,0.003954124
2459371.0343463607,-0.0011692047,0.003953392
2459371.035735253,0.00040650368,0.003955247
2459371.0371241444,0.00077724457,0.003954504
2459371.0385130364,-0.007376969,0.003949544
2459371.0399019276,-0.0006722212,0.0039553014
2459371.0412908196,-0.0020941496,0.0039531947
2459371.0426797112,-0.0056716204,0.003949703
2459371.044068603,-0.0010712743,0.0039524166
2459371.045457495,-0.0012346506,0.003955039
2459371.046846386,0.0009970665,0.0039544073
2459371.048235278,0.0014884472,0.0039537908
2459371.0496241697,-0.008857906,0.0039455686
2459371.0510130613,0.0068469048,0.0039622085
2459371.0524019534,-0.004916489,0.003951143
2459371.053790845,0.0003106594,0.003951922
2459371.055179736,0.0020623207,0.003954441
2459371.056568628,-0.0018790364,0.0039537395
2459371.05795752,5.364418e-06,0.003952925
2459371.0593464114,0.00029850006,0.0039524506
2459371.0607353034,-0.0021343231,0.0039488375
2459371.062124195,-0.0007632375,0.0039498736
2459371.0635130866,-0.00078189373,0.003951579
2459371.0649019782,-0.005221963,0.0039478354
2459371.06629087,-0.0031679869,0.0039505414
2459371.067679762,-0.00090157986,0.00395136
2459371.0690686535,-0.0039430857,0.003948535
2459371.0704575446,-0.0045930147,0.0039488818
2459371.0718464367,-0.0054377317,0.0039486056
2459371.0732353283,0.0008286238,0.0039523086
2459371.07462422,0.0027736425,0.0039533535
2459371.0760131115,-0.0041224957,0.003948712
2459371.0774020036,0.006494522,0.0039551877
2459371.0787908947,0.002901554,0.0039560203
2459371.0801797863,0.0021493435,0.003953115
2459371.0815686784,-0.003959954,0.0039486233
2459371.08295757,-0.0019010305,0.0039499486
2459371.0843464616,-0.00017684698,0.0039488724
2459371.0857353527,0.0019137859,0.003951098
2459371.087124245,0.002505064,0.0039510285
2459371.0885131364,-0.0018889308,0.003947263
2459371.089902028,0.0038330555,0.003952241
2459371.09129092,-0.002919674,0.0039488887
2459371.0926798116,-0.0015662909,0.0039476403
2459371.094068703,-0.0021961331,0.0039516524
2459371.0954575944,0.0006030798,0.0039498038
2459371.096846486,0.0043753386,0.003951904
2459371.098235378,-0.0016648173,0.0039483574
2459371.0996242696,0.0012265444,0.00395048
2459371.101013161,-0.0021310449,0.003948452
2459371.1024020524,0.0037795305,0.0039529093
2459371.1037909444,0.0030229092,0.003951667
2459371.105179836,0.0040978193,0.003950387
2459371.1065687276,-0.0010765791,0.003946602
2459371.1079576192,-0.00056141615,0.0039503737
2459371.1093465104,0.004066825,0.0039495304
2459371.1107354024,-0.0010778308,0.003946962
2459371.112124294,-0.003548801,0.0039438144
2459371.1135131856,0.0010709763,0.0039495584
2459371.1149020772,-0.0013808012,0.003947234
2459371.1162909684,-0.003066063,0.0039461213
2459371.1176798604,-0.004558265,0.00394411
2459371.119068752,0.00064074993,0.00394925
2459371.1204576436,0.00096702576,0.0039497674
2459371.1218465352,-0.0038431287,0.0039419737
2459371.123235427,0.0062891245,0.0039502396
2459371.124624318,0.00011086464,0.0039493055
2459371.12601321,-0.0034648776,0.0039452096
2459371.1274021016,-0.0006068349,0.003947081
2459371.1287909932,0.007139921,0.003952876
2459371.130179885,0.006071806,0.003953138
2459371.1315687764,-0.0013711452,0.003948035
2459371.1329576676,-0.0022012591,0.003945379
2459371.134346559,1.3589859e-05,0.0039453367
2459371.135735451,-0.00075513124,0.003944514
2459371.137124343,-0.0024536848,0.0039435057
2459371.1385132344,0.0035003424,0.003949144
2459371.1399021256,0.0011616945,0.0039464254
2459371.141291017,0.001180768,0.0039479993
2459371.142679909,-0.002059579,0.0039458876
2459371.1440688004,0.0036460161,0.0039501046
2459371.145457692,0.0035579205,0.003951255
2459371.1468465836,0.0012959242,0.003946741
2459371.1482354747,-0.0015676618,0.0039471863
2459371.1496243663,-0.0002142191,0.0039479462
2459371.151013258,0.0009763241,0.0039474107
2459371.15240215,0.0008597374,0.0039462894
2459371.1537910416,-0.0023989081,0.0039464864
2459371.1551799327,0.00037693977,0.003945912
2459371.1565688243,0.008464456,0.003952629
2459371.157957716,0.00327456,0.0039511668
2459371.1593466075,-0.0042786,0.003944799
2459371.160735499,-0.004648447,0.0039436775
2459371.1621243907,-0.0015275478,0.003948319
2459371.163513282,0.0007145405,0.003946074
2459371.1649021734,0.0013618469,0.0039513097
2459371.166291065,-0.003975868,0.003944961
2459371.1676799566,-0.0006933212,0.0039463863
2459371.1690688482,-0.0037305355,0.00394654
2459371.1704577394,-0.0014935136,0.003947111
2459371.171846631,0.002122879,0.0039494387
2459371.1732355226,-0.005086422,0.0039456286
2459371.174624414,0.00015747547,0.003947562
2459371.176013306,0.00414145,0.0039479095
2459371.1774021974,0.0032866,0.0039497316
2459371.1787910885,0.010032177,0.003953778
2459371.18017998,0.0002552271,0.003947316
2459371.1815688717,-0.0012290478,0.003947663
2459371.1829577633,0.0009756088,0.0039451295
2459371.184346655,-0.0032248497,0.0039481916
2459371.185735546,0.0009101629,0.0039488366
2459371.1871244377,0.00082850456,0.0039489423
2459371.1885133293,0.004160166,0.0039519714
2459371.189902221,0.006345749,0.003953542
2459371.1912911125,0.0048063993,0.003951187
2459371.192680004,0.0009521246,0.0039495286
2459371.1940688947,0.0011301041,0.003945772
2459371.1954577863,-0.0015181303,0.003945668
2459371.196846678,8.940697e-05,0.0039474783
2459371.1982355695,-0.00077563524,0.0039491914
2459371.199624461,-0.002032578,0.0039462484
2459371.2010133523,0.00020682812,0.003948834
2459371.202402244,0.0051532984,0.0039527873
2459371.2037911355,0.0037858486,0.0039509726
2459371.205180027,-0.005932331,0.003942146
2459371.2065689187,0.0003604889,0.0039508757
2459371.2079578103,0.0011126995,0.0039508278
2459371.209346701,-0.0014477968,0.0039477358
2459371.2107355925,0.0010060072,0.0039482396
2459371.212124484,0.0032094717,0.003951894
2459371.2135133757,0.006119609,0.00395453
2459371.2149022673,0.0037486553,0.003950958
2459371.216291159,-0.003558278,0.0039455206
2459371.21768005,-0.00357759,0.0039448957
2459371.2190689417,-0.004313171,0.003945235
2459371.220457833,-0.0020377636,0.003949845
2459371.2218467244,0.0014909506,0.0039520455
2459371.223235616,0.0059491396,0.003953929
2459371.224624507,0.0012081861,0.0039496333
2459371.2260133987,-0.0068247914,0.0039456473
2459371.2274022903,-0.0036030412,0.003945788
2459371.2287911815,0.0013593435,0.003949927
2459371.230180073,-0.0015843511,0.0039492184
2459371.2315689647,-0.0048912764,0.0039464557
2459371.232957856,0.0046087503,0.003953078
2459371.2343467474,0.003805399,0.003957932
2459371.235735639,-0.0031223297,0.0039479933
2459371.23712453,0.0012506247,0.003950572
2459371.2385134217,-0.0006054044,0.003947479
2459371.239902313,-0.0042489767,0.003945575
2459371.2412912045,-0.002682805,0.0039503323
2459371.242680096,-0.004120052,0.0039461795
2459371.244068987,-0.00012654066,0.0039487737
2459371.245457879,0.0034911633,0.0039531197
2459371.2468467704,0.0054243803,0.0039571854
2459371.2482356615,0.0025007725,0.003952773
2459371.2496245527,0.0024397373,0.0039537405
2459371.2510134443,0.0028862953,0.0039527607
2459371.252402336,8.1539154e-05,0.0039485106
2459371.2537912275,-0.0021498203,0.003948222
2459371.255180118,-0.00012564659,0.003952936
2459371.2565690097,-0.0019634962,0.0039491667
2459371.2579579013,-0.0008560419,0.0039494555
2459371.259346793,0.0023133755,0.003952882
2459371.260735684,-0.00060272217,0.003950199
2459371.2621245757,-0.0005581975,0.003951823
2459371.263513467,0.0017858744,0.0039510736
2459371.264902358,0.00011622906,0.003952539
2459371.2662912495,0.0071778297,0.0039548003
2459371.267680141,0.005402088,0.0039529633
2459371.2690690327,0.0057919025,0.003960442
2459371.2704579234,0.00033926964,0.0039513833
2459371.271846815,-0.0037055612,0.003951156
2459371.2732357066,0.00070106983,0.003950386
2459371.2746245977,-0.0030261874,0.0039495765
2459371.2760134893,0.0008869171,0.003950418
2459371.277402381,-0.0036132932,0.003946474
2459371.2787912716,-0.0062330365,0.0039467905
2459371.280180163,-0.0041047335,0.00394841
2459371.281569055,-0.008247495,0.0039456123
2459371.282957946,0.0050578117,0.0039582397
2459371.2843468376,-0.007965267,0.0039459006
2459371.285735729,-0.0012948513,0.00394853
2459371.28712462,-0.0019510984,0.003947993
2459371.2885135114,0.00075984,0.0039531644
2459371.289902403,-0.009555995,0.0039425665
2459371.291291294,-0.0012333989,0.0039511537
2459371.2926801858,-0.002927661,0.0039507137
2459371.294069077,-0.0035505295,0.0039471765
2459371.295457968,-0.002805829,0.0039517106
2459371.2968468596,-0.002916038,0.003950109
2459371.2982357508,-0.004825294,0.0039490303
2459371.2996246424,-0.001993239,0.003949277
2459371.301013534,-0.00038844347,0.0039511314
2459371.3024024246,-0.00010716915,0.0039501474
2459371.303791316,-0.010348916,0.0039419434
2459371.3051802074,-0.0011205673,0.003950189
2459371.306569099,-0.0086193085,0.003944246
2459371.3079579906,-0.0054077506,0.0039450494
2459371.309346881,0.001683116,0.00395126
2459371.310735773,0.0017038584,0.0039500427
2459371.312124664,0.0019013882,0.0039527654
2459371.3135135556,-0.0019888878,0.0039497754
2459371.3149024467,0.004798174,0.0039503425
2459371.3162913383,-0.0017834902,0.0039521623
2459371.3176802294,0.0046771765,0.003956448
2459371.3190691206,-0.004472196,0.0039463425
2459371.320458012,-0.0013315082,0.003949874
2459371.3218469033,-0.006683588,0.0039439634
2459371.323235795,-0.0049270988,0.003945831
2459371.3246246856,-0.0017924309,0.0039496766
2459371.326013577,-0.0011494756,0.003949867
2459371.3274024683,-0.0051741004,0.003944915
2459371.32879136,-0.00044763088,0.0039496953
2459371.330180251,0.0016162395,0.003951931
2459371.3315691426,9.572506e-05,0.0039461213
2459371.3329580333,-0.006014347,0.003947938
2459371.334346925,-0.00022357702,0.003950326
2459371.335735816,0.00011074543,0.003947756
2459371.3371247076,0.0027335882,0.0039515984
2459371.338513599,-0.00096178055,0.003946222
2459371.33990249,0.00038218498,0.003950671
2459371.341291381,-0.004057467,0.003946488
2459371.3426802726,-0.010146201,0.003942802
2459371.344069164,-0.001367271,0.0039455877
2459371.3454580554,-0.004043579,0.0039455593
2459371.3468469465,0.002430439,0.0039510853
2459371.3482358376,-0.0034149885,0.0039455527
2459371.349624729,0.0012564659,0.003951375
2459371.35101362,-0.0064863563,0.0039430447
2459371.3524025115,-0.0038698912,0.0039511467
2459371.3537914027,-0.0056551695,0.0039454056
2459371.355180294,0.0019227266,0.0039476934
2459371.356569185,-0.003024757,0.0039442875
2459371.3579580765,-0.004576862,0.003943635
2459371.3593469677,0.00447011,0.0039504394
2459371.360735859,-0.009932518,0.0039391043
2459371.3621247504,0.0025068521,0.003949002
2459371.363513641,-0.000759542,0.003945905
2459371.3649025327,-0.0034299493,0.0039446247
2459371.366291424,0.00019586086,0.0039504836
2459371.3676803154,0.001344204,0.003946567
2459371.3690692065,0.0013982058,0.003945058
2459371.3704580977,0.0036597252,0.0039477996
2459371.371846989,0.0008727312,0.003945423
2459371.37323588,0.0012412071,0.003947228
2459371.374624771,-0.00343436,0.0039442265
2459371.3760136627,0.008578658,0.003949415
2459371.377402554,-0.0010311604,0.003945384
2459371.378791445,0.0034031868,0.0039509814
2459371.380180336,-0.0012238026,0.0039448026
2459371.381569227,-0.004540682,0.003942737
2459371.382958119,0.007504225,0.0039494685
2459371.38434701,0.0047004223,0.0039481
2459371.385735901,0.0016994476,0.003945407
2459371.387124792,-0.00089108944,0.003944883
2459371.3885136833,-0.007439375,0.0039380966
2459371.3899025745,-0.00084352493,0.0039460077
2459371.391291466,0.0018268824,0.003941958
2459371.392680357,-0.0063430667,0.0039373334
2459371.394069248,0.0023502111,0.003944121
2459371.3954581395,0.00047540665,0.003943151
2459371.3968470306,0.00063097477,0.003942843
2459371.3982359217,0.0009804964,0.0039427667
2459371.399624813,0.0052388906,0.0039461963
2459371.4010137045,0.0024285316,0.0039427844
2459371.402402595,-0.0064514875,0.003937594
2459371.4037914863,-0.0023452044,0.0039415527
2459371.405180378,-0.0031072497,0.0039388044
2459371.406569269,-0.000988543,0.003936323
2459371.40795816,-0.003174603,0.0039383904
2459371.409347051,-0.0056633353,0.003935156
2459371.4107359424,-0.0062857866,0.0039352095
2459371.4121248336,0.00011122227,0.0039413422
2459371.4135137247,-0.0012766719,0.0039374274
2459371.414902616,-0.0065007806,0.003935999
2459371.4162915074,-0.0046688914,0.0039360775
2459371.417680398,-0.001069665,0.0039390074
2459371.419069289,-0.0011658669,0.0039369655
2459371.4204581804,-0.00045251846,0.003939231
2459371.421847072,0.0021344423,0.003939959
2459371.423235963,0.0050041676,0.0039436426
2459371.424624854,0.0017310381,0.003941553
2459371.426013745,-0.003141284,0.003935654
2459371.4274026365,-0.0060086846,0.0039333007
2459371.4287915276,0.0016082525,0.0039389785
2459371.430180419,-0.0019401908,0.003936115
2459371.43156931,0.0055776834,0.0039443537
2459371.4329582006,0.0048965216,0.0039417986
2459371.434347092,0.0037053823,0.003943275
2459371.4357359833,0.0020974874,0.003937967
2459371.4371248744,-0.0042037964,0.0039343494
2459371.4385137656,-0.00070261955,0.003936992
2459371.4399026567,0.00018179417,0.0039417534
2459371.4412915474,-0.0049511194,0.003933424
2459371.442680439,0.0026228428,0.003938241
2459371.44406933,0.0015580654,0.0039394903
2459371.4454582212,0.0031892061,0.0039370027
2459371.4468471124,-0.0022807717,0.0039361524
2459371.448236003,-0.006999612,0.003933154
2459371.449624894,-0.0012944341,0.00393657
2459371.451013786,0.0018572807,0.0039365734
2459371.452402677,-0.0010557175,0.0039374237
2459371.453791568,0.0041264296,0.003942087
2459371.455180459,0.0010403395,0.0039373557
2459371.45656935,-0.0031247735,0.00393234
2459371.457958241,0.007920146,0.0039429283
2459371.459347132,0.0021140575,0.0039354567
2459371.4607360233,0.0018886328,0.0039363853
2459371.4621249144,0.0026880503,0.003939625
2459371.4635138055,-0.0049468875,0.003933554
2459371.4649026967,-0.002803564,0.003931518
2459371.466291588,-0.0040372014,0.0039329627
2459371.467680479,-0.0042172074,0.003932965
2459371.46906937,-0.003616333,0.0039324067
2459371.470458261,0.00023674965,0.003935303
2459371.471847152,0.0010927916,0.0039365995
2459371.473236043,-0.0031018853,0.003933637
2459371.474624934,0.0020371675,0.003936335
2459371.4760138253,0.00157547,0.003937815
2459371.4774027164,-0.004715383,0.003934109
2459371.478791607,-0.0049769282,0.0039309277
2459371.480180498,0.0015970469,0.003935086
2459371.48156939,-0.00211066,0.0039342353
2459371.482958281,-0.00060009956,0.0039338507
2459371.484347172,-0.0021701455,0.003932227
2459371.485736063,-0.0015007257,0.003933923
2459371.487124954,0.0006387234,0.0039356435
2459371.488513845,-0.0040608644,0.0039317575
2459371.489902736,0.0005155802,0.0039366446
2459371.4912916273,0.003935933,0.0039368803
2459371.4926805184,0.006364584,0.003938402
2459371.494069409,-0.0055605173,0.0039331815
2459371.4954583,-0.0072181225,0.0039280546
2459371.4968471914,-0.0026346445,0.0039312006
2459371.4982360825,-0.0058996677,0.003931629
2459371.4996249736,0.0006592274,0.003935796
2459371.5010138648,-0.0047140718,0.0039290595
2459371.5024027554,0.0005515814,0.003932209
2459371.5037916466,-0.0054951906,0.003930845
2459371.5051805377,0.0012300014,0.003932962
2459371.506569429,-0.00086539984,0.003934412
2459371.50795832,0.0014307499,0.0039388253
2459371.5093472106,0.00288105,0.0039357585
2459371.510736102,-0.004044533,0.0039304653
2459371.5121249924,-0.003666997,0.003929744
2459371.5135138836,0.00048077106,0.0039351573
2459371.5149027747,-0.0022888184,0.003936565
2459371.516291666,-0.0052741766,0.0039319294
2459371.5176805565,0.0025764704,0.003933305
2459371.5190694476,0.0026048422,0.003935835
2459371.520458339,0.0003376007,0.003935944
2459371.52184723,-0.003141582,0.0039323694
2459371.523236121,-0.0032873154,0.003932847
2459371.524625012,-0.0027219057,0.0039329655
2459371.526013903,0.004622698,0.0039397706
2459371.527402794,0.00084495544,0.0039336393
2459371.528791685,0.0021525621,0.0039363583
2459371.530180576,0.002336979,0.0039365143
2459371.531569467,0.0035446882,0.0039381743
2459371.5329583576,-0.0007799864,0.0039341343
2459371.5343472487,0.0011051893,0.0039382065
2459371.53573614,0.004410267,0.003936945
2459371.537125031,-2.9444695e-05,0.0039350293
2459371.538513922,0.0005838871,0.0039362367
2459371.5399028133,-0.010694385,0.003929481
2459371.5412917035,-0.004094243,0.0039329203
2459371.5426805946,-0.0019456148,0.0039315335
2459371.5440694857,-0.004478514,0.0039323
2459371.545458377,0.00014543533,0.0039355094
2459371.546847268,-0.0011431575,0.0039359136
2459371.5482361587,0.00048017502,0.00393294
2459371.54962505,-0.0067899227,0.0039297906
2459371.5510139405,0.00499177,0.0039380235
2459371.5524028316,0.005105734,0.0039402344
2459371.5537917227,-0.0025756955,0.0039360034
2459371.555180614,0.0024491549,0.0039382847
2459371.5565695046,-0.0003875494,0.003934723
2459371.5579583957,0.00053858757,0.0039383275
2459371.5593472864,0.0010566711,0.0039381646
2459371.5607361775,-0.003353417,0.0039318516
2459371.5621250686,-0.002814293,0.0039325417
2459371.5635139593,0.0055645704,0.0039421218
2459371.5649028504,-0.0041831136,0.0039316136
2459371.566291741,0.0025646687,0.0039420323
2459371.567680632,0.0019267797,0.003940858
2459371.5690695234,-0.0070506334,0.0039328425
2459371.5704584145,0.0017277002,0.00393811
2459371.5718473047,0.0026426315,0.0039375024
2459371.573236196,-0.000659585,0.0039366256
2459371.574625087,0.00275743,0.0039420486
2459371.576013978,-0.0003851056,0.003936961
2459371.577402869,0.001078248,0.003937408
2459371.5787917594,-0.0023706555,0.0039383573
2459371.5801806506,-0.0009833574,0.003938697
2459371.5815695417,0.0023823977,0.0039407327
2459371.5829584324,0.0013021231,0.0039382046
2459371.5843473235,0.00018966198,0.0039392654
2459371.5857362146,-0.003875494,0.003936705
2459371.5871251053,0.00412333,0.003940043
2459371.588513996,0.008374333,0.003947284
2459371.589902887,0.0042806864,0.003940829
2459371.5912917783,-0.003777504,0.00393557
2459371.592680669,0.0006109476,0.003940019
2459371.59406956,-0.002237618,0.0039389944
2459371.5954584507,0.0009325743,0.0039382223
2459371.596847342,0.0037009716,0.0039441916
2459371.5982362325,0.0027595758,0.0039387597
2459371.5996251237,-0.00094532967,0.0039377636
2459371.601014015,0.0014500618,0.003940517
2459371.602402905,0.0053977966,0.0039454657
2459371.603791796,0.0004298687,0.003938493
2459371.6051806873,0.005716443,0.00394289
2459371.606569578,0.00056648254,0.0039423886
2459371.607958469,-0.005610168,0.003936314
2459371.60934736,-0.0020167232,0.003939754
2459371.6107362504,0.002031684,0.0039437464
2459371.6121251415,0.0042089224,0.003941979
2459371.613514032,0.0032383204,0.003943315
2459371.6149029233,-0.0035374165,0.0039387657
2459371.6162918145,-0.0049069524,0.003937378
2459371.6176807047,0.01179862,0.00395068
2459371.619069596,-7.8082085e-05,0.003942637
2459371.620458487,-0.0043110847,0.00393665
2459371.6218473776,0.0010584593,0.0039439127
2459371.6232362688,-0.004137099,0.003940069
2459371.6246251594,0.0023363829,0.00394375
2459371.62601405,-0.002825141,0.003941482
2459371.627402941,0.0009988546,0.003943962
2459371.628791832,0.0022643805,0.003941872
2459371.630180723,-0.00017797947,0.0039408645
2459371.6315696137,0.004073024,0.0039425544
2459371.6329585044,0.00047063828,0.0039433185
2459371.6343473955,-0.0028036833,0.0039403727
2459371.635736286,0.0012879372,0.003945437
2459371.6371251773,0.0010129213,0.0039462224
2459371.638514068,-0.0033534765,0.003940415
2459371.639902959,0.0011997223,0.003946646
2459371.6412918493,-0.0008560419,0.0039433846
2459371.6426807404,-0.0025486946,0.0039417646
2459371.6440696316,0.00036513805,0.0039444077
2459371.6454585223,-0.0018959641,0.003945336
2459371.6468474134,-0.0010386705,0.003945752
2459371.6482363036,0.002948165,0.0039464147
2459371.6496251947,0.0015640259,0.0039477833
2459371.6510140854,0.0015769005,0.0039455392
2459371.6524029765,0.0038518906,0.0039487574
2459371.653791867,0.00015473366,0.003946252
2459371.6551807583,0.003034711,0.0039463257
2459371.6565696485,-0.003077805,0.0039442796
2459371.6579585397,-0.00092476606,0.0039453306
2459371.6593474303,0.0041725636,0.003951417
2459371.6607363215,0.005960703,0.0039517335
2459371.662125212,-0.0016334057,0.0039466377
2459371.663514103,-0.001355648,0.00394541
2459371.6649029935,0.0017869473,0.0039488915
2459371.6662918846,0.006403804,0.0039541996
2459371.6676807753,0.0043005943,0.003951073
2459371.6690696664,0.0019792318,0.003949104
2459371.670458557,0.0002772808,0.003948073
2459371.6718474478,0.0025292635,0.003950026
2459371.6732363384,-0.0067480206,0.003943449
2459371.6746252296,0.008482814,0.0039539193
2459371.67601412,4.6372414e-05,0.0039462117
2459371.677403011,0.0037244558,0.003953925
2459371.678791902,-0.007663548,0.0039414573
2459371.680180792,-0.0031038523,0.0039462806
2459371.6815696834,0.0019011497,0.0039507276
2459371.682958574,0.003105998,0.003950405
2459371.684347465,-0.0052586794,0.0039428496
2459371.685736356,0.00021600723,0.0039528473
2459371.687125246,0.0024962425,0.003952361
2459371.688514137,-0.003726244,0.0039470023
2459371.689903028,0.002170205,0.0039525437
2459371.691291919,-0.00079649687,0.003951474
2459371.6926808096,-0.0042814016,0.003947408
2459371.6940697003,0.0027047396,0.0039531095
2459371.695458591,-5.978346e-05,0.0039499016
2459371.6968474817,-0.0021663308,0.003948895
2459371.698236373,-0.00596565,0.0039479802
2459371.6996252635,-0.0030210614,0.00395306
2459371.701014154,0.0024333,0.0039512347
2459371.702403045,-0.00049102306,0.003950205
2459371.7037919355,0.00091958046,0.00394917
2459371.705180826,-0.0058113337,0.003946148
2459371.7065697173,-0.0010607839,0.003952317
2459371.707958608,-0.0033051968,0.0039493223
2459371.709347499,-0.001919806,0.0039524436
2459371.7107363893,-0.0012539029,0.0039550215
2459371.71212528,-0.002231121,0.0039499784
2459371.713514171,0.00090658665,0.0039515863
2459371.7149030617,-0.000892818,0.0039503975
2459371.7162919524,0.0035837889,0.003955703
2459371.717680843,3.1352043e-05,0.003949631
2459371.7190697338,0.0015695095,0.003951916
2459371.7204586244,0.0022673607,0.0039540697
2459371.721847515,0.00070393085,0.0039526946
2459371.723236406,-0.0037443042,0.0039495174
2459371.724625297,0.0031102896,0.00395482
2459371.726014187,0.0030272007,0.0039551915
2459371.727403078,-0.0012701154,0.003951481
2459371.728791969,0.0022826195,0.0039530057
2459371.7301808596,-2.1219254e-05,0.003952347
2459371.7315697507,-0.0012928247,0.003952953
2459371.732958641,0.0029946566,0.00395639
2459371.7343475316,-0.002689302,0.003951963
2459371.7357364222,-0.0038120747,0.0039519425
2459371.7371253134,-0.00058186054,0.0039522345
2459371.738514204,-0.0073483586,0.0039516105
2459371.7399030947,0.00026929379,0.0039550555
2459371.741291985,0.003690958,0.00395705
2459371.742680876,-0.0020047426,0.00395128
2459371.7440697667,-0.0026708841,0.0039536185
2459371.7454586574,-0.0030986667,0.003951451
2459371.746847548,-0.0004261732,0.0039525684
2459371.748236439,-0.0010960698,0.0039501
2459371.7496253294,-0.0024490952,0.0039488464
2459371.75101422,0.0016936064,0.0039509884
2459371.7524031107,-0.0032137036,0.003948158
2459371.7537920014,0.0027333498,0.0039562075
2459371.7551808925,0.0031888485,0.003953672
2459371.7565697827,0.003346324,0.003953775
2459371.7579586734,-0.008779824,0.0039485437
2459371.759347564,-0.0010280013,0.003951704
2459371.7607364547,0.0053566694,0.0039544078
2459371.762125346,0.001860261,0.0039546653
2459371.7635142365,-0.0017114878,0.003951808
2459371.7649031268,6.1154366e-05,0.003955495
2459371.7662920174,-0.00472337,0.003949116
2459371.767680908,0.0014387369,0.003954018
2459371.769069799,-0.0069631934,0.003946213
2459371.77045869,0.005010009,0.003957092
2459371.77184758,-0.0015915036,0.0039501754
2459371.7732364708,-0.0014532208,0.0039531323
2459371.7746253614,0.0060504675,0.003958969
2459371.776014252,0.0023519993,0.0039527295
2459371.777403143,0.0042939186,0.0039561405
2459371.778792034,-0.0029768944,0.0039479095
2459371.780180924,-0.0024878383,0.0039503817
2459371.781569815,0.003089428,0.003954927
2459371.7829587054,-0.0037741065,0.003949328
2459371.784347596,0.0002977848,0.0039525307
2459371.785736487,0.0021555424,0.0039528725
2459371.787125377,0.0046896935,0.003956023
2459371.7885142677,0.00070774555,0.003951799
2459371.789903159,-0.001778841,0.003953454
2459371.7912920495,0.0056159496,0.0039575077
2459371.79268094,-0.0009506941,0.0039496254
2459371.794069831,0.0035876036,0.0039539426
2459371.795458721,0.0016549826,0.0039533465
2459371.7968476117,-0.0038362741,0.0039499854
2459371.7982365023,-0.006326735,0.0039466633
2459371.799625393,-0.00021761656,0.003954078
2459371.8010142837,0.0010392666,0.0039528697
2459371.802403174,-0.00096440315,0.003951846
2459371.8037920645,-0.0016543269,0.003953887
2459371.805180955,-0.01148057,0.003946387
2459371.806569846,0.001359582,0.0039545908
2459371.807958737,-0.007969856,0.0039453935
2459371.8093476277,-0.001883626,0.003947245
2459371.810736518,-0.0022946596,0.0039504543
2459371.8121254086,-0.0010836124,0.003951642
2459371.813514299,0.0016895533,0.003951398
2459371.81490319,0.0020580292,0.003952838
2459371.8162920806,-0.0012587905,0.0039496548
2459371.8176809708,-0.0014697313,0.003949347
2459371.8190698614,-0.006980896,0.003947333
2459371.820458752,-0.003165722,0.003950596
2459371.821847643,-0.00063210726,0.003949668
2459371.8232365334,1.6570091e-05,0.0039516413
2459371.824625424,0.006680608,0.003957284
2459371.8260143143,0.0015149117,0.0039490378
2459371.827403205,0.0042420626,0.003953094
2459371.8287920956,0.002113223,0.0039515817
2459371.8301809863,-0.0033488274,0.0039489144
2459371.831569877,-0.0017176867,0.003950323
2459371.8329587677,-0.0016095638,0.0039517353
2459371.834347658,0.0010895729,0.003951208
2459371.8357365485,-0.005053401,0.003944976
2459371.837125439,-0.006097257,0.003946355
2459371.83851433,0.01011014,0.003958418
2459371.8399032205,-0.0039636493,0.003948186
2459371.8412921103,0.0013768673,0.003951903
2459371.842681001,-0.0045329332,0.0039485143
2459371.8440698916,-0.0035417676,0.0039510797
2459371.8454587823,0.0027279854,0.003952719
2459371.846847673,-0.0038040876,0.003949964
2459371.8482365636,-0.002272904,0.003950819
2459371.849625454,0.002030015,0.003954656
2459371.8510143445,-0.0005865693,0.0039519276
2459371.852403235,0.0047905445,0.003952133
2459371.853792126,-0.0011099577,0.0039524273
2459371.8551810165,0.0032316446,0.003953482
2459371.8565699067,-0.00046914816,0.003954433
2459371.8579587974,-0.0014120936,0.0039489046
2459371.8593476876,0.00019979477,0.0039512436
2459371.8607365782,-0.0037148595,0.0039502555
2459371.862125469,0.0049114227,0.003955886
2459371.8635143596,0.002821803,0.003954539
2459371.86490325,0.0007853508,0.003952841
2459371.8662921404,0.0008940697,0.0039522233
2459371.867681031,-0.0018982291,0.003950424
2459371.869069922,-0.0024137497,0.003950446
2459371.870458812,-0.0048739314,0.0039501474
2459371.871847702,-0.00044888258,0.0039541903
2459371.873236593,-0.0069117546,0.0039467104
2459371.8746254835,0.0026750565,0.0039536906
2459371.876014374,0.0006881952,0.003955402
2459371.877403265,0.0045576096,0.0039533
2459371.8787921555,-0.0065222383,0.003945897
2459371.8801810453,-0.008725643,0.003944154
2459371.881569936,-0.0018371344,0.003950093
2459371.8829588266,-0.00019478798,0.0039523304
2459371.8843477173,-0.00440377,0.003947779
2459371.885736608,0.008702993,0.0039585587
2459371.8871254977,0.0072033405,0.003957404
2459371.8885143884,0.00093758106,0.0039520455
2459371.889903279,0.0029689074,0.0039559067
2459371.8912921697,0.002491951,0.003955139
2459371.8926810604,0.004104495,0.0039548925
2459371.8940699506,-0.00020951033,0.0039527253
2459371.8954588408,-0.0016634464,0.003953246
2459371.8968477314,-0.0036901236,0.0039499872
2459371.898236622,-0.0049242973,0.003948592
2459371.899625513,0.0035506487,0.0039529875
2459371.901014403,-0.0021144748,0.0039516473
2459371.9024032936,-0.0010302663,0.0039518927
2459371.903792184,-0.0024170876,0.00395133
2459371.9051810745,-0.00223881,0.0039504636
2459371.9065699647,0.0060009956,0.003956757
2459371.9079588554,0.0030844212,0.0039537535
2459371.909347746,0.0008943081,0.0039510536
2459371.9107366363,-0.00043654442,0.003951276
2459371.9121255265,-0.0029335022,0.0039525563
2459371.913514417,0.0031055212,0.0039556758
2459371.914903308,-0.0031249523,0.003951747
2459371.916292198,-0.00034970045,0.003952941
2459371.9176810887,0.0032521486,0.003954393
2459371.919069979,0.00074994564,0.003951163
2459371.9204588695,0.0020349026,0.003954654
2459371.9218477597,-0.0072724223,0.003947215
2459371.9232366504,0.0013051033,0.003954406
2459371.924625541,-0.004412234,0.003947773
2459371.926014431,-0.0016687512,0.0039542103
2459371.9274033215,-0.0014445782,0.003951223
2459371.928792212,0.0033038855,0.003953956
2459371.9301811024,0.0013215542,0.003953315
2459371.931569993,0.0016758442,0.003953111
2459371.9329588837,-0.0020979643,0.003951951
2459371.9343477734,-0.0007016063,0.003951396
2459371.935736664,-0.00037437677,0.003953313
2459371.937125555,-0.0013610125,0.0039519374
2459371.938514445,-0.002486527,0.003954021
2459371.9399033356,-0.0030019283,0.003952108
2459371.941292226,-0.0017365217,0.0039519556
2459371.942681116,-0.005584419,0.0039520543
2459371.9440700067,0.006448388,0.003960586
2459371.9454588974,-0.0015155077,0.0039528846
2459371.9468477876,-0.002271533,0.003953404
2459371.9482366783,0.00022184849,0.0039544245
2459371.9496255685,-0.0044965744,0.0039507495
2459371.9510144587,-0.0011361837,0.003952958
2459371.9524033493,0.0022960901,0.0039549572
2459371.9537922395,-0.00048559904,0.0039535873
2459371.95518113,-0.0065252185,0.0039493106
2459371.9565700204,-0.0009396672,0.0039507276
2459371.9579589106,-0.003339529,0.0039536185
2459371.9593478013,-0.0030837655,0.0039551123
2459371.9607366915,-0.0048006773,0.0039518056
2459371.962125582,-0.0007147789,0.0039535435
2459371.963514473,0.0039180517,0.003955322
2459371.9649033626,-0.00213629,0.0039525637
2459371.966292253,0.0026568174,0.0039592218
2459371.9676811434,-0.006527424,0.003947041
2459371.969070034,0.001175046,0.003954406
2459371.9704589243,0.004473567,0.0039546015
2459371.9718478145,-0.0052892566,0.003951119
2459371.973236705,0.0010875463,0.003954168
2459371.9746255954,0.004285693,0.003960884
2459371.976014486,-0.0058735013,0.003948731
2459371.9774033763,0.0013757944,0.003955194
2459371.978792267,-0.00496614,0.003952014
2459371.9801811567,0.0027599335,0.0039568003
2459371.9815700473,0.001588583,0.00395646
2459371.9829589375,0.0038744211,0.003957393
2459371.984347828,0.0016937256,0.003955845
2459371.9857367184,-0.0032866597,0.0039518694
2459371.987125609,0.00058174133,0.003952816
2459371.988514499,-0.00023168325,0.003953914
2459371.9899033895,-0.003966868,0.003950567
2459371.9912922797,-0.0045210123,0.0039507756
2459371.9926811703,0.006689906,0.0039571533
2459371.9940700606,0.0010280609,0.0039523463
2459371.9954589508,0.0022431612,0.003953113
2459371.996847841,-0.0038291812,0.003954939
2459371.9982367316,0.0008970499,0.003954991
2459371.999625622,0.005032301,0.0039590206
2459372.0010145125,-0.003141284,0.0039514303
2459372.0024034027,-0.001101613,0.0039524054
2459372.003792293,0.0032262802,0.0039559817
2459372.005181183,-0.0014036298,0.0039513633
2459372.0065700733,-0.0056831837,0.0039502596
2459372.007958964,0.0010972023,0.0039511085
2459372.009347854,0.0025752783,0.003954495
2459372.0107367444,-0.005476415,0.003948998
2459372.0121256346,-7.277727e-05,0.0039545367
2459372.0135145253,0.002175212,0.003955957
2459372.0149034155,0.0005389452,0.003954483
2459372.016292306,0.0009690523,0.0039567337
2459372.0176811963,0.0047154427,0.0039558243
2459372.019070086,0.001149416,0.0039509493
2459372.0204589767,-0.0013867617,0.0039535523
2459372.021847867,-0.007120788,0.0039469413
2459372.0232367576,-9.179115e-06,0.003953973
2459372.024625648,0.009084821,0.0039607286
2459372.0260145376,-0.0030586123,0.0039501484
2459372.027403428,-0.004190445,0.003948458
2459372.0287923184,0.0016672611,0.0039528823
2459372.030181209,-0.0038577318,0.0039519905
2459372.0315700993,0.00091195107,0.003955924
2459372.0329589895,0.0010566711,0.0039538206
2459372.0343478797,2.4914742e-05,0.0039530913
2459372.03573677,0.0042136908,0.003953844
2459372.03712566,0.0040450096,0.003959398
2459372.038514551,-0.005191684,0.003948863
2459372.039903441,0.006317854,0.003955867
2459372.0412923307,0.001535058,0.003953529
2459372.0426812214,-0.0019203424,0.0039492426
2459372.0440701116,-0.0018939376,0.0039515262
2459372.045459002,0.00078475475,0.003951624
2459372.0468478925,-0.00015878677,0.0039514117
2459372.0482367827,0.00082564354,0.003951615
2459372.0496256724,-0.0019396544,0.0039516976
2459372.051014563,-0.0025976896,0.003951666
2459372.0524034533,0.0023800135,0.0039521805
2459372.0537923435,0.0048553944,0.003956789
2459372.055181234,0.0022591352,0.0039531137
2459372.0565701243,0.0005569458,0.0039504822
2459372.057959014,0.0021474361,0.003950196
2459372.0593479048,0.000369668,0.0039508385
2459372.060736795,-0.00079888105,0.003950421
2459372.062125685,-0.0021478534,0.003950916
2459372.0635145754,0.0020649433,0.0039520646
2459372.0649034656,-0.0033246279,0.003947528
2459372.066292356,-0.0011408329,0.003949296
2459372.067681246,-0.002400279,0.003948166
2459372.069070136,-0.0028049946,0.003948657
2459372.070459027,0.0019614697,0.0039531933
2459372.071847917,0.0029991865,0.003950885
2459372.073236807,-4.965067e-05,0.0039529875
2459372.0746256975,-0.0027418137,0.003949925
2459372.0760145877,0.0057879686,0.003956887
2459372.077403478,-0.00095301867,0.0039495043
2459372.078792368,-0.0025205016,0.0039521977
2459372.080181258,-0.0018361211,0.0039500515
2459372.0815701485,-0.0036281347,0.003949661
2459372.0829590387,-0.0037645698,0.0039480217
2459372.084347929,-0.0009977818,0.0039484696
2459372.085736819,-0.0028617978,0.0039450396
2459372.0871257097,-0.004588902,0.0039494266
2459372.0885145995,-0.0006994009,0.003949727
2459372.0899034897,0.0066291094,0.003957028
2459372.09129238,0.0030107498,0.003950226
2459372.09268127,-0.0010799766,0.0039479556
2459372.0940701608,-0.0039767623,0.003945141
2459372.0954590505,0.0049608946,0.00395295
2459372.0968479407,-0.005776465,0.003944906
2459372.098236831,-0.00065273046,0.0039498983
2459372.099625721,6.425381e-05,0.0039506885
2459372.1010146113,0.0010380745,0.003950472
2459372.102403502,-0.0010432601,0.003945822
2459372.1037923917,0.002040267,0.0039517744
2459372.105181282,-0.0013440847,0.003951123
2459372.106570172,0.00063860416,0.0039495374
2459372.1079590623,0.003286004,0.0039519495
2459372.1093479525,0.0019251108,0.0039514066
2459372.1107368423,0.0004557371,0.0039486536
2459372.112125733,-0.0034358501,0.0039454172
2459372.113514623,0.0019661188,0.003949652
2459372.1149035133,-0.00054448843,0.0039490545
2459372.1162924035,-0.0023549795,0.003944903
2459372.1176812937,0.000318408,0.003947288
2459372.1190701835,-0.0008904934,0.0039474606
2459372.1204590737,-0.0025128722,0.0039473604
2459372.121847964,8.606911e-05,0.003949387
2459372.1232368546,8.893013e-05,0.0039469516
2459372.1246257448,-0.0019515753,0.003947555
2459372.126014635,-0.00090688467,0.003948519
2459372.1274035247,0.00027179718,0.0039510503
2459372.128792415,0.00012528896,0.003947342
2459372.130181305,-0.0019984245,0.0039486196
2459372.1315701953,0.0014053583,0.003948864
2459372.1329590855,-0.003876686,0.0039462876
2459372.1343479753,-0.0016457438,0.003946918
2459372.1357368655,-0.0036652088,0.003947348
2459372.1371257557,-0.00025123358,0.00395124
2459372.138514646,-0.0011671782,0.0039460026
2459372.139903536,0.0038192272,0.003951389
2459372.1412924267,-0.004392743,0.0039438014
2459372.1426813165,0.0024842024,0.0039506312
2459372.1440702067,-0.00279212,0.0039464775
2459372.145459097,0.00041925907,0.0039499938
2459372.146847987,-0.0048454404,0.0039451723
2459372.1482368773,-0.00070399046,0.003947236
2459372.149625767,0.003909707,0.0039504166
2459372.151014657,-0.0013973713,0.0039480566
2459372.1524035474,0.0035389662,0.0039509125
2459372.1537924376,-0.0010719895,0.003946646
2459372.155181328,0.00059723854,0.0039496254
2459372.156570218,0.0015095472,0.003949044
2459372.157959108,-0.0015563369,0.0039496203
2459372.159347998,-0.0015530586,0.00394845
2459372.160736888,0.004029751,0.0039533963
2459372.1621257784,0.0013153553,0.0039519616
2459372.1635146686,-0.008097827,0.003941968
2459372.1649035583,-0.0030046701,0.0039478415
2459372.1662924485,-0.0031673908,0.003949894
2459372.1676813387,0.0049808025,0.0039523975
2459372.169070229,0.00028145313,0.00395011
2459372.170459119,-0.0017375946,0.0039483714
2459372.1718480093,-0.004265785,0.003949116
2459372.1732368986,0.004625559,0.0039510815
2459372.174625789,-0.0022058487,0.003946891
2459372.176014679,-0.0023081899,0.0039467844
2459372.177403569,0.0009559393,0.0039498038
2459372.1787924594,0.00183177,0.0039513656
2459372.180181349,-0.0022981167,0.003948699
2459372.1815702394,-0.0028710365,0.003946484
2459372.1829591296,-0.0011700392,0.003948663
2459372.18434802,-0.0023543239,0.003946497
2459372.18573691,0.0024696589,0.003952125
2459372.1871258,-0.0036913157,0.003946335
2459372.18851469,0.0036742687,0.003955194
2459372.18990358,-0.00028699636,0.0039500957
2459372.1912924703,0.0035791397,0.003954183
2459372.19268136,0.0051834583,0.003955348
2459372.1940702503,-0.0010609627,0.0039514387
2459372.19545914,0.0041708946,0.0039546182
2459372.19684803,0.0010775328,0.003949588
2459372.1982369204,0.00498271,0.0039538527
2459372.1996258106,-0.0006824136,0.0039490657
2459372.201014701,-0.0022726655,0.0039486825
2459372.202403591,0.00011944771,0.0039496594
2459372.2037924803,-0.00014668703,0.0039491886
2459372.2051813705,0.00047969818,0.0039527128
2459372.2065702607,-0.0013164282,0.0039518103
2459372.207959151,0.00405097,0.0039536916
2459372.209348041,0.0054990053,0.0039556576
2459372.2107369313,-0.0063354373,0.0039476943
2459372.212125821,0.0029437542,0.0039534224
2459372.213514711,0.0048316717,0.003958641
2459372.214903601,-0.002184391,0.003948836
2459372.216292491,-0.0017979741,0.00394914
2459372.2176813814,-0.007968128,0.0039467895
2459372.219070271,0.0038260221,0.003952056
2459372.220459161,-0.0016483665,0.0039478997
2459372.221848051,0.00041258335,0.0039507076
2459372.2232369413,5.722046e-06,0.003953989
2459372.2246258315,-0.0025084615,0.003946225
2459372.2260147217,-0.002681017,0.003948093
2459372.227403611,-0.0020308495,0.0039466782
2459372.228792501,0.0017617941,0.003954864
2459372.2301813914,0.0009689331,0.003952474
2459372.2315702816,-0.0064772367,0.003947819
2459372.2329591718,0.0003194809,0.003954375
2459372.234348061,0.01105237,0.0039610965
2459372.235736951,0.0063056946,0.0039570713
2459372.2371258414,0.0026159286,0.00395851
2459372.2385147316,0.0012060404,0.003953103
2459372.2399036214,0.0019167662,0.00395608
2459372.2412925116,-0.00575763,0.0039484757
2459372.2426814013,1.3589859e-05,0.0039540436
2459372.2440702915,-0.007950485,0.003948293
2459372.2454591813,-0.0006213188,0.003951822
2459372.2468480715,0.0046755075,0.0039573433
2459372.2482369617,0.0011270046,0.0039517707
2459372.2496258514,-0.0018900037,0.0039500655
2459372.251014741,-0.0019453168,0.003950389
2459372.2524036313,0.0020456314,0.0039537176
2459372.2537925215,0.0109193325,0.0039602206
2459372.2551814113,0.005896926,0.0039555826
2459372.2565703015,-0.0027608871,0.003948102
2459372.257959191,0.0039469004,0.003955283
2459372.2593480814,-0.000369668,0.003951801
2459372.260736971,0.0023782253,0.003951996
2459372.2621258614,0.0013986826,0.0039538303
2459372.2635147516,-0.000852406,0.003952671
2459372.264903641,0.00037050247,0.003953498
2459372.266292531,0.00056803226,0.0039511137
2459372.2676814212,-0.0019405484,0.003951046
2459372.269070311,0.00090539455,0.003953853
2459372.270459201,0.00427258,0.0039527453
2459372.2718480914,0.003915429,0.003952895
2459372.2732369807,0.0020914078,0.003954079
2459372.274625871,-0.002484858,0.0039474526
2459372.276014761,-0.005687177,0.0039488506
2459372.277403651,0.0005978346,0.0039522573
2459372.278792541,0.0019919872,0.003955831
2459372.280181431,-0.0070509315,0.003946994
2459372.2815703205,0.0013024807,0.00395166
2459372.2829592107,0.006042719,0.0039575626
2459372.2843481004,0.000118374825,0.003952542
2459372.2857369906,0.0032964945,0.003954344
2459372.287125881,-0.004234493,0.003951756
2459372.28851477,-0.0035102367,0.003949158
2459372.2899036603,0.007903814,0.003956531
2459372.2912925505,0.004050255,0.0039550248
2459372.2926814402,0.0007529259,0.0039549083
2459372.2940703304,0.0063853264,0.003956096
2459372.29545922,0.005268097,0.003953325
2459372.29684811,-0.0025763512,0.003947252
2459372.2982369997,0.005181551,0.0039546415
2459372.29962589,-0.00061160326,0.0039498764
2459372.30101478,0.0045939684,0.003955043
2459372.30240367,0.00032269955,0.0039540743
2459372.3037925595,0.0004531145,0.0039535817
2459372.3051814493,0.002472043,0.0039530317
2459372.3065703395,-0.0024240613,0.0039517153
2459372.307959229,-0.002286911,0.0039488142
2459372.3093481194,-0.0024179816,0.003950218
2459372.3107370096,0.0003925562,0.0039493907
2459372.312125899,-0.003733158,0.0039494303
2459372.313514789,0.0011460781,0.0039566853
2459372.314903679,0.0017757416,0.0039512115
2459372.316292569,-0.00032365322,0.0039508566
2459372.317681459,0.004644394,0.0039536245
2459372.3190703485,8.59499e-05,0.003949984
2459372.3204592383,0.0027214289,0.003952562
2459372.3218481285,-0.0036773086,0.0039516613
2459372.323237018,-0.0010533929,0.0039498196
2459372.3246259084,-0.003545642,0.0039502904
2459372.326014798,0.004932523,0.0039547794
2459372.327403688,-0.004198611,0.003946772
2459372.3287925776,-0.006438613,0.0039470266
2459372.330181468,0.00713408,0.0039521265
2459372.3315703575,-0.0034706593,0.0039497535
2459372.3329592478,-0.0007787347,0.0039487225
2459372.334348137,0.0049694777,0.0039516157
2459372.335737027,-0.00717026,0.0039478196
2459372.337125917,0.004367113,0.003952989
2459372.338514807,-0.00091826916,0.0039461553
2459372.339903697,0.0042022467,0.003951395
2459372.341292587,-0.0044350624,0.003947219
2459372.3426814764,0.0016314983,0.003950021
2459372.344070366,0.0030846596,0.0039500925
2459372.3454592563,0.0016357899,0.003950066
2459372.346848146,-0.0062113404,0.0039444636
2459372.3482370363,0.004653096,0.0039503844
2459372.3496259255,-0.011492908,0.003939098
2459372.3510148157,-0.0038531423,0.0039454377
2459372.3524037055,-0.0027791262,0.0039448957
2459372.353792595,0.0061484575,0.00395113
2459372.3551814854,0.0037989616,0.003953619
2459372.356570375,0.0060766935,0.0039525703
2459372.357959265,-0.004083276,0.0039425245
2459372.3593481546,-0.00027638674,0.0039465553
2459372.3607370444,0.0044840574,0.0039499225
2459372.3621259346,0.010009289,0.0039567696
2459372.3635148243,0.0057427883,0.003949657
2459372.3649037145,-0.0023682117,0.0039463937
2459372.366292604,0.0028072596,0.0039493386
2459372.3676814935,0.0080759525,0.0039524
2459372.3690703837,0.0011827946,0.0039495695
2459372.3704592735,0.0015619993,0.0039481535
2459372.3718481637,-0.0021256804,0.0039427495
2459372.373237053,-0.006208122,0.00394043
2459372.3746259427,-0.0003028512,0.0039474294
2459372.376014833,-0.0047420263,0.00394075
2459372.3774037226,-0.0055140853,0.003941327
2459372.3787926123,0.004201412,0.003947952
2459372.3801815026,0.0015101433,0.003945286
2459372.381570392,-0.004130423,0.0039450037
2459372.3829592816,-0.0006509423,0.0039441213
2459372.3843481718,-0.0014551282,0.003944539
2459372.3857370615,0.002594471,0.003945411
2459372.3871259512,-0.0047060847,0.0039429674
2459372.388514841,-0.00262928,0.003941894
2459372.3899037307,-0.001450181,0.003942626
2459372.3912926205,0.0006432533,0.003945885
2459372.3926815107,0.004278302,0.003948812
2459372.3940704004,-0.004063189,0.0039418233
2459372.39545929,-0.0017207861,0.003942418
2459372.3968481794,0.00020897388,0.003943461
2459372.3982370696,0.0028662682,0.003943897
2459372.3996259593,0.0068593025,0.0039477735
2459372.401014849,-0.0026183724,0.0039413613
2459372.4024037393,-0.0013599992,0.0039419695
2459372.4037926286,0.009045839,0.0039499546
2459372.4051815183,0.003207922,0.003944443
2459372.406570408,0.0044071674,0.003944756
2459372.407959298,-0.0047849417,0.0039399057
2459372.409348188,-0.0012624264,0.0039429776
2459372.4107370777,0.002041459,0.0039432677
2459372.412125967,0.0017697811,0.0039430987
2459372.413514857,0.0024892092,0.003945038
2459372.414903747,0.0032857656,0.0039438214
2459372.4162926367,0.003951311,0.003943701
2459372.4176815264,-0.0039664507,0.0039360267
2459372.419070416,0.0050456524,0.0039438335
2459372.420459306,0.0019580126,0.003940556
2459372.4218481956,0.00058329105,0.0039398246
2459372.4232370853,-0.0020529032,0.0039393264
2459372.424625975,-0.00080800056,0.0039389473
2459372.4260148653,0.0020551682,0.0039409455
2459372.4274037546,-0.006228447,0.003939609
2459372.4287926443,-0.00091302395,0.00394052
2459372.430181534,0.0037726164,0.003944168
2459372.4315704238,0.0012873411,0.003940843
2459372.432959314,-0.0053654313,0.0039351606
2459372.4343482037,0.0018240213,0.0039391103
2459372.435737093,0.0017752647,0.0039384556
2459372.4371259827,0.009488463,0.003947242
2459372.4385148725,-0.0021766424,0.0039392523
2459372.439903762,0.0020805597,0.003941848
2459372.4412926524,0.003332138,0.0039421986
2459372.4426815417,-0.007247567,0.003931621
2459372.4440704314,0.0035711527,0.003941207
2459372.445459321,0.005020499,0.003942045
2459372.446848211,0.003410101,0.0039383587
2459372.4482371006,-0.0017256141,0.0039362623
2459372.449625991,-0.0014377236,0.0039363024
2459372.45101488,0.0007750988,0.003939994
2459372.45240377,-0.0030547976,0.003936601
2459372.4537926596,-0.0020825267,0.003936342
2459372.4551815493,0.004250288,0.0039388854
2459372.456570439,-0.0037971735,0.0039356006
2459372.4579593283,0.0032798052,0.0039402265
2459372.459348218,0.00089907646,0.003936877
2459372.4607371083,0.0011013746,0.003938538
2459372.462125998,-0.00037163496,0.0039384514
2459372.4635148877,-0.0047100782,0.0039333343
2459372.4649037775,-0.00075286627,0.0039367606
2459372.4662926667,0.0045155287,0.0039418857
2459372.4676815565,0.005549073,0.0039400663
2459372.469070446,-0.0024175048,0.0039366744
2459372.470459336,0.0036438704,0.0039381785
2459372.4718482257,-0.002174735,0.003934337
2459372.473237115,-0.0027959943,0.003936063
2459372.4746260047,0.0012432337,0.003936161
2459372.4760148944,0.0005978346,0.003938264
2459372.477403784,-0.0024171472,0.0039362735
2459372.4787926744,0.00055229664,0.003937971
2459372.480181564,-0.0070789456,0.003934738
2459372.4815704534,-0.0066367984,0.0039321696
2459372.482959343,0.005955696,0.003937106
2459372.484348233,-0.0058059096,0.0039314907
2459372.4857371226,0.0009801388,0.0039357846
2459372.4871260123,-0.00067448616,0.0039361143
2459372.4885149016,0.0027219057,0.0039369147
2459372.4899037913,-0.0021743178,0.003934737
2459372.491292681,0.002545476,0.0039382996
2459372.492681571,0.0041309595,0.0039363233
2459372.4940704606,-0.0021941662,0.0039367625
2459372.4954593503,3.6120415e-05,0.0039371094
2459372.4968482396,0.008979082,0.0039401143
2459372.4982371293,-0.002617836,0.003932918
2459372.499626019,-8.505583e-05,0.0039367583
2459372.501014909,0.0036683083,0.0039366805
2459372.5024037985,-0.0017750263,0.0039346246
2459372.503792688,0.0010461807,0.003936292
2459372.5051815775,-0.007890761,0.003930779
2459372.5065704673,0.006051779,0.0039409264
2459372.507959357,0.005808115,0.0039398754
2459372.5093482467,0.0005072355,0.003935965
2459372.5107371365,-0.007233441,0.003929404
2459372.5121260257,0.0029246807,0.0039365897
2459372.5135149155,0.003950238,0.0039417753
2459372.5149038048,-0.0022546053,0.0039340723
2459372.5162926945,0.0017551184,0.0039371043
2459372.517681584,0.00075244904,0.003932571
2459372.519070474,0.006515622,0.003938821
2459372.5204593632,-0.001368165,0.003932572
2459372.521848253,0.0012925863,0.003937045
2459372.5232371427,0.005916238,0.0039395834
2459372.5246260324,-0.0015900731,0.003935193
2459372.526014922,0.0003798008,0.0039351215
2459372.5274038115,0.0007259846,0.0039354423
2459372.528792701,-0.0035675168,0.003933692
2459372.530181591,-0.0023813248,0.00393386
2459372.5315704807,0.0025212765,0.0039380123
2459372.53295937,-0.0054115057,0.0039338665
2459372.5343482597,0.0043975115,0.0039387955
2459372.535737149,-0.0064768195,0.0039301026
2459372.5371260387,-0.005261123,0.003933673
2459372.5385149284,0.00019490719,0.0039335997
2459372.539903818,0.002086401,0.0039363923
2459372.541292708,0.003968358,0.0039337813
2459372.542681597,-0.0027348995,0.0039327047
2459372.5440704864,0.0066770315,0.003938306
2459372.545459376,0.0059199333,0.0039402936
2459372.546848266,-0.0020628572,0.0039318367
2459372.5482371557,0.0032857656,0.0039402037
2459372.5496260454,-0.0037066936,0.0039333445
2459372.5510149347,-0.0005019903,0.003935318
2459372.5524038244,-0.00040006638,0.003936652
2459372.5537927137,0.00056290627,0.0039375513
2459372.5551816034,-0.0026203394,0.0039345925
2459372.556570493,0.0048244,0.0039418936
2459372.5579593824,-0.0029053688,0.00393428
2459372.559348272,0.003961444,0.0039372123
2459372.5607371614,-0.001213789,0.00393556
2459372.562126051,0.0033179522,0.0039421953
2459372.563514941,0.002942562,0.00393843
2459372.5649038306,0.002293706,0.003936629
2459372.56629272,0.008224964,0.0039419206
2459372.567681609,-0.00043737888,0.003936437
2459372.569070499,-0.001019001,0.0039360244
2459372.5704593887,-0.00088244677,0.0039362856
2459372.5718482784,8.6307526e-05,0.003936681
2459372.5732371677,0.00044810772,0.0039362665
2459372.574626057,-0.0029222965,0.003934594
2459372.5760149467,-0.006326735,0.0039340504
2459372.5774038364,-0.00069987774,0.0039362432
2459372.578792726,0.005320549,0.003937446
2459372.5801816154,0.007890344,0.003940817
2459372.5815705047,-0.0049445033,0.003932227
2459372.5829593944,0.00207448,0.00393789
2459372.584348284,-0.0031793118,0.0039349
2459372.5857371734,0.007327318,0.0039422815
2459372.587126063,-0.00052672625,0.003941769
2459372.588514953,0.003469944,0.003940956
2459372.589903842,0.003059864,0.003936945
2459372.5912927315,-0.0040203333,0.0039365063
2459372.592681621,0.0055326223,0.003942275
2459372.594070511,0.002923727,0.0039388654
2459372.5954594,-0.005864799,0.003930379
2459372.5968482895,0.005164981,0.003942487
2459372.598237179,-0.0009522438,0.003939775
2459372.599626069,-0.0020691752,0.0039345883
2459372.601014958,-0.002423942,0.0039355136
2459372.602403848,0.00014555454,0.0039418335
2459372.6037927377,-0.0009949207,0.0039373203
2459372.6051816265,0.002366662,0.003939223
2459372.6065705162,-0.0022166371,0.0039373515
2459372.607959406,0.004278183,0.003941015
2459372.6093482953,0.00010848045,0.003941788
2459372.610737185,-0.002424419,0.0039382265
2459372.6121260743,0.0074789524,0.0039456827
2459372.6135149635,0.0028676987,0.003941787
2459372.6149038533,0.0015372038,0.003939661
2459372.616292743,-0.006067872,0.0039371834
2459372.6176816323,-0.011126101,0.0039343727
2459372.619070522,-0.0060533285,0.0039363997
2459372.6204594113,0.0015881062,0.003940982
2459372.6218483006,0.00358665,0.0039430573
2459372.6232371903,-0.011494577,0.0039332043
2459372.62462608,-0.0020127296,0.003939857
2459372.6260149693,-0.0033111572,0.00394042
2459372.6274038586,-0.0021671653,0.0039389725
2459372.628792748,0.0005069971,0.00394512
2459372.6301816376,0.0024440289,0.0039467616
2459372.6315705273,-0.006014943,0.003941105
2459372.6329594166,-0.0044252276,0.0039380235
2459372.6343483063,-0.0025839806,0.003940852
2459372.635737195,-0.006520927,0.003940914
2459372.637126085,-0.004574597,0.0039426046
2459372.6385149746,-0.0025534034,0.0039455905
2459372.639903864,0.008220792,0.0039544976
2459372.6412927536,-0.008057356,0.0039374186
2459372.6426816424,-0.006828487,0.0039386037
2459372.644070532,-0.0027890801,0.0039443183
2459372.6454594214,0.004547,0.003946377
2459372.646848311,-0.0012611747,0.00394545
2459372.648237201,0.0044078827,0.003947656
2459372.64962609,-0.0019548535,0.0039445264
2459372.6510149795,-0.0018879175,0.003945397
2459372.6524038687,0.007630229,0.0039506755
2459372.6537927585,0.0011174679,0.0039480263
2459372.6551816477,-0.0017154217,0.0039463737
2459372.6565705375,0.0029815435,0.0039494904
2459372.6579594263,0.000621438,0.003946293
2459372.659348316,-0.0076835155,0.003938875
2459372.6607372053,0.0019214153,0.0039492035
2459372.662126095,-0.0042984486,0.0039436235
2459372.6635149843,-0.0011075735,0.0039454056
2459372.664903874,0.0015798807,0.0039498582
2459372.666292763,0.0013967752,0.0039476366
2459372.6676816526,-0.004165828,0.003946895
2459372.669070542,0.0024422407,0.003950468
2459372.6704594316,0.0011960268,0.0039481907
2459372.671848321,0.00027275085,0.0039502457
2459372.6732372106,0.0021381378,0.0039480412
2459372.6746260994,-0.0038692951,0.0039459267
2459372.676014989,0.002382636,0.0039513097
2459372.6774038784,0.0025115013,0.003950927
2459372.678792768,-0.005647719,0.003947453
2459372.6801816574,-0.0015841126,0.0039500543
2459372.6815705467,0.00035059452,0.0039513228
2459372.682959436,-0.0019502044,0.003951858
2459372.6843483257,-0.0055550337,0.0039462945
2459372.685737215,0.0051995516,0.0039549223
2459372.6871261047,-0.0016443729,0.003953285
2459372.688514994,0.0054291487,0.003954393
2459372.689903883,0.00072288513,0.0039535123
2459372.6912927725,0.0013338327,0.0039540366
2459372.692681662,0.0014009476,0.003956085
2459372.6940705515,0.0053834915,0.0039556264
2459372.695459441,0.005064845,0.0039534336
2459372.69684833,0.005697489,0.0039588087
2459372.6982372194,0.0061604977,0.0039561535
2459372.6996261086,0.0106835365,0.003960266
2459372.7010149984,-0.001858592,0.003953591
2459372.7024038876,0.0015816689,0.003954822
2459372.7037927774,0.009284139,0.0039595235
2459372.705181666,0.0001348257,0.00395466
2459372.7065705555,-0.0010383129,0.003956595
2459372.707959445,-0.0030289888,0.003955722
2459372.7093483345,-0.002414763,0.0039511668
2459372.710737224,-0.00048798323,0.00395453
2459372.712126113,0.007588625,0.0039602555
2459372.7135150023,0.003469348,0.003956139
2459372.714903892,0.0011724234,0.0039580315
2459372.7162927813,0.0025265217,0.003956704
2459372.7176816706,-0.00766927,0.0039534476
2459372.7190705603,0.004460931,0.003957334
2459372.720459449,0.0023940802,0.0039566387
2459372.7218483384,0.0029815435,0.0039575296
2459372.723237228,-0.004033208,0.0039510196
2459372.7246261174,0.0011305809,0.003954914
2459372.7260150067,0.0048497915,0.0039595747
2459372.727403896,0.0074076653,0.003960664
2459372.728792785,-0.002879262,0.0039536785
2459372.7301816745,-0.000739336,0.0039588427
2459372.731570564,0.00634861,0.0039609885
2459372.7329594535,-0.0014565587,0.003956026
2459372.7343483428,-0.002189815,0.0039563538
2459372.735737232,0.008851051,0.003965279
2459372.7371261213,-0.0013590455,0.0039602243
2459372.7385150106,-0.003334701,0.0039579063
2459372.7399039003,0.0015052557,0.0039602867
2459372.7412927896,-0.003508091,0.003955433
2459372.742681679,0.0032355785,0.0039584874
2459372.7440705677,0.004494071,0.003960129
2459372.7454594574,-0.0034122467,0.0039548944
2459372.7468483467,-0.0029005408,0.0039559924
2459372.748237236,-0.005546093,0.0039525474
2459372.7496261257,-0.0040507913,0.0039572543
2459372.7510150145,-0.0005415082,0.003957576
2459372.7524039038,0.002647996,0.003961351
2459372.753792793,0.0060807467,0.0039640465
2459372.7551816828,-9.1552734e-05,0.003956722
2459372.756570572,-0.00109905,0.003960958
2459372.7579594613,-0.0035291314,0.003956175
2459372.75934835,-0.0047980547,0.0039548385
2459372.76073724,0.004104495,0.0039598136
2459372.762126129,0.0009227991,0.0039618746
2459372.7635150184,0.0019443035,0.0039586425
2459372.7649039077,0.00068295,0.0039606863
2459372.7662927965,0.001003623,0.0039605233
2459372.767681686,0.0007033348,0.0039579254
2459372.7690705755,-0.0015271306,0.003955493
2459372.7704594648,0.0033267736,0.0039626225
2459372.771848354,0.004129529,0.003962654
2459372.7732372433,-0.0012552142,0.003955943
2459372.7746261326,-0.0005144477,0.003961058
2459372.776015022,0.00440979,0.003964428
2459372.777403911,-0.004123211,0.0039564217
2459372.7787928004,-0.001478672,0.0039587473
2459372.7801816897,0.0009815693,0.003957601
2459372.781570579,-0.0034968853,0.0039580273
2459372.782959468,0.00124681,0.0039607724
2459372.7843483575,0.0033459663,0.003959955
2459372.7857372467,0.005841017,0.0039644367
2459372.787126136,-0.0071905255,0.0039546913
2459372.7885150253,-0.010441244,0.0039541265
2459372.7899039146,-0.0021861792,0.003957275
2459372.791292804,-0.000944674,0.003958842
2459372.792681693,-0.012018025,0.0039511723
2459372.7940705824,-0.002526462,0.0039591594
2459372.7954594716,-0.0021818876,0.0039577787
2459372.7968483604,-0.003748715,0.0039561526
2459372.7982372497,-0.0015619993,0.003955819
2459372.799626139,-0.00370121,0.003957072
2459372.8010150287,0.0005122423,0.0039589424
2459372.802403918,0.0060555935,0.0039621196
2459372.8037928073,-0.00064605474,0.003957355
2459372.805181696,-0.0052763224,0.0039540622
2459372.8065705854,0.0020673275,0.003960082
2459372.8079594746,0.003562212,0.003963614
2459372.809348364,0.00043153763,0.0039626514
2459372.810737253,-0.0014112592,0.003957326
2459372.812126142,0.0030453205,0.0039610784
2459372.8135150312,-0.0017931461,0.0039567477
2459372.814903921,-0.0010030866,0.0039558313
2459372.8162928103,0.0043371916,0.003962929
2459372.8176816995,0.0028076172,0.0039616576
2459372.819070589,0.00027751923,0.0039583244
2459372.8204594776,0.0040055513,0.003965054
2459372.821848367,0.005007148,0.003960908
2459372.823237256,-0.0009740591,0.0039578713
2459372.8246261454,-0.0053912997,0.003955692
2459372.8260150347,0.0061688423,0.0039639277
2459372.827403924,0.00043034554,0.003959646
2459372.828792813,-0.0012145042,0.0039573815
2459372.830181702,0.0017261505,0.00396042
2459372.8315705913,0.0012745857,0.0039588357
2459372.8329594806,-0.0033581853,0.0039568017
2459372.83434837,-0.004049301,0.003954915
2459372.8357372587,-0.00039321184,0.0039594145
2459372.837126148,0.006136298,0.003960944
2459372.838515037,0.004010558,0.003959812
2459372.8399039265,-0.008519113,0.003950069
2459372.8412928157,0.005838871,0.003964533
2459372.842681705,-0.0020565987,0.0039587184
2459372.844070594,0.00061416626,0.003957301
2459372.845459483,-0.0028066635,0.0039556758
2459372.8468483724,-0.0021472573,0.0039546667
2459372.8482372616,0.0039047003,0.0039609917
2459372.849626151,0.0035818815,0.0039615897
2459372.8510150397,-0.0010758042,0.003956687
2459372.852403929,0.004385829,0.003962622
2459372.8537928183,-0.001437664,0.00395695
2459372.8551817075,0.0053189993,0.003959235
2459372.856570597,0.0016341209,0.0039605787
2459372.857959486,0.0036568642,0.003958428
2459372.859348375,-0.0071257353,0.003952949
2459372.860737264,-0.00034314394,0.003958454
2459372.8621261534,0.0017855167,0.003955877
2459372.8635150427,0.0020500422,0.00395783
2459372.864903932,0.0035624504,0.003957311
2459372.866292821,0.0028241873,0.003957998
2459372.86768171,0.004909873,0.0039593494
2459372.869070599,0.0048333406,0.0039601773
2459372.870459488,-0.003617704,0.0039560166
2459372.8718483774,-0.00022310019,0.003957485
2459372.8732372667,0.0031696558,0.003958796
2459372.8746261555,-0.0018764734,0.0039534206
2459372.8760150447,0.0001320839,0.003956324
2459372.877403934,0.0020620823,0.0039632446
2459372.8787928233,0.00033593178,0.0039552506
2459372.8801817126,-0.001429379,0.0039567184
2459372.8815706014,-0.00069731474,0.0039509726
2459372.88295949,0.002665639,0.003959488
2459372.8843483794,-0.0007457137,0.0039519756
2459372.8857372687,0.0025703907,0.003960141
2459372.887126158,-0.005649984,0.0039512957
2459372.8885150473,-0.002865672,0.0039542383
2459372.889903936,0.0013848543,0.00395755
2459372.8912928253,0.004802823,0.0039593372
2459372.8926817146,0.005855322,0.0039604185
2459372.8940706034,-0.00046491623,0.0039562955
2459372.8954594927,-0.0026432872,0.003955877
2459372.896848382,0.0019795895,0.003958657
2459372.898237271,0.006422758,0.0039604255
2459372.89962616,0.0043907166,0.003960738
2459372.9010150493,-0.004376173,0.0039533083
2459372.902403938,-0.0019209981,0.0039511835
2459372.9037928274,-0.0021959543,0.0039530243
2459372.905181716,-0.0059984922,0.0039520925
2459372.9065706055,-6.043911e-05,0.0039547607
2459372.9079594947,0.0032625198,0.003958044
2459372.9093483835,-0.00048965216,0.00395661
2459372.910737273,-0.0008838177,0.0039533083
2459372.912126162,-0.0024900436,0.003954389
2459372.913515051,0.0018262863,0.0039554695
2459372.91490394,0.002542138,0.0039539267
2459372.916292829,-0.0035364032,0.003952032
2459372.9176817182,-0.007742226,0.003949117
2459372.9190706075,0.0038585663,0.0039557545
2459372.9204594963,-0.0030248165,0.0039505893
2459372.9218483856,0.0030863285,0.0039579696
2459372.9232372744,0.0026112795,0.0039551756
2459372.9246261637,-0.0020679235,0.0039549894
2459372.926015053,0.0009893179,0.003953946
2459372.927403942,-0.0010246038,0.0039533405
2459372.9287928306,-0.003525138,0.0039514895
2459372.93018172,0.00038826466,0.0039568576
2459372.931570609,0.0051550865,0.003957594
2459372.9329594984,0.0006238222,0.0039531994
2459372.934348387,-0.0009319782,0.0039522126
2459372.935737276,0.007090926,0.0039581754
2459372.9371261653,-0.0011075735,0.003955377
2459372.938515054,-0.002357483,0.0039515877
2459372.9399039433,0.0018748045,0.003953733
2459372.9412928326,0.00066912174,0.0039543803
2459372.942681722,-0.0064821243,0.003949664
2459372.94407061,0.0033364296,0.003957604
2459372.9454594995,0.0023844242,0.003953428
2459372.9468483888,-0.0055364966,0.0039483164
2459372.9482372776,0.00015580654,0.0039523286
2459372.949626167,-0.0042541623,0.003950178
2459372.9510150556,-0.00025230646,0.0039547393
2459372.9524039445,0.0018748045,0.0039551943
2459372.9537928337,0.0022474527,0.0039571025
2459372.955181723,0.003181696,0.003953683
2459372.956570612,0.0024524927,0.0039547416
2459372.957959501,-0.0005649328,0.003950656
2459372.95934839,-0.0001296997,0.0039529265
2459372.9607372787,-0.0033165216,0.0039541638
2459372.962126168,-0.0036056638,0.0039467243
2459372.963515057,0.00055897236,0.0039562425
2459372.964903946,-0.005698502,0.003950916
2459372.966292835,-0.0005798936,0.0039543463
2459372.967681724,0.003221035,0.0039541526
2459372.969070613,-0.008225679,0.0039472836
2459372.970459502,-0.003756225,0.003948484
2459372.9718483915,0.008587599,0.0039587435
2459372.9732372803,0.0008274317,0.0039527738
2459372.974626169,-0.00013393164,0.003954354
2459372.976015058,0.009356618,0.003959522
2459372.977403947,0.004637003,0.0039576585
2459372.9787928364,-0.0029153228,0.003953247
2459372.980181725,-0.0018129945,0.0039522466
2459372.9815706145,-0.003980994,0.0039494387
2459372.982959503,-0.0037615895,0.003952474
2459372.984348392,0.0021238327,0.003954801
2459372.9857372814,0.0042327642,0.0039585354
2459372.98712617,-0.0019551516,0.003949511
2459372.9885150595,-0.0073753595,0.0039501702
2459372.989903948,-0.003894806,0.00395176
2459372.991292837,0.00056266785,0.0039533516
2459372.9926817263,0.0057349205,0.0039591966
2459372.994070615,-0.00606817,0.0039490815
2459372.9954595044,-0.00066256523,0.0039538103
2459372.996848393,-0.00063604116,0.0039549386
2459372.998237282,0.0007069111,0.0039553884
2459372.999626171,-0.00023394823,0.003955704
2459373.00101506,0.0016516447,0.003954038
2459373.002403949,-0.0041701198,0.0039501362
2459373.003792838,0.0012323856,0.003956271
2459373.0051817265,0.0022845268,0.0039570173
2459373.006570616,-0.0012793541,0.0039560804
2459373.007959505,0.006525874,0.0039585186
2459373.009348394,-0.0028022528,0.0039543463
2459373.010737283,0.0035362244,0.0039567673
2459373.012126172,-0.008387804,0.003948426
2459373.013515061,0.003592372,0.003959799
2459373.0149039496,0.005368471,0.003960548
2459373.016292839,-0.004677832,0.0039529973
2459373.0176817277,0.0018024445,0.003957653
2459373.019070617,-0.00045269728,0.0039540455
2459373.0204595053,-0.00024837255,0.003957087
2459373.0218483945,0.0016297102,0.0039557354
2459373.0232372833,0.0005710125,0.0039545093
2459373.024626172,0.0024889708,0.003956873
2459373.0260150614,-0.0035823584,0.003954257
2459373.02740395,-0.0033186674,0.003956568
2459373.028792839,-0.0016310811,0.0039543984
2459373.030181728,-0.0038883686,0.0039520385
2459373.031570617,0.0036412477,0.003957243
2459373.032959506,0.0017541647,0.0039536604
2459373.034348395,-0.0026057363,0.0039538257
2459373.0357372835,-0.0026220083,0.003953576
2459373.037126173,0.00061416626,0.0039553777
2459373.0385150616,0.00054359436,0.0039562564
2459373.0399039504,-0.0032345653,0.0039510042
2459373.0412928397,0.0051282644,0.003959342
2459373.0426817285,-0.0021597743,0.0039495896
2459373.0440706173,-0.0071787834,0.0039528417
2459373.045459506,-0.006567538,0.0039512813
2459373.0468483954,-0.00743711,0.0039494834
2459373.048237284,-0.006136358,0.0039531915
2459373.049626173,-0.0030440092,0.0039533605
2459373.0510150623,-0.007431209,0.003950202
2459373.0524039506,-0.005771935,0.003951617
2459373.05379284,-0.0077390075,0.003952101
2459373.0551817287,-0.0051690936,0.0039506773
2459373.0565706175,-0.005283892,0.0039529284
2459373.0579595068,0.0018098354,0.003954826
2459373.059348395,-0.010140657,0.003947697
2459373.060737284,-0.0023497343,0.003951797
2459373.062126173,-0.009257734,0.003952509
2459373.063515062,0.002718091,0.0039567803
2459373.0649039513,-0.0025188327,0.0039522555
2459373.06629284,-0.0006503463,0.003953424
2459373.0676817284,-0.009646654,0.0039508385
2459373.0690706177,-0.0006995201,0.0039544455
2459373.0704595065,-0.005348563,0.003949352
2459373.0718483953,0.0057988167,0.003959969
2459373.0732372846,-0.009285212,0.0039491844
2459373.074626173,-0.01101023,0.00395151
2459373.0760150617,-0.0056140423,0.00394911
2459373.077403951,0.0014036894,0.0039559454
2459373.07879284,-0.0067301393,0.0039504007
2459373.0801817286,-0.009206057,0.003949317
2459373.081570618,-0.005559385,0.0039499495
2459373.082959506,-0.0021987557,0.0039545293
2459373.084348395,-0.0038710833,0.003954109
2459373.0857372843,-0.010074019,0.003947095
2459373.087126173,-0.004652202,0.003951389
2459373.088515062,-0.007247567,0.0039487537
2459373.08990395,-0.007059753,0.003950452
2459373.0912928395,-0.0061382055,0.003950189
2459373.0926817283,-0.008866549,0.0039480384
2459373.094070617,-0.008096337,0.0039496627
2459373.0954595064,-0.0032940507,0.003952901
2459373.096848395,-0.0058039427,0.003950148
2459373.0982372835,-0.0048318505,0.003950747
2459373.0996261723,-0.012472689,0.0039452394
2459373.1010150616,-0.011125863,0.003949265
2459373.1024039504,-0.0059452057,0.0039491197
2459373.103792839,-0.004756987,0.003954138
2459373.1051817276,-0.0029907823,0.003956094
2459373.106570617,-0.0063259006,0.0039489837
2459373.1079595056,-0.002419114,0.003952001
2459373.1093483944,-6.043911e-05,0.0039526913
2459373.1107372832,-0.0029538274,0.0039514536
2459373.112126172,-0.0038142204,0.0039517633
2459373.113515061,-0.007210672,0.0039534643
2459373.1149039497,-0.0049797297,0.0039498294
2459373.1162928385,-0.005650699,0.0039526294
2459373.1176817273,-0.0074701905,0.003951228
2459373.1190706166,-0.008443892,0.0039492324
2459373.120459505,-0.006432295,0.0039500482
2459373.1218483937,-0.007069707,0.0039491067
2459373.1232372825,-0.0040572286,0.0039529507
2459373.1246261713,-0.0021862388,0.003950864
2459373.1260150606,-0.011232495,0.003945644
2459373.1274039494,-0.0063943267,0.0039515286
2459373.1287928377,-0.0052606463,0.003948267
2459373.1301817265,-0.005477667,0.003951664
2459373.1315706153,-0.009041131,0.0039448235
2459373.132959504,-0.0045977235,0.003947033
2459373.1343483934,-0.005907893,0.00394903
2459373.135737282,-0.0053886175,0.003949438
2459373.1371261706,-0.0038275719,0.0039512785
2459373.1385150594,-0.0047557354,0.0039517065
2459373.139903948,-0.005102098,0.003948182
2459373.141292837,-0.010933518,0.0039449115
2459373.142681726,-0.003721714,0.003954118
2459373.1440706146,-0.006000638,0.003955269
2459373.1454595034,-0.0034129024,0.0039516157
2459373.146848392,-0.0031105876,0.003950465
2459373.148237281,-0.0013186932,0.0039537265
2459373.14962617,-0.0032595992,0.0039525526
2459373.1510150586,-0.008474648,0.003947001
2459373.152403947,-0.0045481324,0.0039510294
2459373.153792836,-0.013679624,0.0039440393
2459373.1551817246,-0.005621195,0.0039522992
2459373.156570614,-0.0056291223,0.0039499444
2459373.1579595027,-0.00040358305,0.0039573223
2459373.159348391,-0.0009703636,0.0039555975
2459373.16073728,-0.008249879,0.0039487397
2459373.1621261686,-0.007505119,0.003947335
2459373.1635150574,-0.0033772588,0.0039537307
2459373.164903946,-0.006136,0.0039499756
2459373.166292835,-0.009735227,0.003947518
2459373.1676817234,-0.0034248233,0.003954378
2459373.169070612,-0.007565379,0.0039490834
2459373.170459501,-0.014374375,0.0039438903
2459373.17184839,0.00091814995,0.003957452
2459373.1732372786,-0.0039957166,0.003951931
2459373.174626167,-0.003810227,0.0039510154
2459373.176015056,-0.0020327568,0.003952324
2459373.177403945,-0.008825123,0.003947152
2459373.178792834,-0.005847037,0.0039518056
2459373.1801817226,-0.0075208545,0.0039509367
2459373.1815706114,-0.013280213,0.003947516
2459373.1829595,-0.007237792,0.003951426
2459373.1843483886,-0.006093681,0.0039502555
2459373.1857372774,-0.0051261187,0.0039526224
2459373.187126166,-0.0044668913,0.0039527058
2459373.188515055,-0.0040653944,0.0039529693
2459373.1899039433,-0.0076420903,0.003950411
2459373.191292832,-0.0006263256,0.0039551775
2459373.192681721,-0.004821658,0.003952605
2459373.1940706098,-0.0003901124,0.003955651
2459373.1954594986,-0.0035817027,0.0039533908
2459373.1968483874,-0.0028330684,0.0039538373
2459373.1982372757,-0.0024953485,0.0039556003
2459373.1996261645,-0.009074509,0.0039492706
2459373.2010150533,-0.0050405264,0.0039540026
2459373.202403942,-0.010179579,0.0039499574
2459373.203792831,-0.007097423,0.0039565056
2459373.2051817193,-0.010199785,0.003950797
2459373.2065706076,-0.0040333867,0.003951323
2459373.2079594964,-0.004036665,0.003955232
2459373.209348385,-0.007856786,0.0039554196
2459373.210737274,-0.010149181,0.0039490624
2459373.212126163,-0.010116994,0.003952638
2459373.213515051,-0.0070872307,0.003956855
2459373.21490394,-0.005828023,0.0039557004
2459373.216292829,0.00016415119,0.0039564413
2459373.2176817176,-0.0013189912,0.0039596097
2459373.2190706064,0.0004014969,0.0039588567
2459373.220459495,0.0016795397,0.00395817
2459373.2218483835,0.0013682842,0.0039608376
2459373.2232372724,0.001909256,0.0039603324
2459373.2246261607,-0.0024345517,0.0039585405
2459373.2260150495,-0.00551641,0.0039566103
2459373.2274039383,-0.004779041,0.003955877
2459373.2287928266,-0.0054198503,0.0039549735
2459373.2301817155,0.0027825832,0.003961794
2459373.2315706043,0.0014814138,0.003959438
2459373.232959493,-0.004193008,0.0039562257
2459373.234348382,0.0025504827,0.0039648437
2459373.2357372707,0.003448844,0.003964198
2459373.2371261586,-0.00053060055,0.0039598797
2459373.2385150474,-0.0032753944,0.003959706
2459373.239903936,-0.0063962936,0.0039574294
2459373.241292825,-0.0025125146,0.0039604953
2459373.242681714,0.002627492,0.0039637843
2459373.244070602,0.0044903755,0.003965467
2459373.245459491,-0.0018134117,0.0039611445
2459373.2468483793,-0.00442189,0.0039606313
2459373.248237268,-0.0044781566,0.003957257
2459373.249626157,0.0031477213,0.0039623296
2459373.2510150457,0.00016081333,0.003964989
2459373.252403934,-0.0076668262,0.0039591272
2459373.253792823,0.002395749,0.0039649718
2459373.255181711,0.0026870966,0.0039642844
2459373.2565706,-0.0032480955,0.003961176
2459373.257959489,0.0018180609,0.0039675212
2459373.259348377,0.0015161037,0.003962718
2459373.260737266,0.002952218,0.0039606723
2459373.2621261543,-0.008442581,0.003955721
2459373.263515043,0.0023218393,0.003961912
2459373.264903932,-0.0035674572,0.0039619096
2459373.2662928207,0.0015305281,0.003961985
2459373.267681709,0.0048537254,0.0039613564
2459373.2690705974,-0.006203115,0.003955976
2459373.270459486,0.003696084,0.0039665843
2459373.271848375,-0.002778709,0.003959342
2459373.273237264,0.0077331066,0.0039685764
2459373.2746261517,0.0022081137,0.0039669606
2459373.2760150405,0.003627658,0.0039653443
2459373.2774039293,0.0032840967,0.00396453
2459373.278792818,0.0024535656,0.003964771
2459373.2801817064,0.0090408325,0.003968945
2459373.281570595,-0.00027185678,0.003963589
2459373.2829594836,0.0018399954,0.003964247
2459373.2843483724,-0.0016947985,0.0039599654
2459373.2857372607,0.001067996,0.003961144
2459373.2871261495,-0.0008838177,0.0039599654
2459373.2885150383,-0.0010440946,0.003962393
2459373.2899039267,-0.001964271,0.003960389
2459373.291292815,-0.0008814335,0.003960913
2459373.292681704,-0.003881812,0.003960643
2459373.2940705926,0.00048041344,0.003965134
2459373.295459481,0.0013045073,0.0039646477
2459373.2968483698,9.930134e-05,0.0039658444
2459373.298237258,0.0026733875,0.0039659636
2459373.2996261464,-0.001096487,0.003962425
2459373.3010150352,-0.0017247796,0.003962978
2459373.302403924,-0.0069805384,0.0039566495
2459373.3037928124,0.002789855,0.003962856
2459373.305181701,-0.0015306473,0.0039610956
2459373.3065705895,0.00514555,0.0039674067
2459373.307959478,-0.0044171214,0.003956931
2459373.3093483667,0.002801299,0.0039653606
2459373.3107372555,0.00025701523,0.0039634667
2459373.312126144,-0.01253289,0.003954239
2459373.313515032,0.0027421713,0.003962829
2459373.314903921,0.001711607,0.0039649247
2459373.3162928093,0.005920768,0.0039638774
2459373.317681698,0.0017703772,0.003961568
2459373.319070587,-0.00012892485,0.0039618015
2459373.3204594753,-0.0013081431,0.003958129
2459373.3218483636,-0.006472826,0.003957904
2459373.323237252,-0.008772075,0.0039535835
2459373.3246261408,-0.0058072805,0.0039573587
2459373.3260150296,-0.0007149577,0.003961098
2459373.327403918,-0.0054695606,0.00395555
2459373.3287928062,0.0001513958,0.0039591254
2459373.3301816946,-0.0012655258,0.0039588055
2459373.3315705834,0.008330107,0.0039634174
2459373.332959472,0.0049653053,0.00396298
2459373.3343483605,0.0019437075,0.0039599226
2459373.3357372493,-0.000114023685,0.003959355
2459373.337126137,0.00055885315,0.003959329
2459373.338515026,0.0027577877,0.003962856
2459373.339903915,-0.002540946,0.003956643
2459373.341292803,0.00883913,0.003969093
2459373.342681692,0.0030249357,0.00396139
2459373.34407058,0.0042591095,0.0039599147
2459373.3454594687,0.0038440228,0.003960806
2459373.346848357,-0.0020903945,0.003952753
2459373.348237246,0.0036617517,0.003964629
2459373.349626134,0.0056961775,0.0039614337
2459373.351015023,-0.0009357929,0.0039570825
2459373.3524039113,0.0020655394,0.0039601177
2459373.3537927996,0.0030596256,0.00396264
2459373.3551816884,-0.0007445812,0.003959217
2459373.356570577,-0.00024962425,0.0039580218
2459373.3579594656,-0.0056340694,0.0039532576
2459373.359348354,-0.0018594861,0.003956231
2459373.3607372423,-0.0022935867,0.003955252
2459373.3621261306,-0.0028364062,0.003954315
2459373.3635150194,-0.004298091,0.003954096
2459373.3649039078,-0.00012636185,0.003956832
2459373.3662927966,-0.004129827,0.0039540115
2459373.3676816844,0.0014209747,0.0039590234
2459373.3690705732,0.0042897463,0.003960188
2459373.3704594616,-0.0030583143,0.003954823
2459373.3718483504,0.0059752464,0.003960881
2459373.3732372387,0.0026359558,0.0039541754
2459373.3746261275,-0.0041377544,0.003952758
2459373.3760150154,0.0042061806,0.003956524
2459373.3774039038,0.001087904,0.0039552148
2459373.3787927926,-0.0073155165,0.0039487444
2459373.380181681,0.0029035807,0.0039566057
2459373.3815705697,0.0029244423,0.003959521
2459373.3829594576,0.0017009974,0.0039525493
2459373.3843483464,0.0044897795,0.0039584874
2459373.3857372347,-0.0010561347,0.003954301
2459373.3871261235,-0.00056380033,0.0039563533
2459373.388515012,-0.000333488,0.003952364
2459373.3899039,-0.0032007694,0.003954526
2459373.3912927886,1.001358e-05,0.0039537963
2459373.392681677,-0.0025402904,0.003952599
2459373.3940705657,0.0025256872,0.0039534816
2459373.395459454,-0.0039513707,0.0039494825
2459373.396848343,-0.00042521954,0.003954033
2459373.3982372307,-0.004513681,0.0039500925
2459373.399626119,-0.00320673,0.003949116
2459373.401015008,0.0010889769,0.0039566467
2459373.402403896,-0.0049509406,0.0039474433
2459373.403792785,-0.0023354292,0.0039504096
2459373.4051816734,-0.0019565225,0.003950433
2459373.406570561,0.0020679235,0.003952644
2459373.40795945,0.0049307346,0.0039551095
2459373.4093483384,0.0045137405,0.00395581
2459373.4107372267,0.0005841255,0.003951
2459373.4121261155,0.0055123568,0.0039544897
2459373.4135150034,0.00088882446,0.0039514517
2459373.4149038917,-0.009441197,0.0039434726
2459373.4162927805,0.0007289648,0.003950365
2459373.417681669,-0.005611956,0.003948138
2459373.4190705577,0.0016269684,0.0039509027
2459373.420459446,0.002030015,0.003951943
2459373.421848334,-0.00029194355,0.003948124
2459373.4232372227,0.00016260147,0.0039502867
2459373.424626111,0.0004466772,0.0039554588
2459373.4260149994,-0.00516057,0.0039469884
2459373.4274038877,0.002397418,0.003950557
2459373.428792776,-0.001119554,0.0039455555
2459373.4301816644,0.00062704086,0.0039543533
2459373.4315705528,-0.0026291013,0.0039467155
2459373.4329594416,1.4781952e-05,0.003947597
2459373.43434833,0.001627922,0.003949627
2459373.4357372182,0.0014026165,0.0039533135
2459373.4371261066,-0.008594394,0.0039439066
2459373.438514995,-0.0020576715,0.003945139
2459373.4399038833,0.005864501,0.0039534746
2459373.4412927716,0.0030241013,0.0039484627
2459373.4426816604,-0.0025331974,0.003945193
2459373.4440705488,0.00033426285,0.003945083
2459373.4454594366,0.0017921925,0.0039467462
2459373.4468483254,-0.0057119727,0.0039440547
2459373.448237214,-0.005595267,0.0039442307
2459373.449626102,0.004447818,0.0039510014
2459373.4510149905,-0.0018082857,0.0039428654
2459373.452403879,0.0027894974,0.003947971
2459373.453792767,0.0006891489,0.003947035
2459373.4551816555,-0.0017130971,0.003945915
2459373.456570544,-0.0019633174,0.003948017
2459373.457959432,0.0017089844,0.003948599
2459373.459348321,-0.0051752925,0.0039404435
2459373.460737209,0.002410531,0.0039471197
2459373.462126097,0.0071520805,0.0039508604
2459373.4635149855,0.00083076954,0.003947732
2459373.4649038743,0.0015690327,0.0039456515
2459373.4662927627,0.0007464886,0.0039465614
2459373.4676816505,0.0023767948,0.003946141
2459373.469070539,-0.002261281,0.003946867
2459373.470459427,-0.0035979152,0.003945358
2459373.471848316,0.0016496181,0.003946711
2459373.4732372044,-0.00030243397,0.003943295
2459373.4746260927,-0.002705276,0.003940536
2459373.4760149806,0.00794971,0.003953762
2459373.477403869,-0.0031611323,0.0039421977
2459373.4787927573,-0.0039447546,0.003942209
2459373.480181646,-0.0029686093,0.0039418046
2459373.4815705344,-0.0061950684,0.0039402596
2459373.4829594223,-0.003312707,0.003944325
2459373.4843483106,0.0014027357,0.003946448
2459373.485737199,-0.0063257813,0.003941294
2459373.4871260873,-0.006002307,0.003942187
2459373.488514976,-0.000700295,0.003944419
2459373.4899038645,0.003917098,0.003948541
2459373.4912927523,0.0014722347,0.0039469167
2459373.4926816407,0.0016905069,0.0039465195
2459373.494070529,0.003290534,0.003947427
2459373.4954594173,0.003566265,0.0039482
2459373.4968483057,0.00059068203,0.0039439066
2459373.4982371936,0.005432725,0.0039487476
2459373.4996260824,-0.004630804,0.0039458596
2459373.5010149707,-0.0051677227,0.003936574
2459373.502403859,-0.001544416,0.0039455127
2459373.5037927474,-0.0014767647,0.003944365
2459373.5051816357,0.0051642656,0.0039474643
2459373.5065705236,-0.003874004,0.0039427667
2459373.507959412,0.0033921003,0.0039504627
2459373.5093483003,-0.003661275,0.0039436994
2459373.5107371886,0.0050919056,0.00394717
2459373.512126077,-0.0027155876,0.0039449334
2459373.5135149653,0.0018326044,0.003944985
2459373.514903853,-5.77569e-05,0.003943209
2459373.516292742,-0.003807485,0.0039439853
2459373.5176816303,0.0031154156,0.003949778
2459373.5190705187,0.0051139593,0.0039484403
2459373.520459407,0.0040504932,0.003949849
2459373.521848295,-2.8192997e-05,0.0039447113
2459373.523237183,0.0068764687,0.0039508035
2459373.5246260716,-0.0009945631,0.0039432505
2459373.52601496,0.003536582,0.003947374
2459373.5274038482,0.006566286,0.00394801
2459373.5287927366,0.00051796436,0.0039451565
2459373.5301816245,0.001901269,0.003944937
2459373.531570513,0.0010871887,0.003946567
2459373.532959401,-0.0033848286,0.0039435956
2459373.5343482895,0.0018570423,0.0039475574
2459373.535737178,-0.0003491044,0.0039422414
2459373.5371260657,0.0068291426,0.0039512413
2459373.538514954,-0.00021082163,0.0039414344
2459373.5399038424,-0.004834771,0.003941656
2459373.5412927307,0.0014523268,0.003946256
2459373.542681619,-0.0018247962,0.003945092
2459373.5440705074,-0.00013947487,0.0039456254
2459373.5454593953,0.0011659861,0.0039467816
2459373.5468482836,-0.004430115,0.0039423374
2459373.548237172,0.00087964535,0.0039452375
2459373.5496260603,-0.0014221072,0.0039433404
2459373.5510149486,0.006362438,0.003947136
2459373.5524038365,0.00085902214,0.003946029
2459373.553792725,-0.0026789904,0.0039415094
2459373.555181613,0.0014182329,0.0039427117
2459373.5565705015,-0.004618287,0.003940204
2459373.5579593894,-0.00023925304,0.0039451714
2459373.5593482777,0.004437566,0.0039479733
2459373.5607371656,0.0011997223,0.003949487
2459373.562126054,0.00097191334,0.0039467486
2459373.5635149423,0.007929921,0.0039525656
2459373.5649038306,-0.0076907277,0.003939033
2459373.566292719,-0.0007366538,0.003944409
2459373.567681607,0.00026929379,0.0039463383
2459373.569070495,-0.0019078255,0.003942564
2459373.5704593835,0.005458474,0.0039505158
2459373.571848272,-0.005125582,0.0039428193
2459373.57323716,0.0006556511,0.003947926
2459373.574626048,0.0043646097,0.0039468384
2459373.576014936,-0.00040894747,0.0039490694
2459373.5774038243,0.005135536,0.0039489153
2459373.5787927127,0.0010834932,0.0039491015
2459373.580181601,-0.0032294393,0.003945513
2459373.5815704893,0.0008481741,0.0039466717
2459373.582959377,0.0008456707,0.003946536
2459373.5843482655,-0.001173377,0.0039455723
2459373.5857371534,-0.002590239,0.003945089
2459373.5871260418,-0.0019247532,0.0039448063
2459373.58851493,0.0015342236,0.0039455127
2459373.5899038184,-0.0018822551,0.0039513065
2459373.5912927063,0.0013099909,0.003948949
2459373.5926815947,0.0025697947,0.003949525
2459373.5940704825,-0.0033198,0.0039456836
2459373.595459371,-0.0045109987,0.0039463597
2459373.596848259,0.00057673454,0.0039457697
2459373.5982371476,-0.0050792694,0.0039422675
2459373.5996260354,0.008185029,0.0039516725
2459373.601014924,0.003931284,0.003949241
2459373.6024038116,0.0058995485,0.003950487
2459373.6037927,-0.0012568831,0.003947159
2459373.6051815883,-0.002826035,0.0039442326
2459373.606570476,-0.0039639473,0.0039437385
2459373.6079593645,0.0033664703,0.0039494312
2459373.6093482524,0.005718708,0.003953139
2459373.6107371408,0.0014790297,0.0039469325
2459373.612126029,-0.004431784,0.003946087
2459373.6135149174,-0.0017538667,0.003946903
2459373.614903805,0.00023508072,0.0039468887
2459373.616292693,-0.002020657,0.0039453604
2459373.6176815815,-0.0026340485,0.0039463355
2459373.61907047,0.0034970045,0.0039536054
2459373.6204593577,-0.0009822249,0.0039493507
2459373.6218482456,0.007348776,0.0039572716
2459373.623237134,-0.004571736,0.003944095
2459373.6246260223,0.0029819012,0.003950867
2459373.62601491,0.0011421442,0.003947994
2459373.6274037985,0.0010201931,0.0039493167
2459373.628792687,-0.006014824,0.003948201
2459373.6301815747,5.9723854e-05,0.0039491607
2459373.6315704626,-0.005595088,0.003946327
2459373.632959351,-0.0012355447,0.003947394
2459373.6343482393,0.0021098852,0.003954001
2459373.6357371276,-0.0029045343,0.0039483374
2459373.637126015,-0.004448533,0.003945388
2459373.6385149034,-0.0013480783,0.003947667
2459373.6399037917,-0.0016981959,0.003949335
2459373.6412926796,-0.0030635,0.003948392
2459373.642681568,0.0053116083,0.0039555877
2459373.6440704563,-0.0029485226,0.0039466857
2459373.6454593437,-0.000795424,0.0039465157
2459373.646848232,0.0071798563,0.0039541423
2459373.6482371204,-0.004815221,0.0039465087
2459373.6496260082,0.0054608583,0.003956529
2459373.6510148966,-0.0044730306,0.0039493465
2459373.6524037845,0.002430439,0.0039504734
2459373.6537926723,0.0008136034,0.0039508697
2459373.6551815607,-0.00023394823,0.003951023
2459373.656570449,0.0030732155,0.003955318
2459373.657959337,0.0018012524,0.0039529414
2459373.659348225,-0.0010851622,0.0039508566
2459373.660737113,0.0047705173,0.0039546583
2459373.662126001,-2.9444695e-05,0.003948668
2459373.6635148893,-0.0033336282,0.003950203
2459373.664903777,0.0077176094,0.003957785
2459373.6662926655,0.002964139,0.003953162
2459373.667681554,-0.0074608326,0.0039507276
2459373.6690704413,-0.0015742183,0.00395102
2459373.6704593296,8.034706e-05,0.0039527887
2459373.6718482175,0.0030024052,0.003957249
2459373.673237106,-0.0026162267,0.0039538653
2459373.674625994,0.0023025274,0.0039550327
2459373.6760148816,-0.0045769215,0.003950171
2459373.67740377,-0.0013951063,0.0039551407
2459373.678792658,0.0023641586,0.0039584176
2459373.680181546,-0.0021290183,0.0039515453
2459373.6815704345,0.004307151,0.0039593275
2459373.6829593224,-0.003696084,0.0039544213
2459373.68434821,-0.002737403,0.00395314
2459373.685737098,0.0009281635,0.003956653
2459373.6871259864,-0.0017681122,0.0039548143
2459373.6885148743,-0.0026686788,0.0039557423
2459373.6899037627,0.0028876066,0.0039589205
2459373.69129265,-0.006432116,0.0039528194
2459373.6926815384,-0.0037757754,0.0039523127
2459373.6940704267,0.0032184124,0.0039608204
2459373.6954593146,0.002030015,0.0039613564
2459373.696848203,-0.007022083,0.0039547677
2459373.698237091,-0.006737232,0.003954212
2459373.6996259787,-0.0012617707,0.0039603123
2459373.7010148666,-0.0037627816,0.003959593
2459373.702403755,0.0015256405,0.0039603203
2459373.703792643,0.0009890795,0.003960699
2459373.705181531,-0.0040177107,0.0039580073
2459373.7065704186,0.002970457,0.0039630467
2459373.707959307,-0.001055181,0.003959335
2459373.7093481948,-0.0002452731,0.003963618
2459373.710737083,0.000942111,0.003963924
2459373.712125971,0.0033605099,0.003965386
2459373.7135148593,0.003396511,0.0039619906
2459373.7149037467,0.00220263,0.0039668973
2459373.716292635,0.005796671,0.00396889
2459373.717681523,-0.0018829703,0.0039588427
2459373.719070411,0.0052517653,0.0039684772
2459373.720459299,-0.0032652617,0.00396273
2459373.7218481866,-0.0014923215,0.003965987
2459373.723237075,-0.0018026829,0.003968449
2459373.724625963,-0.0023568869,0.0039627803
2459373.726014851,0.0001552105,0.0039669145
2459373.727403739,-0.0040131807,0.003962286
2459373.7287926273,0.00063204765,0.0039677327
2459373.7301815148,0.0017945766,0.003967957
2459373.7315704026,-0.0005213618,0.0039689876
2459373.732959291,0.004251957,0.0039721658
2459373.734348179,-0.0035173893,0.003965058
2459373.735737067,-0.0023650527,0.003967929
2459373.7371259546,0.006321788,0.003972455
2459373.7385148425,-0.002531767,0.0039658393
2459373.739903731,0.0037248135,0.0039720144
2459373.7412926187,-0.004504204,0.003964452
2459373.742681507,-0.0037836432,0.0039674914
2459373.744070395,0.0009868145,0.003969934
2459373.7454592823,-0.005313158,0.003968958
2459373.7468481706,-0.0009238124,0.003969344
2459373.7482370585,0.005844593,0.003973837
2459373.7496259464,0.0050548315,0.0039720237
2459373.7510148347,0.0012789965,0.0039720032
2459373.7524037226,0.004737377,0.003976497
2459373.7537926105,0.00434494,0.0039742673
2459373.7551814984,-0.002339244,0.0039724046
2459373.7565703862,-0.0034866333,0.0039684265
2459373.7579592746,0.005523443,0.00397518
2459373.7593481624,-0.0030252337,0.003971584
2459373.76073705,-0.0023310184,0.0039662863
2459373.762125938,-0.005361855,0.0039687403
2459373.763514826,-0.000939548,0.0039707967
2459373.764903714,-0.0052422285,0.003966795
2459373.7662926023,0.0012453794,0.0039747516
2459373.76768149,0.0042442083,0.003979009
2459373.7690703776,-0.0030577779,0.00397091
2459373.7704592654,0.0011622906,0.003974881
2459373.771848154,0.006224394,0.0039766454
2459373.7732370417,0.0058443546,0.0039779744
2459373.7746259295,0.0012536049,0.003972605
2459373.7760148174,-0.003786981,0.003969214
2459373.7774037053,0.005955696,0.003978304
2459373.778792593,-0.00036543608,0.0039738044
2459373.780181481,0.0016615391,0.003977828
2459373.7815703694,-0.0011786222,0.003974011
2459373.7829592573,-0.00073337555,0.003973722
2459373.7843481447,0.0042043924,0.003978182
2459373.7857370325,-0.003833294,0.0039715054
2459373.787125921,0.0019488335,0.0039778864
2459373.7885148088,-0.0044558644,0.003973283
2459373.7899036966,0.00094139576,0.003975603
2459373.791292584,0.004748583,0.0039773234
2459373.7926814724,-0.0022966862,0.0039779805
2459373.7940703603,-9.262562e-05,0.003976591
2459373.795459248,-0.0017561913,0.0039789756
2459373.796848136,0.0053452253,0.003982219
2459373.7982370243,-0.0016551018,0.0039740102
2459373.7996259117,-0.0011761189,0.0039731464
2459373.8010147996,-0.0013628006,0.003981158
2459373.8024036875,-0.0006559491,0.0039778966
2459373.8037925754,-0.0014828444,0.0039754277
2459373.8051814637,-0.003271222,0.0039731795
2459373.806570351,0.0032049417,0.0039781258
2459373.807959239,-0.0013586283,0.003974432
2459373.809348127,0.00016462803,0.003980032
2459373.8107370147,0.0013656616,0.003982819
2459373.812125903,-0.0028339624,0.0039728996
2459373.813514791,-0.0021480322,0.0039727744
2459373.8149036784,0.002793789,0.0039808434
2459373.8162925662,-0.004406035,0.0039716014
2459373.817681454,0.001541853,0.003975805
2459373.819070342,-0.0012494326,0.00397973
2459373.82045923,-0.000852108,0.0039734803
2459373.821848118,0.0070798397,0.0039816103
2459373.8232370056,-0.0019845963,0.003972999
2459373.8246258935,0.00070238113,0.0039816042
2459373.8260147814,-0.0028822422,0.0039720717
2459373.8274036692,-0.002066791,0.003971737
2459373.828792557,-0.0027913451,0.003975584
2459373.8301814445,-0.0060477853,0.003971337
2459373.831570333,0.00090014935,0.0039774394
2459373.8329592207,-0.0016032457,0.003974718
2459373.8343481086,0.004456997,0.0039780387
2459373.8357369965,0.0010948181,0.003978115
2459373.8371258844,0.0005327463,0.003975328
2459373.838514772,-0.0019266605,0.0039756377
2459373.8399036597,-0.0022605658,0.003975557
2459373.8412925475,0.006602168,0.003978341
2459373.8426814354,-0.0006606579,0.0039738896
2459373.8440703233,-0.00864774,0.003973368
2459373.8454592107,-0.0035370588,0.003973283
2459373.8468480986,0.004839897,0.003978756
2459373.848236987,0.0031524897,0.003977141
2459373.849625875,-0.0006426573,0.0039758473
2459373.8510147627,0.0068981647,0.00397984
2459373.8524036505,-0.0040590167,0.003974581
2459373.853792538,-0.006504774,0.003973604
2459373.855181426,0.0020897388,0.003974854
2459373.8565703137,0.0016919374,0.0039768936
2459373.8579592016,-0.0015203357,0.0039734743
2459373.8593480894,0.0020045042,0.0039772843
2459373.860736977,0.0044078827,0.003978106
2459373.8621258647,-0.0006877184,0.0039709075
2459373.8635147526,0.0029019117,0.0039739395
2459373.8649036405,-0.00433594,0.0039726323
2459373.8662925283,-0.0014122128,0.0039745085
2459373.867681416,-0.00078982115,0.003975312
2459373.8690703036,0.00038731098,0.003973772
2459373.8704591915,0.0022360086,0.0039737704
2459373.8718480794,-0.0041850805,0.0039689844
2459373.8732369673,0.0022435188,0.003970808
2459373.874625855,0.0032559633,0.003974076
2459373.8760147425,0.0015642643,0.0039766617
2459373.8774036304,7.05719e-05,0.0039778724
2459373.8787925183,0.0011898279,0.0039698617
2459373.880181406,0.00047922134,0.003973704
2459373.881570294,0.004118204,0.003978619
2459373.882959182,0.0057855844,0.0039764345
2459373.8843480693,-0.0029075146,0.003973223
2459373.885736957,-0.00061762333,0.003972337
2459373.8871258446,0.0030071735,0.0039735693
2459373.8885147325,-0.008212924,0.0039646057
2459373.8899036204,0.0074504614,0.0039768983
2459373.8912925078,0.0073666573,0.003975816
2459373.8926813956,-0.003962755,0.0039698076
2459373.8940702835,-0.0013443232,0.0039672577
2459373.8954591714,0.0021492243,0.0039724205
2459373.8968480593,0.0035911798,0.0039709937
2459373.898236947,0.00020468235,0.003970254
2459373.8996258345,0.0035841465,0.003971843
2459373.9010147224,2.8252602e-05,0.0039695143
2459373.9024036103,-0.0011783838,0.0039693033
2459373.9037924977,-0.0012838244,0.003969496
2459373.9051813856,-0.004631102,0.0039699334
2459373.9065702735,0.00413692,0.003969489
2459373.907959161,-0.0019104481,0.003968943
2459373.9093480487,0.008853316,0.0039759227
2459373.9107369366,-0.0007137656,0.0039670435
2459373.9121258245,0.00045204163,0.0039701625
2459373.913514712,-0.0044564605,0.0039578057
2459373.9149035993,0.00020694733,0.0039665448
2459373.916292487,0.00079882145,0.0039682435
2459373.917681375,-0.00022280216,0.003965591
2459373.919070263,0.0025484562,0.0039698714
2459373.920459151,0.006575823,0.0039732107
2459373.921848038,-0.008253872,0.0039618653
2459373.9232369256,0.0037100315,0.003970356
2459373.9246258135,-0.0029101372,0.0039636972
2459373.9260147014,-0.00088721514,0.0039672633
2459373.9274035892,-0.0017374754,0.003965384
2459373.928792477,0.002838254,0.003964185
2459373.930181364,0.0022069216,0.003966962
2459373.931570252,0.00037014484,0.0039666295
2459373.93295914,0.003987193,0.0039693555
2459373.9343480277,0.003932953,0.003966675
2459373.9357369156,-0.0031386614,0.0039620837
2459373.937125803,0.003967762,0.003971951
2459373.9385146904,0.0029176474,0.003968519
2459373.9399035783,-0.0002771616,0.003963415
2459373.941292466,0.0032560825,0.0039668223
2459373.9426813535,-0.0022338629,0.0039656432
2459373.9440702414,-0.0015596747,0.003963096
2459373.945459129,0.004812002,0.0039683064
2459373.9468480167,-0.0003015995,0.0039645014
2459373.948236904,0.0022192001,0.0039661275
2459373.949625792,-0.0023217797,0.003961097
2459373.95101468,-0.0046625733,0.0039619273
2459373.9524035677,-0.00041782856,0.003963278
2459373.9537924547,-0.009280622,0.003958974
2459373.9551813425,-0.0057540536,0.003959852
2459373.9565702304,-0.00121212,0.003961735
2459373.957959118,-0.0026988387,0.00396087
2459373.9593480057,-0.0005376935,0.003963937
2459373.960736893,0.0049932003,0.0039718095
2459373.962125781,-0.006131649,0.0039551435
2459373.9635146684,0.0010073185,0.0039661634
2459373.9649035563,-0.0021998882,0.0039592045
2459373.966292444,0.0022488832,0.0039642355
2459373.9676813316,-0.0043255687,0.00395965
2459373.969070219,-0.0011202693,0.0039623827
2459373.970459107,0.008634329,0.003966509
2459373.9718479943,0.0035601854,0.0039677136
2459373.973236882,0.00028181076,0.0039599584
2459373.97462577,-0.0023970008,0.0039616986
2459373.9760146574,-0.005374193,0.003959172
2459373.977403545,0.0026552677,0.003967389
2459373.978792432,0.0028989315,0.0039621987
2459373.98018132,0.004686713,0.003965168
2459373.981570208,0.009164214,0.0039679096
2459373.9829590954,0.0062793493,0.0039667822
2459373.984347983,-0.0013555884,0.0039586388
2459373.9857368707,-0.00320822,0.003957057
2459373.987125758,-0.0034231544,0.0039595026
2459373.988514646,0.00089752674,0.0039604986
2459373.9899035334,0.0049438477,0.00396616
2459373.9912924212,-0.0036196709,0.003959667
2459373.9926813086,-0.0010740161,0.0039625354
2459373.994070196,0.0011057854,0.0039669177
2459373.995459084,-0.00036007166,0.0039595645
2459373.9968479713,0.004391551,0.003969185
2459373.998236859,-0.0024507642,0.003961589
2459373.9996257466,-0.0030211806,0.003961424
2459374.001014634,0.00553596,0.003968034
2459374.002403522,-0.0002645254,0.0039623147
2459374.0037924093,0.0039845705,0.0039673606
2459374.005181297,0.0008366108,0.0039658654
2459374.0065701846,0.0042659044,0.0039667278
2459374.007959072,0.0019693375,0.0039669746
2459374.0093479594,0.0019006729,0.003964568
2459374.0107368473,0.0046337843,0.003965807
2459374.0121257347,0.0032457113,0.0039652064
2459374.0135146226,-0.0013540387,0.003966635
2459374.01490351,0.0013141632,0.003967055
2459374.0162923974,-0.0022486448,0.0039633727
2459374.0176812853,0.0025604963,0.003967707
2459374.0190701727,-0.0023559332,0.0039624097
2459374.0204590606,-0.0028230548,0.003961723
2459374.021847948,0.0025292635,0.0039672535
2459374.0232368354,0.0027583838,0.0039697597
2459374.024625723,0.0025018454,0.0039644944
2459374.0260146107,-0.0062335134,0.003957494
2459374.027403498,0.0063718557,0.003965963
2459374.0287923855,-0.0072909594,0.003958225
2459374.030181273,-0.0031602979,0.003966359
2459374.0315701603,-0.0012896061,0.003959279
2459374.032959048,0.0062236786,0.003969625
2459374.0343479356,0.005599141,0.003966047
2459374.0357368235,0.0010172129,0.003963143
2459374.037125711,-0.009784341,0.0039558383
2459374.0385145983,-0.0063301325,0.0039598644
2459374.0399034857,-0.0066887736,0.00396024
2459374.0412923736,-0.004302442,0.003967284
2459374.042681261,-0.001452446,0.003967663
2459374.0440701484,-0.0051050186,0.003968637
2459374.045459036,0.006441593,0.0039719413
2459374.046847923,0.0023738146,0.0039707427
2459374.048236811,-0.0022683144,0.003969601
2459374.0496256985,-0.00096452236,0.0039704144
2459374.051014586,0.0047875643,0.0039736694
2459374.0524034738,0.0030550957,0.0039760577
2459374.0537923607,0.0053361654,0.0039742114
2459374.0551812486,-0.0025844574,0.003967449
2459374.056570136,-0.0055537224,0.0039664092
2459374.0579590234,0.0016727448,0.00397168
2459374.0593479113,0.0024625063,0.0039734817
2459374.0607367987,0.0016448498,0.003971731
2459374.0621256856,0.0013808012,0.003970903
2459374.0635145735,-0.0030947924,0.0039685676
2459374.064903461,-0.004449904,0.0039691757
2459374.0662923483,-0.012093365,0.0039629564
2459374.067681236,-0.005858779,0.0039673042
2459374.069070123,-0.0040799975,0.0039677317
2459374.0704590105,-0.002322197,0.003968971
2459374.0718478984,0.00095391273,0.0039703688
2459374.073236786,0.0002951622,0.0039721606
2459374.0746256732,0.0017268658,0.003972729
2459374.076014561,-4.10676e-05,0.0039723795
2459374.077403448,0.004559517,0.003974956
2459374.0787923355,-0.0057825446,0.003968006
2459374.0801812233,-0.006300926,0.0039656693
2459374.0815701107,0.0034322739,0.0039744223
2459374.082958998,0.0044413805,0.0039732563
2459374.084347885,0.005409956,0.0039721504
2459374.085736773,0.0033000708,0.0039761155
2459374.0871256604,0.0061947107,0.003974775
2459374.088514548,-0.0015361905,0.0039696717
2459374.0899034357,0.00039350986,0.003970821
2459374.091292323,0.004594922,0.003975953
2459374.09268121,-0.0027483106,0.0039686915
2459374.0940700974,0.001712203,0.003971977
2459374.0954589853,0.0009191036,0.003971953
2459374.0968478727,-0.0075549483,0.0039652726
2459374.09823676,-0.000954628,0.003967255
2459374.099625647,0.0022699833,0.0039731394
2459374.1010145345,-0.0018418431,0.0039732815
2459374.1024034224,-0.0012167096,0.0039742365
2459374.1037923098,-0.0023915172,0.0039668884
2459374.105181197,0.00042176247,0.003978233
2459374.1065700846,0.0020233393,0.0039762994
2459374.107958972,-0.0029123425,0.0039705914
2459374.1093478594,0.0010547638,0.003974554
2459374.110736747,0.0009982586,0.003972915
2459374.112125634,0.0015171766,0.0039735273
2459374.1135145216,-0.0025152564,0.003973344
2459374.1149034086,-0.00089007616,0.003973091
2459374.1162922964,5.364418e-06,0.003975364
2459374.117681184,-0.003843248,0.0039742906
2459374.1190700713,-0.004956782,0.0039760307
2459374.1204589587,-0.0049721003,0.003966978
2459374.121847846,0.006958127,0.003978451
2459374.123236733,-0.00015115738,0.003969567
2459374.124625621,0.0067534447,0.0039792494
2459374.1260145083,0.0013428926,0.003975805
2459374.1274033957,0.0014305115,0.003971448
2459374.128792283,0.00021374226,0.003972069
2459374.1301811705,0.005771637,0.0039764065
2459374.1315700575,-0.0030426383,0.0039710402
2459374.132958945,-0.0104298,0.0039650914
2459374.1343478323,-0.0016587973,0.00397292
2459374.1357367197,0.0022660494,0.0039720153
2459374.1371256076,0.003310442,0.0039724098
2459374.1385144945,0.0026638508,0.003971383
2459374.139903382,0.004369974,0.003974157
2459374.1412922693,0.0029650927,0.003970308
2459374.1426811568,0.0040789843,0.0039742636
2459374.144070044,0.0021018982,0.003971036
2459374.1454589316,-0.0030593276,0.0039667087
2459374.1468478185,-0.0024356246,0.003964415
2459374.148236706,-0.0026311874,0.003970243
2459374.1496255933,-0.002280414,0.0039665005
2459374.1510144807,0.00077211857,0.003973703
2459374.152403368,-0.00014531612,0.0039727963
2459374.153792255,-0.004600346,0.0039640185
2459374.1551811425,0.007050991,0.0039747404
2459374.15657003,0.004998684,0.0039769528
2459374.1579589173,0.0017561913,0.003970087
2459374.1593478047,0.008411884,0.0039755353
2459374.160736692,-0.0038173795,0.0039738463
2459374.162125579,-0.0013264418,0.00396712
2459374.1635144665,0.003455639,0.003972282
2459374.164903354,-0.004218459,0.0039700926
2459374.1662922413,-0.0024695992,0.0039717876
2459374.1676811287,0.0002797842,0.003966064
2459374.1690700157,-0.0043964386,0.0039650192
2459374.170458903,0.00025725365,0.0039703264
2459374.1718477905,-0.0021998882,0.0039677834
2459374.173236678,-0.0011754036,0.0039676963
2459374.1746255653,-0.0023162365,0.003966685
2459374.1760144527,-0.00078207254,0.0039691743
2459374.1774033397,-0.00411731,0.0039694724
2459374.178792227,-0.00028157234,0.0039695348
2459374.1801811145,-0.00054085255,0.0039666244
2459374.181570002,-0.0006607175,0.0039707925
2459374.1829588893,0.0019618273,0.0039730263
2459374.184347776,0.0018560886,0.003967725
2459374.1857366636,0.004807353,0.0039727897
2459374.187125551,0.00053727627,0.003972688
2459374.188514438,-0.0040094256,0.00396612
2459374.1899033254,-0.004201889,0.0039654938
2459374.191292213,0.0005258322,0.0039722854
2459374.1926810998,-0.00025361776,0.003969646
2459374.194069987,0.0029418468,0.0039678337
2459374.1954588746,-0.0018019676,0.003965484
2459374.196847762,0.0051273108,0.003968317
2459374.1982366494,-0.0032120347,0.0039704535
2459374.199625536,-0.004540682,0.003964832
2459374.2010144233,0.002404213,0.0039727692
2459374.2024033107,0.003815174,0.003979924
2459374.203792198,-0.0021407008,0.003969858
2459374.2051810855,0.0052081347,0.003976102
2459374.206569973,-0.005040884,0.0039681527
2459374.20795886,-0.0046588182,0.0039696516
2459374.209347747,-0.0050417185,0.0039690114
2459374.210736634,-0.001378119,0.003973729
2459374.2121255216,-0.0030398965,0.0039684772
2459374.213514409,-0.004770696,0.003972985
2459374.2149032964,-0.0008724928,0.0039760508
2459374.216292183,0.0020430088,0.0039740633
2459374.2176810703,0.008192658,0.003976282
2459374.2190699577,0.0040699244,0.0039759995
2459374.220458845,0.005661845,0.003976599
2459374.2218477326,0.00088882446,0.003975576
2459374.223236619,-0.005461037,0.003974065
2459374.2246255064,0.0031039715,0.003974438
2459374.226014394,0.004606247,0.003982142
2459374.2274032813,-0.0012846589,0.0039718635
2459374.228792168,0.0038038492,0.00397631
2459374.2301810556,-0.004363239,0.003971828
2459374.2315699426,0.0051449537,0.003982022
2459374.23295883,0.004439354,0.003976913
2459374.234347717,-0.0030308962,0.003972594
2459374.2357366043,-0.005385399,0.003972796
2459374.2371254917,-0.006803632,0.0039700503
2459374.238514378,0.0004069805,0.003972561
2459374.2399032656,0.0018388033,0.0039725713
2459374.241292153,0.0017780066,0.003971384
2459374.2426810404,0.009495139,0.0039826646
2459374.2440699274,0.00045263767,0.0039726
2459374.245458815,0.003460765,0.0039793267
2459374.2468477017,-0.0027680993,0.0039724335
2459374.2482365887,-3.0994415e-05,0.003973127
2459374.249625476,0.0020581484,0.003975441
2459374.2510143635,0.0018745661,0.003975033
2459374.2524032504,0.0013552904,0.00397542
2459374.2537921374,0.0026179552,0.0039785355
2459374.255181025,0.0037606955,0.0039780852
2459374.2565699117,0.0031528473,0.0039734263
2459374.257958799,-0.005404949,0.0039701825
2459374.259347686,0.0010802746,0.0039760265
2459374.2607365735,-0.0010715127,0.0039731665
2459374.2621254604,-0.0054931045,0.003974185
2459374.2635143474,-0.0016595721,0.0039763507
2459374.264903235,0.007470846,0.0039837067
2459374.266292122,-0.00054877996,0.0039757797
2459374.267681009,0.002629757,0.0039792345
2459374.269069896,0.0051721334,0.0039799223
2459374.270458783,0.0013867617,0.003977236
2459374.2718476704,-0.00037759542,0.003974966
2459374.2732365574,-0.0049955845,0.003971606
2459374.274625445,-0.0028733015,0.003972423
2459374.276014332,-0.001955092,0.003973494
2459374.2774032187,-0.0024074316,0.0039735967
2459374.278792106,-7.390976e-05,0.00397656
2459374.280180993,-0.0005393028,0.003975639
2459374.2815698804,0.0066729784,0.003984231
2459374.2829587674,-0.0046090484,0.0039710943
2459374.284347655,-0.0040540695,0.003975562
2459374.2857365413,0.005049348,0.003980974
2459374.2871254287,0.007988691,0.003984914
2459374.2885143156,0.0045512915,0.003978478
2459374.289903203,0.000970006,0.0039765486
2459374.29129209,-0.0011301041,0.00397209
2459374.292680977,0.008239269,0.0039844345
2459374.294069864,-0.006653428,0.003971405
2459374.2954587513,0.0051413774,0.00397861
2459374.296847638,-0.0022553205,0.0039753383
2459374.2982365256,-0.0015689731,0.0039777625
2459374.2996254126,-0.0006440282,0.0039764396
2459374.3010142995,0.0063654184,0.00398021
2459374.3024031864,0.0009856224,0.003983214
2459374.303792074,0.002182722,0.003980435
2459374.305180961,-0.0061534643,0.0039713997
2459374.306569848,-0.0012699366,0.003976344
2459374.3079587347,-0.0025534034,0.0039780946
2459374.3093476216,-0.0033192039,0.003974455
2459374.310736509,-0.0030605197,0.0039759167
2459374.312125396,-0.0011509061,0.0039738812
2459374.3135142834,-0.0014623404,0.0039798603
2459374.3149031703,0.00465405,0.00398102
2459374.316292057,-0.001375258,0.00397717
2459374.317680944,0.0070507526,0.003984574
2459374.319069831,0.0041213036,0.003980874
2459374.3204587186,0.000119805336,0.0039801686
2459374.3218476055,0.0054392815,0.003984652
2459374.323236492,0.005262971,0.003981336
2459374.3246253794,0.0011740923,0.0039796727
2459374.3260142663,0.004735589,0.003980148
2459374.3274031533,-0.00073444843,0.003977313
2459374.3287920407,-0.0022057295,0.0039800135
2459374.3301809276,0.0004210472,0.00397818
2459374.331569814,0.009234071,0.0039826473
2459374.3329587015,0.000300169,0.0039770193
2459374.3343475885,-0.0004786849,0.003976088
2459374.3357364754,0.0021402836,0.003977322
2459374.337125363,-0.00217098,0.0039729625
2459374.3385142493,-0.00029033422,0.0039782957
2459374.3399031362,0.0073111057,0.003980692
2459374.3412920237,0.0059115887,0.0039809537
2459374.3426809106,0.0019913912,0.0039769295
2459374.3440697975,-0.004268348,0.003971211
2459374.3454586845,-0.0014888048,0.0039746184
2459374.3468475714,0.007898688,0.0039776745
2459374.3482364584,0.0010820627,0.0039739963
2459374.3496253453,-0.0023423433,0.003973191
2459374.3510142323,-0.005167842,0.003969666
2459374.3524031197,-0.0010194182,0.0039705234
2459374.353792006,-0.001247108,0.0039720796
2459374.355180893,-0.0024455786,0.0039736833
2459374.35656978,0.0058130026,0.003978807
2459374.3579586674,-0.0013923645,0.003972993
2459374.3593475544,0.00035476685,0.0039716777
2459374.3607364413,0.004419565,0.0039748456
2459374.362125328,-0.008279324,0.0039668395
2459374.3635142148,-0.0038644671,0.0039694016
2459374.364903102,0.005687952,0.0039778785
2459374.366291989,0.0061591864,0.003976703
2459374.367680876,0.0036257505,0.0039766408
2459374.369069763,-0.003170669,0.0039703213
2459374.3704586495,0.0014359951,0.003977156
2459374.3718475364,0.002338767,0.0039731143
2459374.373236424,-0.001842618,0.0039681536
2459374.374625311,-0.0060271025,0.0039719567
2459374.3760141977,0.0012834072,0.00397251
2459374.377403084,-0.0005925298,0.0039694533
2459374.378791971,-0.002845943,0.003970941
2459374.380180858,-0.0011215806,0.003971513
2459374.381569745,-0.002686441,0.003969617
2459374.382958632,-0.0053429604,0.003963766
2459374.3843475194,0.0018481016,0.0039710174
2459374.385736406,0.0014920235,0.0039687217
2459374.387125293,0.0021153688,0.0039659343
2459374.3885141797,-0.000739038,0.0039635343
2459374.3899030667,-0.0017613173,0.00396697
2459374.3912919536,-0.008036315,0.003954194
2459374.39268084,-0.006952107,0.0039574215
2459374.394069727,-0.0033578277,0.0039602
2459374.395458614,0.0015083551,0.003964119
2459374.396847501,0.0028262138,0.003969384
2459374.398236388,0.003526926,0.0039661545
2459374.399625275,-0.004168153,0.003960465
2459374.4010141613,0.0023919344,0.0039690966
2459374.4024030482,-0.002995789,0.0039616064
2459374.403791935,-0.005063355,0.003958343
2459374.405180822,-0.0076597333,0.0039563137
2459374.406569709,0.008427024,0.003968902
2459374.4079585955,0.006260991,0.003968057
2459374.4093474825,0.0010670424,0.00396354
2459374.4107363694,0.001737833,0.0039642886
2459374.4121252564,-0.0027329326,0.0039547174
2459374.4135141433,0.00098598,0.0039641517
2459374.4149030303,0.005484104,0.0039637648
2459374.4162919167,0.0003222227,0.003959496
2459374.4176808037,-0.0008351803,0.0039610467
2459374.4190696906,0.0039755106,0.0039660493
2459374.4204585776,0.003301382,0.0039637163
2459374.4218474645,0.0014394522,0.003960756
2459374.423236351,0.003029585,0.0039570327
2459374.424625238,0.0011472702,0.003960626
2459374.426014125,-0.0031083822,0.003957283
2459374.427403012,0.0038949251,0.0039629075
2459374.4287918983,-0.002741158,0.0039598113
2459374.4301807852,-0.00040972233,0.003956646
2459374.4315696717,0.0014795065,0.0039631473
2459374.4329585587,0.0036683083,0.0039620968
2459374.4343474456,-0.001281023,0.0039558187
2459374.4357363326,-0.0037542582,0.0039519686
2459374.4371252195,-0.00030207634,0.003957103
2459374.4385141064,-0.00017821789,0.003961514
2459374.4399029925,0.0008907318,0.0039589005
2459374.4412918794,0.0028688908,0.0039582923
2459374.4426807663,0.0017955303,0.003955809
2459374.4440696533,-7.987022e-06,0.0039581493
2459374.44545854,0.013100028,0.0039653154
2459374.4468474267,0.005099416,0.0039550853
2459374.448236313,-0.0016767383,0.0039602853
2459374.4496252,-0.0014874935,0.003954888
2459374.451014087,0.0007286072,0.003959174
2459374.452402974,0.0023897886,0.003956658
2459374.4537918605,0.0034922361,0.003956205
2459374.455180747,0.0012226105,0.0039575854
2459374.456569634,0.0007959604,0.003957942
2459374.457958521,-0.0047138333,0.0039533465
2459374.459347408,0.00032305717,0.00395562
2459374.4607362943,0.005681038,0.0039527486
2459374.4621251808,0.0015074015,0.003954329
2459374.4635140677,0.0047022104,0.003957801
2459374.464902954,-0.0034891367,0.0039513633
2459374.466291841,0.00049865246,0.0039532618
2459374.467680728,-0.0021464825,0.0039512864
2459374.469069615,0.007314563,0.003955624
2459374.470458501,-0.005575061,0.003951367
2459374.471847388,-0.0013628006,0.0039516576
2459374.473236275,-0.00061398745,0.0039554266
2459374.4746251614,0.0039309263,0.003958007
2459374.4760140483,-0.0023565292,0.0039513772
2459374.477402935,0.0037099123,0.0039541367
2459374.4787918213,0.0025596619,0.0039573945
2459374.480180708,0.0026253462,0.0039515155
2459374.481569595,0.002814889,0.0039570085
2459374.4829584816,0.0008971691,0.0039499477
2459374.4843473686,0.00030994415,0.003950505
2459374.4857362546,-0.000218153,0.003954951
2459374.4871251415,0.0030798912,0.003955938
2459374.4885140285,-0.0046575665,0.003946837
2459374.489902915,-0.008503675,0.003943209
2459374.491291802,-0.009728849,0.0039425725
2459374.492680688,0.0050781965,0.0039564893
2459374.494069575,-0.0061752796,0.00394646
2459374.495458462,0.0033330917,0.003953036
2459374.4968473483,0.00010681152,0.0039508087
2459374.498236235,-0.0042236447,0.0039476226
2459374.4996251217,-0.0015078187,0.0039495905
2459374.501014008,-0.002097845,0.0039539123
2459374.5024028947,0.00016701221,0.0039516273
2459374.5037917816,0.0025994778,0.0039552366
2459374.505180668,0.0015128851,0.003953198
2459374.506569555,-0.0039797425,0.0039476007
2459374.507958441,-0.005509436,0.0039503863
2459374.509347328,0.0048993826,0.0039541656
2459374.5107362145,0.002408862,0.0039533093
2459374.5121251014,0.0008627176,0.0039506094
2459374.513513988,-0.0040113926,0.003945093
2459374.514902875,-0.0067738295,0.0039475504
2459374.516291761,0.0010006428,0.0039497446
2459374.517680648,0.0020213127,0.003946803
2459374.5190695343,-0.0035630465,0.00395099
2459374.520458421,-0.00235188,0.003946809
2459374.5218473077,-0.0022927523,0.003950366
2459374.523236194,0.004470229,0.003950593
2459374.5246250806,-0.0038138032,0.003948913
2459374.526013967,-0.0023429394,0.0039472617
2459374.527402854,0.005346656,0.003952725
2459374.5287917405,-0.00086039305,0.003946795
2459374.530180627,-0.011287212,0.0039391415
2459374.5315695135,-0.0030671358,0.003945553
2459374.5329584,0.0043911934,0.0039527216
2459374.534347287,0.0019780397,0.00394876
2459374.5357361734,0.001349926,0.0039518224
2459374.53712506,-0.004261017,0.003944631
2459374.538513947,-0.002547741,0.003946315
2459374.539902833,0.001203537,0.003946407
2459374.5412917193,-0.0027424693,0.0039484464
2459374.5426806062,0.002465129,0.003950664
2459374.5440694927,-0.0040896535,0.0039423243
2459374.545458379,-0.0016768575,0.0039474685
2459374.546847265,-0.0023376942,0.003942374
2459374.548236152,-0.007985413,0.0039383923
2459374.5496250386,-0.0014400482,0.003946768
2459374.551013925,0.0077444315,0.0039488454
2459374.552402812,-0.0021580458,0.0039503733
2459374.5537916985,-0.008554101,0.0039453725
2459374.5551805845,-0.0012412071,0.00394973
2459374.556569471,0.0006431341,0.0039514117
2459374.557958358,8.666515e-05,0.0039502187
2459374.5593472444,0.0022349358,0.0039452165
2459374.560736131,-0.0007709861,0.0039466745
2459374.562125017,-0.0044239163,0.003945916
2459374.5635139034,0.0024842024,0.0039501265
2459374.5649027904,-0.0048332214,0.003944314
2459374.566291677,-0.0031763315,0.0039456505
2459374.5676805633,-0.0013856292,0.0039488375
2459374.56906945,0.0045815706,0.00395416
2459374.570458336,-0.0032996535,0.0039468873
2459374.5718472223,-0.004724741,0.0039471197
2459374.573236109,-3.1590462e-06,0.003952057
2459374.5746249957,0.003714323,0.0039543365
2459374.576013882,0.0037326813,0.0039535873
2459374.577402768,0.00089251995,0.003949477
2459374.5787916547,0.0064935684,0.0039522657
2459374.580180541,0.002246499,0.0039500087
2459374.5815694276,-0.003644824,0.003947511
2459374.582958314,-0.0033302307,0.003945858
2459374.5843472006,0.0046087503,0.003949307
2459374.585736087,-0.0013710856,0.0039432496
2459374.5871249735,-0.002251029,0.003945027
2459374.58851386,0.0026439428,0.0039530834
2459374.5899027465,-0.008234739,0.0039390204
2459374.591291633,-0.0033541918,0.0039449306
2459374.5926805194,0.0051288605,0.003952248
2459374.5940694055,-0.0027154088,0.003946612
2459374.595458292,-0.0011599064,0.0039499435
2459374.5968471784,-0.005726695,0.0039434563
2459374.598236065,-0.00024187565,0.0039495793
2459374.5996249514,-0.0063092113,0.0039469167
2459374.6010138374,0.0052508116,0.0039525772
2459374.602402724,0.005003214,0.003950287
2459374.6037916103,-0.0003761649,0.0039398475
2459374.605180497,-0.0020993948,0.0039448678
2459374.6065693833,-0.0029232502,0.003941708
2459374.60795827,0.0035004616,0.0039497716
2459374.609347156,-0.004958451,0.003943304
2459374.610736042,-0.005248189,0.0039427737
2459374.6121249283,0.009035587,0.003955161
2459374.6135138148,0.00020217896,0.003947865
2459374.614902701,0.0035169125,0.0039509935
2459374.6162915872,0.003775835,0.003950265
2459374.6176804737,-0.002713859,0.0039459546
2459374.61906936,0.0020090342,0.0039456137
2459374.6204582467,0.0069167614,0.0039513004
2459374.621847133,0.0029104948,0.0039480412
2459374.623236019,0.00020241737,0.003947839
2459374.624624905,0.0052028894,0.0039493334
2459374.6260137917,-0.0025678873,0.003943761
2459374.627402678,0.0035988092,0.003947067
2459374.6287915646,-0.0039116144,0.0039405692
2459374.630180451,0.002245903,0.0039501097
2459374.6315693366,0.004631877,0.0039496217
2459374.632958223,0.008077502,0.003949012
2459374.6343471096,-0.0045593977,0.0039393688
2459374.635735996,0.0015881062,0.0039489446
2459374.637124882,-0.0047876835,0.0039386894
2459374.6385137686,0.006227851,0.003949614
2459374.6399026546,0.004227042,0.003947823
2459374.641291541,0.002750516,0.0039461814
2459374.642680427,-0.003441453,0.00394255
2459374.6440693135,-0.0019463301,0.0039422987
2459374.6454582,0.003981471,0.003944672
2459374.646847086,-0.0035486221,0.0039421045
2459374.648235972,-0.0068015456,0.0039386083
2459374.6496248585,-0.0043175817,0.0039410763
2459374.651013745,-0.003008902,0.003941668
2459374.652402631,0.0014257431,0.0039463625
2459374.6537915175,-0.0020403862,0.003943652
2459374.6551804035,-0.004907191,0.0039433986
2459374.6565692895,0.0007685423,0.003947009
2459374.657958176,-0.00040471554,0.0039446526
2459374.659347062,-0.0010285378,0.0039442186
2459374.6607359485,0.0022630692,0.0039452226
2459374.6621248345,-0.0056664348,0.003938785
2459374.6635137205,0.0029951334,0.0039467425
2459374.664902607,0.000880003,0.0039401217
2459374.666291493,-0.0038511753,0.0039382493
2459374.6676803795,-0.0020922422,0.003942498
2459374.669069266,-0.0035722852,0.003940292
2459374.6704581515,0.0006980896,0.00394331
2459374.671847038,0.0055567026,0.003947088
2459374.673235924,0.0027641058,0.0039423667
2459374.6746248105,0.00032699108,0.0039401925
2459374.6760136965,0.0073274374,0.003949393
2459374.677402583,-0.0018082261,0.0039427546
2459374.6787914685,0.0032013655,0.0039443346
2459374.680180355,0.0011577606,0.003946778
2459374.681569241,0.006704688,0.0039490075
2459374.6829581275,-0.003268838,0.0039411946
2459374.6843470135,0.0037813187,0.003951533
2459374.6857358995,0.0023725033,0.0039476994
2459374.6871247855,0.0005207062,0.0039435197
2459374.6885136715,0.010833025,0.0039521954
2459374.689902558,0.0011125803,0.0039481623
2459374.691291444,0.0051136017,0.0039502485
2459374.6926803305,-0.001016736,0.00394306
2459374.694069216,0.00033259392,0.0039466876
2459374.695458102,-0.0020912886,0.0039468673
2459374.6968469885,0.0035202503,0.003948111
2459374.6982358745,0.0056830645,0.0039501493
2459374.6996247605,0.0019435883,0.0039442386
2459374.7010136466,0.0031071901,0.0039471583
2459374.7024025326,4.7683716e-05,0.003945026
2459374.7037914186,-0.00079506636,0.003945263
2459374.705180305,-0.004257798,0.003941446
2459374.706569191,0.0030989647,0.003948754
2459374.707958077,0.0013412237,0.0039464203
2459374.709346963,0.0018391609,0.0039463076
2459374.710735849,0.0053902864,0.0039490513
2459374.712124735,0.00225842,0.0039492496
2459374.713513621,0.0025885105,0.003946327
2459374.7149025076,0.005422473,0.0039497744
2459374.716291393,0.0002655983,0.003944738
2459374.717680279,0.0010616779,0.003946898
2459374.719069165,-0.0020152926,0.0039473074
2459374.7204580517,-0.00064873695,0.003946282
2459374.7218469377,0.0054655075,0.0039497754
2459374.7232358237,0.002012968,0.0039491714
2459374.724624709,-0.0027441978,0.00394624
2459374.7260135952,0.0019389391,0.003946115
2459374.7274024813,0.0040456057,0.0039479327
2459374.7287913677,-0.0021885633,0.0039470037
2459374.7301802537,0.00061547756,0.003947782
2459374.7315691393,-0.0004258752,0.0039491635
2459374.7329580253,0.004594445,0.0039481367
2459374.7343469113,0.00015044212,0.0039458554
2459374.7357357973,0.00680387,0.003953519
2459374.7371246833,0.011383653,0.0039557884
2459374.7385135693,0.0054790974,0.0039515053
2459374.739902455,-0.00396055,0.003946164
2459374.741291341,0.0040860176,0.003950408
2459374.742680227,0.00044083595,0.0039505702
2459374.744069113,0.0011506081,0.0039467155
2459374.745457999,0.0068103075,0.003949469
2459374.7468468845,0.00013518333,0.0039463923
2459374.7482357705,0.0049381256,0.0039459285
2459374.7496246565,-0.002559185,0.0039450163
2459374.7510135425,0.000923872,0.0039476827
2459374.7524024285,-0.0010222197,0.0039438726
2459374.7537913145,0.00075542927,0.003947335
2459374.7551802,0.004037142,0.003948217
2459374.756569086,0.002875328,0.003948115
2459374.757957972,0.0014926195,0.0039503835
2459374.759346858,-0.0066012144,0.003940028
2459374.760735744,0.0025324821,0.0039493674
2459374.76212463,0.0039212704,0.0039501283
2459374.7635135157,0.0042933226,0.003950765
2459374.7649024017,-0.0013337731,0.0039450238
2459374.7662912873,0.0025663376,0.003949168
2459374.7676801733,0.0010313988,0.003946319
2459374.7690690593,0.0020468235,0.0039475886
2459374.770457945,-0.001521349,0.0039439294
2459374.771846831,0.0060042143,0.003950788
2459374.773235717,0.0009313822,0.0039462186
2459374.7746246024,-0.0004850626,0.003947891
2459374.7760134884,0.0012711287,0.0039480487
2459374.7774023744,0.00356853,0.003949331
2459374.77879126,0.0013260841,0.003947199
2459374.7801801455,-0.0014396906,0.003943172
2459374.7815690315,-0.003937125,0.0039443453
2459374.7829579175,0.0034022331,0.003948282
2459374.7843468036,-0.003745675,0.003944397
2459374.7857356886,-0.0002809763,0.0039496464
2459374.7871245747,0.0022205114,0.003951694
2459374.7885134607,0.0027592182,0.0039515872
2459374.789902346,0.003172636,0.0039484357
2459374.791291232,-0.0016627908,0.00394578
2459374.7926801182,0.0015838146,0.003950045
2459374.7940690033,0.0029455423,0.0039478214
2459374.7954578893,-0.0039141774,0.003942499
2459374.796846775,0.0022119284,0.003946057
2459374.798235661,0.0013216734,0.003945285
2459374.799624547,0.002765894,0.003949508
2459374.801013432,0.0010492802,0.003946324
2459374.802402318,-0.008850396,0.0039398237
2459374.8037912035,-0.001894176,0.0039463784
2459374.8051800895,0.0030033588,0.0039494745
2459374.806568975,-8.946657e-05,0.0039494066
2459374.807957861,0.0022898912,0.0039472003
2459374.809346746,0.0055714846,0.0039499947
2459374.810735632,0.005392313,0.0039469255
2459374.8121245177,0.002672553,0.003949074
2459374.8135134038,0.005389571,0.0039495043
2459374.8149022893,0.0065939426,0.003950374
2459374.816291175,0.0015144348,0.003946219
2459374.8176800604,0.0058187246,0.003946122
2459374.8190689464,-0.0012031794,0.003945394
2459374.820457832,0.002324462,0.0039462424
2459374.8218467175,-0.0023528934,0.003941842
2459374.8232356035,-0.0019260645,0.0039414656
2459374.8246244886,0.0013498068,0.0039493283
2459374.8260133746,0.0015101433,0.003947967
2459374.82740226,-0.006392598,0.003941568
2459374.8287911457,0.003951788,0.0039490587
2459374.8301800317,0.0041065216,0.0039467094
2459374.8315689173,0.0094099045,0.0039501297
2459374.8329578023,0.0022360086,0.0039426484
2459374.8343466884,-0.004504204,0.0039381986
2459374.835735574,0.0046676397,0.0039453153
2459374.8371244594,-0.004007578,0.003939288
2459374.838513345,0.002369523,0.0039418996
2459374.8399022305,0.0025024414,0.0039418316
2459374.841291116,0.0050783157,0.003948812
2459374.8426800016,-0.010656834,0.003931535
2459374.844068887,0.004639864,0.003942349
2459374.8454577727,-1.6629696e-05,0.0039438265
2459374.8468466587,0.0054199696,0.00394367
2459374.848235544,0.000104904175,0.003938372
2459374.8496244294,-0.0048179626,0.003936873
2459374.851013315,0.0034462214,0.0039408207
2459374.8524022005,0.0059571266,0.0039410763
2459374.853791086,0.0002965927,0.0039382717
2459374.855179971,0.0043429136,0.003943948
2459374.8565688566,-0.004926026,0.0039293873
2459374.8579577426,0.002544403,0.0039392086
2459374.859346628,-0.00059217215,0.0039342507
2459374.8607355137,-0.0012224317,0.003931754
2459374.8621243993,0.0013706684,0.0039357543
2459375.867674183,-0.0001269579,0.0038426623
2459375.869063057,-0.004892051,0.003838106
2459375.8704519314,0.000554204,0.003843965
2459375.8718408057,-0.0010822415,0.0038420623
2459375.873229679,0.0026630163,0.0038430428
2459375.8746185536,-0.00082570314,0.003841228
2459375.876007428,0.0022671223,0.0038465925
2459375.877396302,-0.0049156547,0.0038359186
2459375.878785176,-0.0026736856,0.003842972
2459375.8801740496,0.0012590885,0.0038466996
2459375.881562924,0.0018981695,0.003840287
2459375.882951798,0.005161524,0.0038458947
2459375.884340672,0.005279541,0.0038491488
2459375.885729546,0.0014441013,0.0038425745
2459375.88711842,0.0025265217,0.003845394
2459375.8885072935,-0.0031018257,0.00383964
2459375.8898961674,0.003856182,0.0038444654
2459375.891285042,-0.0037634373,0.0038398216
2459375.8926739157,-0.005140245,0.003841026
2459375.8940627896,0.0027267933,0.0038473534
2459375.895451663,0.001445055,0.0038452412
2459375.896840537,0.0025265217,0.0038471243
2459375.898229411,-0.0034492612,0.0038408935
2459375.899618285,-0.0105445385,0.0038381785
2459375.9010071587,0.0023671389,0.0038445913
2459375.902396032,0.0016363859,0.0038444952
2459375.9037849056,-0.0009915829,0.0038413655
2459375.9051737795,-0.00016850233,0.0038448656
2459375.9065626534,-0.0026401281,0.0038425808
2459375.9079515273,-0.0012045503,0.0038408546
2459375.9093404007,-0.004127443,0.003841019
2459375.910729274,-0.0018541813,0.0038410202
2459375.9121181476,-0.00024974346,0.003843558
2459375.9135070215,-0.0018332601,0.0038416742
2459375.9148958954,-0.0033261776,0.0038437454
2459375.916284769,-0.00074857473,0.003842268
2459375.9176736423,0.00034570694,0.0038437909
2459375.9190625157,-0.00093209743,0.0038423652
2459375.920451389,0.00063192844,0.0038459236
2459375.921840263,0.0022755861,0.0038451888
2459375.9232291365,-0.0065568686,0.0038389908
2459375.92461801,0.0012081861,0.003845549
2459375.9260068834,0.00017631054,0.0038437499
2459375.927395757,-0.0016763806,0.0038415992
2459375.9287846303,0.0012410879,0.0038442623
2459375.9301735037,-0.0016650558,0.0038428586
2459375.931562377,-0.0015342236,0.0038412411
2459375.9329512506,-0.0040670633,0.003838987
2459375.9343401236,-0.00523448,0.003841545
2459375.935728997,0.008165956,0.0038499432
2459375.9371178704,0.0032553673,0.0038473043
2459375.938506744,0.00754714,0.0038473767
2459375.9398956173,0.00611639,0.0038503795
2459375.9412844907,0.00043690205,0.0038423429
2459375.9426733637,0.0013022423,0.003845497
2459375.9440622367,-0.0050848722,0.0038429936
2459375.94545111,-0.0012699962,0.0038414104
2459375.9468399836,0.00017404556,0.003843409
2459375.948228857,0.001244545,0.0038440167
2459375.9496177295,-0.00013428926,0.0038457331
2459375.951006603,-0.0018209219,0.003843055
2459375.952395476,-0.00031894445,0.003843199
2459375.9537843494,0.0024535656,0.0038454195
2459375.9551732223,0.0004992485,0.003845896
2459375.956562096,0.00065004826,0.003847909
2459375.9579509683,-0.00097346306,0.003844435
2459375.9593398417,0.00576663,0.0038474703
2459375.9607287147,0.0014301538,0.0038449843
2459375.962117588,0.0041815042,0.0038474395
2459375.963506461,0.004940629,0.0038476945
2459375.9648953336,0.0017675161,0.003846528
2459375.9662842066,6.687641e-05,0.0038415613
2459375.96767308,-0.0013279319,0.0038439338
2459375.969061953,-0.002991736,0.0038422307
2459375.970450826,-0.0013919473,0.0038444998
2459375.971839699,6.878376e-05,0.0038458095
2459375.9732285715,0.0033648014,0.0038469913
2459375.9746174444,0.008081198,0.003849902
2459375.9760063174,-0.0013857484,0.0038448272
2459375.9773951904,-0.0028482676,0.003841676
2459375.9787840634,-0.0018142462,0.003842976
2459375.980172936,9.655952e-06,0.003844654
2459375.981561809,0.0020792484,0.0038468433
2459375.982950682,0.0011037588,0.0038435378
2459375.984339555,-0.0030393004,0.0038458868
2459375.985728428,-0.0035050511,0.0038420747
2459375.9871173003,0.00532341,0.003848695
2459375.988506173,0.0058608055,0.0038508521
2459375.9898950458,0.0073724985,0.0038500063
2459375.9912839187,0.007466197,0.0038497488
2459375.9926727912,0.00410223,0.00384834
2459375.994061664,0.00064241886,0.0038454335
2459375.9954505367,0.0046520233,0.0038500698
2459375.996839409,0.0008633137,0.0038463974
2459375.998228282,0.0063203573,0.0038482286
2459375.9996171547,0.0028294325,0.003847684
2459376.0010060277,0.0012384653,0.0038448353
2459376.0023949,-0.0033388734,0.0038416502
2459376.0037837722,0.0036245584,0.0038464216
2459376.005172645,0.0037628412,0.0038502028
2459376.0065615177,-0.002808988,0.003842773
2459376.00795039,-0.0010293722,0.003844118
2459376.009339263,-0.005240202,0.0038390427
2459376.0107281357,0.0044704676,0.003846822
2459376.0121170077,0.0007250309,0.0038456751
2459376.0135058803,0.0062851906,0.0038479767
2459376.014894753,0.003104329,0.0038501783
2459376.0162836257,0.003553629,0.0038469993
2459376.0176724982,0.0013213158,0.003844208
2459376.0190613703,0.0022492409,0.0038433566
2459376.020450243,0.007911801,0.0038522652
2459376.0218391153,0.00091063976,0.0038438141
2459376.023227988,-0.0005111098,0.0038423145
2459376.0246168603,0.0037350655,0.0038464854
2459376.026005733,0.002482295,0.003846388
2459376.027394605,0.0021864176,0.0038480873
2459376.0287834774,-0.004661143,0.0038404672
2459376.03017235,-0.0029702783,0.0038422386
2459376.0315612224,-0.0016618371,0.0038411503
2459376.0329500944,-0.0009890199,0.0038414719
2459376.0343389665,0.0034432411,0.003847889
2459376.035727839,0.0041719675,0.0038485534
2459376.0371167115,-0.001050353,0.0038412157
2459376.0385055835,0.002124548,0.0038450013
2459376.039894456,-0.0024709105,0.003842692
2459376.0412833286,0.0021656752,0.0038480998
2459376.0426722,-0.00058084726,0.0038413869
2459376.0440610726,-0.0006929636,0.0038430723
2459376.0454499447,0.0075746775,0.003849307
2459376.046838817,-0.00141716,0.0038455755
2459376.048227689,0.003704667,0.003847451
2459376.0496165613,0.002555132,0.0038439254
2459376.0510054333,0.005306363,0.0038509103
2459376.052394306,-0.0005645156,0.0038437808
2459376.053783178,-0.00839293,0.0038395384
2459376.0551720504,0.0034971237,0.0038451906
2459376.0565609224,0.0019943714,0.0038448109
2459376.057949794,0.0057200193,0.0038484097
2459376.0593386665,0.011702895,0.0038526475
2459376.0607275385,0.0008505583,0.0038468582
2459376.0621164106,-0.0018488765,0.0038429527
2459376.0635052826,-0.0016984344,0.0038443103
2459376.064894154,-0.0059497952,0.0038433813
2459376.0662830267,-0.0010024309,0.0038451138
2459376.0676718988,-0.005954027,0.0038403259
2459376.069060771,0.001711607,0.0038459806
2459376.070449643,-0.0008735657,0.0038470768
2459376.071838515,-0.0037459135,0.0038423007
2459376.0732273865,-0.0041102767,0.0038410272
2459376.0746162585,-0.003879249,0.0038421415
2459376.0760051305,-0.001496911,0.003843681
2459376.0773940026,0.0008946657,0.0038418705
2459376.0787828746,0.0064257383,0.0038505807
2459376.0801717467,0.007202387,0.0038486836
2459376.0815606182,0.0060993433,0.0038497455
2459376.0829494903,-0.0056540966,0.003839801
2459376.0843383623,0.0018999577,0.0038464528
2459376.085727234,0.007653117,0.003855761
2459376.087116106,0.0059041977,0.0038472367
2459376.0885049775,0.004299283,0.003849559
2459376.0898938496,-0.0014215112,0.0038394225
2459376.0912827216,-0.0064870715,0.0038405755
2459376.092671593,0.0019370317,0.0038474167
2459376.094060465,-0.0030409098,0.0038445035
2459376.0954493373,0.0034389496,0.0038461725
2459376.0968382084,-0.0018430948,0.0038436474
2459376.0982270804,-0.0003861189,0.0038461233
2459376.099615952,0.0002733469,0.0038447839
2459376.101004824,0.0028047562,0.0038460826
2459376.102393696,-0.0010464191,0.0038442656
2459376.103782567,-0.007841766,0.0038408607
2459376.1051714392,-0.00016963482,0.0038446044
2459376.106560311,-0.0035287738,0.0038417405
2459376.1079491824,0.0009509325,0.003844408
2459376.1093380544,0.00089657307,0.0038469401
2459376.110726926,0.0013928413,0.0038487648
2459376.1121157976,0.0009983778,0.003847403
2459376.113504669,0.0035790205,0.0038497953
2459376.1148935407,-0.0012524724,0.0038452814
2459376.116282413,-0.0014573932,0.0038442493
2459376.1176712844,0.0041675568,0.0038488426
2459376.1190601555,-0.0002861023,0.0038454104
2459376.1204490275,-0.000256598,0.0038453636
2459376.121837899,-0.0014964938,0.003845041
2459376.1232267707,-0.0025655627,0.0038452852
2459376.1246156422,0.003942132,0.0038502244
2459376.126004514,0.0013463497,0.0038448537
2459376.1273933854,0.0027467012,0.0038441075
2459376.128782257,0.0064548254,0.0038503786
2459376.1301711285,0.0029349327,0.0038491269
2459376.13156,0.00045490265,0.003844516
2459376.1329488717,0.004746914,0.003850244
2459376.134337743,0.00078999996,0.0038468502
2459376.1357266144,0.0017849207,0.0038482123
2459376.137115486,0.0025590658,0.0038490111
2459376.1385043575,0.00026714802,0.003844363
2459376.139893229,-0.0044288635,0.0038430342
2459376.1412821007,0.003619194,0.0038504556
2459376.142670972,0.0016983747,0.0038455902
2459376.1440598434,0.0004645586,0.0038488514
2459376.145448715,-0.0045461655,0.0038415259
2459376.146837586,0.004251361,0.003846289
2459376.1482264576,0.0018314123,0.0038460703
2459376.149615329,0.0007238388,0.0038463394
2459376.1510042003,-0.00072187185,0.003844065
2459376.152393072,0.0026233196,0.0038483015
2459376.153781943,-0.006328881,0.0038407687
2459376.1551708146,0.0028316975,0.0038448703
2459376.156559686,-0.004873812,0.003844297
2459376.157948557,-0.001134038,0.0038458123
2459376.1593374284,0.0010718107,0.0038496887
2459376.1607263,0.0056097507,0.0038488752
2459376.162115171,0.0046685934,0.0038499117
2459376.1635040427,0.0020953417,0.003846689
2459376.1648929142,0.0018308163,0.0038461275
2459376.166281785,0.0012488365,0.0038473944
2459376.1676706565,0.002625823,0.003846626
2459376.1690595276,-0.00020360947,0.003845965
2459376.170448399,-0.0039441586,0.0038449864
2459376.1718372703,0.0031263828,0.0038470922
2459376.1732261414,0.0016037226,0.0038467343
2459376.1746150125,0.001432538,0.0038467816
2459376.176003884,0.0010118484,0.0038452463
2459376.177392755,-0.0053817034,0.003838925
2459376.1787816267,-0.0071895123,0.00383951
2459376.180170498,-0.0041464567,0.0038439864
2459376.1815593685,-0.003881991,0.0038446551
2459376.18294824,-0.004359126,0.003841866
2459376.184337111,-0.0051152706,0.0038400132
2459376.1857259823,-0.00092196465,0.0038444507
2459376.187114854,0.0013054609,0.0038478693
2459376.1885037245,0.0066359043,0.0038514086
2459376.1898925956,-0.0026325583,0.0038455485
2459376.191281467,0.0002156496,0.0038484987
2459376.1926703383,-0.0028634667,0.003841922
2459376.1940592094,-0.0007074475,0.0038472817
2459376.1954480805,0.0013967752,0.0038479553
2459376.196836951,-0.0023025274,0.003845018
2459376.1982258228,0.0033390522,0.0038495965
2459376.199614694,0.0011842251,0.0038478733
2459376.201003565,-8.690357e-05,0.0038480377
2459376.202392436,0.0037299395,0.0038486207
2459376.2037813067,0.004000902,0.0038490687
2459376.205170178,-0.002763629,0.0038443203
2459376.206559049,0.005496621,0.0038490132
2459376.20794792,0.00045752525,0.0038463136
2459376.209336791,-0.0035344362,0.0038415252
2459376.2107256623,0.0049021244,0.003849327
2459376.212114533,-0.0011199117,0.0038445944
2459376.213503404,-0.0026116967,0.0038420397
2459376.214892275,-0.0023104548,0.0038457448
2459376.2162811463,-0.00030440092,0.0038474395
2459376.2176700174,-0.005375743,0.0038425943
2459376.219058888,-0.0050790906,0.003843906
2459376.220447759,-0.0006827116,0.0038448062
2459376.2218366303,-4.8220158e-05,0.0038477576
2459376.2232255014,0.0007214546,0.003847613
2459376.2246143725,-0.003394246,0.0038444658
2459376.226003243,0.008386731,0.0038524293
2459376.227392114,4.7683716e-07,0.0038480805
2459376.228780985,0.00542295,0.0038512049
2459376.230169856,0.0049477816,0.0038494226
2459376.231558727,0.0051430464,0.0038500964
2459376.2329475977,-0.002651751,0.0038437238
2459376.234336469,0.0062531233,0.0038482894
2459376.2357253395,0.0020006895,0.0038502272
2459376.23711421,-0.0006979108,0.003846357
2459376.2385030813,0.0049883127,0.0038482093
2459376.2398919524,-0.011429429,0.0038385943
2459376.2412808235,0.00032663345,0.0038480246
2459376.2426696937,0.0012099743,0.0038475648
2459376.244058565,-0.00011044741,0.0038471646
2459376.2454474354,0.002039075,0.003847087
2459376.2468363065,-0.0065214634,0.0038448204
2459376.2482251776,-3.0636787e-05,0.00384566
2459376.2496140483,0.0011924505,0.0038492114
2459376.251002919,0.00027406216,0.0038452584
2459376.2523917896,0.0032924414,0.003850076
2459376.2537806607,0.0035693645,0.0038515907
2459376.2551695313,-0.008677781,0.0038426141
2459376.2565584024,-0.0012866259,0.0038464358
2459376.2579472726,-0.0012404919,0.0038485064
2459376.2593361437,-0.00029861927,0.0038468174
2459376.2607250144,0.008452177,0.0038559872
2459376.2621138855,0.003764987,0.003852077
2459376.263502756,0.00052571297,0.003849691
2459376.2648916272,-0.00091707706,0.0038477143
2459376.2662804974,-0.0053693056,0.00384203
2459376.267669368,0.006991029,0.00385334
2459376.269058239,-0.0018112063,0.003846976
2459376.27044711,0.0015634298,0.0038465604
2459376.2718359805,0.0004490614,0.0038456982
2459376.273224851,-0.0040227175,0.0038452481
2459376.2746137218,0.0013332367,0.0038460102
2459376.2760025924,0.00022351742,0.003849264
2459376.2773914635,0.0034389496,0.0038523837
2459376.278780334,-0.0023485422,0.0038448581
2459376.280169205,-3.2007694e-05,0.003847751
2459376.2815580755,-0.002413988,0.0038440805
2459376.282946946,0.00323987,0.003846975
2459376.2843358167,-0.0052379966,0.0038421992
2459376.2857246874,-0.0007902384,0.0038471676
2459376.287113558,-0.0050401688,0.0038420665
2459376.2885024287,0.0024588108,0.0038466617
2459376.2898912993,-0.00793612,0.0038431834
2459376.29128017,-0.0030721426,0.0038440402
2459376.2926690406,-0.009710014,0.0038408586
2459376.2940579113,-0.007564962,0.0038391035
2459376.295446782,-0.005155146,0.003842459
2459376.296835652,-0.0112890005,0.003838374
2459376.298224523,-0.0051784515,0.0038441783
2459376.299613394,0.0027320385,0.003851141
2459376.3010022645,-0.0029230714,0.0038417343
2459376.302391135,-0.0031251907,0.003843809
2459376.3037800053,-0.0086218715,0.003838619
2459376.305168876,-0.0090761185,0.0038401778
2459376.3065577466,0.0005713701,0.0038443268
2459376.3079466172,-0.00745368,0.0038395205
2459376.309335488,-0.0043060184,0.0038459324
2459376.3107243585,-0.005757034,0.0038408826
2459376.3121132287,-0.0059535503,0.003839629
2459376.3135020994,-0.0017844439,0.0038455515
2459376.31489097,-0.00089913607,0.0038461967
2459376.3162798407,-0.005345285,0.0038452828
2459376.3176687113,-0.007347107,0.0038424178
2459376.319057582,-0.011812389,0.003838636
2459376.3204464517,-0.004595995,0.0038429645
2459376.3218353223,-0.0063664913,0.0038401885
2459376.323224193,-0.006436646,0.0038424863
2459376.3246130636,-0.0034665465,0.0038445105
2459376.3260019342,-0.0006656647,0.0038452013
2459376.3273908044,-0.0048772097,0.0038431338
2459376.328779675,-0.0057971478,0.00384094
2459376.3301685452,-0.0041941404,0.003846154
2459376.331557416,-0.005427003,0.0038438886
2459376.3329462865,-0.0027312636,0.0038456663
2459376.334335157,-0.0031536818,0.0038451783
2459376.3357240274,-0.0012967587,0.0038468975
2459376.3371128975,-0.011349738,0.0038387005
2459376.338501768,0.0003569126,0.0038470223
2459376.339890639,-0.005815506,0.0038440288
2459376.3412795095,-0.005196035,0.0038446332
2459376.342668379,-0.004704654,0.0038450595
2459376.34405725,-0.009076536,0.0038390749
2459376.3454461205,-0.0063376427,0.003840489
2459376.3468349907,-0.0033223033,0.0038443594
2459376.3482238613,-0.0037621856,0.0038440053
2459376.349612732,-0.007598877,0.0038448754
2459376.351001602,-0.0065383315,0.0038408958
2459376.3523904723,-0.0065904856,0.0038408928
2459376.353779343,-0.005621195,0.0038406886
2459376.355168213,-0.0038879514,0.0038425832
2459376.356557084,-0.0049644113,0.0038445361
2459376.357945954,-0.0067285895,0.0038430546
2459376.359334824,-0.0075092316,0.003840587
2459376.360723695,-0.01080507,0.0038398562
2459376.362112565,-0.0074166656,0.0038408227
2459376.3635014356,-0.009435236,0.003839116
2459376.3648903063,0.00051796436,0.003851404
2459376.366279176,-0.008656442,0.0038403703
2459376.3676680466,-0.0142579675,0.0038361445
2459376.369056917,-0.0112627745,0.0038403305
2459376.3704457874,-0.007394433,0.0038408404
2459376.3718346576,-0.0057790875,0.0038439857
2459376.373223528,0.0015034676,0.0038503488
2459376.374612398,-0.0060493946,0.0038451997
2459376.3760012686,-0.001214087,0.0038456076
2459376.377390139,-0.0041950345,0.0038457962
2459376.3787790095,-0.005162716,0.0038398732
2459376.3801678796,-0.008090138,0.003843458
2459376.3815567493,-0.010160089,0.0038417885
2459376.38294562,-0.009817481,0.0038411699
2459376.38433449,-0.0064646006,0.0038389382
2459376.385723361,-0.0037045479,0.0038428998
2459376.387112231,-0.008173585,0.003840819
2459376.388501101,-0.010303974,0.0038406048
2459376.3898899714,-0.009501338,0.0038391806
2459376.3912788415,-0.002834618,0.0038435846
2459376.392667712,-0.0037832856,0.0038452183
2459376.3940565824,-0.008030951,0.003841749
2459376.3954454525,0.0002309084,0.0038480489
2459376.3968343227,-0.008526862,0.003840675
2459376.398223193,-0.001719296,0.0038490272
2459376.399612063,-0.010606468,0.0038402833
2459376.4010009337,-0.004501581,0.0038415561
2459376.402389804,-0.006959915,0.003842844
2459376.403778674,-0.0042797923,0.003844798
2459376.405167544,-0.007075727,0.0038417426
2459376.4065564144,-0.0065159798,0.0038445557
2459376.4079452846,-0.0128753185,0.003838859
2459376.409334155,-0.004907787,0.0038427121
2459376.410723025,-0.007833242,0.0038421939
2459376.412111895,-0.0062256455,0.0038418008
2459376.4135007653,-0.005801022,0.003844616
2459376.4148896355,-0.010590851,0.0038372304
2459376.4162785057,-0.013890922,0.0038373345
2459376.4176673763,-0.010488033,0.0038365542
2459376.4190562465,-0.009027243,0.00384198
2459376.4204451162,-0.0054290295,0.003843122
2459376.4218339864,-0.006685972,0.0038398916
2459376.4232228566,-0.0018336773,0.0038456763
2459376.424611727,-0.014050245,0.0038356488
2459376.4260005974,-0.006168425,0.0038475636
2459376.427389467,-0.004365504,0.00384519
2459376.4287783373,-0.006559491,0.0038454237
2459376.4301672075,-0.0067732334,0.0038432437
2459376.4315560777,1.5974045e-05,0.0038495155
2459376.432944948,-0.0086631775,0.003843999
2459376.434333818,-0.014962196,0.0038322527
2459376.4357226877,-0.011263132,0.0038392416
2459376.4371115584,-0.008526325,0.003841498
2459376.4385004286,-0.0073150992,0.0038437452
2459376.4398892988,-0.0077557564,0.003844125
2459376.441278169,-0.005836785,0.0038438402
2459376.4426670386,-0.005792558,0.003841838
2459376.444055909,-0.004955232,0.003843663
2459376.445444779,-0.0018982887,0.0038461522
2459376.446833649,-0.0041238666,0.0038412989
2459376.4482225194,-0.0034109354,0.003846264
2459376.4496113895,0.0020831823,0.0038503106
2459376.4510002593,-0.009013355,0.0038421678
2459376.4523891294,-0.004888296,0.003841537
2459376.4537779996,-0.0056511164,0.0038449937
2459376.45516687,-0.0012224913,0.0038441762
2459376.45655574,-0.0031365156,0.003843518
2459376.4579446097,-0.00438112,0.0038450933
2459376.45933348,-0.0025106668,0.003847286
2459376.46072235,-0.0009997487,0.0038477327
2459376.46211122,0.0007902384,0.0038474035
2459376.4635000904,-0.0032099485,0.0038450041
2459376.4648889606,-0.0044363737,0.003847523
2459376.4662778303,-0.013505399,0.0038352753
2459376.4676667,-0.0027732253,0.0038459324
2459376.46905557,-0.003772378,0.0038446551
2459376.4704444404,-0.009583414,0.0038412604
2459376.4718333106,-0.009043515,0.0038413305
2459376.4732221807,-0.0045644045,0.003845567
2459376.4746110504,-0.002616167,0.0038437329
2459376.4759999206,-0.0011390448,0.003847122
2459376.477388791,-0.0034458041,0.0038490118
2459376.478777661,-0.0038520098,0.003845169
2459376.4801665307,-0.00013548136,0.003845766
2459376.4815554004,-0.0022825599,0.0038477986
2459376.4829442706,-0.003286302,0.0038444267
2459376.484333141,-0.0017468929,0.003844873
2459376.485722011,-0.0022540092,0.003849314
2459376.487110881,0.0033632517,0.0038507
2459376.488499751,0.0040085316,0.003852507
2459376.4898886206,0.0011758804,0.003852716
2459376.4912774907,0.0036120415,0.0038518414
2459376.492666361,0.008027792,0.003858269
2459376.494055231,0.0021871328,0.0038504628
2459376.495444101,0.000400424,0.0038491809
2459376.4968329705,-0.0007882714,0.0038499774
2459376.4982218407,0.003512621,0.0038512705
2459376.499610711,-0.005035758,0.0038418544
2459376.5009995806,0.0009931326,0.0038515888
2459376.502388451,-0.0026815534,0.0038458386
2459376.503777321,-0.002486825,0.0038481923
2459376.5051661907,0.0044662952,0.0038521811
2459376.5065550604,0.0047729015,0.0038524265
2459376.5079439306,0.0042072535,0.003853129
2459376.5093328007,-0.000692904,0.003849195
2459376.510721671,-0.0027787685,0.0038443815
2459376.51211054,0.0027365685,0.0038515455
2459376.5134994104,0.0015087128,0.0038508587
2459376.5148882805,-0.003320396,0.003847117
2459376.5162771503,0.0018770695,0.0038520312
2459376.5176660204,-0.00260216,0.0038477073
2459376.5190548906,-0.00045502186,0.0038513676
2459376.52044376,-5.7041645e-05,0.0038499555
2459376.52183263,-0.0024977326,0.0038478598
2459376.5232215,-0.0031445622,0.003846382
2459376.52461037,0.0027748346,0.003849744
2459376.52599924,-0.0017434359,0.0038464572
2459376.52738811,0.00039613247,0.0038511315
2459376.5287769795,0.004928589,0.0038528244
2459376.5301658497,0.0014774799,0.0038500787
2459376.5315547194,-0.0028187633,0.0038457348
2459376.5329435896,9.346008e-05,0.0038485439
2459376.53433246,0.004308939,0.0038508575
2459376.535721329,0.0045307875,0.0038524526
2459376.537110199,0.00081670284,0.0038494917
2459376.538499069,-1.3887882e-05,0.0038525213
2459376.539887939,0.00409019,0.003853118
2459376.5412768093,0.004591942,0.0038525918
2459376.542665679,-0.0019015074,0.003846618
2459376.5440545487,-0.003057599,0.0038488233
2459376.5454434184,0.003008008,0.0038497772
2459376.5468322886,-0.0028409362,0.0038459597
2459376.5482211583,0.0030969381,0.0038493564
2459376.5496100285,0.0029052496,0.0038527634
2459376.5509988978,0.0037565231,0.0038500794
2459376.552387768,0.0027259588,0.003849269
2459376.5537766377,-0.0046212077,0.003844439
2459376.555165508,0.00074124336,0.003850718
2459376.556554378,0.0041872263,0.0038510368
2459376.5579432477,-0.0049162507,0.003845688
2459376.5593321174,0.0021100044,0.0038523301
2459376.560720987,-0.0026785731,0.0038513893
2459376.5621098573,0.00204885,0.0038495427
2459376.563498727,0.0052297115,0.0038555549
2459376.5648875968,-0.0012914538,0.0038496756
2459376.5662764665,0.003686905,0.003850714
2459376.567665336,0.0049738884,0.003853618
2459376.5690542064,0.0013087988,0.0038505278
2459376.570443076,0.008713961,0.003854239
2459376.5718319463,0.00071525574,0.0038518282
2459376.573220816,0.0016139746,0.0038506365
2459376.5746096857,0.0027518272,0.0038500142
2459376.5759985554,0.005821824,0.0038545278
2459376.5773874256,0.0039741993,0.0038502947
2459376.5787762953,-8.9883804e-05,0.003847957
2459376.580165165,0.0012903214,0.0038490095
2459376.5815540347,0.004506111,0.0038524473
2459376.5829429044,-0.0013526678,0.0038522396
2459376.5843317746,-0.0047829747,0.003845894
2459376.5857206443,-0.00525409,0.0038458079
2459376.587109514,0.003084302,0.0038519918
2459376.588498384,-0.006537974,0.0038459573
2459376.5898872535,0.0041617155,0.0038519786
2459376.5912761237,0.0026842356,0.003850992
2459376.5926649934,0.0067555904,0.0038549374
2459376.594053863,0.002344489,0.0038511325
2459376.5954427333,-0.001832366,0.003847746
2459376.5968316025,-0.00068610907,0.0038491704
2459376.598220472,-0.00024300814,0.003849004
2459376.5996093424,0.003356576,0.0038510663
2459376.600998212,0.0018030405,0.003853115
2459376.6023870823,-0.00039350986,0.0038490451
2459376.603775952,0.004274726,0.0038540193
2459376.6051648213,-0.006420374,0.003845213
2459376.6065536914,-0.00035208464,0.0038509695
2459376.607942561,-0.0008427501,0.0038468605
2459376.609331431,-0.0008279681,0.0038495725
2459376.610720301,0.00014984608,0.0038481792
2459376.6121091703,0.00137043,0.0038498277
2459376.61349804,-0.0006225109,0.0038493744
2459376.6148869097,-0.0048294663,0.0038485338
2459376.61627578,0.0020540953,0.003851114
2459376.6176646496,-0.0014287829,0.0038494894
2459376.6190535193,-0.003307581,0.003846524
2459376.620442389,-0.0007587075,0.0038514854
2459376.6218312588,0.0052468777,0.0038515392
2459376.6232201285,0.00023722649,0.0038498768
2459376.624608998,0.0012922287,0.0038484447
2459376.6259978684,-0.004025042,0.0038436514
2459376.627386738,-0.008396566,0.0038435727
2459376.6287756073,0.003098011,0.0038530903
2459376.630164477,-0.0026970506,0.00384489
2459376.631553347,0.0017282963,0.00385102
2459376.632942217,-0.00051784515,0.0038493008
2459376.6343310867,0.001511097,0.003849549
2459376.635719956,0.004044056,0.00385285
2459376.637108826,-0.003074646,0.003846378
2459376.638497696,-0.0044201016,0.003845439
2459376.6398865655,0.0011959076,0.0038514424
2459376.641275435,-0.0019227862,0.003847694
2459376.6426643054,0.0007390976,0.0038509758
2459376.6440531746,0.0012426376,0.0038528128
2459376.6454420444,0.0041867495,0.0038525923
2459376.646830914,0.002010107,0.0038499923
2459376.648219784,0.0012611151,0.0038506754
2459376.649608654,0.0018868446,0.0038511064
2459376.650997523,0.0039693117,0.0038511984
2459376.652386393,0.0032458305,0.0038490905
2459376.6537752626,-0.0007427335,0.0038470211
2459376.6551641324,0.0063300133,0.0038537066
2459376.656553002,-0.00571692,0.00384647
2459376.6579418723,-0.0019990802,0.0038483725
2459376.6593307415,0.0083761215,0.003857354
2459376.660719611,0.0003362894,0.003849753
2459376.662108481,0.00072157383,0.0038489876
2459376.6634973506,-0.0038138032,0.0038473222
2459376.6648862204,0.00022184849,0.003847996
2459376.66627509,0.0006312132,0.0038550957
2459376.66766396,-0.0012168884,0.0038481853
2459376.6690528295,-0.0058687925,0.0038419396
2459376.670441699,0.0023959875,0.0038526074
2459376.671830569,0.011528969,0.00385931
2459376.6732194386,-0.001632154,0.0038499092
2459376.674608308,0.007058263,0.0038553663
2459376.675997178,0.0018039942,0.0038499464
2459376.677386048,0.001983881,0.0038510566
2459376.6787749175,0.0010948181,0.0038511714
2459376.680163787,-0.007369578,0.0038459073
2459376.6815526565,-0.00047153234,0.0038504417
2459376.682941526,0.0042477846,0.0038511192
2459376.684330396,-0.0023673773,0.003847339
2459376.6857192656,0.00651145,0.0038533898
2459376.6871081353,0.004117608,0.0038532685
2459376.688497005,-0.0010434389,0.0038499525
2459376.6898858743,0.00051546097,0.0038532433
2459376.6912747445,0.0041675568,0.0038498023
2459376.692663614,-0.003937125,0.003849838
2459376.694052484,-0.0019616485,0.003846007
2459376.6954413536,0.0064094067,0.0038526608
2459376.6968302233,0.0036129951,0.0038564776
2459376.6982190926,0.005300522,0.0038529409
2459376.6996079623,-0.00057786703,0.0038491632
2459376.700996832,-0.0033082962,0.0038480093
2459376.7023857017,-0.0022906065,0.003849837
2459376.7037745714,0.0054808855,0.0038527662
2459376.7051634407,-0.00017565489,0.0038508058
2459376.7065523104,0.0062704086,0.0038534403
2459376.70794118,-0.0027368069,0.0038483546
2459376.70933005,0.0010839701,0.0038523471
2459376.7107189195,-0.000651598,0.003847219
2459376.7121077892,-0.0007764101,0.0038486798
2459376.7134966585,-0.0018242002,0.0038466398
2459376.714885528,0.0034570694,0.0038521441
2459376.716274398,0.0043901205,0.0038521874
2459376.7176632676,0.0009032488,0.0038487285
2459376.7190521373,-0.0019795895,0.0038478724
2459376.7204410066,-0.008021772,0.0038433585
2459376.7218298763,0.0011531115,0.0038511301
2459376.723218746,-0.001175642,0.003851714
2459376.7246076157,-0.004495859,0.0038458083
2459376.7259964854,0.0069184303,0.0038534899
2459376.727385355,0.003378749,0.0038519264
2459376.7287742244,-0.0053361654,0.0038434986
2459376.730163094,2.2768974e-05,0.0038508996
2459376.731551964,0.0057623386,0.0038549725
2459376.7329408335,0.0023579597,0.0038491704
2459376.7343297033,-0.0010067225,0.0038491976
2459376.7357185725,0.0023328066,0.0038503604
2459376.737107442,0.0065454245,0.0038552075
2459376.738496312,0.007256627,0.003856156
2459376.7398851817,0.0029171705,0.0038500712
2459376.7412740514,0.0010573864,0.0038512992
2459376.742662921,-0.000372231,0.0038495427
2459376.7440517903,-0.002579689,0.0038475418
2459376.74544066,-0.0011373758,0.0038529926
2459376.7468295298,0.004430175,0.0038529094
2459376.7482183995,0.010659337,0.0038592168
2459376.749607269,0.0013414621,0.003851765
2459376.7509961384,0.00797081,0.003853084
2459376.7523850077,0.003387928,0.0038542787
2459376.7537738774,0.0028806925,0.0038521704
2459376.755162747,0.0020520687,0.0038497578
2459376.756551617,0.0046458244,0.0038527462
2459376.7579404865,-0.0038656592,0.003843844
2459376.759329356,0.0048282146,0.0038522186
2459376.7607182255,-0.0031690598,0.003846972
2459376.762107095,0.0028259754,0.0038524345
2459376.763495965,0.0043957233,0.0038548722
2459376.7648848346,0.00048470497,0.0038510254
2459376.766273704,-8.070469e-05,0.0038508766
2459376.767662573,-0.0064897537,0.0038437073
2459376.769051443,0.0015957355,0.0038532813
2459376.7704403126,-0.000936985,0.0038490545
2459376.7718291823,0.0013878345,0.00384951
2459376.773218052,0.0025693178,0.0038520847
2459376.7746069212,-0.0050367713,0.0038456856
2459376.775995791,-0.005123377,0.003850124
2459376.7773846607,0.0029011965,0.0038544121
2459376.7787735304,0.0049692392,0.0038509367
2459376.7801623996,-0.0016846657,0.0038491383
2459376.7815512693,0.0030103922,0.0038514817
2459376.7829401386,0.0023676157,0.0038499867
2459376.7843290083,-0.00034701824,0.0038513858
2459376.785717878,0.0017119646,0.0038514086
2459376.7871067477,-0.006904185,0.0038453846
2459376.7884956175,-0.0016303658,0.003849472
2459376.7898844862,0.0039076805,0.0038532305
2459376.791273356,-0.004217267,0.0038472663
2459376.7926622257,-0.004543662,0.003846069
2459376.7940510954,0.002973318,0.0038513893
2459376.795439965,-0.0009770393,0.0038512747
2459376.796828835,0.003037095,0.0038508498
2459376.7982177036,-0.005300641,0.0038446563
2459376.7996065733,0.0008794069,0.0038525523
2459376.800995443,0.002388239,0.0038488184
2459376.8023843127,-0.0076467395,0.0038438928
2459376.8037731824,-0.00010216236,0.003851357
2459376.8051620517,0.00063860416,0.0038505613
2459376.806550921,0.0016615391,0.0038508459
2459376.8079397907,0.00560987,0.0038554708
2459376.8093286604,-0.0012643337,0.0038470365
2459376.81071753,-0.0015354753,0.003847358
2459376.8121064,-0.00047445297,0.0038487907
2459376.8134952686,3.5762787e-05,0.003847403
2459376.8148841383,-0.0025196075,0.003847065
2459376.816273008,-0.0050053596,0.0038460335
2459376.8176618777,0.00012242794,0.0038515045
2459376.8190507474,0.0022832155,0.0038520494
2459376.820439616,-0.00074899197,0.0038468842
2459376.821828486,0.0021400452,0.003850555
2459376.8232173556,0.003252387,0.0038497564
2459376.8246062254,0.0018233061,0.003852653
2459376.8259950946,0.002542019,0.0038522533
2459376.8273839643,0.0024627447,0.0038508498
2459376.8287728336,0.0031892061,0.0038518289
2459376.8301617033,-0.0009809732,0.003848505
2459376.831550573,0.0002374649,0.003850271
2459376.8329394422,-0.0014491677,0.0038507718
2459376.834328312,-0.007843077,0.0038436335
2459376.835717181,0.0038820505,0.0038508894
2459376.837106051,0.0018898249,0.003850396
2459376.83849492,-0.0020816922,0.0038485262
2459376.83988379,-0.00011765957,0.0038498237
2459376.8412726596,0.0005645752,0.0038534743
2459376.8426615293,0.0018934011,0.0038506829
2459376.844050398,0.0016750097,0.0038505099
2459376.845439268,-0.0025641322,0.003847329
2459376.8468281375,0.0010828972,0.0038507567
2459376.848217007,-0.0019732118,0.003848374
2459376.8496058765,-0.0005879402,0.0038537476
2459376.850994746,0.001328826,0.0038543034
2459376.8523836154,-0.000218153,0.003846975
2459376.8537724847,0.005581498,0.0038513637
2459376.8551613544,0.006614208,0.0038557176
2459376.856550224,0.0028665066,0.003851551
2459376.857939094,-0.0007522702,0.003849334
2459376.8593279626,0.0064911842,0.0038540114
2459376.8607168323,0.001558423,0.00385112
2459376.862105702,0.004796505,0.0038536736
2459376.8634945713,0.0030602217,0.0038511863
2459376.864883441,0.0023380518,0.0038523157
2459376.8662723107,-0.0041552186,0.0038485196
2459376.86766118,0.009138346,0.0038578531
2459376.869050049,0.001998186,0.0038506621
2459376.870438919,0.0014711618,0.0038550515
2459376.8718277887,0.00035321712,0.003849792
2459376.873216658,-0.003016889,0.003847739
2459376.874605527,-0.00014948845,0.0038486004
2459376.875994397,0.002653122,0.0038533143
2459376.877383266,0.0048377514,0.0038546068
2459376.878772136,0.0019739866,0.003853132
2459376.8801610055,0.0029792786,0.0038526545
2459376.881549875,-0.0011463761,0.003844247
2459376.882938744,0.006472945,0.0038550736
2459376.8843276137,0.0050570965,0.0038515152
2459376.885716483,-0.004939556,0.0038463634
2459376.8871053527,0.0055969954,0.0038572329
2459376.8884942224,-0.0011839867,0.0038486356
2459376.889883091,-0.007903397,0.0038428516
2459376.891271961,0.0033504963,0.00385206
2459376.8926608306,0.0006445646,0.0038497618
2459376.8940497,-0.002392292,0.00384658
2459376.8954385696,0.0041900873,0.003852591
2459376.8968274393,-6.9737434e-06,0.0038498216
2459376.898216308,-0.0008409023,0.0038495958
2459376.899605178,-0.0042740703,0.003847599
2459376.9009940475,-0.0053328276,0.003847613
2459376.902382917,0.0053281784,0.003854205
2459376.9037717865,0.003116846,0.0038504363
2459376.9051606557,-0.003674984,0.0038465126
2459376.906549525,0.0035640001,0.0038527946
2459376.9079383947,0.0057986975,0.0038544014
2459376.909327264,0.0011985302,0.0038512368
2459376.9107161337,0.0004849434,0.0038495855
2459376.9121050034,0.0041235685,0.0038537672
2459376.913493872,-0.00046741962,0.0038485634
2459376.914882742,-0.00097233057,0.003847606
2459376.9162716116,0.0028970242,0.0038542778
2459376.917660481,0.0021625757,0.003851425
2459376.9190493505,-0.0027259588,0.0038491436
2459376.9204382193,-0.0005403161,0.0038512668
2459376.921827089,-0.00637877,0.0038464738
2459376.9232159588,-0.002636075,0.0038508028
2459376.924604828,-0.004127264,0.0038469927
2459376.9259936977,0.00063467026,0.0038497658
2459376.927382567,-0.000723958,0.00384899
2459376.928771436,0.0022062063,0.0038535541
2459376.930160306,0.006102681,0.0038546808
2459376.931549175,-0.0019502044,0.003850194
2459376.932938045,0.00064730644,0.0038496973
2459376.934326914,0.0035692453,0.0038522796
2459376.935715784,0.0012141466,0.0038508784
2459376.937104653,0.00054597855,0.003848482
2459376.9384935223,0.0008062124,0.0038518077
2459376.939882392,0.007449746,0.0038547954
2459376.9412712613,0.0040472746,0.0038534815
2459376.942660131,0.0009343624,0.0038502568
2459376.944049,0.0018581152,0.003853541
2459376.9454378695,-0.000915885,0.003847326
2459376.9468267392,0.0043444633,0.0038534976
2459376.9482156085,-0.0073297024,0.0038437652
2459376.949604478,-0.0045936704,0.003847441
2459376.9509933474,-0.002878189,0.0038485967
2459376.9523822167,0.0018719435,0.0038537646
2459376.953771086,-0.0054326057,0.0038451394
2459376.9551599557,-0.0003990531,0.0038515949
2459376.9565488254,0.0006598234,0.0038508428
2459376.9579376946,-0.006426871,0.003845675
2459376.959326564,0.0035651922,0.0038519555
2459376.960715433,0.009668112,0.0038557665
2459376.962104303,-0.005039513,0.003846068
2459376.963493172,-0.001644671,0.0038472188
2459376.964882042,0.0012778044,0.0038507693
2459376.966270911,0.0013637543,0.0038517436
2459376.9676597803,-0.0031167269,0.0038507015
2459376.9690486495,0.0030261278,0.003851618
2459376.9704375193,0.00037109852,0.0038487245
2459376.971826389,-0.0013046861,0.0038487404
2459376.973215258,-0.0021633506,0.0038501841
2459376.9746041275,0.0043895245,0.0038501248
2459376.9759929967,-0.0073996186,0.003845362
2459376.9773818664,0.0015345812,0.0038506752
2459376.9787707357,0.004923582,0.0038579802
2459376.9801596054,-0.0018965602,0.0038471194
2459376.9815484746,-0.0021941066,0.0038486898
2459376.982937344,-0.00033205748,0.0038515036
2459376.984326213,-0.0064920783,0.0038453334
2459376.985715083,0.00024080276,0.003849961
2459376.987103952,0.0034564734,0.003851485
2459376.988492822,-0.0021196008,0.0038501762
2459376.9898816906,0.0062605143,0.003852455
2459376.9912705603,0.0010048151,0.0038534536
2459376.9926594296,-0.0037602186,0.00384587
2459376.9940482993,0.00619781,0.0038565288
2459376.9954371685,0.002637744,0.0038520494
2459376.996826038,-0.0024127364,0.0038483127
2459376.998214907,0.0062264204,0.003855883
2459376.9996037767,0.0005400181,0.0038499136
2459377.000992646,-0.0007776022,0.0038481983
2459377.0023815157,0.0014020205,0.0038544517
2459377.003770385,0.0021002293,0.0038540307
2459377.005159254,0.004179597,0.003853455
2459377.0065481234,0.0013192892,0.0038526603
2459377.007936993,0.0018622875,0.0038503197
2459377.0093258624,0.0017416477,0.0038519925
2459377.010714732,-0.004227817,0.0038479394
2459377.0121036014,-0.0007195473,0.0038494596
2459377.0134924706,0.002264738,0.0038525756
2459377.01488134,-0.0025029778,0.003847198
2459377.0162702096,-0.0022296906,0.0038498524
2459377.017659079,-0.0047163963,0.003845373
2459377.0190479485,0.0025063753,0.0038528924
2459377.020436818,0.006282568,0.0038543136
2459377.021825687,-0.0043392777,0.0038470924
2459377.0232145563,0.0015201569,0.003850306
2459377.0246034255,-0.002073288,0.0038488708
2459377.0259922952,0.0007727146,0.0038505334
2459377.0273811645,0.0015782118,0.0038516081
2459377.0287700337,-8.8214874e-05,0.0038490824
2459377.030158903,0.0012652874,0.0038522596
2459377.0315477727,-0.0013626218,0.0038494263
2459377.032936642,-0.0005375147,0.0038485532
2459377.0343255117,-0.0023587346,0.003848802
2459377.035714381,0.0012927055,0.003850746
2459377.03710325,-0.0044007897,0.0038463224
2459377.0384921194,-0.0016921759,0.00384998
2459377.0398809887,-0.0033386946,0.0038485788
2459377.0412698584,0.0010914803,0.003849247
2459377.0426587276,0.0022492409,0.0038512321
2459377.044047597,-0.0016641617,0.0038490607
2459377.045436466,-0.0064131618,0.0038444938
2459377.046825336,-0.001786828,0.0038480735
2459377.048214205,0.002530098,0.0038513609
2459377.0496030743,-0.0029711723,0.003848761
2459377.050991944,-0.000908494,0.0038503353
2459377.052380813,-0.000865221,0.0038511497
2459377.0537696825,4.1365623e-05,0.0038495127
2459377.055158552,-0.0017490983,0.0038504477
2459377.0565474215,-0.005880654,0.0038437897
2459377.0579362907,0.003882885,0.003852571
2459377.0593251595,0.003546238,0.0038541507
2459377.0607140292,-0.0009913445,0.0038512717
2459377.0621028985,0.0062885284,0.0038548792
2459377.063491768,0.009052157,0.003858017
2459377.0648806375,0.004663229,0.0038566482
2459377.0662695067,-0.002845168,0.0038503532
2459377.067658376,-0.0054661036,0.0038496454
2459377.069047245,-0.0069929957,0.003846046
2459377.070436115,-0.0021376014,0.0038481595
2459377.071824984,0.0004917383,0.0038510184
2459377.0732138534,0.0036283731,0.00385436
2459377.0746027227,-0.00026327372,0.0038479618
2459377.075991592,-0.005037546,0.0038446893
2459377.0773804616,0.0028185844,0.003852372
2459377.078769331,-0.0028125644,0.0038488738
2459377.0801582,0.00016224384,0.0038502957
2459377.08154707,-0.0012200475,0.0038514617
2459377.0829359386,-0.0004925728,0.003848744
2459377.0843248083,0.0010834932,0.003854024
2459377.0857136776,-0.004675865,0.0038458356
2459377.087102547,0.002023697,0.0038516978
2459377.0884914165,0.0072824955,0.003856768
2459377.089880286,0.0016233921,0.0038504628
2459377.0912691546,0.005504489,0.003857055
2459377.0926580243,0.003599286,0.003850496
2459377.0940468935,-0.001049459,0.0038509476
2459377.0954357632,-0.004466772,0.0038457105
2459377.0968246325,0.00315547,0.0038522936
2459377.0982135013,0.0017143488,0.0038514098
2459377.099602371,0.004732132,0.0038540796
2459377.1009912402,-0.00047945976,0.003852414
2459377.1023801095,0.0027532578,0.0038541637
2459377.103768979,-0.006239176,0.0038450183
2459377.1051578484,0.0016103983,0.0038507467
2459377.106546717,-0.004054129,0.0038487043
2459377.107935587,0.0020686388,0.0038518282
2459377.109324456,0.0056917667,0.0038522978
2459377.110713326,-0.0016465783,0.0038489357
2459377.112102195,-0.0017760396,0.0038478419
2459377.113491064,0.0061517954,0.0038546985
2459377.1148799337,-0.002978921,0.0038514887
2459377.116268803,0.0047436953,0.0038563465
2459377.117657672,0.0014089346,0.0038534044
2459377.119046542,0.001177907,0.0038536573
2459377.120435411,-0.005813539,0.0038439028
2459377.12182428,0.00021362305,0.0038513783
2459377.1232131496,-0.0020920634,0.0038505113
2459377.124602019,0.001957178,0.003850833
2459377.125990888,0.005066037,0.0038526864
2459377.127379758,0.002567649,0.00385378
2459377.1287686266,0.002931714,0.0038558976
2459377.130157496,-0.001000464,0.0038482584
2459377.1315463656,-0.00036501884,0.0038497585
2459377.132935235,-0.0013508201,0.0038519024
2459377.134324104,0.0032503605,0.0038539767
2459377.135712974,0.002225995,0.0038528512
2459377.1371018426,0.006474495,0.0038546843
2459377.138490712,0.004690051,0.0038561882
2459377.139879581,0.00054597855,0.0038508927
2459377.1412684508,0.0030094385,0.0038540643
2459377.14265732,0.0012966394,0.0038495034
2459377.144046189,-0.0049272776,0.0038469385
2459377.1454350585,0.003353119,0.0038542133
2459377.1468239278,0.00071024895,0.0038505408
2459377.148212797,0.00274539,0.0038513646
2459377.1496016667,0.0033226013,0.0038525988
2459377.150990536,0.00084912777,0.0038511762
2459377.1523794048,-0.0023589134,0.003849722
2459377.1537682745,0.010028839,0.0038578815
2459377.1551571437,-0.0025675893,0.003852182
2459377.156546013,-0.0028693676,0.0038457145
2459377.157934882,-0.0042858124,0.0038485657
2459377.1593237515,3.385544e-05,0.0038510433
2459377.1607126207,0.0009492636,0.003848995
2459377.16210149,-2.2411346e-05,0.0038540324
2459377.1634903597,-0.0024911761,0.0038471841
2459377.164879229,-0.0008699894,0.0038510943
2459377.166268098,-0.0046029687,0.0038492535
2459377.167656967,0.00039994717,0.003852699
2459377.1690458367,0.0036406517,0.0038535534
2459377.170434706,9.357929e-05,0.0038496198
2459377.171823575,0.0011937618,0.003851662
2459377.173212445,0.0021326542,0.0038514747
2459377.174601314,0.0016607046,0.0038527702
2459377.175990183,-0.0010626912,0.0038488721
2459377.177379052,0.00010895729,0.0038488957
2459377.178767922,0.0013817549,0.0038527122
2459377.180156791,0.0027911663,0.0038551013
2459377.1815456604,0.00044190884,0.003848195
2459377.182934529,-0.0007574558,0.00385196
2459377.184323399,-6.41942e-05,0.0038499301
2459377.185712268,-0.001837492,0.003846534
2459377.1871011374,-0.0004016161,0.0038502202
2459377.1884900066,0.0009407997,0.0038505024
2459377.1898788763,-0.0024151802,0.0038492496
2459377.191267745,0.0001578331,0.003850253
2459377.1926566144,-0.0029391646,0.0038476293
2459377.1940454836,0.0006803274,0.003849213
2459377.1954343533,-0.0011212826,0.0038488784
2459377.1968232226,0.00043523312,0.0038507306
2459377.1982120913,0.006145954,0.0038564776
2459377.1996009606,0.0031739473,0.0038531981
2459377.2009898303,0.0016685724,0.003853568
2459377.2023786996,0.0018775463,0.0038513048
2459377.203767569,0.0035409927,0.0038515215
2459377.205156438,-0.001744628,0.0038468712
2459377.2065453073,0.00062155724,0.0038524484
2459377.2079341765,0.0001103878,0.0038489574
2459377.209323046,0.00858438,0.0038563402
2459377.210711915,-0.003826201,0.0038465476
2459377.2121007848,0.002941966,0.003853993
2459377.2134896535,-0.0008560419,0.0038511688
2459377.214878523,-0.0021764636,0.0038488877
2459377.216267392,0.0012134314,0.0038532433
2459377.2176562613,0.00096189976,0.0038514424
2459377.219045131,-0.0074516535,0.0038450726
2459377.2204340002,0.0047518015,0.003855615
2459377.221822869,-0.0014287233,0.0038484046
2459377.2232117383,0.0047733784,0.0038528994
2459377.2246006075,-3.0636787e-05,0.0038516854
2459377.2259894772,0.0024756193,0.0038498547
2459377.2273783465,0.002871871,0.0038528314
2459377.2287672153,-0.004301846,0.0038486123
2459377.2301560845,0.008164763,0.0038567747
2459377.2315449542,0.0030238628,0.003853372
2459377.2329338235,-0.00066304207,0.00384837
2459377.2343226927,-0.00042444468,0.0038471606
2459377.235711562,0.0027353764,0.0038516494
2459377.2371004308,-0.0029822588,0.0038473671
2459377.2384893005,0.007160425,0.003855357
2459377.2398781697,-0.001983583,0.003851648
2459377.241267039,0.0040673018,0.0038523674
2459377.242655908,-0.0023453236,0.0038480542
2459377.2440447775,-0.0051472783,0.0038465422
2459377.2454336463,0.0033996105,0.003851464
2459377.246822516,-0.0042862296,0.0038461918
2459377.248211385,-0.0002052784,0.0038502242
2459377.2496002545,0.0064706802,0.0038533828
2459377.2509891237,0.0038311481,0.003851932
2459377.2523779925,0.006015897,0.003853476
2459377.253766862,-0.0059434175,0.0038473476
2459377.2551557315,0.0002732277,0.0038493883
2459377.2565446007,0.006128788,0.0038571411
2459377.25793347,0.0012352467,0.0038509106
2459377.259322339,-0.0016552806,0.0038480146
2459377.260711208,0.000867486,0.0038522806
2459377.2621000777,0.0051857233,0.003854002
2459377.263488947,0.0008265972,0.0038550284
2459377.264877816,-0.0005120635,0.0038491082
2459377.2662666854,0.0006902218,0.0038508198
2459377.267655554,-0.005054772,0.0038485082
2459377.2690444235,-0.0064122677,0.003844769
2459377.270433293,0.00440681,0.0038534403
2459377.2718221624,0.0028373003,0.003852904
2459377.2732110317,0.0017461777,0.0038502405
2459377.274599901,0.00093221664,0.0038514824
2459377.2759887697,-0.0063859224,0.0038448889
2459377.277377639,0.0030819178,0.0038556324
2459377.2787665087,0.0010968447,0.0038492286
2459377.280155378,-0.0011173487,0.003849239
2459377.281544247,0.0038744211,0.003850833
2459377.282933116,-0.0013731122,0.0038518433
2459377.284321985,-0.0011324883,0.003849683
2459377.2857108545,-1.13248825e-05,0.003850059
2459377.2870997237,-0.0039126873,0.0038478482
2459377.288488593,0.0033701658,0.003853592
2459377.2898774627,0.0047028065,0.0038552873
2459377.2912663314,-0.0016391277,0.0038485378
2459377.2926552007,-0.005949676,0.0038437608
2459377.29404407,0.0026589632,0.0038511863
2459377.295432939,0.0025980473,0.0038505527
2459377.2968218084,0.008584976,0.003855755
2459377.298210677,0.00012886524,0.0038507322
2459377.299599547,-0.0025929809,0.0038470603
2459377.300988416,0.003906727,0.0038542233
2459377.3023772854,-0.0033965707,0.0038469746
2459377.3037661547,0.0039229393,0.0038536922
2459377.305155024,0.00019323826,0.003850606
2459377.3065438927,0.008158922,0.0038555164
2459377.307932762,0.0001732111,0.0038507904
2459377.309321631,-0.0009339452,0.0038498535
2459377.3107105005,-0.00033199787,0.0038485213
2459377.31209937,-0.0008428693,0.0038469029
2459377.313488239,-0.00036364794,0.0038491476
2459377.314877108,0.0034009218,0.0038539185
2459377.3162659775,0.005087495,0.0038540168
2459377.3176548467,0.008568883,0.0038549493
2459377.319043716,0.0014890432,0.0038499674
2459377.320432585,0.0017888546,0.0038521658
2459377.321821454,0.0017555952,0.0038547048
2459377.323210323,0.011666536,0.0038585656
2459377.3245991925,-0.003668189,0.0038466048
2459377.325988062,0.0035657883,0.0038557604
2459377.3273769314,0.008242011,0.0038563097
2459377.3287658007,0.0031487942,0.0038541202
2459377.3301546695,-0.0026410222,0.0038480503
2459377.3315435387,0.0064679384,0.003856019
2459377.332932408,-0.0025093555,0.003849842
2459377.334321277,0.0032765865,0.0038506142
2459377.3357101465,-0.0008214116,0.0038507567
2459377.3370990152,-0.0014782548,0.0038522533
2459377.3384878845,0.00036799908,0.0038493979
2459377.3398767537,0.001074791,0.0038519916
2459377.3412656235,0.006670952,0.0038534675
2459377.3426544927,0.0011450052,0.0038516761
2459377.344043362,0.003806591,0.0038533616
2459377.3454322307,-0.0031328797,0.0038482433
2459377.3468211,0.0069984198,0.0038542598
2459377.3482099692,0.0041257143,0.0038569705
2459377.3495988385,0.009234071,0.0038580764
2459377.3509877077,-0.00042146444,0.0038495532
2459377.3523765765,0.010227561,0.0038568224
2459377.3537654458,0.002019763,0.003852241
2459377.355154315,0.00084900856,0.0038504775
2459377.3565431843,-0.0052090287,0.0038471585
2459377.3579320535,0.002497077,0.0038531434
2459377.3593209228,-0.0024647713,0.0038519187
2459377.3607097915,-0.0041329265,0.003849536
2459377.362098661,-0.00079250336,0.0038508857
2459377.36348753,0.010446429,0.0038583085
2459377.3648763997,0.0034700632,0.0038542943
2459377.366265269,0.008495331,0.0038544904
2459377.367654138,-0.00043916702,0.003850451
2459377.369043007,-0.004866302,0.003847388
2459377.3704318763,0.0033400059,0.0038532803
2459377.3718207455,0.0020362139,0.0038518503
2459377.373209615,0.0074038506,0.0038557658
2459377.374598484,0.0033644438,0.0038569097
2459377.375987353,-0.00091284513,0.0038488698
2459377.377376222,-0.005628705,0.0038471993
2459377.3787650913,-0.00020730495,0.0038492484
2459377.3801539605,-0.0031126738,0.0038474975
2459377.38154283,0.0058767796,0.0038555614
2459377.3829316986,-0.000564754,0.0038501625
2459377.384320568,-0.006252885,0.003843968
2459377.385709437,0.005343437,0.0038536575
2459377.3870983063,0.00037038326,0.0038462346
2459377.3884871756,-0.0013685822,0.0038488864
2459377.389876045,-0.0018255711,0.003848357
2459377.3912649136,-0.0014335513,0.0038490624
2459377.392653783,0.0018409491,0.0038494745
2459377.394042652,0.0070016384,0.0038555593
2459377.3954315213,0.0004633665,0.0038505653
2459377.3968203906,-0.0019347072,0.0038494845
2459377.39820926,-0.002475679,0.0038489918
2459377.3995981286,-0.003490746,0.0038492756
2459377.400986998,0.006600857,0.003854794
2459377.402375867,0.0058664083,0.003853402
2459377.4037647364,0.00056540966,0.0038506119
2459377.4051536056,0.00069892406,0.0038488486
2459377.4065424744,0.001648426,0.003853889
2459377.4079313437,0.003972888,0.0038523572
2459377.409320213,-6.633997e-05,0.0038498386
2459377.410709082,0.00026118755,0.003851511
2459377.4120979514,0.0015720129,0.0038524994
2459377.4134868206,-0.0007920861,0.003849764
2459377.4148756894,0.0019160509,0.0038497515
2459377.4162645587,0.004737735,0.0038520517
2459377.417653428,-0.0042568445,0.0038511558
2459377.419042297,-0.0016232133,0.0038497762
2459377.4204311664,-0.00044173002,0.0038486745
2459377.421820035,-0.00016307831,0.003850506
2459377.4232089045,0.0054101944,0.0038525492
2459377.4245977737,-0.00039184093,0.003849049
2459377.425986643,0.004796624,0.0038532245
2459377.427375512,-0.0034041405,0.003846178
2459377.4287643814,-0.005140662,0.0038470456
2459377.43015325,-0.001339376,0.0038487904
2459377.4315421195,-0.0006132126,0.003851187
2459377.4329309887,-0.0016482472,0.0038514351
2459377.434319858,0.0023454428,0.0038503618
2459377.435708727,0.0036929846,0.0038535364
2459377.437097596,0.0011175871,0.0038507592
2459377.4384864653,-0.001204133,0.0038479203
2459377.4398753345,-6.121397e-05,0.0038498344
2459377.4412642037,-0.00329566,0.003847774
2459377.442653073,-0.0013927817,0.0038499518
2459377.444041942,0.0005874634,0.003849207
2459377.4454308106,0.009129643,0.003855036
2459377.44681968,0.002960682,0.0038537905
2459377.448208549,6.2942505e-05,0.0038488575
2459377.4495974183,-0.0043245554,0.0038486423
2459377.4509862876,0.00050103664,0.0038519811
2459377.4523751563,0.001865983,0.0038521586
2459377.4537640256,-0.0040590763,0.0038451846
2459377.455152895,0.0022717714,0.0038511746
2459377.456541764,-0.0029252172,0.0038499853
2459377.4579306333,-0.003830731,0.003846865
2459377.4593195026,-0.008237958,0.0038448477
2459377.4607083714,-0.00023108721,0.003849123
2459377.4620972406,0.004626274,0.0038549413
2459377.46348611,0.002464056,0.003852265
2459377.464874979,0.0040721893,0.0038536598
2459377.4662638484,-0.00069230795,0.0038492857
2459377.4676527167,0.006245494,0.0038548731
2459377.469041586,0.0011523962,0.0038537811
2459377.470430455,-0.0009725094,0.0038491618
2459377.4718193244,0.0052027702,0.0038544154
2459377.4732081937,-0.0023191571,0.0038471413
2459377.474597063,-0.0046955347,0.0038470002
2459377.4759859317,-0.003334999,0.003848188
2459377.477374801,-0.00051009655,0.0038490777
2459377.47876367,-0.0037442446,0.0038452595
2459377.4801525394,-0.0024564266,0.003848411
2459377.4815414087,-0.00096410513,0.0038497976
2459377.4829302775,-0.00417161,0.0038445091
2459377.4843191463,0.0032551289,0.0038530868
2459377.4857080155,-0.0023739934,0.0038520766
2459377.4870968848,0.00017821789,0.0038479345
2459377.488485754,0.0072817802,0.0038562082
2459377.4898746233,0.0006068945,0.0038503525
2459377.491263492,0.00057709217,0.0038513427
2459377.4926523613,0.0038034916,0.0038546338
2459377.4940412305,0.00053048134,0.0038505767
2459377.4954301,0.0013371706,0.003852508
2459377.4968189686,0.0032740831,0.0038535933
2459377.498207838,0.0019899607,0.0038503988
2459377.4995967066,0.0019308329,0.0038505169
2459377.500985576,0.0031784773,0.0038544766
2459377.502374445,0.00080287457,0.0038494272
2459377.5037633143,-0.001908958,0.0038479255
2459377.5051521836,0.01140058,0.0038578094
2459377.5065410524,0.0012308359,0.0038515092
2459377.507929921,0.0014536381,0.00385087
2459377.5093187904,0.0055816174,0.003854199
2459377.5107076596,-0.009134591,0.0038435373
2459377.512096529,0.0015856028,0.0038550587
2459377.513485398,0.0029637814,0.003853288
2459377.514874267,0.0022175312,0.0038516314
2459377.516263136,0.0002516508,0.0038512163
2459377.5176520054,0.00091159344,0.003854052
2459377.519040874,-0.0027219057,0.0038476614
2459377.5204297435,0.00021839142,0.0038512887
2459377.5218186122,-0.0012799501,0.0038485415
2459377.5232074815,-0.0021789074,0.0038496747
2459377.5245963507,0.0034176111,0.0038545136
2459377.52598522,-0.0028569102,0.0038469231
2459377.527374089,0.00013422966,0.0038520482
2459377.528762958,0.00014770031,0.0038466011
2459377.530151827,-0.002898395,0.0038478235
2459377.531540696,0.004013777,0.0038555374
2459377.5329295653,-0.0008972287,0.0038506158
2459377.5343184345,0.0012691021,0.0038532626
2459377.535707304,0.0066422224,0.0038540645
2459377.537096172,0.00077188015,0.0038518328
2459377.5384850414,0.004478216,0.003853162
2459377.5398739106,0.0054808855,0.0038563528
2459377.54126278,0.005663395,0.0038582173
2459377.542651649,-0.00048065186,0.0038523606
2459377.5440405183,0.0030339956,0.0038519583
2459377.5454293867,0.0003966093,0.0038499231
2459377.546818256,0.0014361143,0.0038517986
2459377.548207125,-0.004466176,0.003846268
2459377.5495959944,0.000223279,0.003849931
2459377.5509848637,-0.0057997704,0.0038472204
2459377.5523737324,0.0014396906,0.0038496307
2459377.553762601,0.000336051,0.0038530799
2459377.5551514705,-0.002189815,0.0038487369
2459377.5565403397,0.009608269,0.0038574992
2459377.557929209,0.005205512,0.003852223
2459377.559318078,-0.0051978827,0.0038442283
2459377.5607069465,-0.0055120587,0.0038459923
2459377.562095816,-0.0012011528,0.0038490926
2459377.563484685,-0.0006583333,0.0038473036
2459377.5648735543,0.005116701,0.00385435
2459377.5662624235,0.001835227,0.0038532545
2459377.5676512923,0.002217412,0.0038533541
2459377.569040161,-0.0042766333,0.0038479627
2459377.5704290303,0.007050395,0.0038595065
2459377.5718178996,-0.0031894445,0.0038480517
2459377.573206769,-0.0011078715,0.0038531474
2459377.5745956376,0.0021833181,0.0038554172
2459377.5759845064,0.0015963316,0.0038522766
2459377.5773733757,-0.0046496987,0.0038448125
2459377.578762245,0.005324006,0.0038543218
2459377.580151114,-0.0045170784,0.0038492903
2459377.581539983,0.001547575,0.0038531446
2459377.582928852,-0.0015745759,0.0038500887
2459377.584317721,0.0014246702,0.0038515208
2459377.58570659,0.000674963,0.0038539225
2459377.587095459,0.0037608147,0.0038548256
2459377.5884843282,-0.00057530403,0.0038494002
2459377.5898731975,0.0019484758,0.0038546703
2459377.5912620663,-0.00056904554,0.0038501497
2459377.5926509355,0.005990863,0.0038558529
2459377.5940398043,-0.0015272498,0.0038495164
2459377.5954286736,0.007936716,0.0038557076
2459377.596817543,-0.010880232,0.003843917
2459377.598206412,-7.855892e-05,0.003851981
2459377.5995952804,-0.007219434,0.0038450863
2459377.6009841496,0.00079119205,0.0038531553
2459377.602373019,-0.00015836954,0.0038519057
2459377.603761888,0.00097572803,0.0038509143
2459377.605150757,-0.0040795207,0.0038473385
2459377.6065396257,-0.00238657,0.0038480666
2459377.607928495,0.0014220476,0.003852928
2459377.609317364,0.005858302,0.0038560482
2459377.610706233,-0.0039327145,0.0038474605
2459377.612095102,0.0042304993,0.0038533735
2459377.6134839715,-0.003232181,0.0038466924
2459377.6148728402,-0.0032087564,0.003849552
2459377.616261709,0.0048270226,0.0038552603
2459377.6176505783,0.0036871433,0.0038532247
2459377.6190394475,-0.002183497,0.0038483092
2459377.6204283168,0.0008839369,0.0038494684
2459377.621817185,-0.0014079213,0.003848291
2459377.6232060543,-0.007844508,0.0038444158
2459377.6245949236,0.0063780546,0.0038547893
2459377.6259837924,0.00088357925,0.0038503911
2459377.6273726616,0.005262971,0.003854506
2459377.628761531,0.0020917654,0.0038508344
2459377.6301503996,-0.0032234788,0.0038475029
2459377.6315392684,-0.0045470595,0.0038462065
2459377.6329281377,0.0011613369,0.0038481876
2459377.634317007,-0.00018954277,0.003850306
2459377.6357058757,-0.0073534846,0.0038468665
2459377.637094745,0.00097584724,0.0038539015
2459377.6384836137,0.0035649538,0.0038510137
2459377.639872483,-0.00030606985,0.0038494575
2459377.6412613518,-0.006069422,0.0038462775
2459377.642650221,0.0064669847,0.0038568561
2459377.6440390903,-0.0009357929,0.0038498696
2459377.6454279586,-0.0021304488,0.0038479632
2459377.646816828,-0.00063055754,0.0038518514
2459377.648205697,0.0020565987,0.0038498705
2459377.649594566,0.0049027205,0.003858842
2459377.650983435,0.0003720522,0.003851586
2459377.6523723044,0.005149722,0.003851042
2459377.653761173,0.007943749,0.0038566554
2459377.655150042,0.0010995865,0.0038531888
2459377.656538911,-0.0049061775,0.0038452393
2459377.6579277804,0.0076580048,0.0038567483
2459377.659316649,0.0058549643,0.0038553856
2459377.660705518,0.0021201372,0.0038533881
2459377.662094387,0.0042368174,0.0038582324
2459377.663483256,-0.002107501,0.0038477466
2459377.6648721253,-0.004045546,0.0038484072
2459377.6662609945,0.005530238,0.0038522424
2459377.6676498633,0.004266143,0.0038549688
2459377.669038732,0.0034817457,0.0038537066
2459377.6704276013,0.0038375854,0.003852939
2459377.67181647,8.714199e-05,0.0038529434
2459377.6732053393,0.0013206005,0.0038486866
2459377.6745942086,0.0012396574,0.0038505916
2459377.675983077,-0.001809001,0.0038461748
2459377.677371946,-0.0033378005,0.0038478982
2459377.6787608154,0.0013279915,0.003848912
2459377.680149684,-0.0020123124,0.003847856
2459377.6815385534,-0.003507316,0.0038475
2459377.6829274227,0.0025478601,0.0038511339
2459377.684316291,0.0031086206,0.0038546666
2459377.6857051603,0.005521059,0.0038544594
2459377.6870940295,-0.0017631054,0.0038490493
2459377.6884828983,0.0035318136,0.0038515278
2459377.6898717675,0.0035324097,0.0038532557
2459377.691260636,0.0039992332,0.003850482
2459377.692649505,-0.003304541,0.0038487508
2459377.6940383743,0.0028470755,0.0038554943
2459377.695427243,-0.0045099854,0.0038448058
2459377.6968161124,-0.0023952723,0.0038479278
2459377.6982049816,0.0025765896,0.0038507178
2459377.69959385,-0.0008094907,0.003847055
2459377.700982719,-0.0046423078,0.0038444274
2459377.702371588,0.0052121878,0.0038539362
2459377.703760457,-0.0016693473,0.003847822
2459377.7051493265,-0.00065273046,0.0038477962
2459377.706538195,0.003909111,0.0038516012
2459377.707927064,0.0007072687,0.0038500328
2459377.7093159333,0.0041166544,0.0038539532
2459377.710704802,-0.0060159564,0.0038462584
2459377.7120936713,0.0020087957,0.003853834
2459377.71348254,-0.0021408796,0.0038494903
2459377.714871409,0.0076901913,0.0038572585
2459377.716260278,-0.0004925728,0.0038511239
2459377.717649147,-0.0040747523,0.0038457657
2459377.719038016,-0.0011040568,0.003847131
2459377.720426885,-0.0011956692,0.0038494638
2459377.721815754,-0.002404809,0.0038490584
2459377.723204623,-0.00047135353,0.0038495054
2459377.7245934918,-0.00317657,0.0038470945
2459377.725982361,0.0012218952,0.003851924
2459377.72737123,0.004660964,0.0038537688
2459377.728760099,0.003704667,0.0038561788
2459377.730148968,0.002169609,0.0038513576
2459377.7315378366,-0.0025536418,0.0038498968
2459377.732926706,-0.00029826164,0.003851239
2459377.7343155746,-0.00014013052,0.0038499697
2459377.735704444,0.001414299,0.0038509408
2459377.7370933127,0.0012133121,0.0038529574
2459377.7384821814,-0.00022119284,0.0038508854
2459377.7398710507,0.008550525,0.0038560769
2459377.7412599195,-0.00064617395,0.0038485285
2459377.7426487887,-0.0019078851,0.0038484856
2459377.7440376575,0.003418684,0.0038499092
2459377.7454265263,0.0017813444,0.0038514577
2459377.746815395,0.002043724,0.003852521
2459377.7482042643,-0.0027734637,0.0038496475
2459377.7495931336,-0.0011459589,0.0038508207
2459377.7509820024,-0.0052429438,0.003844593
2459377.7523708716,0.0015308857,0.0038532251
2459377.75375974,-0.001873076,0.0038483266
2459377.755148609,0.0011415482,0.0038535302
2459377.756537478,-0.0011235476,0.003849541
2459377.757926347,-0.0017528534,0.0038501017
2459377.759315216,-0.001852572,0.0038514242
2459377.7607040848,0.0055987835,0.003860822
2459377.7620929535,0.0042105913,0.0038506042
2459377.763481823,0.0048395395,0.0038532182
2459377.764870692,0.0017739534,0.003852097
2459377.766259561,0.00024747849,0.0038523364
2459377.76764843,0.0015236139,0.0038517287
2459377.7690372984,-0.00011539459,0.003849637
2459377.7704261676,0.0023334026,0.0038516892
2459377.7718150364,-0.0009810925,0.0038475574
2459377.7732039057,0.001167655,0.0038502913
2459377.7745927745,-0.0037558079,0.0038469594
2459377.7759816432,0.0009126663,0.0038512412
2459377.777370512,-0.004813969,0.003846959
2459377.7787593813,0.0056043863,0.0038536782
2459377.78014825,-0.0009509921,0.0038496864
2459377.7815371193,0.0038807392,0.0038560242
2459377.782925988,-0.0023716688,0.0038482712
2459377.784314857,0.0014995337,0.003848655
2459377.7857037256,0.0017541647,0.0038506375
2459377.787092595,-0.0012298822,0.0038475099
2459377.7884814637,0.00050258636,0.0038508996
2459377.789870333,-0.005834818,0.0038440442
2459377.7912592017,0.0003260374,0.0038505897
2459377.7926480705,0.0051828623,0.0038539162
2459377.7940369393,-0.0019603372,0.0038483348
2459377.7954258085,-0.0036600828,0.0038453096
2459377.7968146773,0.0001578331,0.0038516985
2459377.7982035466,-0.0019330382,0.003849393
2459377.799592415,-0.008224428,0.0038456882
2459377.800981284,-0.0005450845,0.0038518824
2459377.802370153,0.0053869486,0.003855051
2459377.803759022,0.0057080984,0.003853594
2459377.805147891,0.0031433105,0.0038538824
2459377.80653676,-0.0024738908,0.0038481602
2459377.8079256285,0.00019443035,0.0038535907
2459377.8093144977,-0.0055335164,0.0038463403
2459377.8107033665,-0.0028548837,0.0038482002
2459377.812092236,0.0036281347,0.0038506961
2459377.8134811046,-0.003252864,0.003846795
2459377.8148699733,0.0038625002,0.0038520207
2459377.816258842,-0.002264738,0.0038487029
2459377.8176477114,-0.0058128834,0.0038457375
2459377.81903658,0.0014899969,0.0038504624
2459377.820425449,0.0028556585,0.0038522868
2459377.821814318,0.00027906895,0.0038486603
2459377.8232031865,0.003957629,0.003854413
2459377.8245920558,0.0005328655,0.0038499287
2459377.8259809245,0.0028897524,0.0038526764
2459377.827369794,-0.003697455,0.0038501318
2459377.8287586626,-0.0052369833,0.0038471178
2459377.8301475313,-0.003640592,0.0038471436
2459377.8315364,-0.00023907423,0.0038536512
2459377.832925269,-0.003671527,0.0038460616
2459377.834314138,-0.0014241934,0.0038467322
2459377.835703007,-0.0026816726,0.0038471327
2459377.837091876,0.0016992092,0.0038508615
2459377.8384807445,0.0013847351,0.0038493734
2459377.8398696138,0.0049704313,0.0038566287
2459377.8412584825,0.00071918964,0.003851207
2459377.8426473513,0.0039610863,0.0038553318
2459377.8440362206,0.0020056963,0.0038490647
2459377.845425089,-0.008205533,0.0038446821
2459377.846813958,-0.0039527416,0.0038483306
2459377.848202827,0.0017415285,0.0038513788
2459377.849591696,0.0051318407,0.0038532896
2459377.850980565,0.00029742718,0.0038502708
2459377.8523694337,0.0028430223,0.0038531085
2459377.8537583025,0.00036644936,0.0038523274
2459377.8551471713,0.00037801266,0.0038498098
2459377.8565360405,0.004390478,0.0038531513
2459377.8579249093,-0.0019435287,0.0038497662
2459377.859313778,0.0031325817,0.0038504978
2459377.860702647,0.0015000105,0.0038496358
2459377.8620915157,0.007647872,0.0038554827
2459377.863480385,0.001103878,0.0038524247
2459377.8648692537,0.0010471344,0.0038528037
2459377.8662581225,0.0026608706,0.0038509972
2459377.8676469917,0.0006787777,0.0038513313
2459377.86903586,0.002003789,0.0038512864
2459377.8704247293,0.0031142235,0.0038518608
2459377.871813598,0.0055874586,0.0038557192
2459377.873202467,0.0034393072,0.003850866
2459377.874591336,0.0011293888,0.0038493397
2459377.875980205,0.0045228004,0.0038516698
2459377.877369073,-0.0002503395,0.003850249
2459377.8787579425,0.0007560253,0.0038528054
2459377.8801468113,-0.0016098022,0.003848092
2459377.8815356805,0.00013005733,0.0038524822
2459377.8829245493,-0.0033607483,0.003848007
2459377.8843134176,0.0003271103,0.0038490947
2459377.885702287,0.00062835217,0.0038501234
2459377.8870911556,-0.00366503,0.0038463713
2459377.8884800244,0.0052365065,0.0038566035
2459377.8898688937,-0.000651598,0.0038498533
2459377.8912577624,0.0035467148,0.0038494458
2459377.8926466308,0.0027035475,0.0038511967
2459377.8940355,0.0035426617,0.0038527625
2459377.895424369,3.8266182e-05,0.003850726
2459377.896813238,0.0053628683,0.0038566545
2459377.898202107,0.006308913,0.0038566513
2459377.899590975,0.0058704615,0.003855972
2459377.9009798444,0.0022268295,0.003851842
2459377.902368713,0.00018262863,0.0038493052
2459377.903757582,0.0051989555,0.00385333
2459377.905146451,0.0038534403,0.0038548037
2459377.90653532,0.003625989,0.0038523595
2459377.9079241883,-0.0006440878,0.0038470598
2459377.9093130575,-0.0020899773,0.0038490584
2459377.9107019263,-0.0029233694,0.0038467126
2459377.912090795,0.00023400784,0.0038529176
2459377.9134796644,0.00040709972,0.0038517138
2459377.9148685327,-0.00040358305,0.0038506705
2459377.9162574015,-0.0073384643,0.0038450176
2459377.9176462702,0.0025382042,0.0038550587
2459377.9190351395,-0.002229929,0.003848668
2459377.9204240083,-0.00249964,0.003848638
2459377.921812877,0.00042140484,0.003851183
2459377.923201746,0.0017101765,0.003849479
2459377.9245906146,-0.0015098453,0.0038512019
2459377.9259794834,-0.0042461157,0.003846263
2459377.9273683527,0.0010293722,0.0038509762
2459377.9287572214,-0.0016885996,0.0038484994
2459377.9301460898,0.0006445646,0.0038524368
2459377.9315349585,-0.0043488145,0.0038476712
2459377.932923828,-0.0017943978,0.003849549
2459377.9343126966,-0.0007479787,0.0038492256
2459377.9357015654,0.003042698,0.003851016
2459377.9370904346,0.0013326406,0.003851384
2459377.938479303,-0.0039700866,0.0038470444
2459377.9398681717,0.0013388395,0.0038522286
2459377.9412570405,0.0081352,0.003858322
2459377.9426459097,-0.008533001,0.003845653
2459377.9440347785,-0.00519675,0.003846463
2459377.945423647,-0.004024446,0.0038481613
2459377.946812516,0.0020589828,0.00385068
2459377.948201385,0.004584551,0.0038540221
2459377.9495902536,0.010842919,0.0038584252
2459377.9509791224,0.0076568127,0.003856092
2459377.9523679917,0.0049033165,0.0038532433
2459377.95375686,-0.004894316,0.0038471203
2459377.955145729,-0.003669262,0.0038466041
2459377.9565345976,0.0003170967,0.0038517085
2459377.957923467,0.0019655228,0.0038519679
2459377.9593123356,0.00062704086,0.0038545923
2459377.9607012044,0.002233982,0.0038524717
2459377.9620900727,0.0014516115,0.003851153
2459377.963478942,-0.0031255484,0.0038504675
2459377.9648678107,0.0024085045,0.0038522785
2459377.9662566795,0.008262515,0.0038602548
2459377.9676455483,0.0031428337,0.003851783
2459377.969034417,0.004664898,0.00385393
2459377.970423286,-0.002703309,0.003849747
2459377.9718121546,0.0030603409,0.003853102
2459377.9732010234,0.004460931,0.0038551919
2459377.9745898927,-0.004359305,0.0038460232
2459377.9759787614,0.0057598352,0.0038543064
2459377.9773676298,-0.0013632178,0.0038473106
2459377.9787564985,-0.00053209066,0.0038488037
2459377.9801453673,0.005481243,0.0038552526
2459377.9815342366,-0.005280614,0.003846099
2459377.9829231054,-0.0029357672,0.0038491646
2459377.9843119737,-0.0047603846,0.0038459855
2459377.9857008425,0.0015028715,0.003852372
2459377.9870897112,0.00020098686,0.0038523925
2459377.9884785805,-0.0016859174,0.003848952
2459377.9898674493,0.0020837784,0.003854234
2459377.991256318,-0.0009185076,0.0038484603
2459377.9926451864,-0.0035277605,0.003845063
2459377.994034055,0.005529642,0.0038595174
2459377.9954229244,0.004920125,0.003853021
2459377.996811793,0.0062805414,0.0038550177
2459377.998200662,0.0006572008,0.0038509804
2459377.9995895303,-0.00013291836,0.0038515036
2459378.000978399,0.0005925894,0.0038528254
2459378.0023672683,-0.003261447,0.0038480076
2459378.003756137,0.003928542,0.0038543297
2459378.005145006,0.0014841557,0.0038486978
2459378.0065338747,-0.004440069,0.0038479834
2459378.007922743,0.0005582571,0.0038488838
2459378.009311612,0.0021266937,0.0038536899
2459378.010700481,0.009131432,0.0038615882
2459378.01208935,0.002169609,0.003853566
2459378.0134782186,0.00038957596,0.003851432
2459378.014867087,0.004848838,0.0038546117
2459378.0162559557,0.0035258532,0.0038554245
2459378.0176448245,-0.0001822114,0.003852525
2459378.0190336937,0.0052398443,0.0038538182
2459378.0204225625,0.0020148754,0.003852203
2459378.0218114313,-0.000939548,0.0038503571
2459378.0232002996,0.0048031807,0.0038536119
2459378.0245891684,-0.00518775,0.0038463653
2459378.025978037,-0.00045657158,0.0038513818
2459378.0273669064,-0.0030311346,0.003850767
2459378.028755775,-0.0025943518,0.0038523069
2459378.030144644,-0.0015334487,0.0038505238
2459378.0315335123,0.0011107922,0.0038535055
2459378.032922381,-0.0038043857,0.0038477457
2459378.03431125,-0.0017065406,0.0038508459
2459378.0357001186,-0.0049630404,0.003850062
2459378.0370889874,0.0034041405,0.0038540799
2459378.038477856,0.001584053,0.0038523688
2459378.039866725,0.003906727,0.0038560056
2459378.0412555938,0.004630208,0.0038612147
2459378.0426444625,0.0012731552,0.0038522938
2459378.0440333313,-0.00047010183,0.0038533066
2459378.0454222,0.006048441,0.0038585856
2459378.0468110684,0.0006235838,0.0038536265
2459378.048199937,0.0019620657,0.0038540706
2459378.0495888065,0.0035592318,0.0038508575
2459378.0509776752,-0.002792418,0.003851627
2459378.052366544,0.0038660765,0.0038541188
2459378.0537554123,-0.001006484,0.0038491937
2459378.055144281,0.00087833405,0.0038534666
2459378.05653315,0.000115156174,0.0038505697
2459378.0579220187,-0.0031821132,0.003848969
2459378.0593108875,-0.0030742884,0.0038479809
2459378.0606997563,-0.0049449205,0.003849019
2459378.0620886246,-0.0030341148,0.0038496351
2459378.063477494,0.004974842,0.0038561323
2459378.0648663626,0.0013557673,0.0038518857
2459378.0662552314,-0.008210182,0.003845276
2459378.0676441,-0.006515801,0.003849307
2459378.0690329685,0.0062538385,0.0038560997
2459378.0704218373,-0.0016635656,0.0038535069
2459378.071810706,0.0011780262,0.0038512177
2459378.073199575,-0.0038115382,0.003848407
2459378.0745884436,-0.0017422438,0.0038494326
2459378.0759773124,0.0009715557,0.0038550834
2459378.0773661807,-0.0041332245,0.0038475113
2459378.0787550495,0.0032043457,0.0038563043
2459378.0801439183,-0.0029851794,0.0038509734
2459378.081532787,0.0019714832,0.0038512363
2459378.082921656,0.0059132576,0.0038568843
2459378.0843105246,0.00032436848,0.0038529434
2459378.0856993934,0.007706046,0.0038558221
2459378.087088262,-0.0009191036,0.0038514903
2459378.088477131,0.0018193722,0.0038535115
2459378.0898659998,-0.00013494492,0.0038503665
2459378.0912548685,-0.007177472,0.003849231
2459378.092643737,-0.0029933453,0.0038502966
2459378.0940326056,0.0022841692,0.0038537618
2459378.0954214744,0.0009241104,0.0038493178
2459378.096810343,-0.0041096807,0.003847101
2459378.098199212,-0.0035119653,0.0038502866
2459378.0995880803,0.0010616779,0.0038530154
2459378.100976949,0.007432699,0.003856573
2459378.102365818,0.0010451078,0.0038531427
2459378.1037546867,-0.00010973215,0.0038539828
2459378.1051435554,0.0011935234,0.0038526778
2459378.106532424,0.001839757,0.0038524226
2459378.1079212925,-0.002105534,0.0038489904
2459378.1093101613,-0.006124139,0.0038488552
2459378.11069903,-0.0031606555,0.0038486456
2459378.112087899,0.0020782948,0.0038527069
2459378.1134767677,0.002889514,0.00385334
2459378.1148656365,0.006379485,0.0038567071
2459378.116254505,0.0021489859,0.003855831
2459378.1176433736,-0.009464979,0.0038491199
2459378.1190322423,0.003742814,0.0038527225
2459378.120421111,-0.0005825758,0.0038539057
2459378.12180998,-0.0020016432,0.0038514254
2459378.123198848,0.0024052858,0.0038559814
2459378.124587717,-0.0069013834,0.0038483678
2459378.125976586,0.00096976757,0.003851781
2459378.1273654546,0.0028289557,0.003854781
2459378.1287543233,-5.90086e-06,0.0038491122
2459378.130143192,-0.0035091043,0.0038489366
2459378.1315320604,-0.007025361,0.0038472244
2459378.132920929,0.000693202,0.0038515436
2459378.134309798,-0.0016614795,0.003851692
2459378.135698667,0.0019756556,0.0038535052
2459378.1370875356,0.0051106215,0.0038587598
2459378.138476404,-0.0036771297,0.0038504251
2459378.1398652727,-0.0020614862,0.0038496673
2459378.1412541415,0.0035642385,0.0038554687
2459378.1426430102,0.0024204254,0.003853934
2459378.144031879,0.0030133724,0.0038582466
2459378.145420748,-0.0037926435,0.0038531949
2459378.1468096157,-0.0030204654,0.0038519616
2459378.1481984844,-0.0011358261,0.0038530156
2459378.149587353,-0.0009726882,0.003849502
2459378.150976222,-0.0050204396,0.00385219
2459378.152365091,-0.00065392256,0.0038513963
2459378.153753959,0.0021389723,0.003852762
2459378.155142828,0.0053699017,0.0038584087
2459378.1565316967,0.004914999,0.0038557593
2459378.1579205655,0.002654314,0.0038577751
2459378.1593094342,-0.005754113,0.0038508005
2459378.160698303,0.0045984983,0.0038579328
2459378.1620871713,0.005408168,0.003857017
2459378.16347604,0.0017799139,0.0038530296
2459378.164864909,-0.0017071962,0.0038500247
2459378.1662537777,-0.005364239,0.0038494677
2459378.167642646,0.0009059906,0.003855271
2459378.1690315143,-0.0004324317,0.0038538335
2459378.170420383,-0.0003131628,0.0038546862
2459378.171809252,-0.0059430003,0.0038467553
2459378.1731981207,0.0018570423,0.0038520976
2459378.1745869895,0.0011628866,0.0038549567
2459378.1759758582,0.011774063,0.0038613342
2459378.1773647266,-0.0011284351,0.0038565092
2459378.1787535953,0.0012241602,0.0038517038
2459378.180142464,0.0030788183,0.0038558939
2459378.1815313324,-0.0022886992,0.003850577
2459378.182920201,-0.0010412931,0.0038512228
2459378.18430907,-0.0038269758,0.0038492936
2459378.1856979383,-0.0039714575,0.0038508626
2459378.187086807,-0.0051873922,0.0038524019
2459378.188475676,-0.0052778125,0.0038495753
2459378.1898645447,0.0016225576,0.0038572396
2459378.1912534134,-0.0027157664,0.0038503332
2459378.1926422813,-0.0034415126,0.003852365
2459378.19403115,-0.000977695,0.0038537155
2459378.195420019,0.002755642,0.0038583402
2459378.1968088876,-0.004357755,0.0038483837
2459378.1981977564,0.0016198158,0.0038539337
2459378.199586625,-0.0006084442,0.0038538794
2459378.2009754935,-0.0055822134,0.0038505148
2459378.202364362,5.7935715e-05,0.0038525227
2459378.2037532306,0.0021555424,0.0038574573
2459378.2051420994,0.0023391247,0.0038546273
2459378.206530968,0.00023841858,0.0038534007
2459378.2079198365,0.0008214712,0.0038581572
2459378.2093087053,-0.005306244,0.0038488677
2459378.210697574,0.0019359589,0.003854811
2459378.2120864424,-0.003324449,0.0038507127
2459378.213475311,-0.0022543669,0.0038518049
2459378.21486418,0.008024693,0.0038594091
2459378.2162530483,-0.0039174557,0.0038513313
2459378.217641917,0.002115965,0.0038556906
2459378.219030786,0.0027053356,0.0038561758
2459378.220419654,0.0012873411,0.0038557062
2459378.221808523,0.0051110983,0.0038565279
2459378.2231973913,-0.004931271,0.0038492277
2459378.22458626,0.00217247,0.003858338
2459378.225975129,0.0022441149,0.0038562012
2459378.227363997,0.006312847,0.003859309
2459378.228752866,-0.001406908,0.0038539795
2459378.2301417347,-0.00025320053,0.0038519406
2459378.231530603,0.002678752,0.003856423
2459378.232919472,0.00014650822,0.00385343
2459378.23430834,-0.0016998053,0.003853752
2459378.235697209,0.0015021563,0.0038548135
2459378.2370860777,0.0017865896,0.0038532957
2459378.238474946,-0.0050037503,0.003848773
2459378.239863815,-0.004766822,0.0038492216
2459378.241252683,0.003850937,0.003859926
2459378.242641552,-0.0008382201,0.003853514
2459378.2440304207,0.0042079687,0.003858415
2459378.2454192895,0.0048276186,0.0038598664
2459378.2468081573,-0.0053371787,0.0038495322
2459378.248197026,-0.00026327372,0.003855405
2459378.249585895,0.0073319674,0.0038584948
2459378.2509747637,-0.0068967342,0.003849601
2459378.2523636324,-0.0027122498,0.0038559267
2459378.2537525003,0.0019204617,0.0038580892
2459378.255141369,-0.0024083853,0.0038515306
2459378.256530238,-0.00050854683,0.0038560873
2459378.2579191066,0.0034513474,0.0038577216
2459378.259307975,-0.0006440282,0.003851167
2459378.2606968437,0.007305622,0.0038560512
2459378.262085712,-0.0007607341,0.0038558145
2459378.263474581,0.0060983896,0.0038600045
2459378.264863449,-0.007197678,0.003849491
2459378.266252318,-0.00488472,0.0038513816
2459378.2676411867,-0.0036377907,0.0038527315
2459378.2690300555,0.0032851696,0.0038573544
2459378.2704189233,-0.011146069,0.0038468065
2459378.271807792,0.005530715,0.0038589654
2459378.273196661,-0.0025096536,0.0038538591
2459378.274585529,0.0060976744,0.0038561376
2459378.275974398,-0.00019133091,0.003853521
2459378.2773632663,0.0019376278,0.0038545853
2459378.278752135,0.00013720989,0.0038577963
2459378.2801410034,0.0001667738,0.0038562643
2459378.281529872,0.004752636,0.0038579048
2459378.282918741,0.0015530586,0.003859735
2459378.2843076093,-0.0020093322,0.0038549094
2459378.2856964776,-0.0046035647,0.0038501602
2459378.2870853464,0.0003812313,0.0038540296
2459378.288474215,-0.0020586848,0.0038523064
2459378.2898630835,0.001824379,0.0038547288
2459378.2912519523,0.0005040169,0.0038563635
2459378.2926408206,0.0014933348,0.0038548757
2459378.294029689,-0.0018255711,0.0038565367
2459378.2954185577,0.0045681,0.0038590194
2459378.2968074265,-0.0020679235,0.0038551493
2459378.298196295,-0.00214535,0.0038515648
2459378.2995851636,0.0009795427,0.003857498
2459378.300974032,0.0009543896,0.003851196
2459378.3023629,-0.00034677982,0.0038570769
2459378.303751769,-0.00067842007,0.0038565344
2459378.305140638,-0.0027050376,0.0038528673
2459378.306529506,-0.0032105446,0.0038518598
2459378.3079183744,-0.00064367056,0.0038528594
2459378.309307243,-0.0025959015,0.0038523548
2459378.3106961115,0.00065732,0.003854479
2459378.3120849803,-0.0011441112,0.003853115
2459378.313473849,0.0024223328,0.0038587432
2459378.3148627174,0.00011885166,0.0038577942
2459378.3162515857,0.0015369654,0.0038535255
2459378.3176404545,0.0035073757,0.003859192
2459378.319029323,-0.004574895,0.0038523471
2459378.3204181916,0.0015966892,0.0038549174
2459378.3218070604,-0.0044304132,0.0038543881
2459378.3231959282,0.004297018,0.0038590885
2459378.324584797,-5.7458878e-05,0.003853236
2459378.325973666,0.0025154352,0.0038567265
2459378.327362534,0.0034520626,0.0038589698
2459378.328751403,-0.001419723,0.0038519667
2459378.330140271,0.004677534,0.0038557837
2459378.3315291395,0.0025960207,0.0038603817
2459378.3329180083,0.0012745857,0.0038572229
2459378.3343068766,0.002501011,0.0038615519
2459378.3356957454,-0.004399061,0.0038505122
2459378.337084614,-7.033348e-05,0.0038561416
2459378.338473482,-0.0031445622,0.003851609
2459378.339862351,-0.0019977093,0.003853785
2459378.341251219,-0.0053602457,0.0038528177
2459378.342640088,-0.0028131604,0.0038523048
2459378.3440289567,-0.00011366606,0.0038585274
2459378.345417825,-0.009868979,0.0038497353
2459378.3468066934,0.004835367,0.0038595938
2459378.3481955617,-0.0016775727,0.0038524978
2459378.3495844305,-0.0010207891,0.0038537304
2459378.3509732992,-0.00810802,0.0038523397
2459378.3523621676,0.004806757,0.003858851
2459378.3537510363,0.0043230057,0.0038606946
2459378.355139904,0.0053235292,0.003860701
2459378.356528773,-0.004034698,0.0038519902
2459378.3579176413,0.0031353235,0.003857341
2459378.35930651,-0.0063559413,0.0038489904
2459378.360695379,-0.0036141276,0.0038537995
2459378.3620842467,-0.003462553,0.0038526352
2459378.3634731155,-0.004312277,0.0038534896
2459378.364861984,-0.0030437112,0.0038523467
2459378.3662508526,-0.002282858,0.0038527804
2459378.367639721,-0.000726223,0.0038577574
2459378.3690285897,-0.0032117367,0.003849842
2459378.370417458,0.004065037,0.0038578066
2459378.3718063263,0.00023078918,0.0038545795
2459378.373195195,0.0051130056,0.003860645
2459378.3745840634,0.00027883053,0.0038555148
2459378.375972932,-0.00060480833,0.0038559258
2459378.3773618,0.003480196,0.003858239
2459378.378750669,0.0013293028,0.0038543087
2459378.380139537,0.0024161339,0.0038574229
2459378.381528406,-0.004866898,0.00385719
2459378.3829172743,0.00075161457,0.0038560822
2459378.384306143,0.0022842884,0.0038579642
2459378.385695011,-0.0049806833,0.0038517108
2459378.3870838797,0.010021925,0.0038621246
2459378.388472748,-0.0027281046,0.0038535798
2459378.389861617,-0.0003426075,0.003856736
2459378.391250485,-0.0050474405,0.0038541583
2459378.3926393534,0.00643301,0.00386035
2459378.394028222,-0.0024568439,0.003856205
2459378.3954170905,-0.004526019,0.0038519567
2459378.3968059593,0.004750252,0.003862424
2459378.3981948276,-0.00410378,0.0038512247
2459378.3995836964,0.0070244074,0.003861357
2459378.4009725642,0.003071189,0.0038604634
2459378.402361433,0.0040359497,0.0038581237
2459378.4037503013,-0.003520131,0.0038532903
2459378.4051391697,0.0031324625,0.0038586275
2459378.4065280384,-0.0049853325,0.0038570045
2459378.4079169063,-0.0027362108,0.0038534992
2459378.409305775,-0.0051743984,0.003855106
2459378.4106946434,0.0016180277,0.0038596008
2459378.412083512,-0.0030754805,0.0038526505
2459378.4134723805,0.0009012222,0.0038593032
2459378.4148612493,-0.0071263313,0.0038548056
2459378.416250117,-0.006115377,0.003850378
2459378.417638986,0.0022312403,0.003859731
2459378.419027854,0.0039600134,0.0038651004
2459378.420416723,-0.006216049,0.0038535683
2459378.4218055913,-0.0060509443,0.0038528566
2459378.42319446,0.0037094355,0.0038601924
2459378.424583328,0.0063664913,0.0038647053
2459378.4259721963,-0.0060896873,0.0038533504
2459378.427361065,-0.0036956072,0.0038551616
2459378.4287499334,-0.0084783435,0.0038523225
2459378.430138802,-0.0045359135,0.0038560566
2459378.43152767,-0.0019272566,0.0038551313
2459378.432916539,0.0015356541,0.0038587404
2459378.434305407,0.003955364,0.0038622292
2459378.435694276,0.0054399967,0.0038614655
2459378.437083144,-9.6559525e-05,0.003857171
2459378.4384720125,0.0024329424,0.003857815
2459378.439860881,0.00111413,0.0038596494
2459378.441249749,-0.0024181008,0.0038618825
2459378.442638618,0.0055246353,0.0038597865
2459378.4440274863,-0.0060616136,0.0038528198
2459378.4454163546,0.00052809715,0.003859615
2459378.446805223,-0.00627774,0.0038516372
2459378.448194091,-0.0035210252,0.0038554282
2459378.44958296,-0.00021344423,0.0038597852
2459378.4509718283,0.0018891096,0.0038590343
2459378.452360697,0.0071151257,0.0038643354
2459378.4537495654,-0.0017319322,0.0038599449
2459378.4551384333,-0.0066875815,0.003856913
2459378.456527302,-0.0009435415,0.0038583681
2459378.4579161704,-0.0018978715,0.0038570634
2459378.4593050387,0.00062167645,0.0038610008
2459378.4606939075,-0.0052179694,0.00385661
2459378.4620827753,0.0028715134,0.003861454
2459378.463471644,-0.0002862811,0.0038629095
2459378.4648605124,-0.0009941459,0.003859934
2459378.4662493807,0.0061149597,0.003863046
2459378.4676382495,-0.0017759204,0.003859352
2459378.469027118,-0.0024177432,0.003859417
2459378.4704159857,0.009469986,0.0038656555
2459378.4718048545,0.0019258261,0.0038614252
2459378.473193723,-0.006409824,0.0038563136
2459378.4745825916,0.005604744,0.0038613593
2459378.47597146,-0.0032701492,0.0038570613
2459378.4773603277,0.0036547184,0.0038613547
2459378.4787491965,-0.003027916,0.0038582596
2459378.480138065,-0.004196584,0.0038580322
2459378.481526933,-0.0059913993,0.0038553784
2459378.482915802,-0.004298508,0.003858924
2459378.4843046702,-0.0050655603,0.0038567765
2459378.485693538,-0.0052890778,0.0038564743
2459378.487082407,0.002381444,0.0038630357
2459378.488471275,0.005300522,0.0038640397
2459378.4898601435,-0.004611671,0.0038575218
2459378.4912490123,-0.005650699,0.0038558706
2459378.49263788,0.0031403303,0.0038629668
2459378.4940267485,-0.0007343888,0.0038634688
2459378.4954156172,-0.0077129602,0.0038567856
2459378.4968044856,0.00051283836,0.0038585723
2459378.498193354,0.005245328,0.0038672918
2459378.499582222,-0.0008177161,0.0038616841
2459378.5009710905,0.0043979883,0.0038627612
2459378.502359959,0.0014307499,0.0038646131
2459378.503748827,-0.002726853,0.0038583616
2459378.505137696,-0.0028892756,0.0038606208
2459378.5065265642,-0.006277859,0.0038550058
2459378.5079154326,-0.0019958615,0.003861389
2459378.509304301,0.0032881498,0.003868772
2459378.510693169,0.00095927715,0.0038628334
2459378.5120820375,-0.0061581135,0.0038566156
2459378.513470906,0.00025629997,0.0038617984
2459378.5148597746,0.0016804934,0.0038610818
2459378.5162486425,0.0033009052,0.003865161
2459378.517637511,-0.0011807084,0.0038595444
2459378.519026379,-0.00279361,0.0038593714
2459378.520415248,-0.00030261278,0.0038625349
2459378.521804116,-0.002892971,0.0038606909
2459378.5231929845,5.7578087e-05,0.0038656483
2459378.524581853,0.0017129183,0.0038668371
2459378.525970721,-0.0024442077,0.003863209
2459378.5273595895,-0.007449329,0.00385447
2459378.528748458,-0.002649784,0.0038588895
2459378.5301373266,2.4914742e-05,0.0038641316
2459378.5315261944,0.0032655,0.0038635451
2459378.5329150627,-0.0012723207,0.0038581358
2459378.534303931,-0.0008957386,0.0038633565
2459378.5356928,-0.006192565,0.003861968
2459378.537081668,-0.0018231869,0.0038599416
2459378.5384705365,-0.005034685,0.0038588005
2459378.5398594043,0.005749941,0.0038689321
2459378.5412482726,-0.0048034787,0.0038618133
2459378.5426371414,0.0047129393,0.003867373
2459378.5440260097,0.0027766228,0.0038655035
2459378.545414878,-0.006170392,0.0038589553
2459378.546803746,-0.0027332306,0.0038626865
2459378.5481926147,0.0042704344,0.0038666872
2459378.549581483,-0.0019088387,0.003860458
2459378.5509703513,-0.00450325,0.0038635863
2459378.5523592196,-0.0045626163,0.0038576084
2459378.553748088,-0.0026581883,0.003867204
2459378.5551369563,0.0012542009,0.0038667833
2459378.5565258246,-0.0015871525,0.0038639077
2459378.557914693,-0.0028145313,0.0038612795
2459378.559303561,-0.005189359,0.003857899
2459378.5606924295,0.003038168,0.003865597
2459378.5620812974,0.0045962334,0.0038692346
2459378.563470166,0.0031108856,0.0038640348
2459378.5648590345,0.0020222664,0.003867807
2459378.566247903,0.00095009804,0.0038677196
2459378.567636771,-0.0033248067,0.003862096
2459378.5690256394,0.004659772,0.0038697328
2459378.5704145078,-0.004969001,0.0038625384
2459378.571803376,-0.0060046315,0.0038615107
2459378.5731922444,0.0028253794,0.0038665326
2459378.5745811127,0.002278328,0.0038672686
2459378.575969981,-0.00018674135,0.003866804
2459378.5773588493,-0.005046308,0.003861561
2459378.578747717,0.00065362453,0.0038656841
2459378.580136586,0.0021107197,0.0038669703
2459378.5815254543,0.002143383,0.0038661435
2459378.5829143226,0.0009855032,0.0038662495
2459378.584303191,-0.0039201975,0.0038629817
2459378.585692059,0.007632613,0.003872119
2459378.587080927,0.005598426,0.0038686316
2459378.5884697954,-0.0040600896,0.003862851
2459378.589858664,-0.0019131303,0.0038630073
2459378.5912475325,-0.00053715706,0.0038655165
2459378.592636401,0.005599022,0.0038719608
2459378.5940252687,0.0093307495,0.003873816
2459378.595414137,0.0031362772,0.0038704155
2459378.5968030053,-0.003648758,0.0038652788
2459378.5981918736,0.00050997734,0.0038633437
2459378.599580742,0.0004184246,0.0038662818
2459378.6009696103,0.004253149,0.0038694984
2459378.6023584786,-0.00559932,0.003862739
2459378.603747347,0.004975438,0.0038700148
2459378.605136215,0.00739038,0.0038709252
2459378.6065250835,-0.004437268,0.0038602978
2459378.607913952,-0.0044575334,0.0038633978
2459378.6093028197,-0.00040203333,0.003866438
2459378.610691688,0.0008610487,0.0038653899
2459378.6120805563,-0.007925749,0.0038620948
2459378.6134694247,0.0019443035,0.0038698872
2459378.614858293,-0.005294502,0.0038645791
2459378.6162471613,0.00014984608,0.0038674586
2459378.6176360296,4.8995018e-05,0.003865355
2459378.619024898,-0.00855732,0.0038621728
2459378.6204137662,-0.0030543208,0.0038632972
2459378.6218026346,0.0026578903,0.0038701668
2459378.623191503,-0.000513494,0.0038682309
2459378.6245803707,-0.0017619729,0.0038697452
2459378.625969239,0.00358665,0.0038708264
2459378.6273581074,0.007010579,0.0038746533
2459378.6287469757,-0.00684458,0.0038629272
2459378.630135844,-0.0012407899,0.0038664318
2459378.631524712,-0.002887249,0.0038671482
2459378.63291358,0.0020834208,0.003871411
2459378.6343024485,0.0049743652,0.0038737229
2459378.635691317,0.00017988682,0.0038685089
2459378.637080185,-0.00021559,0.0038683459
2459378.6384690534,-0.0043394566,0.0038652094
2459378.6398579213,-0.0045881867,0.0038628513
2459378.6412467896,0.0044043064,0.0038729587
2459378.642635658,0.00017488003,0.0038684416
2459378.6440245262,-0.0054516196,0.0038638397
2459378.645413395,-0.001819551,0.00386793
2459378.646802263,0.00020968914,0.0038691517
2459378.648191131,-0.00013744831,0.0038674665
2459378.6495799995,0.0019304752,0.0038700488
2459378.650968868,0.0020303726,0.0038695112
2459378.652357736,-0.006182909,0.0038627828
2459378.6537466045,0.0072722435,0.0038805741
2459378.6551354723,-0.0019887686,0.0038676294
2459378.6565243406,-0.00012475252,0.0038691696
2459378.657913209,-0.0014279485,0.0038682204
2459378.6593020773,-0.0050460696,0.003865256
2459378.6606909456,0.0011689663,0.003868948
2459378.6620798134,0.004285693,0.0038767227
2459378.6634686813,-1.847744e-05,0.0038696856
2459378.6648575496,-0.005899787,0.0038639363
2459378.666246418,-0.00068831444,0.003867155
2459378.667635286,-0.0067949295,0.003867951
2459378.6690241545,0.0027610064,0.0038746276
2459378.6704130224,0.0012233257,0.0038727515
2459378.6718018907,-0.0039532185,0.0038660672
2459378.673190759,-0.0034675002,0.0038673964
2459378.6745796273,-0.0024345517,0.00386695
2459378.6759684957,-0.0015090704,0.003869129
2459378.677357364,0.0021930933,0.0038718479
2459378.678746232,-0.004585445,0.0038686572
2459378.6801351,-0.0026185513,0.003870964
2459378.6815239685,0.0022001266,0.0038699247
2459378.682912837,-0.009122014,0.0038661319
2459378.684301705,-0.007602453,0.0038599544
2459378.685690573,0.0018600225,0.0038693931
2459378.6870794413,0.0031903982,0.0038762041
2459378.6884683096,0.0038261414,0.003871534
2459378.689857178,0.0029194355,0.0038735825
2459378.6912460458,-0.0029997826,0.0038693885
2459378.692634914,-0.003670156,0.0038671833
2459378.694023782,0.0009214878,0.0038701724
2459378.6954126502,-0.004745841,0.003861865
2459378.6968015186,-0.008934021,0.0038633915
2459378.698190387,0.001767993,0.0038712653
2459378.699579255,-0.0021790266,0.0038671747
2459378.700968123,-0.0017667413,0.003865384
2459378.7023569914,0.0018765926,0.0038720595
2459378.7037458597,0.0031343699,0.0038728162
2459378.705134728,-0.003808856,0.0038681494
2459378.706523596,0.0014086962,0.0038710197
2459378.707912464,-0.0060995817,0.003864907
2459378.709301332,0.0028682947,0.0038712637
2459378.7106902003,0.0010681152,0.0038691238
2459378.7120790686,-0.000109136105,0.0038706365
2459378.713467937,-0.004945934,0.00386604
2459378.7148568053,3.33786e-06,0.0038697114
2459378.716245673,-0.0027877092,0.0038695731
2459378.7176345414,-0.0031197667,0.0038677084
2459378.7190234093,-0.0025818348,0.0038684085
2459378.7204122776,-0.0031539798,0.0038685836
2459378.721801146,0.0030430555,0.003874127
2459378.7231900143,0.006622076,0.003876043
2459378.724578882,0.007062316,0.0038764728
2459378.7259677504,0.0014255047,0.0038714746
2459378.7273566187,0.00015234947,0.003869432
2459378.7287454866,-0.0030944943,0.003869941
2459378.730134355,0.0008585453,0.0038736933
2459378.7315232228,0.0037466288,0.0038724444
2459378.732912091,0.0013637543,0.0038718886
2459378.7343009594,0.00037622452,0.0038704767
2459378.7356898277,0.0055140257,0.0038746758
2459378.7370786956,-0.00038707256,0.0038700055
2459378.738467564,0.0017902851,0.0038694479
2459378.7398564317,0.0027518272,0.0038731815
2459378.7412453,-0.004564047,0.0038666078
2459378.7426341684,-0.0041721463,0.003869826
2459378.744023036,-0.00026410818,0.0038751115
2459378.7454119045,-0.0023227334,0.0038712001
2459378.746800773,0.0006300211,0.0038735413
2459378.7481896407,0.0009441376,0.0038721084
2459378.749578509,0.008364677,0.0038796125
2459378.750967377,0.002583146,0.0038673044
2459378.752356245,0.0015006065,0.003871096
2459378.7537451135,0.0023553371,0.0038698989
2459378.7551339814,0.0020861626,0.0038713159
2459378.7565228497,0.00068712234,0.003873979
2459378.7579117175,-0.0060877204,0.0038673463
2459378.759300586,0.00050604343,0.0038730057
2459378.760689454,-0.004277408,0.003868285
2459378.7620783225,0.0028036833,0.0038750856
2459378.7634671903,0.0032444,0.0038728432
2459378.764856058,0.0052286386,0.0038735056
2459378.7662449265,-0.00064760447,0.0038699906
2459378.767633795,0.0032134056,0.003872448
2459378.769022663,-0.004990816,0.0038675745
2459378.7704115305,-0.002676487,0.0038693433
2459378.771800399,-0.0039545894,0.0038692022
2459378.773189267,-0.0005170703,0.0038696476
2459378.7745781355,0.0019176006,0.0038737492
2459378.7759670033,-0.00087594986,0.0038706204
2459378.7773558716,-0.00025826693,0.0038736244
2459378.7787447395,-0.0033616424,0.0038689987
2459378.780133608,-0.0014006495,0.0038716656
2459378.7815224756,-0.005977869,0.003867805
2459378.782911344,0.0020475388,0.0038761129
2459378.7843002123,0.0072493553,0.0038777792
2459378.78568908,-0.0013509989,0.0038748244
2459378.787077948,-0.00696218,0.0038647887
2459378.7884668163,-0.0021013021,0.0038690858
2459378.7898556846,0.0034444332,0.0038775846
2459378.7912445525,-0.0004056096,0.0038699338
2459378.792633421,-0.0036488771,0.0038706053
2459378.7940222886,0.00041031837,0.003873553
2459378.795411157,-0.005926013,0.0038684038
2459378.796800025,-0.000603497,0.003873489
2459378.798188893,-0.001914382,0.0038692341
2459378.7995777614,-0.00013911724,0.0038752987
2459378.800966629,-0.0047729015,0.003869817
2459378.802355497,0.0068558455,0.0038752656
2459378.8037443655,0.00081706047,0.0038731552
2459378.8051332333,-0.0028725863,0.003866534
2459378.8065221016,-0.0024794936,0.0038678038
2459378.80791097,0.0065996647,0.003875951
2459378.8092998373,-0.0051674843,0.0038712278
2459378.8106887056,0.0018023252,0.00387463
2459378.812077574,0.0026340485,0.003877665
2459378.813466442,0.0007170439,0.00387294
2459378.81485531,-0.0015583038,0.003870645
2459378.8162441785,0.0028944016,0.0038746202
2459378.817633046,0.0010836124,0.0038736104
2459378.819021914,-0.0003117323,0.0038705543
2459378.8204107825,-0.0035709739,0.0038720777
2459378.8217996503,0.0015895367,0.0038762956
2459378.8231885186,0.0008043051,0.003873594
2459378.8245773865,-0.0016642213,0.0038707962
2459378.8259662543,-0.0005502105,0.0038720323
2459378.8273551227,-0.0023791194,0.003870804
2459378.828743991,-0.0072149634,0.0038678667
2459378.830132859,0.004998684,0.0038769005
2459378.831521727,0.008536935,0.0038815557
2459378.8329105945,0.0011609793,0.0038766302
2459378.834299463,-0.0019344091,0.0038737128
2459378.835688331,-0.002940178,0.0038706714
2459378.837077199,-0.0033234358,0.0038729892
2459378.8384660673,0.002221465,0.0038727324
2459378.839854935,0.0038684607,0.0038778384
2459378.841243803,0.0021072626,0.0038768398
2459378.8426326714,0.0007816553,0.0038755585
2459378.844021539,0.0020110607,0.0038746404
2459378.8454104075,0.0027239323,0.0038773657
2459378.846799276,0.0028387308,0.003879714
2459378.848188143,-0.002317965,0.003871
2459378.8495770115,-0.0013097525,0.0038729077
2459378.8509658794,0.0010287762,0.0038749608
2459378.8523547477,-3.33786e-06,0.0038717412
2459378.853743616,0.0013008118,0.0038752393
2459378.8551324834,-0.0021098852,0.0038706628
2459378.8565213517,0.0035774708,0.00387641
2459378.8579102196,0.0056061745,0.0038760314
2459378.859299088,0.0017696619,0.0038764945
2459378.8606879557,0.00034606457,0.0038730984
2459378.862076824,0.000197649,0.0038737764
2459378.8634656915,0.0011842251,0.0038759483
2459378.86485456,0.0022451878,0.0038745261
2459378.866243428,0.0014550686,0.0038751904
2459378.867632296,-0.0021554232,0.0038726183
2459378.8690211643,0.004059553,0.003878148
2459378.8704100316,0.0013670921,0.0038725878
2459378.8717989,0.0010888577,0.0038753534
2459378.873187768,0.00032866,0.0038727548
2459378.874576636,0.00045788288,0.0038745557
2459378.875965504,0.0019154549,0.0038730355
2459378.8773543723,-0.0031734705,0.0038717303
2459378.8787432397,-0.002429068,0.0038717447
2459378.880132108,0.00432837,0.0038779262
2459378.881520976,0.006422043,0.0038826168
2459378.882909844,-0.0016876459,0.0038757543
2459378.8842987125,0.0060249567,0.003880225
2459378.88568758,0.0010455847,0.003875831
2459378.887076448,0.0011124611,0.003877236
2459378.888465316,0.008601546,0.0038826484
2459378.8898541844,0.0060834885,0.0038802384
2459378.891243052,-0.01048255,0.0038677582
2459378.8926319205,5.7578087e-05,0.0038737408
2459378.894020788,0.0037314892,0.0038763236
2459378.895409656,-0.005449474,0.0038707783
2459378.896798524,0.008022428,0.0038793597
2459378.898187392,-0.0006830096,0.003872078
2459378.8995762602,-0.00047910213,0.0038717962
2459378.900965128,-0.001775682,0.0038713482
2459378.902353996,-0.0055808425,0.0038683575
2459378.903742864,-0.005608022,0.003873409
2459378.905131732,-0.004932046,0.0038732288
2459378.9065206,-0.0052541494,0.0038700385
2459378.9079094683,0.007860899,0.0038799634
2459378.9092983357,-0.0032774806,0.0038697827
2459378.910687204,-0.0010603666,0.0038724428
2459378.912076072,0.00023043156,0.003873976
2459378.91346494,-0.0031772256,0.0038743548
2459378.914853808,0.0024112463,0.003876601
2459378.9162426763,0.008396387,0.0038827462
2459378.9176315437,-0.0007035732,0.003873305
2459378.9190204116,0.0032844543,0.0038779536
2459378.92040928,0.0011341572,0.0038757974
2459378.9217981477,0.0007535219,0.003882219
2459378.923187016,-0.0016969442,0.0038743156
2459378.9245758834,-0.0019286871,0.0038751904
2459378.9259647517,0.008259892,0.0038800747
2459378.9273536196,-0.0021973848,0.0038739895
2459378.9287424874,0.004620552,0.0038818815
2459378.9301313558,-0.0025169253,0.003871907
2459378.9315202236,-0.0020941496,0.0038741922
2459378.9329090915,-0.0010308623,0.003875442
2459378.9342979593,0.0005890131,0.0038762817
2459378.935686827,-0.0058692694,0.0038714746
2459378.9370756955,0.0014879704,0.0038764032
2459378.9384645633,0.0044674873,0.0038816587
2459378.939853431,0.0077432394,0.0038810216
2459378.941242299,0.00065660477,0.0038777683
2459378.942631167,0.0057445765,0.0038790028
2459378.944020035,-0.005093515,0.003870689
2459378.945408903,0.004637003,0.0038776551
2459378.9467977714,-0.0016151071,0.0038737361
2459378.9481866388,0.000120043755,0.003878332
2459378.9495755066,-0.00015604496,0.0038760616
2459378.950964375,-0.009934783,0.003867825
2459378.952353243,0.0039851665,0.0038742023
2459378.9537421106,-0.002790451,0.0038725473
2459378.9551309785,-0.003543198,0.0038725901
2459378.9565198463,0.0015087128,0.003875184
2459378.957908714,0.00027310848,0.0038770621
2459378.9592975825,-9.036064e-05,0.0038720835
2459378.9606864504,0.0076206923,0.0038822915
2459378.962075318,0.0033857822,0.0038798393
2459378.963464186,-0.0013671517,0.003874423
2459378.964853054,0.00071287155,0.0038756647
2459378.9662419218,0.0008277893,0.0038762058
2459378.96763079,0.0031428337,0.003876479
2459378.969019658,-0.001975119,0.003874448
2459378.9704085253,-0.0067437887,0.0038702306
2459378.9717973936,9.536743e-07,0.0038757194
2459378.9731862615,0.005164027,0.0038797895
2459378.9745751293,0.0016648769,0.003878958
2459378.9759639977,0.00475049,0.0038774237
2459378.9773528655,-0.0020477772,0.0038754076
2459378.978741733,0.0011723042,0.0038774933
2459378.980130601,0.0027748346,0.0038799245
2459378.981519469,-0.0052517653,0.0038725326
2459378.982908337,0.0050098896,0.003880392
2459378.984297205,0.0003888607,0.003876119
2459378.985686073,0.0008636713,0.0038769725
2459378.9870749405,-0.0015218854,0.003872431
2459378.9884638083,0.0014522076,0.0038764016
2459378.9898526766,0.0025900602,0.0038790028
2459378.9912415445,-0.0026245117,0.0038727713
2459378.9926304123,0.0035899878,0.0038767168
2459378.99401928,0.0049334764,0.003875314
2459378.995408148,-0.0017136931,0.00387533
2459378.996797016,0.0013837814,0.0038773173
2459378.9981858837,0.0010524988,0.0038770312
2459378.999574752,-0.0013474822,0.0038748542
2459379.00096362,0.00026977062,0.003874577
2459379.0023524873,-0.0031369925,0.0038731266
2459379.003741355,0.0037219524,0.0038814212
2459379.0051302235,-0.0015880466,0.0038746255
2459379.0065190913,0.00187397,0.0038758426
2459379.007907959,-0.0005502701,0.0038733121
2459379.0092968266,-0.005290091,0.0038725438
2459379.010685695,0.000874877,0.0038775748
2459379.0120745627,0.003194213,0.0038768693
2459379.0134634306,-0.0045904517,0.003877978
2459379.0148522984,-0.0010734797,0.0038761932
2459379.0162411663,0.00024604797,0.0038764772
2459379.017630034,0.0021877289,0.003875317
2459379.019018902,0.000115036964,0.0038756682
2459379.02040777,0.0009908676,0.003880744
2459379.0217966377,0.002978325,0.0038815488
2459379.023185506,-0.0031864643,0.0038738642
2459379.0245743734,-0.0017149448,0.0038730698
2459379.0259632412,0.001589179,0.0038785203
2459379.027352109,0.0025076866,0.0038779362
2459379.028740977,-0.0022505522,0.0038735806
2459379.0301298453,-0.0014901757,0.0038733638
2459379.031518713,-0.0056015253,0.0038730141
2459379.0329075805,-0.0006569624,0.003874122
2459379.0342964483,-0.0034269094,0.003868619
2459379.035685316,0.004481435,0.003875361
2459379.037074184,0.00077688694,0.0038716511
2459379.0384630524,0.0034525394,0.0038773606
2459379.0398519197,0.005570531,0.0038806642
2459379.0412407876,0.000854373,0.003876394
2459379.0426296555,-0.0015022159,0.0038731252
2459379.0440185233,-0.00635612,0.0038704053
2459379.045407391,0.005116105,0.003880126
2459379.0467962595,0.005438566,0.0038785243
2459379.048185127,-0.0033256412,0.0038727315
2459379.0495739947,-0.0031388402,0.0038742698
2459379.0509628626,-0.00532645,0.003874488
2459379.0523517304,1.9311905e-05,0.0038804766
2459379.0537405983,-0.0033091903,0.0038734365
2459379.055129466,0.0015233755,0.0038798274
2459379.056518334,0.007934213,0.0038874377
2459379.057907202,0.003832817,0.0038792663
2459379.0592960697,-0.0039688945,0.003872962
2459379.0606849375,-0.00020033121,0.0038743692
2459379.0620738054,-0.005408764,0.0038729154
2459379.0634626728,-0.0061482787,0.0038712823
2459379.0648515406,0.002690792,0.0038773632
2459379.0662404085,0.0039684772,0.0038789243
2459379.0676292763,0.0009223223,0.0038754412
2459379.0690181446,-0.0051261783,0.0038712588
2459379.0704070125,-0.0027419925,0.003873391
2459379.07179588,0.00016975403,0.0038741285
2459379.0731847477,0.0034966469,0.0038799206
2459379.0745736156,0.0013555288,0.0038746714
2459379.0759624834,0.00046765804,0.0038745364
2459379.0773513513,-0.0032397509,0.003871786
2459379.0787402187,0.0077855587,0.0038817378
2459379.0801290865,-0.0032998323,0.0038679324
2459379.0815179544,-0.0071983337,0.0038707831
2459379.082906822,-0.0037836432,0.0038770658
2459379.0842956905,-0.0020399094,0.0038724379
2459379.0856845584,0.0019978285,0.0038772933
2459379.0870734258,-0.0027763844,0.0038749273
2459379.0884622936,-0.001670897,0.0038755692
2459379.0898511615,0.0031346083,0.0038842256
2459379.0912400293,-0.0036767721,0.0038733045
2459379.092628897,0.0020204782,0.003879477
2459379.0940177646,-0.00028330088,0.0038749427
2459379.0954066324,-0.004513681,0.0038735433
2459379.0967955003,0.0021555424,0.003876833
2459379.098184368,0.0010107756,0.003880738
2459379.099573236,-0.00084614754,0.0038803243
2459379.100962104,0.00048565865,0.003877971
2459379.102350971,0.0026367903,0.003881818
2459379.103739839,0.0014867783,0.0038769408
2459379.105128707,-0.0045779347,0.0038756025
2459379.1065175747,0.00023984909,0.003879046
2459379.1079064426,-0.0044525266,0.0038728605
2459379.10929531,0.000103235245,0.0038774794
2459379.110684178,0.009834886,0.003885026
2459379.1120730457,0.0024363995,0.003879871
2459379.1134619135,0.0019497871,0.0038834696
2459379.1148507814,-0.001839459,0.0038752696
2459379.1162396492,-0.0034615397,0.0038747955
2459379.1176285166,-0.0002452135,0.003875831
2459379.1190173845,-0.0033504963,0.003874471
2459379.1204062523,-0.00082558393,0.003873979
2459379.12179512,-0.00026923418,0.0038747564
2459379.123183988,-0.002013564,0.0038752765
2459379.1245728554,0.0042079687,0.0038801194
2459379.1259617233,-0.0003579259,0.003876628
2459379.127350591,-0.0031050444,0.0038756414
2459379.128739459,0.00065875053,0.0038752293
2459379.130128327,-0.0020512938,0.0038724698
2459379.1315171947,0.0010107756,0.0038795273
2459379.132906062,-0.0003874302,0.0038726218
2459379.13429493,-0.0021995306,0.0038729564
2459379.1356837978,0.0031981468,0.0038752847
2459379.1370726656,-0.0036648512,0.003876472
2459379.1384615335,-4.1544437e-05,0.0038780135
2459379.1398504013,0.0010006428,0.0038803914
2459379.1412392687,-0.010920167,0.0038664215
2459379.1426281366,0.004388094,0.0038826724
2459379.144017004,-0.00042164326,0.0038817974
2459379.145405872,0.0038813353,0.0038823304
2459379.1467947396,-0.0035648346,0.0038753543
2459379.148183607,0.005972028,0.0038826421
2459379.149572475,-0.00059610605,0.0038795304
2459379.1509613427,-0.0002592802,0.0038807434
2459379.1523502106,-0.003231585,0.003875116
2459379.1537390784,0.0025904179,0.0038798815
2459379.1551279463,0.0016553402,0.0038741317
2459379.1565168137,0.0054752827,0.003881062
2459379.1579056815,-0.005387068,0.0038755164
2459379.159294549,0.0063439608,0.0038801604
2459379.1606834168,-0.0025641322,0.003875376
2459379.1620722846,-0.002007246,0.0038783744
2459379.163461152,-0.002176106,0.0038755338
2459379.16485002,-0.0063745975,0.0038729224
2459379.1662388877,-0.004673481,0.0038783248
2459379.1676277556,-0.0033482313,0.0038765746
2459379.1690166234,0.001499176,0.0038789208
2459379.1704054913,-0.00019848347,0.003871051
2459379.171794358,-0.0027662516,0.003877655
2459379.173183226,0.0018507242,0.0038793567
2459379.174572094,0.000274539,0.0038817427
2459379.1759609617,0.0034382343,0.0038762547
2459379.1773498296,-0.0020507574,0.003876824
2459379.178738697,-0.002224028,0.0038753676
2459379.180127565,0.005613327,0.003885264
2459379.181516432,0.0032190084,0.0038792165
2459379.1829053,-0.0016366243,0.003878723
2459379.184294168,-0.0032884479,0.0038785615
2459379.1856830358,0.002635479,0.0038803013
2459379.187071903,-0.0022678971,0.0038759767
2459379.188460771,-0.004254222,0.0038760367
2459379.1898496384,-0.005120456,0.0038736258
2459379.191238506,-0.0040958524,0.0038787425
2459379.192627374,0.00030565262,0.0038782654
2459379.1940162415,-0.004063785,0.003876513
2459379.1954051093,-0.001619637,0.0038782894
2459379.1967939767,0.00097572803,0.0038784419
2459379.1981828446,-0.0014911294,0.003874453
2459379.1995717124,0.006599903,0.003880569
2459379.2009605803,0.00063610077,0.0038800505
2459379.2023494476,-0.0019326806,0.0038801748
2459379.203738315,-0.0025839806,0.0038765569
2459379.205127183,-0.003369093,0.0038784258
2459379.2065160507,0.0044873953,0.003876974
2459379.2079049186,0.0029457808,0.0038829863
2459379.2092937864,0.0003787279,0.0038756235
2459379.2106826534,-0.0015974641,0.0038764162
2459379.212071521,-0.0005995035,0.003876087
2459379.213460389,0.0045621395,0.0038858803
2459379.214849257,0.0026154518,0.0038828573
2459379.2162381243,0.004832506,0.0038804177
2459379.2176269917,-0.00040894747,0.0038795792
2459379.2190158595,0.0013475418,0.0038748663
2459379.2204047274,-0.0032209754,0.0038762384
2459379.221793595,-0.00064229965,0.0038762067
2459379.2231824626,-0.002677977,0.0038726057
2459379.2245713305,0.0017822981,0.0038762193
2459379.225960198,-0.0022156835,0.0038762905
2459379.2273490652,0.0012506247,0.0038837863
2459379.228737933,-0.0030911565,0.0038756113
2459379.230126801,-0.003583908,0.0038767778
2459379.231515669,0.0020102262,0.0038803502
2459379.2329045357,0.0028516054,0.003879902
2459379.2342934036,-0.0007522702,0.0038738493
2459379.2356822714,-0.0026072264,0.0038797949
2459379.237071139,-0.002447784,0.003875812
2459379.2384600067,0.0017387867,0.0038771993
2459379.2398488745,0.0008621216,0.0038776519
2459379.241237742,0.0010718107,0.003877461
2459379.2426266093,-0.0038940907,0.0038761655
2459379.244015477,-0.0036646128,0.0038765264
2459379.245404345,-0.002861023,0.0038757771
2459379.2467932124,0.00055897236,0.0038814691
2459379.2481820798,-0.0036996603,0.0038756034
2459379.2495709476,-0.00073206425,0.0038785602
2459379.250959815,0.00026774406,0.0038742148
2459379.252348683,-0.0031746626,0.003872248
2459379.2537375507,-0.0033812523,0.0038735436
2459379.255126418,0.0019180775,0.003874285
2459379.2565152855,-0.004429698,0.0038655365
2459379.2579041533,-0.0052600503,0.0038732928
2459379.2592930207,0.0017869473,0.003876567
2459379.2606818886,-0.0014653206,0.003877249
2459379.2620707564,-0.0010606647,0.0038767895
2459379.2634596233,-0.0025843978,0.0038756514
2459379.264848491,-0.008812845,0.0038725706
2459379.266237359,-0.0043038726,0.0038722185
2459379.2676262264,-0.0007919073,0.0038793767
2459379.2690150943,-0.0036798716,0.0038750444
2459379.270403962,0.0036519766,0.0038814882
2459379.271792829,0.0044620037,0.0038808917
2459379.273181697,0.004739046,0.0038808202
2459379.2745705647,-0.0020520687,0.0038755196
2459379.275959432,0.0007456541,0.0038806193
2459379.2773483,-0.0027694702,0.003872075
2459379.278737167,-0.0028330088,0.0038753774
2459379.2801260347,0.004434943,0.00388149
2459379.2815149026,-0.0076634884,0.0038746633
2459379.28290377,-0.004096687,0.003875932
2459379.284292638,0.004297614,0.0038826563
2459379.285681505,-0.003396213,0.0038789427
2459379.2870703726,0.0027048588,0.0038781455
2459379.2884592405,-6.401539e-05,0.0038760924
2459379.289848108,-0.00537616,0.0038739268
2459379.2912369757,0.005806446,0.0038794782
2459379.292625843,-0.0010521412,0.0038742658
2459379.294014711,0.003679514,0.003876597
2459379.295403578,-0.000261724,0.0038741285
2459379.2967924457,0.0029894114,0.003876742
2459379.2981813136,-0.0008164644,0.0038715207
2459379.299570181,-0.0033658147,0.0038734865
2459379.300959049,0.0006042719,0.0038745706
2459379.3023479157,-0.0017309785,0.0038736032
2459379.3037367836,0.0013999939,0.003874142
2459379.305125651,0.0008406639,0.003875144
2459379.306514519,-0.002429068,0.0038739913
2459379.3079033867,-0.0063352585,0.00387343
2459379.309292254,0.0014195442,0.0038766512
2459379.3106811214,-0.0073313117,0.0038738975
2459379.312069989,-0.0013103485,0.0038731303
2459379.3134588567,0.0019407272,0.0038796982
2459379.314847724,-0.001440525,0.0038714856
2459379.316236592,0.0024614334,0.00387758
2459379.317625459,0.0012483597,0.0038779865
2459379.3190143267,-0.0035856962,0.0038749035
2459379.320403194,0.0067511797,0.0038788156
2459379.321792062,0.0028051138,0.0038790547
2459379.3231809293,-0.004431069,0.0038763357
2459379.324569797,0.00029969215,0.003875958
2459379.325958664,0.003502965,0.003882084
2459379.327347532,0.001244545,0.0038764293
2459379.3287363993,0.00087046623,0.0038735676
2459379.330125267,0.0010223389,0.0038736956
2459379.3315141345,-0.0061233044,0.0038701056
2459379.332903002,0.00012373924,0.0038780181
2459379.3342918693,-0.0014255047,0.003874714
2459379.335680737,-0.0042046905,0.0038706877
2459379.3370696045,0.0029587746,0.003873788
2459379.3384584724,0.0017954111,0.0038768447
2459379.33984734,-0.007825673,0.0038667687
2459379.341236207,0.0024261475,0.0038763827
2459379.3426250746,0.005233407,0.003878941
2459379.3440139424,0.0037052631,0.0038771746
2459379.34540281,0.0002707243,0.0038686802
2459379.346791677,0.0025570393,0.003877462
2459379.3481805446,-0.003123939,0.0038734109
2459379.349569412,-0.010056555,0.0038639246
2459379.35095828,-0.0066957474,0.0038659303
2459379.352347147,-0.0021842718,0.0038728043
2459379.353736015,-0.006311834,0.0038698548
2459379.3551248824,-0.0010864139,0.0038726572
2459379.3565137493,-0.0018219948,0.0038712646
2459379.357902617,-0.0013175011,0.0038733275
2459379.3592914846,0.0006915331,0.0038762183
2459379.3606803524,-0.0042045116,0.003870825
2459379.36206922,0.0009881258,0.003871992
2459379.363458087,0.0011231899,0.0038726102
2459379.3648469546,-0.0053526163,0.0038693273
2459379.366235822,0.0006803274,0.0038738966
2459379.36762469,0.0037389994,0.0038766142
2459379.369013557,0.002555728,0.003873228
2459379.370402425,0.00082576275,0.0038750663
2459379.371791292,-0.0067358613,0.0038659754
2459379.3731801594,-0.0046051145,0.003870773
2459379.374569027,-0.0012217164,0.003874901
2459379.3759578946,0.0013898611,0.0038770395
2459379.3773467625,-0.0020827055,0.0038735243
2459379.37873563,-0.0022212267,0.0038670092
2459379.3801244968,0.0022515059,0.003872869
2459379.3815133646,-0.008798718,0.0038690264
2459379.382902232,-0.0012447834,0.0038700472
2459379.3842910994,-0.004022062,0.0038683754
2459379.3856799672,-0.003402114,0.0038680711
2459379.387068834,0.0019022226,0.0038671591
2459379.3884577015,0.0034763813,0.0038747094
2459379.3898465694,0.004443884,0.003875043
2459379.391235437,-0.00016695261,0.0038695366
2459379.392624304,-0.0016340613,0.003870371
2459379.394013172,0.0026849508,0.0038693822
2459379.395402039,-0.0020033717,0.0038669333
2459379.3967909063,5.00679e-06,0.0038722947
2459379.398179774,-0.005554557,0.0038723247
2459379.3995686416,-0.0008483529,0.0038747825
2459379.400957509,0.00012207031,0.0038735988
2459379.4023463763,0.0023001432,0.0038781962
2459379.4037352437,-0.0002926588,0.0038721198
2459379.405124111,0.0016291142,0.0038749357
2459379.406512979,7.915497e-05,0.0038740924
2459379.4079018463,0.0011520386,0.003875653
2459379.4092907137,-0.0018925667,0.0038734418
2459379.410679581,0.0010975599,0.003867818
2459379.4120684485,0.0030419827,0.0038768975
2459379.413457316,0.005153775,0.0038754568
2459379.4148461833,0.003337741,0.0038751026
2459379.416235051,-0.003418684,0.0038688318
2459379.417623918,-0.007943451,0.0038659472
2459379.4190127854,-0.006545961,0.003869466
2459379.4204016533,0.0058642626,0.0038733834
2459379.4217905207,-0.0070643425,0.0038675047
2459379.423179388,0.003768921,0.0038711692
2459379.4245682554,-0.0038709044,0.0038743718
2459379.425957123,-0.00022095442,0.0038733596
2459379.42734599,0.0003569126,0.003868117
2459379.4287348576,0.0018633604,0.0038735697
2459379.430123725,-0.0012181401,0.0038717447
2459379.431512593,-0.0047210455,0.0038684104
2459379.4329014597,-0.0014271736,0.003868533
2459379.434290327,-0.0051359534,0.0038678942
2459379.4356791945,-0.003656745,0.003873416
2459379.4370680624,-0.0017799139,0.0038696467
2459379.4384569298,-0.0005669594,0.0038675077
2459379.439845797,-0.0031602979,0.0038738549
2459379.441234664,-0.0013269782,0.0038733033
2459379.4426235314,0.009907603,0.003874707
2459379.4440123993,0.0032126904,0.0038751822
2459379.4454012667,-0.0062667727,0.003868532
2459379.446790134,0.0035556555,0.0038766582
2459379.4481790015,-0.0062488317,0.0038739056
2459379.449567869,-0.00068449974,0.0038715454
2459379.450956736,-0.0034295917,0.0038761206
2459379.4523456036,0.00510931,0.0038774624
2459379.453734471,0.00405097,0.0038756267
2459379.4551233384,-0.0047726035,0.0038695778
2459379.4565122053,-0.0032522678,0.0038716418
2459379.457901073,-0.00538671,0.0038748025
2459379.4592899405,0.0012209415,0.0038719468
2459379.460678808,0.0019042492,0.0038743175
2459379.4620676753,0.00032055378,0.0038761655
2459379.4634565427,-0.0030798912,0.003870675
2459379.46484541,-0.0024288893,0.0038732244
2459379.4662342775,-0.0008929968,0.0038766034
2459379.467623145,-0.0058011413,0.0038702874
2459379.4690120122,-0.0023434162,0.0038749375
2459379.4704008796,-0.008074641,0.003870426
2459379.4717897465,-0.0022377372,0.0038781497
2459379.473178614,0.00055134296,0.0038701685
2459379.474567482,0.0022884607,0.0038722702
2459379.475956349,0.0033757687,0.0038729387
2459379.4773452166,-0.0023519397,0.0038676604
2459379.478734084,0.0012902021,0.0038723643
2459379.480122951,0.0020676851,0.0038746838
2459379.4815118182,-0.0010703206,0.0038711014
2459379.4829006856,-0.0057652593,0.003869361
2459379.484289553,-0.0008689165,0.0038745417
2459379.485678421,0.0059558153,0.003878501
2459379.487067288,0.010309815,0.0038821436
2459379.488456155,-0.0053234696,0.0038704167
2459379.4898450226,-0.00806427,0.0038705962
2459379.49123389,0.0066256523,0.0038805467
2459379.4926227573,-0.006480098,0.0038706234
2459379.4940116247,0.0001732111,0.0038802796
2459379.4954004916,0.0025007725,0.0038755466
2459379.496789359,-0.0043322444,0.0038738546
2459379.4981782264,-0.004419148,0.0038671242
2459379.4995670943,-0.00085282326,0.0038765862
2459379.5009559616,0.0015470982,0.0038806768
2459379.5023448286,0.0032795668,0.003876534
2459379.503733696,-0.0013172626,0.003874852
2459379.5051225633,-0.0020940304,0.003874127
2459379.5065114307,-0.0052655935,0.0038702881
2459379.507900298,-0.0033418536,0.0038744996
2459379.5092891655,-0.0056596994,0.0038739531
2459379.5106780324,-0.0063744187,0.003872328
2459379.5120669,-0.0011117458,0.0038798547
2459379.513455767,-0.0026783943,0.0038758877
2459379.5148446346,0.006616354,0.0038814866
2459379.516233502,-0.0072410703,0.003870042
2459379.517622369,-0.0024954677,0.00388033
2459379.5190112363,-0.003506124,0.0038714204
2459379.5204001036,0.0024359226,0.003878872
2459379.521788971,-0.005083382,0.0038701089
2459379.5231778384,-0.0017627478,0.0038758132
2459379.524566706,-0.0012401938,0.0038746195
2459379.5259555727,-0.0015847087,0.003875882
2459379.52734444,-0.0019077659,0.0038748644
2459379.5287333075,-0.004430473,0.0038721934
2459379.530122175,-0.001088798,0.003874498
2459379.5315110423,0.001937747,0.0038796843
2459379.5328999097,-0.0021823049,0.0038775604
2459379.5342887766,-0.006920278,0.003866438
2459379.535677644,-0.00013846159,0.0038798803
2459379.5370665113,-0.006115794,0.003875255
2459379.5384553787,-0.012843311,0.0038698923
2459379.539844246,-0.0068624616,0.0038762277
2459379.541233113,0.0017194748,0.0038772158
2459379.5426219804,7.939339e-05,0.0038798717
2459379.544010848,-0.0043067336,0.0038764998
2459379.545399715,-0.004163265,0.0038743755
2459379.5467885826,-0.0033981204,0.0038728872
2459379.54817745,-0.004827678,0.0038778174
2459379.549566317,-0.006405115,0.0038755802
2459379.5509551843,-0.0055425167,0.0038740176
2459379.5523440517,-0.004290223,0.0038754025
2459379.553732919,-0.001345098,0.0038827555
2459379.5551217864,-0.0049699545,0.0038702148
2459379.5565106533,-0.008018434,0.0038720078
2459379.5578995207,-0.008004487,0.0038711666
2459379.559288388,-0.011039257,0.0038740928
2459379.5606772555,-0.0048018694,0.0038747883
2459379.562066123,-0.0024302006,0.0038772854
2459379.56345499,-0.009027839,0.0038723268
2459379.5648438567,-0.008853912,0.0038781904
2459379.566232724,-0.009253383,0.0038738106
2459379.5676215915,-0.006806493,0.0038711207
2459379.569010459,-0.012842894,0.0038750276
2459379.5703993263,-0.003988266,0.0038767261
2459379.571788193,-0.007976711,0.0038742877
2459379.5731770606,-0.0063301325,0.0038778933
2459379.574565928,-0.006064832,0.0038766048
2459379.5759547953,-0.0064581037,0.0038751387
2459379.5773436623,-0.007701695,0.0038787154
2459379.5787325297,-0.008233368,0.0038770265
2459379.5801213966,0.0026694536,0.0038853644
2459379.581510264,-0.007869363,0.0038796933
2459379.5828991313,-0.0002837181,0.003883136
2459379.5842879987,-0.008343101,0.0038754884
2459379.585676866,-0.0049030185,0.0038785187
2459379.587065733,0.0016386509,0.0038822766
2459379.5884546,-0.005179465,0.0038754977
2459379.5898434673,-0.007979453,0.0038749166
2459379.5912323347,-0.0128112435,0.0038736567
2459379.592621202,-0.004313767,0.0038784242
2459379.5940100695,-0.0055291057,0.0038791858
2459379.5953989364,-0.0076218247,0.0038784517
2459379.5967878033,-0.009148836,0.0038769422
2459379.5981766707,-0.0029477477,0.0038818216
2459379.599565538,-0.005630493,0.0038775876
2459379.6009544055,-0.009273589,0.0038768693
2459379.6023432724,-0.005402565,0.0038796375
2459379.60373214,-0.011998177,0.0038742747
2459379.6051210067,-0.010940373,0.003874427
2459379.606509874,-0.0041017532,0.0038808996
2459379.6078987415,-0.005701244,0.0038779974
2459379.609287609,0.0024951696,0.00388324
2459379.610676476,-0.006788373,0.0038791578
2459379.6120653427,-0.0098621845,0.0038783026
2459379.61345421,-0.0037899613,0.0038773043
2459379.6148430775,-0.0003259182,0.0038806724
2459379.616231945,-0.0069506764,0.0038810596
2459379.6176208123,-0.008799493,0.003882321
2459379.6190096787,-0.0027793646,0.0038830603
2459379.620398546,-0.0033726692,0.0038792705
2459379.6217874135,-0.0027018785,0.0038849756
2459379.623176281,-0.001568377,0.003884412
2459379.624565148,-0.006853938,0.003880292
2459379.6259540147,-0.0073831677,0.0038842652
2459379.627342882,-0.0084068775,0.003880211
2459379.6287317495,-0.002661109,0.0038826882
2459379.6301206164,-0.008045971,0.0038846822
2459379.631509484,-0.0033591986,0.003882338
2459379.632898351,-0.010102868,0.0038800854
2459379.634287218,-0.008864641,0.0038776754
2459379.635676085,-0.013088763,0.0038769485
2459379.6370649524,-0.0040405393,0.0038828885
2459379.63845382,-0.010221243,0.0038772128
2459379.639842687,-0.008860588,0.0038779501
2459379.6412315536,-0.006374657,0.0038735203
2459379.642620421,-0.0040451884,0.0038838754
2459379.6440092884,-0.003983319,0.0038864564
2459379.645398156,-0.009547889,0.003879245
2459379.6467870227,-0.0124748945,0.003873191
2459379.64817589,-0.0039569736,0.0038763557
2459379.649564757,-0.0037240982,0.003887921
2459379.650953624,-0.003634274,0.0038844312
2459379.6523424913,-0.010487795,0.0038788998
2459379.6537313587,-0.0015151501,0.0038859781
2459379.6551202256,-0.0028105974,0.003887437
2459379.6565090925,-0.002425909,0.0038862897
2459379.65789796,-0.006472349,0.0038805478
2459379.659286827,-0.005792558,0.003883572
2459379.6606756942,-0.0031982064,0.00388738
2459379.6620645616,-0.002765894,0.0038865223
2459379.6634534285,0.0014756918,0.0038866226
2459379.6648422955,-0.0056884885,0.003882837
2459379.666231163,-0.009573102,0.0038840885
2459379.6676200298,-0.0075181723,0.0038832389
2459379.669008897,-0.0037157536,0.0038837574
2459379.6703977645,-0.009622335,0.0038805606
2459379.671786631,-0.00984925,0.0038820133
2459379.6731754984,-0.007090211,0.0038835162
2459379.6745643658,-0.0005428791,0.0038845849
2459379.6759532327,-0.0053439736,0.0038840163
2459379.6773421,-0.00842768,0.0038839034
2459379.6787309675,-0.0055010915,0.0038826948
2459379.680119834,-0.0048858523,0.0038811192
2459379.6815087013,-0.006211281,0.0038858978
2459379.682897568,-0.010938287,0.0038805206
2459379.6842864356,-0.003031075,0.0038880012
2459379.685675303,-0.007535279,0.0038796195
2459379.68706417,-0.00058335066,0.0038864878
2459379.688453037,-0.0060740113,0.003881078
2459379.6898419037,-0.0052265525,0.003881266
2459379.691230771,-0.0008017421,0.003888006
2459379.6926196385,-0.0070161223,0.0038822566
2459379.6940085054,-0.005661249,0.0038719228
2459379.6953973724,0.003477931,0.0038893542
2459379.6967862393,-0.0030767918,0.0038873253
2459379.6981751067,-0.003928125,0.003887339
2459379.699563974,-0.007117808,0.0038840158
2459379.700952841,-0.008626223,0.003881351
2459379.7023417084,-0.0034127235,0.003884497
2459379.703730575,-0.00737381,0.0038835355
2459379.705119442,-0.013326824,0.0038820738
2459379.706508309,-0.006148517,0.0038771424
2459379.7078971765,-0.0123307705,0.0038808098
2459379.709286044,-0.010164678,0.0038846198
2459379.7106749103,-0.006074071,0.0038837458
2459379.7120637777,-0.0012085438,0.0038919426
2459379.7134526446,-0.006509185,0.0038855993
2459379.714841512,4.2915344e-05,0.0038877886
2459379.716230379,-0.007319391,0.0038812412
2459379.7176192463,-0.0049254894,0.0038867546
2459379.719008113,-0.008803368,0.0038812924
2459379.72039698,-0.00889504,0.0038829066
2459379.721785847,0.0025384426,0.0038919281
2459379.7231747145,-0.005743146,0.0038830445
2459379.7245635814,-0.0007247329,0.0038902133
2459379.7259524483,-0.0035505295,0.0038889593
2459379.7273413152,-0.003928125,0.0038776097
2459379.7287301826,-0.002925396,0.0038865542
2459379.7301190495,-0.0012868047,0.0038878566
2459379.731507917,0.0023772717,0.0038887109
2459379.732896784,0.0007919073,0.0038896757
2459379.734285651,-0.007913828,0.003882828
2459379.7356745177,-0.0069355965,0.0038836577
2459379.737063385,0.0033804178,0.0038916045
2459379.738452252,0.002165556,0.0038862375
2459379.7398411194,0.0017127991,0.0038875302
2459379.741229986,-0.0029732585,0.0038844761
2459379.742618853,0.00561893,0.0038912776
2459379.74400772,-0.002475202,0.0038873842
2459379.7453965875,-0.00072586536,0.003885377
2459379.7467854545,0.0019476414,0.0038907484
2459379.7481743214,0.001568675,0.003890686
2459379.7495631883,0.0007426739,0.0038897595
2459379.750952055,-0.00019097328,0.00388209
2459379.7523409226,-0.00067418814,0.003891886
2459379.7537297895,0.0005568266,0.0038857872
2459379.755118657,0.0020257235,0.0038933929
2459379.7565075234,0.0013773441,0.00388968
2459379.7578963907,-0.0013887286,0.003894101
2459379.7592852577,-0.0023159385,0.003890094
2459379.7606741246,0.0024244785,0.0038948301
2459379.762062992,0.007898092,0.0038994083
2459379.763451859,0.0020153522,0.0038941079
2459379.764840726,0.007056594,0.003895782
2459379.7662295927,-0.0010632873,0.0038871674
2459379.7676184596,0.004606843,0.0038924925
2459379.769007327,0.0015951395,0.0038938276
2459379.770396194,0.0028685331,0.0038942988
2459379.7717850613,0.001750946,0.00388999
2459379.773173928,-0.0029579997,0.0038832538
2459379.7745627947,-0.0006093979,0.0038926105
2459379.775951662,0.007242799,0.003894671
2459379.777340529,-0.0017004013,0.003892272
2459379.7787293964,-0.0044849515,0.0038854768
2459379.780118263,0.0031108856,0.0038930636
2459379.78150713,0.005036831,0.0038909647
2459379.782895997,0.010892868,0.003896079
2459379.784284864,-0.00026375055,0.0038934927
2459379.785673731,0.0041897297,0.0038944606
2459379.7870625984,-0.0024940372,0.0038801325
2459379.788451465,0.006352186,0.0038939968
2459379.7898403318,0.0053792,0.0038928082
2459379.791229199,-0.0007403493,0.0038858517
2459379.792618066,-0.00070881844,0.0038896257
2459379.794006933,-0.0036841035,0.0038841297
2459379.7953958,0.003906727,0.0038870482
2459379.796784667,0.008586407,0.003893816
2459379.7981735338,0.00071012974,0.0038927058
2459379.799562401,0.0069880486,0.0038895274
2459379.800951268,0.00407362,0.003890784
2459379.802340135,0.0014098883,0.0038952054
2459379.803729002,0.0035562515,0.0038923821
2459379.805117869,0.00036513805,0.0038905619
2459379.8065067357,0.00053977966,0.0038927316
2459379.8078956027,0.0019721985,0.0038926727
2459379.80928447,-0.0032145977,0.003887248
2459379.8106733365,0.0024040937,0.0038927267
2459379.8120622034,-0.0031973124,0.0038856168
2459379.813451071,0.0030640364,0.003893236
2459379.8148399377,-0.004049182,0.0038899276
2459379.8162288046,0.0020549297,0.0038919311
2459379.8176176716,-0.0062220097,0.0038864634
2459379.8190065385,0.0054501295,0.0038908513
2459379.8203954054,-0.0076453686,0.0038840962
2459379.8217842723,0.002296567,0.0038969803
2459379.8231731397,0.00092327595,0.0038942613
2459379.8245620066,0.0026493073,0.00388782
2459379.825950873,0.0045086145,0.0038896136
2459379.82733974,-0.0011437535,0.0038883223
2459379.8287286074,0.0018517971,0.0038941463
2459379.8301174743,-0.0006124377,0.0038822659
2459379.831506341,0.0019295216,0.0038842433
2459379.832895208,0.0050746202,0.003893001
2459379.8342840746,-0.0003710389,0.00389275
2459379.835672942,0.0022962093,0.0038927696
2459379.837061809,-0.002073288,0.0038916655
2459379.838450676,-0.0013896227,0.0038906767
2459379.8398395428,0.0008568764,0.003890745
2459379.8412284097,0.004753232,0.0038935526
2459379.8426172766,0.0018377304,0.0038907095
2459379.8440061435,-0.0024828315,0.0038877553
2459379.8453950104,0.00088846684,0.0038905682
2459379.8467838774,-0.00014269352,0.003890164
2459379.8481727447,-0.001644671,0.0038907444
2459379.849561611,-0.0020467043,0.003890523
2459379.850950478,-0.00027745962,0.0038920345
2459379.852339345,-0.001663804,0.003887555
2459379.853728212,0.0034639835,0.0038954325
2459379.855117079,0.00087463856,0.0038887318
2459379.8565059463,-0.0013123155,0.0038857034
2459379.8578948127,-0.0016870499,0.0038855777
2459379.8592836796,0.0006518364,0.003886451
2459379.8606725466,-0.002352178,0.0038917218
2459379.8620614135,-0.006428361,0.0038846687
2459379.8634502804,-0.0017520785,0.0038838843
2459379.8648391473,0.008498549,0.0038867504
2459379.866228014,0.0047109127,0.0038907302
2459379.867616881,0.005608678,0.0038908382
2459379.869005748,0.0006184578,0.0038923875
2459379.870394615,-0.0037062168,0.0038780384
2459379.871783482,-0.00028538704,0.0038878133
2459379.8731723484,0.0071653128,0.0038965715
2459379.8745612153,-0.0023972392,0.0038871984
2459379.8759500827,0.0007407665,0.0038889134
2459379.8773389496,-0.008684874,0.0038805956
2459379.8787278165,-0.0040934086,0.003886147
2459379.880116683,0.0012770891,0.003895918
2459379.88150555,0.0027866364,0.0038964455
2459379.882894417,-0.0062451363,0.0038852317
2459379.8842832837,-0.0013189912,0.0038905689
2459379.8856721506,-0.00030773878,0.0038851593
2459379.8870610176,-0.0026311874,0.0038886012
2459379.8884498845,-0.004367411,0.003887589
2459379.8898387514,0.0026106834,0.0038930487
2459379.8912276183,-0.0067430735,0.0038909905
2459379.8926164852,-0.005292475,0.0038863386
2459379.894005352,-0.0029341578,0.0038905074
2459379.8953942186,0.0007903576,0.0038938152
2459379.8967830855,0.0037652254,0.0038927316
2459379.8981719525,0.004281521,0.0038945181
2459379.8995608194,-0.0001487732,0.003887634
2459379.9009496863,0.010270476,0.0038956772
2459379.902338553,-0.0010541677,0.0038853504
2459379.9037274197,0.0052450895,0.0038935123
2459379.9051162866,-0.0056608915,0.0038817986
2459379.9065051535,0.0016999245,0.0038781324
2459379.9078940204,0.0056197643,0.003892472
2459379.9092828874,0.0041606426,0.0038924527
2459379.910671754,-0.0009936094,0.0038950234
2459379.9120606207,-0.0017191172,0.0038842799
2459379.9134494876,0.002698183,0.0038939677
2459379.9148383546,0.0073922873,0.0038991647
2459379.9162272215,-0.0036725998,0.0038918785
2459379.917616089,-0.004468024,0.0038863542
2459379.9190049553,-0.00072848797,0.0038842147
2459379.9203938222,0.007066846,0.0038958874
2459379.921782689,-0.0062220097,0.0038835753
2459379.923171556,-0.00063174963,0.0038901411
2459379.9245604225,0.0051910877,0.0038967738
2459379.9259492895,0.0026634932,0.003895525
2459379.927338156,-0.0018391013,0.0038930743
2459379.928727023,-0.0022458434,0.0038901381
2459379.9301158898,0.0032582283,0.003894841
2459379.9315047567,0.006836772,0.0039019063
2459379.9328936236,0.003234148,0.003888747
2459379.93428249,0.0019441843,0.0038850352
2459379.935671357,-0.0025701523,0.0038908492
2459379.937060224,0.0040564537,0.0038945891
2459379.938449091,0.00018250942,0.0038906676
2459379.9398379577,-0.0012390018,0.0038894482
2459379.9412268247,0.004705906,0.0038947016
2459379.942615691,0.0017176867,0.0038899283
2459379.944004558,-3.272295e-05,0.0038889449
2459379.945393425,-0.0005198121,0.0038902678
2459379.946782292,-0.0044918656,0.0038886478
2459379.948171159,-0.003256321,0.0038875774
2459379.9495600252,-0.0003054738,0.0038899742
2459379.950948892,-0.005795181,0.0038828321
2459379.952337759,-0.0008673668,0.0038882059
2459379.9537266255,-0.0028514862,0.0038881295
2459379.9551154925,0.006674409,0.0038863476
2459379.9565043594,-0.0026826262,0.0038845628
2459379.957893226,-0.0008665323,0.0038836636
2459379.9592820928,-0.0016126037,0.003887773
2459379.9606709597,0.0025632381,0.0038922029
2459379.9620598266,-0.002425313,0.0038882412
2459379.9634486935,0.0028858185,0.0038951696
2459379.96483756,0.004093528,0.0038974143
2459379.966226427,0.007591486,0.0038908839
2459379.9676152933,-0.0011922717,0.0038888573
2459379.9690041603,0.0042066574,0.0038941773
2459379.970393027,-0.0035554767,0.003888002
2459379.971781894,0.0016723871,0.003892361
2459379.9731707606,0.0056979656,0.0038966313
2459379.9745596275,-0.0015923381,0.0038884194
2459379.9759484944,-0.0011493564,0.003890641
2459379.977337361,-0.004002869,0.003886121
2459379.978726228,0.0015898943,0.0038974506
2459379.980115094,-0.0024306178,0.0038935656
2459379.981503961,0.0025964975,0.0038961302
2459379.982892828,0.0009609461,0.0038869749
2459379.984281695,-0.0012242794,0.0038879893
2459379.985670562,-0.0025631785,0.0038883016
2459379.9870594284,0.0007586479,0.0038897733
2459379.988448295,0.0043838024,0.0038947745
2459379.9898371617,-0.000104784966,0.0038865514
2459379.9912260287,-0.0009844303,0.0038864058
2459379.9926148956,0.00074112415,0.0038946355
2459379.994003762,0.0010923147,0.0038925754
2459379.9953926285,0.0015052557,0.0038860026
2459379.9967814954,-0.004447937,0.0038847777
2459379.9981703623,-0.004389107,0.0038827811
2459379.9995592292,0.0040090084,0.0038883698
2459380.0009480957,0.00041043758,0.0038884538
2459380.0023369626,-0.0014677048,0.0038886478
2459380.003725829,-0.0012925863,0.0038888084
2459380.005114696,0.0035959482,0.0038917528
2459380.006503563,0.0003142357,0.0038898173
2459380.0078924294,-0.0008021593,0.0038871279
2459380.0092812963,0.0033652782,0.0038922208
2459380.010670163,0.00480175,0.0038964583
2459380.0120590297,-0.0013695359,0.0038916923
2459380.013447896,0.0014449358,0.003892431
2459380.014836763,-0.0006056428,0.0038871274
2459380.01622563,0.0035778284,0.003889378
2459380.017614497,0.003529787,0.0038892198
2459380.019003363,-0.0026800036,0.0038856615
2459380.02039223,0.0028582811,0.0038952508
2459380.0217810967,0.00080263615,0.0038926583
2459380.0231699636,0.0012618303,0.0038907172
2459380.02455883,-0.0051383376,0.0038865285
2459380.025947697,-0.0024601817,0.003885273
2459380.0273365634,0.0038768053,0.0038908683
2459380.02872543,0.00030899048,0.003889091
2459380.030114297,-0.0032767057,0.0038849094
2459380.0315031637,-0.002341032,0.003886597
2459380.0328920307,-0.0011072159,0.0038826887
2459380.0342808967,0.00024843216,0.003891674
2459380.0356697636,-0.0009307265,0.0038897765
2459380.0370586305,0.0063467026,0.0038947535
2459380.038447497,0.0004812479,0.003894995
2459380.039836364,-0.003042698,0.0038833572
2459380.041225231,0.0053038597,0.0038865374
2459380.042614097,-0.005918026,0.003879428
2459380.0440029637,0.0006042719,0.0038868524
2459380.0453918306,-0.004147351,0.003885539
2459380.046780697,-0.0064276457,0.003887241
2459380.048169564,0.00014078617,0.003893187
2459380.0495584304,0.0028333664,0.0038929866
2459380.050947297,0.004135251,0.003895491
2459380.052336164,-0.0065330267,0.0038867102
2459380.0537250307,-0.002021134,0.0038829301
2459380.055113897,-0.00043541193,0.00389139
2459380.056502764,0.0018182993,0.003893932
2459380.0578916306,-0.0028578043,0.0038878706
2459380.059280497,0.0075250864,0.0038994614
2459380.060669364,-0.006962836,0.0038861271
2459380.0620582304,0.0008701086,0.0038874005
2459380.0634470973,0.001578927,0.0038894643
2459380.064835964,0.0030065775,0.0038908257
2459380.06622483,0.005205512,0.003892286
2459380.067613697,5.9962273e-05,0.0038921183
2459380.069002564,0.0031956434,0.0038941416
2459380.0703914305,0.00057792664,0.0038865271
2459380.0717802974,0.0010941029,0.0038933905
2459380.0731691634,0.0042444468,0.0038967372
2459380.0745580303,-0.006476581,0.0038819534
2459380.0759468973,-0.007175803,0.0038812428
2459380.0773357637,1.5258789e-05,0.0038818412
2459380.0787246306,0.0017830133,0.0038817131
2459380.080113497,-0.0010211468,0.0038818335
2459380.0815023636,-0.0042458773,0.003885296
2459380.08289123,-0.0048599243,0.0038816642
2459380.084280097,-0.0033359528,0.0038848908
2459380.085668964,-0.001998067,0.0038819627
2459380.0870578303,-0.005600333,0.003882845
2459380.0884466968,0.0028176308,0.003891617
2459380.089835563,0.0010457039,0.0038870745
2459380.09122443,0.0023037195,0.0038865362
2459380.0926132966,-0.0069354773,0.0038852224
2459380.0940021635,-0.0015777946,0.0038910275
2459380.09539103,0.0015093088,0.00388991
2459380.0967798964,0.007528186,0.0038958439
2459380.098168763,0.0007264614,0.0038905572
2459380.09955763,-0.000195086,0.0038908445
2459380.1009464967,-0.00022143126,0.0038869858
2459380.102335363,0.002453804,0.0038896971
2459380.1037242296,-0.002554655,0.0038862412
2459380.105113096,0.0030322075,0.0038911186
2459380.106501963,0.0010412931,0.0038944373
2459380.1078908294,0.0015795231,0.003893059
2459380.1092796964,0.008328557,0.003897242
2459380.110668563,-0.0006043315,0.0038915048
2459380.1120574293,-0.00083988905,0.0038853055
2459380.1134462957,0.0011744499,0.0038883572
2459380.1148351626,-0.003796637,0.003893202
2459380.116224029,-0.0049250126,0.0038826896
2459380.1176128956,0.008065581,0.0038897626
2459380.119001762,-0.0020987391,0.0038878678
2459380.1203906285,0.0026767254,0.0038869788
2459380.1217794954,-0.0031012297,0.0038832957
2459380.123168362,0.0017092228,0.0038874322
2459380.1245572288,0.006873846,0.0038981324
2459380.125946095,-0.0030308962,0.0038832251
2459380.1273349617,-0.0034089088,0.0038843404
2459380.128723828,-0.0008689761,0.003887782
2459380.130112695,0.0038729906,0.003893696
2459380.1315015615,-0.0065512657,0.0038826654
2459380.132890428,0.0022097826,0.003891631
2459380.1342792944,0.0050650835,0.0038957414
2459380.135668161,-0.010324001,0.0038840466
2459380.137057028,0.0027436018,0.003891459
2459380.1384458942,0.004657626,0.0038935947
2459380.139834761,0.0015017986,0.0038909067
2459380.1412236276,-0.000977695,0.0038868329
2459380.1426124936,0.0052945614,0.0038959626
2459380.1440013605,0.0061506033,0.0038949188
2459380.145390227,0.000390172,0.0038862308
2459380.146779094,0.0010176897,0.0038908462
2459380.1481679603,-0.003170967,0.003890278
2459380.1495568263,0.0057065487,0.0038948674
2459380.1509456933,-0.008184969,0.0038822
2459380.1523345597,0.003793478,0.0038975559
2459380.1537234266,0.0025402308,0.0038918122
2459380.155112293,-0.0024252534,0.0038934874
2459380.1565011595,-0.0038309097,0.0038879933
2459380.157890026,0.00014340878,0.0038923381
2459380.1592788924,0.002574563,0.0038947836
2459380.160667759,0.009062648,0.0038926536
2459380.162056626,-0.0057706237,0.0038927188
2459380.1634454923,-0.0105932355,0.0038819283
2459380.1648343587,0.004142046,0.003892567
2459380.166223225,0.0004850626,0.003888241
2459380.1676120916,0.0006887913,0.0038906545
2459380.1690009586,0.0037122965,0.0038927936
2459380.170389825,-0.001127243,0.0038928005
2459380.1717786915,-0.0019863248,0.003887328
2459380.173167558,-0.0006967187,0.0038874352
2459380.1745564244,-0.0029005408,0.0038878897
2459380.175945291,-0.0020486712,0.0038903065
2459380.1773341573,0.003943205,0.0039001498
2459380.178723024,-0.00060868263,0.0038892033
2459380.1801118907,-0.0028018951,0.0038908874
2459380.1815007566,-0.005081773,0.0038886634
2459380.1828896236,-0.0031448007,0.0038923146
2459380.18427849,0.003129363,0.0038956625
2459380.1856673565,0.0032788515,0.003894477
2459380.1870562234,0.003213644,0.0038954865
2459380.1884450894,0.0041766167,0.003889431
2459380.189833956,0.0004400015,0.0038904175
2459380.1912228223,-0.00082838535,0.0038858557
2459380.192611689,-0.00019609928,0.0038904035
2459380.1940005557,-0.0005043149,0.0038897586
2459380.196778288,0.00464952,0.0038919868
2459380.198167155,0.0059241056,0.0038954837
2459380.1995560215,-0.003326416,0.0038897183
2459380.200944888,0.0023027658,0.0038952092
2459380.202333755,-0.0022934675,0.0038852377
2459380.203722621,-0.001722455,0.0038829108
2459380.2051114873,0.0010846853,0.0038924855
2459380.2065003538,-0.0005380511,0.0038888985
2459380.20788922,0.0038837194,0.0038929114
2459380.209278087,-0.0052905083,0.0038722106
2459380.2106669536,0.0054376125,0.0038892631
2459380.2120558196,-0.00074493885,0.0038878717
2459380.213444686,0.0068632364,0.003894819
2459380.214833553,-0.00093597174,0.0038883274
2459380.2162224194,0.0013076067,0.0038939693
2459380.217611286,-0.0047547817,0.0038945277
2459380.219000152,0.0017842054,0.0038919128
2459380.2203890183,0.0013741255,0.003887902
2459380.221777885,-0.0053824186,0.0038852866
2459380.2231667517,-0.004082322,0.003891134
2459380.224555618,0.0016531944,0.0038914473
2459380.2259444846,-0.00078099966,0.003893117
2459380.2273333506,-0.005331576,0.003890933
2459380.228722217,-0.00087475777,0.003885864
2459380.230111084,0.0033248663,0.003891861
2459380.2314999504,-0.007200539,0.003884773
2459380.232888817,0.00070130825,0.003887524
2459380.234277683,0.002488494,0.0038885237
2459380.2356665493,0.0008049011,0.0038960436
2459380.2370554158,-0.00811851,0.0038850878
2459380.2384442827,-0.0034760833,0.003878596
2459380.239833149,-0.0028856993,0.0038867157
2459380.2412220156,0.0068148375,0.003888574
2459380.2426108816,-0.0012155175,0.0038847714
2459380.243999748,-0.0013635159,0.0038852796
2459380.2453886145,0.00046265125,0.0038970541
2459380.246777481,0.002311349,0.0038909065
2459380.248166348,-0.0047968626,0.0038866927
2459380.2495552143,0.0036906004,0.0038925372
2459380.2509440803,-0.0025007725,0.003873401
2459380.2523329468,-0.00047844648,0.0038915523
2459380.253721813,-0.0007016659,0.0038905963
2459380.2551106797,-0.004145682,0.003888689
2459380.256499546,0.001273036,0.0038892431
2459380.257888412,0.013445854,0.00389413
2459380.2592772786,0.0024155378,0.003891692
2459380.2606661455,-0.0049016476,0.0038879088
2459380.262055012,-0.0067124963,0.0038818845
2459380.2634438784,0.0002797842,0.0038877518
2459380.264832745,0.005733967,0.003885583
2459380.266221611,0.006070137,0.0038950571
2459380.2676104773,0.0072193146,0.0038985142
2459380.2689993437,0.0030556917,0.0038900287
2459380.27038821,0.004244685,0.003897244
2459380.2717770766,-0.00091665983,0.0038871544
2459380.2731659426,-0.005508423,0.0038886827
2459380.274554809,0.0018635988,0.003891971
2459380.2759436755,0.0008472204,0.0038893272
2459380.277332542,0.0031962395,0.003890614
2459380.2787214085,-0.0035873652,0.0038797793
2459380.280110275,0.009783149,0.003891712
2459380.281499141,-0.0025678873,0.0038803408
2459380.2828880074,-1.3649464e-05,0.0038914054
2459380.284276874,0.007898092,0.0038941605
2459380.2856657403,0.00030827522,0.0038928834
2459380.2870546067,0.0015214682,0.0038903127
2459380.2884434727,-0.0015656948,0.0038899353
2459380.289832339,-0.0027988553,0.0038923745
2459380.2912212056,0.0027559996,0.0038936576
2459380.292610072,0.00068449974,0.003887776
2459380.2939989385,0.0021082163,0.0038885756
2459380.295387805,-0.000901103,0.0038802186
2459380.296776671,0.0070593357,0.0038936273
2459380.2981655374,0.004874587,0.0038898787
2459380.299554404,-0.0015729666,0.0038909584
2459380.3009432703,0.0011739731,0.0038836715
2459380.302332137,-0.0008946657,0.0038889477
2459380.303721003,0.0023514032,0.003882289
2459380.305109869,0.0017585754,0.00389123
2459380.3064987357,-0.003047049,0.0038896578
2459380.307887602,0.0043593645,0.0038964916
2459380.3092764686,-0.0018047094,0.0038864387
2459380.310665335,-0.0037367344,0.003878568
2459380.312054201,-0.000887692,0.0038899991
2459380.3134430675,0.0042403936,0.0038936697
2459380.314831934,0.0028208494,0.0038939517
2459380.3162208004,0.0016579628,0.003890429
2459380.317609667,-0.0030679107,0.0038866403
2459380.3189985333,-0.004462719,0.003884787
2459380.3203873993,-0.0011634827,0.0038874415
2459380.3217762657,-0.003019631,0.0038846876
2459380.323165132,0.0075358152,0.003899066
2459380.324553998,-0.0016860366,0.0038895418
2459380.3259428646,-0.0038386583,0.00388506
2459380.3273317306,-0.0014144182,0.0038832633
2459380.328720597,5.38826e-05,0.003881686
2459380.3301094635,0.0048037767,0.0038926855
2459380.33149833,0.00018894672,0.0038832237
2459380.3328871964,-0.004293561,0.0038806433
2459380.334276063,0.0015494823,0.0038853178
2459380.335664929,-0.00406307,0.0038793867
2459380.3370537953,0.0010647774,0.0038931398
2459380.3384426613,0.0010674,0.003887249
2459380.339831528,0.003254056,0.003880354
2459380.3412203942,-0.003219545,0.003886063
2459380.34260926,-0.006596148,0.0038836002
2459380.3439981267,-0.0016002655,0.003884443
2459380.345386993,0.004436493,0.0038914173
2459380.3467758596,0.0014768839,0.0038885733
2459380.3481647256,0.0018565655,0.0038852363
2459380.349553592,-0.005423367,0.0038880103
2459380.350942458,0.0028618574,0.0038831201
2459380.3523313245,-0.0027861595,0.0038877528
2459380.353720191,-0.00025749207,0.0038922462
2459380.3551090574,0.003590703,0.0038941721
2459380.3564979234,0.003186226,0.0038917125
2459380.3578867894,-0.004404366,0.0038851642
2459380.359275656,-0.0030161738,0.0038892895
2459380.3606645223,-0.009746611,0.0038776807
2459380.3620533887,-0.00058817863,0.003877475
2459380.3634422547,0.006005645,0.0038970974
2459380.364831121,-0.000256598,0.0038896566
2459380.366219987,0.0019888878,0.0038873088
2459380.3676088536,0.0023874044,0.0038942138
2459380.36899772,-0.0038164854,0.0038871085
2459380.370386586,-0.0014415979,0.003887208
2459380.3717754525,-0.00024080276,0.00388345
2459380.3731643185,0.003746152,0.0038849644
2459380.374553185,0.0027377605,0.0038900238
2459380.3759420514,0.00479722,0.003888662
2459380.3773309174,0.004073262,0.0038906464
2459380.378719784,0.0072888136,0.0038946355
2459380.3801086503,-0.0018956661,0.0038814854
2459380.3814975163,0.00058209896,0.0038855819
2459380.3828863823,0.00025868416,0.0038805208
2459380.3842752487,0.0015969276,0.0038842256
2459380.385664115,0.0011752844,0.0038876743
2459380.3870529816,-0.002997756,0.003881959
2459380.388441847,-0.0032826662,0.0038823774
2459380.3898307136,-0.0046975613,0.003877427
2459380.39121958,0.0028277636,0.0038917386
2459380.3926084465,0.0010471344,0.0038839919
2459380.3939973125,-0.005232632,0.0038856657
2459380.395386179,0.005264163,0.0038921228
2459380.396775045,-0.001377821,0.0038903083
2459380.398163911,-0.010873854,0.0038854545
2459380.3995527774,0.0027626753,0.003891119
2459380.400941644,0.0029244423,0.003890043
2459380.4023305103,0.0044116974,0.003890117
2459380.4037193763,0.00088489056,0.0038870361
2459380.4051082423,-0.0027486086,0.0038860398
2459380.4064971088,0.0026109219,0.0038913614
2459380.4078859747,0.0069714785,0.0038965612
2459380.409274841,0.0014804602,0.0038828733
2459380.4106637076,0.0039287806,0.0038892806
2459380.412052573,-0.0014650822,0.0038854391
2459380.4134414396,0.00041007996,0.0038810596
2459380.414830306,-0.0006712079,0.0038793907
2459380.416219172,0.004140854,0.0038865565
2459380.4176080385,0.009659171,0.003887665
2459380.418996905,0.0012350082,0.003886219
2459380.4203857705,-0.008187652,0.003875183
2459380.421774637,0.0013210773,0.00388008
2459380.4231635034,0.0017107725,0.0038846657
2459380.4245523694,-0.008748412,0.0038691934
2459380.425941236,0.00068306923,0.00387459
2459380.4273301014,-0.0024376512,0.0038771506
2459380.428718968,0.011770368,0.0038948422
2459380.4301078343,-0.0011141896,0.003878029
2459380.4314967003,-0.0045178533,0.0038794682
2459380.4328855667,-0.012232006,0.003877097
2459380.434274433,0.00073981285,0.0038891335
2459380.4356632987,0.0012643337,0.0038851516
2459380.437052165,-0.00081670284,0.003886996
2459380.438441031,0.0031273365,0.0038900406
2459380.4398298976,-0.0022354722,0.0038866508
2459380.4412187636,0.0027377605,0.0038950902
2459380.4426076296,0.0027531385,0.0038920126
2459380.443996496,-0.0005840063,0.0038836296
2459380.445385362,0.0015888214,0.0038913798
2459380.4467742285,-0.0039523244,0.0038910757
2459380.4481630945,0.002290368,0.0038867383
2459380.449551961,-0.00280267,0.0038881341
2459380.450940827,0.0063563585,0.0038943337
2459380.452329693,0.004616618,0.003880627
2459380.4537185594,0.0026789904,0.0038929752
2459380.4551074253,-0.0049101114,0.0038863665
2459380.456496292,0.00093877316,0.0038926671
2459380.4578851573,0.0004172325,0.003879149
2459380.459274024,0.0038006306,0.0038941852
2459380.4606628898,0.0033026934,0.0038946075
2459380.462051756,-0.0046988726,0.0038842112
2459380.463440622,-0.0005145073,0.0038828792
2459380.4648294887,-5.686283e-05,0.003892295
2459380.466218354,0.0019327402,0.0038903172
2459380.4676072206,-0.0017806292,0.0038839888
2459380.4689960866,0.002891302,0.003881342
2459380.470384953,0.0023229122,0.003890642
2459380.4717738195,-0.0015897155,0.0038820128
2459380.4731626855,-0.0047682524,0.0038821977
2459380.4745515515,0.0011838675,0.0038820424
2459380.4759404175,-0.0027815104,0.003887554
2459380.4773292835,0.0011360645,0.0038910075
2459380.47871815,0.00034463406,0.0038853956
2459380.480107016,0.006322503,0.003885268
2459380.481495882,-0.00076550245,0.003892564
2459380.482884748,0.0026409626,0.0038902613
2459380.4842736144,0.007773161,0.0038969135
2459380.4856624804,-0.0015388131,0.003886878
2459380.487051347,-0.0035403967,0.003888127
2459380.488440213,-0.002690196,0.0038905372
2459380.489829079,-0.00026512146,0.0038953242
2459380.491217945,0.008369565,0.0038950772
2459380.492606811,-0.0018402934,0.0038889165
2459380.493995677,0.006324768,0.003897357
2459380.4953845437,-0.0020344257,0.0038913374
2459380.496773409,-0.0032361746,0.0038860282
2459380.498162275,0.0032556057,0.003896993
2459380.4995511416,-0.0016413927,0.003890778
2459380.5009400076,0.012126446,0.0039013256
2459380.502328874,0.0017414093,0.0038897444
2459380.50371774,0.0035321712,0.003899038
2459380.5051066056,0.00074636936,0.0038935447
2459380.506495472,-0.0012571812,0.0038779133
2459380.507884338,-0.004649043,0.0038838086
2459380.5092732045,0.0046674013,0.0038960138
2459380.5106620705,0.0001835823,0.0038940068
2459380.512050936,7.9631805e-05,0.0038887006
2459380.5134398025,0.002675414,0.0038855802
2459380.5148286684,-0.00060880184,0.0038920124
2459380.516217535,-0.004240334,0.003889996
2459380.517606401,0.0022124052,0.0038948217
2459380.518995267,0.0053482056,0.0038983813
2459380.520384133,0.0015045404,0.003897833
2459380.521772999,-0.0019461513,0.0038978916
2459380.523161865,-0.0049937963,0.0038882524
2459380.5245507313,-0.003994286,0.0038888378
2459380.5259395973,0.00091791153,0.003894409
2459380.5273284633,0.00183177,0.003894991
2459380.5287173293,0.0067971945,0.0038967803
2459380.5301061952,-0.0011826754,0.0038938902
2459380.5314950617,-0.0008544326,0.0038947253
2459380.5328839277,-0.0030823946,0.0038894194
2459380.5342727937,-0.0033471584,0.0038958834
2459380.5356616597,0.005476117,0.0039005454
2459380.5370505257,-0.00077855587,0.0038993657
2459380.5384393916,-0.005182147,0.0038911998
2459380.539828258,-0.006072223,0.003891107
2459380.541217124,0.0061496496,0.0038917721
2459380.5426059896,0.0086119175,0.0039017878
2459380.5439948556,-0.0031543374,0.0038948632
2459380.545383722,0.008593559,0.0039016975
2459380.546772588,0.0038503408,0.003895377
2459380.548161454,0.00091195107,0.0039015708
2459380.5495503205,-0.0026813745,0.0038994448
2459380.550939186,-0.0021806955,0.0038848624
2459380.552328052,0.0039559603,0.0038967514
2459380.553716918,0.002393961,0.0038996509
2459380.5551057844,-0.0018572211,0.0038940713
2459380.5564946504,0.00015807152,0.0038949668
2459380.5578835164,0.0008364916,0.0039001147
2459380.5592723824,-0.0007544756,0.0038964986
2459380.5606612484,-0.007035911,0.0038956495
2459380.5620501144,0.00030624866,0.0038959908
2459380.5634389804,-0.0041698217,0.0038917146
2459380.564827847,-0.0035856962,0.003895124
2459380.5662167124,0.0034991503,0.0038979587
2459380.5676055783,0.0017455816,0.0039020835
2459380.5689944443,-0.0054246783,0.0038994644
2459380.5703833103,-0.0050255656,0.0038980935
2459380.571772177,0.00020158291,0.0038959626
2459380.5731610428,-0.0026452541,0.00389403
2459380.5745499083,-0.0032202601,0.0038992367
2459380.5759387743,-0.00014704466,0.0038941773
2459380.5773276407,-0.0009995103,0.0038981065
2459380.5787165067,-0.0012217164,0.0039039392
2459380.5801053727,0.009110212,0.0039098077
2459380.581494238,0.0068832636,0.003912584
2459380.582883104,0.0031745434,0.0038988206
2459380.5842719707,-0.004653394,0.0038960474
2459380.5856608367,0.0037708282,0.0039001722
2459380.5870497026,0.00055515766,0.003902663
2459380.5884385686,-0.00081151724,0.003900371
2459380.589827434,-0.0011301041,0.0038959947
2459380.5912163,-0.0045214295,0.0038953724
2459380.5926051666,-0.0037281513,0.0038917707
2459380.5939940326,-0.0040402412,0.003897685
2459380.5953828986,0.0023127794,0.0039086193
2459380.596771764,-0.0017633438,0.0039019969
2459380.59816063,0.0052468777,0.0039041208
2459380.599549496,0.00021731853,0.003907067
2459380.600938362,0.001369834,0.003906374
2459380.6023272285,0.0035167933,0.0039063273
2459380.6037160945,0.0011675358,0.0039065327
2459380.60510496,-0.001442194,0.003899492
2459380.606493826,0.0035589933,0.0039011121
2459380.607882692,0.0049105883,0.0039101583
2459380.609271558,-0.0030297637,0.003904421
2459380.610660424,-0.0035676956,0.0038911824
2459380.6120492895,0.00053167343,0.0039037985
2459380.613438156,-0.004676819,0.0039003096
2459380.614827022,0.0033136606,0.003903846
2459380.616215888,-0.0026462674,0.0039085285
2459380.617604754,-0.003674984,0.0039010104
2459380.61899362,0.0013577938,0.0039088326
2459380.6203824854,0.0023450851,0.0039088284
2459380.6217713514,0.0039536953,0.003912972
2459380.6231602174,0.0011479855,0.0039080917
2459380.6245490834,0.0015355349,0.0039059785
2459380.6259379494,-0.003853798,0.0039031273
2459380.627326815,-6.514788e-05,0.0039011384
2459380.6287156814,-0.004695177,0.003899392
2459380.6301045474,0.003946066,0.0039045082
2459380.6314934134,0.0033370256,0.003907134
2459380.6328822793,0.00069487095,0.0039077764
2459380.6342711453,0.0020745993,0.0039058526
2459380.635660011,-0.0015848875,0.003898431
2459380.637048877,-0.0027513504,0.003901051
2459380.638437743,0.002492547,0.0039069
2459380.639826609,0.0015060902,0.0039086244
2459380.641215475,0.0035672188,0.003903777
2459380.642604341,0.0019834042,0.003908257
2459380.6439932063,-9.405613e-05,0.0039098607
2459380.6453820723,0.0012784004,0.0039038905
2459380.6467709383,-0.0016288161,0.003912948
2459380.6481598043,-0.0027816892,0.003909648
2459380.6495486703,0.006905079,0.0039112912
2459380.650937536,0.003854394,0.003907005
2459380.652326402,0.0010462999,0.003908021
2459380.653715268,0.002548933,0.003917738
2459380.6551041338,0.0006095171,0.003908065
2459380.6564929998,-0.0020053983,0.0038970513
2459380.6578818657,0.0019482374,0.0039017426
2459380.6592707313,-0.001265645,0.0039090468
2459380.6606595973,0.0036355257,0.0038994276
2459380.6620484632,0.0016059875,0.0039024246
2459380.663437329,-0.0025391579,0.0039080484
2459380.664826195,-0.0012154579,0.003910476
2459380.6662150607,0.006595254,0.0039153625
2459380.6676039267,0.004245639,0.0039143115
2459380.6689927927,-0.0030665398,0.0039004905
2459380.6703816587,0.0064207315,0.003912188
2459380.6717705247,-0.00031536818,0.0039088447
2459380.67315939,0.002317667,0.003905706
2459380.6745482557,-0.0021466613,0.003910601
2459380.6759371217,-0.0007580519,0.003909173
2459380.6773259877,0.0058966875,0.0039127767
2459380.6787148537,0.004609227,0.003908653
2459380.6801037197,0.008202314,0.003912242
2459380.681492585,0.010170937,0.003918631
2459380.682881451,-0.0014770031,0.0039066314
2459380.684270317,0.0018398762,0.0039115264
2459380.685659183,-0.0056676865,0.0039026132
2459380.687048049,0.00041365623,0.0039080745
2459380.688436915,0.0015624762,0.0039127404
2459380.68982578,0.0011339188,0.0039100423
2459380.691214646,0.0029779673,0.003906331
2459380.692603512,0.001359582,0.003908542
2459380.693992378,-0.0021092892,0.003914965
2459380.695381244,0.009138584,0.003915065
2459380.6967701097,-0.007096112,0.003909426
2459380.6981589757,-0.0017884374,0.0039077755
2459380.6995478417,-0.0004569888,0.0039166654
2459380.700936707,-0.0030275583,0.0039080232
2459380.702325573,0.0025072098,0.003911239
2459380.703714439,0.0055190325,0.003911679
2459380.7051033047,-0.0043110847,0.0039043312
2459380.7064921707,-0.005138099,0.0039104684
2459380.7078810367,0.0009571314,0.003908123
2459380.7092699027,0.0040187836,0.0039159763
2459380.710658768,-0.0021255612,0.0039138463
2459380.712047634,-0.001396358,0.0039096377
2459380.7134364997,0.005769253,0.00391209
2459380.7148253657,0.004673958,0.003915521
2459380.7162142317,0.0005406141,0.003908845
2459380.717603097,0.001242876,0.003907985
2459380.718991963,0.0046715736,0.0039130053
2459380.7203808287,-0.0012965798,0.0039136373
2459380.7217696947,0.0053470135,0.0039156
2459380.7231585607,-0.0028773546,0.0039077247
2459380.724547426,0.0002733469,0.003914546
2459380.725936292,0.0038050413,0.003906474
2459380.727325158,0.0026853085,0.003909868
2459380.7287140237,0.002061963,0.0039100354
2459380.7301028897,0.0067522526,0.0039136703
2459380.731491755,-0.0006644726,0.0039066817
2459380.732880621,-0.0049270988,0.003906901
2459380.734269487,-0.0010703206,0.0039085946
2459380.7356583527,0.000803113,0.0039080167
2459380.7370472183,-0.0023636222,0.003908885
2459380.7384360842,0.0019055605,0.003911792
2459380.73982495,-0.0031223297,0.0039052272
2459380.741213816,-0.004984319,0.0039099623
2459380.7426026817,0.0009804964,0.003916159
2459380.7439915473,0.004398346,0.0039069513
2459380.7453804133,0.00260818,0.003918349
2459380.7467692792,-0.008375227,0.003907787
2459380.7481581448,0.0057224035,0.0039217095
2459380.7495470108,-0.00092178583,0.0039144526
2459380.7509358763,-0.0022669435,0.0039069103
2459380.752324742,-0.00277704,0.0039103106
2459380.753713608,0.004027009,0.0039163628
2459380.755102474,-0.0020674467,0.003907911
2459380.7564913398,0.0039405823,0.0039186575
2459380.7578802053,0.0058431625,0.003916729
2459380.759269071,0.00042295456,0.0039123097
2459380.760657937,-0.00073993206,0.003910212
2459380.7620468023,-0.0018211603,0.0039052744
2459380.7634356683,-0.007456243,0.003906919
2459380.7648245343,-0.0014038682,0.00390988
2459380.7662133994,0.0047562122,0.00391649
2459380.7676022653,-0.0052571297,0.003900856
2459380.7689911313,0.0052241087,0.0039094896
2459380.770379997,0.0018441677,0.0039152955
2459380.771768863,0.004743576,0.003916651
2459380.773157729,-0.002443552,0.0039131884
2459380.774546594,0.0027097464,0.0039108796
2459380.77593546,0.003338933,0.00391995
2459380.777324326,0.0032788515,0.0039171567
2459380.7787131914,0.0016430616,0.0039099115
2459380.7801020574,-0.002540946,0.0039141667
2459380.7814909224,-9.942055e-05,0.003912977
2459380.7828797884,-0.0015711784,0.0039101364
2459380.7842686544,-0.008508563,0.0039111353
2459380.78565752,-0.0022779703,0.0039104572
2459380.787046386,0.0039838552,0.0039214347
2459380.788435252,-0.004051745,0.003910163
2459380.789824117,0.00078082085,0.0039127725
2459380.791212983,0.0023230314,0.003912894
2459380.7926018485,1.4901161e-05,0.0039137984
2459380.7939907145,0.0039856434,0.003921286
2459380.7953795805,-0.0016695261,0.003908704
2459380.796768446,-0.0042621493,0.0039093453
2459380.7981573115,-0.010093927,0.003912099
2459380.799546177,-0.0021042824,0.0039176787
2459380.800935043,0.0027383566,0.00392451
2459380.8023239085,-0.0052230954,0.00391251
2459380.8037127745,-0.0035350323,0.0039182757
2459380.80510164,0.0033700466,0.0039157555
2459380.8064905056,-0.0028200746,0.003909991
2459380.8078793716,0.00040125847,0.0039175404
2459380.809268237,-0.006712079,0.0039123883
2459380.810657103,-0.0012328625,0.0039182715
2459380.8120459686,0.0034667253,0.0039176303
2459380.813434834,-0.007573247,0.003908587
2459380.8148236996,-0.0005097389,0.0039184624
2459380.8162125656,-0.0002849698,0.003909379
2459380.817601431,-0.0013942122,0.0039097453
2459380.818990297,0.0038399696,0.003919692
2459380.820379162,-0.0046463013,0.0039085313
2459380.821768028,-0.008966684,0.0039101304
2459380.823156894,0.00015330315,0.0039100414
2459380.8245457597,0.0021761656,0.0039124833
2459380.8259346257,0.0007709265,0.0039089043
2459380.827323491,-0.0034792423,0.0039147954
2459380.8287123567,-0.0005405545,0.003907233
2459380.8301012223,0.002383709,0.0039147553
2459380.831490088,-0.0053834915,0.0039079664
2459380.832878954,0.0032192469,0.0039061515
2459380.8342678193,0.003995776,0.0039160578
2459380.835656685,0.007629156,0.003919369
2459380.8370455503,0.0059866905,0.0039207833
2459380.8384344163,-0.002135992,0.0039130943
2459380.839823282,0.010305643,0.003927386
2459380.841212148,0.003971815,0.0039196233
2459380.8426010134,0.0002592802,0.003912184
2459380.843989879,0.0032345057,0.003915869
2459380.8453787444,-0.0069991946,0.0039137583
2459380.8467676104,-0.0015564561,0.003910232
2459380.848156476,-0.004819691,0.003911664
2459380.8495453415,-0.0019465089,0.0039133374
2459380.850934207,0.0027177334,0.003913696
2459380.8523230725,-0.00070130825,0.0039137565
2459380.8537119385,-0.0025551915,0.0039090277
2459380.855100804,-0.0012595654,0.003914499
2459380.85648967,-0.0032305121,0.0039039603
2459380.8578785355,0.0038429499,0.0039066663
2459380.8592674006,0.00444746,0.0039198073
2459380.8606562666,-0.0006481409,0.0039141844
2459380.862045132,0.0047067404,0.003919693
2459380.863433998,-0.0030136108,0.0039108354
2459380.8648228636,0.0030150414,0.0039089704
2459380.8662117287,0.0011744499,0.003919363
2459380.8676005946,-0.0050691366,0.003909882
2459380.86898946,-3.296137e-05,0.003917115
2459380.8703783257,-0.0050005317,0.0039121155
2459380.8717671917,-0.00072073936,0.003910959
2459380.873156057,-0.0014630556,0.003910596
2459380.8745449227,2.7418137e-05,0.003918412
2459380.8759337883,0.0055749416,0.003923314
2459380.877322654,0.00022399426,0.0039152508
2459380.8787115198,-0.0070311427,0.0039056358
2459380.8801003853,0.0076937675,0.0039272043
2459380.881489251,0.0027621984,0.003914973
2459380.8828781163,0.00039625168,0.0039159004
2459380.884266982,-0.00033855438,0.003920365
2459380.8856558474,-0.0016368032,0.003913141
2459380.8870447134,0.002056837,0.0039186035
2459380.888433579,0.0037312508,0.0039183786
2459380.889822444,0.0038608313,0.0039262124
2459380.89121131,0.00063169,0.0039201416
2459380.8926001755,-0.00049340725,0.003911828
2459380.893989041,0.0011291504,0.0039163856
2459380.895377907,-0.0050880313,0.0039103823
2459380.8967667725,-0.0032314062,0.0039169295
2459380.8981556376,-0.0005313754,0.0039085173
2459380.899544503,-0.0020614862,0.003911708
2459380.900933369,-0.002314806,0.003913092
2459380.9023222346,0.0043822527,0.003919846
2459380.9037111,0.0075051785,0.0039166403
2459380.9050999656,-0.0037991405,0.0039096028
2459380.906488831,0.006785512,0.003918842
2459380.9078776967,0.0017796755,0.0039168247
2459380.909266562,-0.007342398,0.0039096563
2459380.910655428,-0.0016449094,0.0039132764
2459380.9120442937,0.0015368462,0.003920357
2459380.913433159,0.004609585,0.003915527
2459380.9148220243,-0.0060426593,0.0039103637
2459380.9162108903,0.008411765,0.0039214664
2459380.917599756,0.0049990416,0.003912977
2459380.9189886213,-0.00078457594,0.003908526
2459380.9203774864,8.21352e-05,0.0039090132
2459380.9217663524,0.0005363226,0.003916657
2459380.923155218,0.0014234781,0.00391541
2459380.9245440834,-0.0012860894,0.0039192257
2459380.925932949,0.00670588,0.0039228722
2459380.9273218145,0.0032633543,0.003915187
2459380.92871068,0.0041513443,0.003921195
2459380.9300995455,0.010349989,0.00391859
2459380.931488411,0.0008404255,0.0039162
2459380.9328772766,0.0039880276,0.003919783
2459380.934266142,0.00012385845,0.0039186534
2459380.9356550076,-0.0033858418,0.0039114347
2459380.937043873,0.0034058094,0.0039139534
2459380.9384327387,-0.0035974383,0.003916979
2459380.939821604,0.00033390522,0.00391381
2459380.9412104697,-0.001681447,0.003909271
2459380.942599335,-0.0025925636,0.003910025
2459380.9439882007,-0.005810261,0.0039102477
2459380.9453770663,-0.0018908978,0.003914713
2459380.946765932,0.0033495426,0.0039149225
2459380.9481547973,0.0012559891,0.003909259
2459380.949543663,0.0050604343,0.0039246157
2459380.9509325284,-0.0012925863,0.0039126426
2459380.9523213934,-0.001598239,0.003909513
2459380.9537102594,0.0018942356,0.0039056197
2459380.955099125,0.0037411451,0.0039162887
2459380.9564879905,0.00020647049,0.003917915
2459380.957876856,-0.0028691292,0.0039151907
2459380.959265721,-0.002123475,0.003911317
2459380.9606545866,0.000461936,0.003912686
2459380.962043452,0.0033595562,0.003913853
2459380.9634323176,0.0021423101,0.003912828
2459380.9648211836,0.00012886524,0.0039146515
2459380.966210049,0.0015554428,0.0039189416
2459380.967598914,-0.00044327974,0.00391198
2459380.9689877797,-0.0021172166,0.003912574
2459380.970376645,-0.0043150783,0.0039076153
2459380.9717655107,-0.0011442304,0.003916476
2459380.9731543763,-7.3075294e-05,0.0039139395
2459380.9745432413,0.0015279055,0.003911178
2459380.975932107,0.004062772,0.0039150314
2459380.9773209724,-0.00063085556,0.0039161835
2459380.978709838,0.0017141104,0.003915137
2459380.9800987034,0.0037099123,0.0039200587
2459380.981487569,-0.0008443594,0.0039083725
2459380.982876434,0.004666209,0.0039209947
2459380.9842653,0.002573967,0.0039171306
2459380.9856541655,0.0015027523,0.003907951
2459380.987043031,0.006603956,0.003911239
2459380.9884318965,0.003870964,0.003909906
2459380.9898207616,0.0021219254,0.0039155036
2459380.991209627,-0.00022870302,0.003906138
2459380.9925984927,-0.0056970716,0.0039105467
2459380.993987358,0.0054705143,0.0039135767
2459380.9953762237,0.0016798973,0.0039118845
2459380.996765089,0.0028119087,0.0039180582
2459380.9981539543,-0.00090652704,0.0039108447
2459380.99954282,-0.0032185316,0.003911409
2459381.0009316853,0.0033842325,0.003921978
2459381.002320551,0.0035766363,0.0039234087
2459381.0037094164,0.0022822618,0.003919386
2459381.0050982814,0.0013262033,0.003912764
2459381.006487147,0.00033164024,0.0039157784
2459381.0078760125,-0.0015548468,0.00390805
2459381.009264878,-0.00018954277,0.0039101904
2459381.0106537435,-0.0047644377,0.003910824
2459381.012042609,-0.005060613,0.003913384
2459381.013431474,-0.004437387,0.003914927
2459381.014820339,0.0017039776,0.0039229253
2459381.0162092047,-0.0013583302,0.0039124694
2459381.01759807,-0.0016830564,0.0039141937
2459381.0189869357,-0.0010573864,0.0039153215
2459381.020375801,0.004486203,0.0039210855
2459381.0217646663,0.0034804344,0.003921897
2459381.023153532,0.0010819435,0.003913118
2459381.0245423974,0.002136469,0.0039224266
2459381.025931263,-0.00056934357,0.0039167306
2459381.0273201284,-0.0019280314,0.003909352
2459381.0287089935,-0.0022550225,0.003913727
2459381.030097859,-0.00021499395,0.003912361
2459381.0314867245,-0.0022337437,0.003901412
2459381.03287559,-0.00029367208,0.00391447
2459381.034264455,0.00064742565,0.003913735
2459381.0356533206,0.004829526,0.00392471
2459381.0370421857,-0.00051784515,0.0039027089
2459381.038431051,-0.0009911656,0.0039003927
2459381.0398199167,-0.0008583665,0.0039116703
2459381.0412087822,0.0051949024,0.0039121583
2459381.0425976478,-0.0027793646,0.0039090626
2459381.043986513,0.00083601475,0.0039103073
2459381.045375378,-0.0013278127,0.003914043
2459381.0467642434,-0.0038673282,0.003918696
2459381.048153109,-0.0052772164,0.003913849
2459381.0495419744,0.0011911392,0.003910142
2459381.05093084,0.0005400181,0.003914967
2459381.052319705,0.0041388273,0.003921366
2459381.0537085705,0.0020227432,0.0039152596
2459381.0550974356,0.000543952,0.00391019
2459381.056486301,0.002157092,0.0039169863
2459381.0578751666,-0.0040928125,0.0039117904
2459381.0592640317,-0.0037513971,0.0039143884
2459381.060652897,-0.0056453347,0.0039144102
2459381.0620417628,-0.0026606917,0.003915922
2459381.063430628,-0.0035919547,0.0039147157
2459381.0648194933,-0.0022815466,0.0039189183
2459381.066208359,0.000849843,0.0039130696
2459381.067597224,0.0019938946,0.003915486
2459381.0689860894,-0.0042545795,0.0039081103
2459381.0703749545,-0.0022934675,0.0039117746
2459381.0731526855,2.2530556e-05,0.003921684
2459381.0745415506,-0.002235949,0.0039131
2459381.075930416,-0.0009062886,0.0039119357
2459381.077319281,-0.0011381507,0.0039081676
2459381.0787081467,-0.0036246777,0.0039146133
2459381.080097012,-0.00031411648,0.0039120405
2459381.0814858777,-0.0021303296,0.0039103883
2459381.0828747423,-0.0032229424,0.003915201
2459381.084263608,0.0015900135,0.003920243
2459381.0856524734,0.002984643,0.0039196224
2459381.087041339,-0.0032467842,0.0039082505
2459381.088430204,-0.0042786,0.003898813
2459381.089819069,-0.004036844,0.0039042472
2459381.0912079345,0.0018531084,0.0039139334
2459381.0925968,0.003201723,0.0039232527
2459381.093985665,0.0012995005,0.003917444
2459381.0953745306,-0.0021198392,0.0039141257
2459381.096763396,0.0037961006,0.0039223833
2459381.0981522608,-4.9233437e-05,0.0039183167
2459381.0995411263,-0.004263997,0.003908491
2459381.100929992,-0.0013309121,0.0039147213
2459381.1023188573,-0.004454553,0.003914513
2459381.1037077224,0.0034934282,0.00391827
2459381.1050965874,0.0067443848,0.0039242036
2459381.106485453,0.0011986494,0.003915972
2459381.107874318,0.003434658,0.0039204047
2459381.1092631835,0.003309846,0.0039195367
2459381.110652049,-0.0058242083,0.003910364
2459381.113429779,0.003669262,0.003917723
2459381.1148186447,0.005671859,0.003916809
2459381.11620751,-0.0037341714,0.003909997
2459381.1175963753,-0.000523746,0.003918119
2459381.118985241,0.0058140755,0.003920174
2459381.120374106,-0.006859362,0.003914577
2459381.121762971,0.0012164116,0.0039182073
2459381.1231518365,0.006624341,0.0039174785
2459381.1245407015,-0.007867575,0.003905511
2459381.125929567,3.0755997e-05,0.003922857
2459381.127318432,-0.004817724,0.003911729
2459381.128707297,-0.0042150617,0.0039132456
2459381.1300961627,0.004861951,0.003920772
2459381.1314850277,-0.002231121,0.0039141574
2459381.1328738932,0.0036013126,0.003912702
2459381.134262759,0.00027155876,0.0039211786
2459381.135651624,-0.010332048,0.003908969
2459381.137040489,-0.0062717795,0.003911448
2459381.138429354,-0.0038055182,0.0039196336
2459381.1398182195,-0.003178358,0.003916699
2459381.141207085,-0.0021131039,0.0039170817
2459381.14259595,-0.0015548468,0.003910659
2459381.143984815,-0.005221486,0.0039130873
2459381.14537368,-0.010445058,0.003901755
2459381.1467625457,0.0055361986,0.0039187996
2459381.1481514107,0.008695722,0.00392506
2459381.1495402763,-0.0033908486,0.003914033
2459381.150929142,0.0012503862,0.003913587
2459381.1523180064,0.0005674362,0.003911319
2459381.153706872,0.0012055635,0.0039191744
2459381.155095737,-0.00082963705,0.0039219805
2459381.1564846025,0.00091552734,0.003920359
2459381.1578734675,-0.0016506314,0.0039123804
2459381.1592623326,0.0021281242,0.003920038
2459381.1606511977,0.0035094023,0.003919667
2459381.162040063,-0.0015012622,0.0039178985
2459381.1634289282,-0.0045419335,0.003918083
2459381.1648177938,0.0043610334,0.0039250557
2459381.166206659,0.0037204027,0.003911514
2459381.168984389,-0.0037860274,0.003907653
2459381.1703732545,-0.0008544326,0.0039064833
2459381.1717621195,0.0029319525,0.003923904
2459381.173150985,0.004122138,0.003911001
2459381.1745398496,-0.0046468973,0.0039141104
2459381.175928715,-0.0034550428,0.003905668
2459381.17731758,0.00149405,0.0039113276
2459381.1787064457,0.0023579597,0.003925924
2459381.180095311,-0.0026845336,0.00391467
2459381.1814841763,0.008194089,0.003921006
2459381.182873041,-0.001335144,0.0039222725
2459381.1842619064,-0.0022973418,0.003912584
2459381.1856507715,0.0068484545,0.0039319545
2459381.187039637,-0.001491487,0.0039187567
2459381.188428502,0.00044071674,0.003914681
2459381.1898173676,-0.008557081,0.0039096302
2459381.191206232,-0.00807327,0.0039134086
2459381.1925950972,0.0008710623,0.00391191
2459381.1939839628,0.0010774136,0.003916444
2459381.195372828,0.0007394552,0.0039155423
2459381.1967616933,0.0011007786,0.0039165006
2459381.198150558,-0.0067367554,0.0039124996
2459381.1995394235,-0.0021448731,0.0039183353
2459381.2009282885,-0.0052477717,0.003912339
2459381.2023171536,0.0037704706,0.0039085075
2459381.203706019,0.0015429258,0.0039144587
2459381.205094884,0.0040245056,0.0039150435
2459381.206483749,-0.0074905753,0.0039134095
2459381.2078726143,0.0072119236,0.0039281948
2459381.2092614793,-0.0039684772,0.003909094
2459381.210650345,0.012153864,0.003925767
2459381.21203921,-0.0033365488,0.003916237
2459381.2134280745,-0.0039432645,0.0039116177
2459381.21481694,-0.0035585165,0.00390938
2459381.216205805,0.008441806,0.003930249
2459381.2175946706,-0.0008504987,0.0039190026
2459381.2189835357,0.0032622814,0.0039161067
2459381.2203724007,-0.0023992658,0.003912703
2459381.221761266,-1.5437603e-05,0.0039184554
2459381.223150131,0.003371954,0.003921758
2459381.224538996,0.000934124,0.003906842
2459381.2259278614,0.0040786266,0.0039188457
2459381.2273167265,-0.0032719374,0.003912769
2459381.228705591,0.00058221817,0.003919376
2459381.2300944566,-0.0010958314,0.0039164615
2459381.2314833216,0.00094616413,0.0039217616
2459381.2328721867,0.0021383762,0.0039240564
2459381.234261052,-0.0025077462,0.003911935
2459381.2356499173,-0.0035509467,0.003917799
2459381.237038782,0.007822037,0.0039248927
2459381.2384276474,-0.0034391284,0.0039177793
2459381.2398165124,-0.0055364966,0.003901474
2459381.2412053775,-0.0041282773,0.0039182585
2459381.2425942426,-0.002884686,0.003915792
2459381.2439831076,-0.00021100044,0.0039178417
2459381.2453719727,0.0079633,0.0039101318
2459381.2467608377,-0.0062675476,0.003908265
2459381.2481497033,-0.0037298203,0.003922828
2459381.2495385683,0.0044380426,0.0039221053
2459381.2509274334,-0.0025961995,0.003918825
2459381.252316298,-0.0026425123,0.0039107464
2459381.2537051635,-0.0048151016,0.0039151576
2459381.2550940285,-0.0022468567,0.003905262
2459381.2564828936,0.0024991035,0.0039179754
2459381.2578717587,-0.009196937,0.0039055033
2459381.2592606237,0.002178669,0.0039256234
2459381.260649489,-0.0007302761,0.0039196727
2459381.262038354,-0.0037766695,0.0039104284
2459381.263427219,-7.927418e-05,0.0039181993
2459381.264816084,0.0023363829,0.0039215023
2459381.2662049495,-0.0037752986,0.003913129
2459381.268982679,-0.0008200407,0.003915886
2459381.270371544,-0.0012395978,0.003914831
2459381.2717604097,-0.0020656586,0.003915583
2459381.2731492748,0.00012528896,0.0039116424
2459381.27453814,-0.004000306,0.0039188527
2459381.2759270044,0.010611892,0.003926952
2459381.2773158695,-0.0035797358,0.00392268
2459381.2787047345,-0.001590848,0.0039165393
2459381.2800936,0.004940748,0.0039196783
2459381.281482465,-4.3928623e-05,0.003916657
2459381.2828713297,0.0054666996,0.0039228196
2459381.2842601947,-0.00416553,0.0039150994
2459381.28564906,0.006097555,0.0039165276
2459381.287037925,0.0004669428,0.0039156596
2459381.2884267904,0.0012024641,0.003911273
2459381.2898156554,0.0005366802,0.0039141173
2459381.29120452,-0.0010892749,0.003910585
2459381.292593385,-0.006270945,0.00390908
2459381.29398225,-0.0060566664,0.0039104633
2459381.295371115,-0.0005989671,0.0039067194
2459381.2967599803,0.0012410879,0.003914742
2459381.2981488453,0.0029034615,0.0039149863
2459381.2995377104,-0.006559074,0.0039076004
2459381.3009265754,-0.007521987,0.003907969
2459381.3023154405,0.005277276,0.00392422
2459381.3037043056,-0.0013704896,0.0039214175
2459381.3050931706,-0.006758809,0.0039090263
2459381.306482035,0.0019917488,0.0039116014
2459381.3078709003,-0.00059586763,0.003909157
2459381.3092597653,-0.0037087202,0.003910804
2459381.310648631,0.0044289827,0.003918171
2459381.312037496,-0.003353119,0.003912264
2459381.3134263605,-0.0071021914,0.0039076223
2459381.3148152255,0.00041007996,0.003915768
2459381.3162040906,0.0024187565,0.0039166166
2459381.3175929557,-0.0035825968,0.003909779
2459381.3189818207,0.0011744499,0.003908587
2459381.320370686,0.0028057098,0.0039133355
2459381.3217595504,-0.000675261,0.003911104
2459381.3231484154,0.00256145,0.003919267
2459381.3245372805,0.0012625456,0.0039178664
2459381.3259261455,-0.0036588907,0.003914266
2459381.3273150106,-0.0058801174,0.00390974
2459381.328703875,0.00044763088,0.003910685
2459381.3300927402,-0.0031882524,0.0039096726
2459381.3314816053,-0.006947756,0.003915315
2459381.3328704704,-0.0019373894,0.0039147837
2459381.3342593354,0.002756238,0.0039171437
2459381.3356482005,-0.0061062574,0.0039129844
2459381.337037065,0.0074270964,0.0039230813
2459381.33842593,-0.0009840131,0.0039218757
2459381.339814795,0.0031155348,0.0039161462
2459381.3412036602,-0.001260817,0.003910676
2459381.3425925253,0.00543046,0.003915112
2459381.34398139,0.0010305643,0.0039048542
2459381.345370255,-0.004339516,0.003909279
2459381.34675912,-0.006703317,0.0039062346
2459381.348147985,0.0007902384,0.0039135152
2459381.34953685,-0.0014613867,0.00390428
2459381.350925715,-0.00015771389,0.003908124
2459381.3523145798,-0.0019624233,0.003911617
2459381.353703445,-0.003947437,0.003909979
2459381.35509231,-0.0010194182,0.0039052765
2459381.356481175,-0.0011899471,0.0039157774
2459381.35787004,-0.0006737709,0.0039048553
2459381.359258905,0.0019351244,0.0039162305
2459381.3606477696,-6.830692e-05,0.0039114514
2459381.3620366347,-0.0069527626,0.0039072973
2459381.3634254998,-1.257658e-05,0.0039112708
2459381.364814365,0.0006285906,0.003918008
2459381.36620323,0.0041264296,0.0039147832
2459381.3675920945,-0.0001951456,0.0039161043
2459381.3689809595,0.0043082237,0.0039161686
2459381.370369824,0.0010454655,0.003909181
2459381.371758689,0.00042295456,0.003907166
2459381.373147554,0.0016179085,0.003902909
2459381.3745364193,0.0044202805,0.003909541
2459381.375925284,-0.0038214326,0.0039086374
2459381.377314149,-0.0031954646,0.003910405
2459381.378703014,-0.0035742521,0.0039064037
2459381.380091879,-0.00064110756,0.003915805
2459381.381480744,-0.0005353093,0.0039071892
2459381.3828696082,-0.004229009,0.0039099776
2459381.3842584733,-0.0014572144,0.0039118035
2459381.3856473383,-0.0013126731,0.0039113923
2459381.3870362034,0.0065619946,0.0039220904
2459381.3884250685,0.0059980154,0.0039203987
2459381.3898139335,0.0056267977,0.00392057
2459381.391202798,-0.0055764318,0.0039043971
2459381.3925916627,0.0040006638,0.0039062505
2459381.3939805278,-0.0007131696,0.003912998
2459381.395369393,0.00062823296,0.003912903
2459381.396758258,0.0010514259,0.0039130105
2459381.3981471225,-0.0046080947,0.003905608
2459381.3995359875,0.0026198626,0.003908322
2459381.400924852,0.00049209595,0.003914871
2459381.402313717,0.004260421,0.003908398
2459381.403702582,-0.004365325,0.0039043769
2459381.4050914473,0.0061872005,0.0039156857
2459381.406480312,-0.0026271343,0.0039048437
2459381.4078691765,0.002995491,0.0039127977
2459381.4092580415,-0.0049707294,0.0039018798
2459381.4106469066,-0.0020152926,0.003911176
2459381.4120357716,0.005769253,0.0038982714
2459381.4134246362,0.0041054487,0.0039155744
2459381.414813501,0.0012902021,0.003907225
2459381.416202366,0.003611207,0.0039091306
2459381.417591231,-0.0005649924,0.0038986136
2459381.418980096,0.0041573048,0.0039099683
2459381.420368961,0.004837513,0.0039140927
2459381.421757825,0.0019191504,0.00391582
2459381.4231466902,-0.0002130866,0.003897602
2459381.4245355553,-0.0012367368,0.0039111837
2459381.4259244204,0.0024774075,0.00390969
2459381.427313285,0.0011401176,0.0039149644
2459381.42870215,-0.0016672015,0.0039071087
2459381.4300910146,0.0042636395,0.0039087883
2459381.431479879,-0.0033687353,0.0039035454
2459381.4328687442,0.0032070875,0.0039092936
2459381.4342576093,-0.0026775002,0.0039135856
2459381.4356464744,0.0016536713,0.0039095865
2459381.4370353385,0.0064632893,0.003912184
2459381.4384242035,0.006617546,0.0039141225
2459381.4398130686,-0.0017095208,0.0039056207
2459381.441201933,-0.0033888817,0.0039023776
2459381.4425907983,0.0058556795,0.003915663
2459381.4439796633,0.00087189674,0.0039042612
2459381.445368528,0.0014520884,0.0039162114
2459381.4467573925,0.0056996346,0.0039171786
2459381.4481462575,-8.249283e-05,0.003912237
2459381.4495351226,-0.000823915,0.0039099157
2459381.450923987,-0.003637433,0.0039085844
2459381.452312852,0.0072038174,0.003909119
2459381.453701717,-5.4061413e-05,0.0039087264
2459381.4550905814,-0.00045716763,0.0039037212
2459381.4564794465,-0.0037020445,0.003900115
2459381.4578683116,0.0066235065,0.003919545
2459381.459257176,0.0005892515,0.003919526
2459381.4606460407,0.003205061,0.003910378
2459381.4620349053,-0.0040947795,0.0039132233
2459381.4634237704,-0.0018669367,0.003908581
2459381.4648126354,0.0009031296,0.003915129
2459381.4662015,0.001967311,0.0039135152
2459381.4675903646,0.0031329393,0.0039167004
2459381.4689792297,0.0030480623,0.003914635
2459381.4703680943,-0.0029010177,0.0039075823
2459381.4717569593,-0.008305132,0.0039053606
2459381.473145824,0.0020643473,0.0039059347
2459381.474534689,0.0048367977,0.003910547
2459381.4759235536,-0.0021139383,0.0039126263
2459381.477312418,-0.002955258,0.0039090845
2459381.478701283,-0.0056203604,0.003906508
2459381.480090148,0.0020515919,0.003911107
2459381.481479013,-0.005591929,0.0039058782
2459381.4828678775,-0.0010963082,0.0039134836
2459381.484256742,0.00054335594,0.0039134
2459381.485645607,0.004913211,0.0039176047
2459381.4870344717,-0.0005389452,0.0039146706
2459381.4884233368,0.00093877316,0.003921544
2459381.4898122014,-0.0011788011,0.0039140116
2459381.491201066,0.0020760298,0.0039169877
2459381.4925899305,-0.004401624,0.0039082817
2459381.4939787956,0.0005313158,0.0039114426
2459381.4953676607,-0.0019659996,0.003908931
2459381.4967565252,0.0020235777,0.0039187497
2459381.49814539,-0.005583644,0.0039072074
2459381.4995342544,0.002457738,0.003922148
2459381.5009231195,-0.003644824,0.003917438
2459381.502311984,-0.00065362453,0.0039145155
2459381.503700849,0.0019053221,0.0039124913
2459381.5050897137,-0.0018416643,0.003915776
2459381.5064785783,-0.004098177,0.0039043527
2459381.507867443,0.0006351471,0.003918232
2459381.509256308,-0.0023841858,0.0039114514
2459381.5106451726,0.0019350052,0.0039199246
2459381.5120340376,0.003057599,0.003924391
2459381.513422902,-0.005649984,0.003909442
2459381.514811767,-0.0034472942,0.003907888
2459381.5162006314,-0.0032883286,0.0039107245
2459381.5175894964,-0.0019322634,0.0039121835
2459381.518978361,-0.0020703077,0.0039128973
2459381.520367226,0.0042454004,0.003918568
2459381.52175609,0.0047906637,0.0039236876
2459381.523144955,0.001968503,0.0039124507
2459381.52453382,0.0015399456,0.003920004
2459381.5259226845,-0.0020563006,0.0039146096
2459381.5273115495,-0.0012756586,0.0039173197
2459381.528700414,0.00062584877,0.0039130957
2459381.5300892787,-0.003067851,0.0039143176
2459381.5314781433,0.0020290613,0.0039201197
2459381.5328670084,0.0017256737,0.0039232103
2459381.534255873,-0.002171576,0.00392238
2459381.5356447375,0.0009152889,0.0039196066
2459381.537033602,-0.0009941459,0.003909894
2459381.5384224667,0.0013022423,0.003920514
2459381.539811332,-0.0018702149,0.003919511
2459381.5412001964,0.0041259527,0.003921865
2459381.543977926,0.0024248362,0.003920687
2459381.54536679,0.0035004616,0.003921488
2459381.546755655,-0.0018668771,0.003920306
2459381.54814452,-0.0064897537,0.0039211786
2459381.5495333844,-0.0061264634,0.0039167767
2459381.5509222494,-0.0011083484,0.0039143804
2459381.5523111136,-0.006128669,0.003916301
2459381.553699978,-0.003478825,0.003922562
2459381.555088843,0.00030481815,0.0039167046
2459381.556477708,0.0041719675,0.0039279535
2459381.557866573,-0.0007213354,0.003921404
2459381.5592554375,-0.0033089519,0.0039110295
2459381.5606443016,-0.009188592,0.0039086486
2459381.5620331666,-0.002332449,0.0039232387
2459381.5634220312,-0.004713893,0.00392263
2459381.564810896,0.0010482073,0.003923895
2459381.566199761,-0.0024123788,0.0039236015
2459381.567588625,-0.0047365427,0.003924761
2459381.5689774896,0.0007073879,0.00392504
2459381.5703663547,2.360344e-05,0.0039185053
2459381.5717552193,-0.00015693903,0.003922831
2459381.573144084,0.0026513338,0.003931526
2459381.5745329484,0.002256155,0.003919425
2459381.575921813,0.00470984,0.0039282297
2459381.5773106776,0.00743556,0.003923773
2459381.578699542,0.00022387505,0.0039246324
2459381.5800884073,-0.00022673607,0.0039280225
2459381.581477272,-0.011632562,0.0039232844
2459381.582866136,0.002403736,0.0039316616
2459381.5842550006,-0.0005158782,0.0039247973
2459381.5856438656,-0.005076468,0.0039208583
2459381.58703273,-0.0020930767,0.0039190995
2459381.588421595,-0.0007059574,0.003933616
2459381.58981046,-0.0035293102,0.0039232043
2459381.591199324,-0.001977384,0.0039294655
2459381.5925881886,0.0030514002,0.0039325203
2459381.593977053,0.007300496,0.0039294623
2459381.5953659182,0.0040705204,0.0039324537
2459381.596754783,-0.008912206,0.0039236187
2459381.5981436474,-0.0067605376,0.0039202035
2459381.5995325116,-0.0033081174,0.0039198473
2459381.600921376,-0.0012745857,0.003916206
2459381.602310241,-0.00216043,0.0039291377
2459381.603699106,-1.1861324e-05,0.003928765
2459381.6050879704,-0.0006968975,0.0039291056
2459381.6064768345,0.005478263,0.003921181
2459381.607865699,0.0041348934,0.0039316723
2459381.609254564,-0.0025903583,0.003925582
2459381.6106434288,0.00013661385,0.0039274753
2459381.6120322933,-0.005616784,0.0039294553
2459381.613421158,-0.00017762184,0.0039301133
2459381.614810022,-0.0027143955,0.003927015
2459381.616198887,1.4066696e-05,0.0039235735
2459381.6175877517,-0.0016412139,0.003930566
2459381.6189766163,0.008902192,0.0039445455
2459381.620365481,0.00044596195,0.003930202
2459381.621754345,0.00021588802,0.0039283074
2459381.6231432096,-0.00095534325,0.0039327466
2459381.6245320747,0.0012366772,0.0039309156
2459381.6259209393,-0.002856493,0.0039343582
2459381.627309804,0.0015949011,0.003940813
2459381.6286986684,-0.008165896,0.003929103
2459381.6300875326,0.0034924746,0.0039393203
2459381.631476397,-0.003770411,0.0039393096
2459381.6328652618,-0.0015330911,0.0039288355
2459381.634254127,-0.005074501,0.003929453
2459381.6356429914,0.0032041073,0.0039302744
2459381.6370318555,-0.0002747774,0.0039378
2459381.63842072,0.0008070469,0.003938791
2459381.6398095847,0.00752151,0.003941235
2459381.6411984493,0.0034867525,0.0039459346
2459381.642587314,0.0011345148,0.003931021
2459381.6439761785,0.0014061928,0.003933233
2459381.6453650426,-0.0029467344,0.0039309473
2459381.646753907,0.0018037558,0.003939688
2459381.6481427723,-0.0012337565,0.0039351187
2459381.649531637,-0.004023075,0.003925945
2459381.6509205014,-0.0054711103,0.003932425
2459381.6523093656,0.0044555664,0.003929533
2459381.65369823,0.011968136,0.003937102
2459381.6550870948,0.0014460087,0.0039339983
2459381.6564759593,0.0054780245,0.0039401827
2459381.657864824,-0.0016592741,0.003930249
2459381.6592536885,-0.0035759807,0.0039270786
2459381.6606425527,-0.00045621395,0.0039395345
2459381.6620314172,-0.0046588182,0.0039261077
2459381.663420282,-0.0011310577,0.003932411
2459381.6648091464,-0.0019533634,0.003944524
2459381.666198011,-0.00052404404,0.0039333454
2459381.6675868756,-0.0005530715,0.0039354647
2459381.6689757397,-3.2365322e-05,0.003938231
2459381.6703646043,0.003576994,0.003936195
2459381.671753469,-0.0014548302,0.00393638
2459381.6731423335,-0.0035086274,0.003934223
2459381.674531198,-0.0034335852,0.0039350274
2459381.675920062,0.0038158894,0.0039404677
2459381.677308927,0.004382491,0.003936577
2459381.6786977914,-0.0006438494,0.0039372994
2459381.680086656,-0.0026911497,0.0039349543
2459381.6814755206,-0.0042740107,0.0039387024
2459381.682864385,0.00068962574,0.0039387834
2459381.6842532493,0.002349615,0.0039364933
2459381.685642114,-0.0057418942,0.0039326353
2459381.6870309785,0.0055508614,0.003940888
2459381.6898087077,-0.005104065,0.0039371205
2459381.691197572,-0.00080782175,0.0039358544
2459381.6925864364,-0.0070899725,0.003933865
2459381.693975301,-0.0059738755,0.0039279866
2459381.6953641656,-0.0010736585,0.0039393213
2459381.698141895,-0.0028579235,0.0039385897
2459381.699530759,-0.0014096498,0.003935762
2459381.7009196235,0.0059127808,0.0039396985
2459381.702308488,-0.0048755407,0.003937238
2459381.703697352,-0.0029306412,0.0039394707
2459381.705086217,0.00497663,0.0039394465
2459381.706475081,0.004677415,0.0039414586
2459381.7078639455,-0.004316628,0.003933217
2459381.70925281,-0.0022993088,0.0039370903
2459381.7106416747,0.0017062426,0.0039409455
2459381.7120305393,0.0056943893,0.003932702
2459381.713419404,-0.0059363246,0.003929794
2459381.714808268,-0.0046462417,0.0039315755
2459381.716197132,0.00017535686,0.00393649
2459381.7175859967,-0.0024070144,0.0039381003
2459381.7189748613,-0.001868546,0.0039413874
2459381.720363726,-0.0016644597,0.003937099
2459381.7231414546,0.0004956722,0.0039313743
2459381.724530319,-0.0020582676,0.003932283
2459381.725919184,0.00046038628,0.0039434265
2459381.727308048,-0.002209425,0.003938872
2459381.7286969125,0.0021777153,0.003931242
2459381.7300857767,-0.0070508122,0.0039348593
2459381.7314746412,-0.0037047267,0.003940726
2459381.732863506,0.0013555288,0.003929676
2459381.7342523704,0.00062584877,0.0039316593
2459381.7356412346,-0.0024123788,0.003934916
2459381.7370300987,0.004810691,0.0039434987
2459381.7384189633,-0.0003938079,0.003940865
2459381.7411966925,0.0022124052,0.0039358726
2459381.7425855566,-0.0025228858,0.0039318
2459381.743974421,-0.00257802,0.0039344938
2459381.7453632853,0.0002590418,0.0039343694
2459381.74675215,0.0018956661,0.003938117
2459381.7481410145,0.0032615662,0.003936598
2459381.7495298786,-0.0015465617,0.003933021
2459381.750918743,0.0044420958,0.003938975
2459381.752307608,0.0004967451,0.003940601
2459381.753696472,-0.0072836876,0.0039317277
2459381.755085336,-0.0004695058,0.0039333305
2459381.7564742006,-0.0035233498,0.003931251
2459381.757863065,0.005754471,0.0039439364
2459381.75925193,0.002056837,0.003942416
2459381.7606407935,0.0058140755,0.0039373115
2459381.762029658,-0.0053423047,0.003924043
2459381.7634185227,0.0051692724,0.0039385464
2459381.7648073873,0.005758047,0.0039403774
2459381.7661962514,-0.0025767088,0.003938957
2459381.767585116,0.004080653,0.0039466894
2459381.76897398,0.0010383129,0.0039403075
2459381.770362844,-0.0004810691,0.003940845
2459381.771751709,-0.0064173937,0.003930774
2459381.7731405734,-0.0005736947,0.0039437152
2459381.774529438,0.003525257,0.003942602
2459381.7759183017,-0.009960234,0.003924375
2459381.7773071663,-7.790327e-05,0.0039385613
2459381.778696031,0.006300688,0.0039421124
2459381.780084895,-0.0003501773,0.003934319
2459381.7814737596,0.0007292032,0.0039240806
2459381.782862624,0.007354498,0.00393556
2459381.784251488,-0.0023777485,0.0039275005
2459381.7856403524,0.00039696693,0.0039299186
2459381.787029217,-0.001532793,0.003931975
2459381.788418081,-0.0026599765,0.003936064
2459381.7898069457,-0.0021584034,0.0039328835
2459381.79119581,0.0018904209,0.003939956
2459381.792584674,-0.0017535686,0.0039388174
2459381.7939735386,0.0021500587,0.0039345343
2459381.795362403,-0.0008100867,0.003930972
2459381.7967512673,-0.0012477636,0.003938339
2459381.7995289955,0.0016959906,0.0039325673
2459381.80091786,0.003950238,0.0039374945
2459381.8023067247,0.003927231,0.003943259
2459381.803695589,-0.00567317,0.0039254203
2459381.8050844534,-0.0043961406,0.0039262264
2459381.8064733176,-0.0074340105,0.0039350176
2459381.8078621817,0.005480528,0.003944122
2459381.8092510463,0.0077192783,0.003945862
2459381.8106399104,-0.0015454292,0.0039373254
2459381.812028775,-0.004586458,0.003921555
2459381.8134176396,0.0025941133,0.0039367285
2459381.8148065032,0.0013961792,0.003934108
2459381.816195368,-0.005416453,0.0039341566
2459381.817584232,0.004012823,0.003941518
2459381.8189730966,-0.0006684661,0.0039343657
2459381.8203619607,-0.0022539496,0.0039393664
2459381.821750825,0.0057531595,0.003939418
2459381.823139689,-0.0011378527,0.0039393012
2459381.8245285535,0.0042284727,0.0039418526
2459381.825917418,0.0039150715,0.003945233
2459381.8273062822,-0.0019339919,0.00393035
2459381.828695147,0.001959443,0.003939003
2459381.8300840105,0.0046749115,0.0039336537
2459381.831472875,-0.0027709603,0.0039275726
2459381.832861739,0.00093889236,0.0039424854
2459381.834250604,0.0059729815,0.003938962
2459381.835639468,0.004098296,0.003934389
2459381.8370283325,0.0028796196,0.0039397706
2459381.838417196,-0.0013564229,0.0039351387
2459381.839806061,0.0005607605,0.0039355224
2459381.841194925,0.002562642,0.00393598
2459381.8425837895,-0.002162218,0.0039253538
2459381.8439726536,0.0036051273,0.0039398684
2459381.8453615177,-0.006392956,0.0039309068
2459381.846750382,0.0024496317,0.0039360034
2459381.8481392465,0.00013422966,0.00392898
2459381.8495281106,0.0013618469,0.0039354763
2459381.850916975,0.009815812,0.003933129
2459381.8523058393,-0.001468718,0.003941302
2459381.8536947034,0.0020074844,0.0039291177
2459381.8550835676,0.0044122934,0.0039421846
2459381.856472432,0.008831263,0.0039463337
2459381.8578612963,0.00089251995,0.0039347387
2459381.8592501604,0.006372571,0.0039342884
2459381.8606390245,0.0040004253,0.0039350665
2459381.8620278887,0.0065717697,0.0039302064
2459381.8634167532,0.0006184578,0.0039426526
2459381.8648056174,0.0002644062,0.003940547
2459381.866194482,0.0023965836,0.00394399
2459381.867583346,-0.005833626,0.003929972
2459381.8689722097,0.00013625622,0.003937348
2459381.8703610743,0.006816983,0.003943001
2459381.8717499385,-0.00015300512,0.003936386
2459381.873138803,0.0024687052,0.0039420333
2459381.874527667,-0.003972411,0.003938086
2459381.875916531,-0.0036235452,0.0039397175
2459381.880083124,-0.0030329823,0.003934852
2459381.8814719883,-0.0013298392,0.003935219
2459381.8828608524,0.0013388395,0.003936794
2459381.8842497165,0.0007045269,0.003940737
2459381.8856385807,-0.0030186176,0.003930474
2459381.887027445,-4.297495e-05,0.003927694
2459381.8884163094,0.0004994869,0.003941224
2459381.8898051735,-0.0024895072,0.003932148
2459381.8911940376,-0.004044533,0.003927275
2459381.8925829018,-0.0075234175,0.0039229975
2459381.893971766,0.0022677183,0.0039288006
2459381.8953606305,-0.00016695261,0.0039327694
2459381.8967494946,0.00034928322,0.003938786
2459381.8981383587,0.00460124,0.0039378586
2459381.899527223,0.0018802881,0.003939012
2459381.900916087,0.0021386147,0.003936866
2459381.902304951,0.0030456781,0.003930729
2459381.903693815,-0.0017947555,0.003935587
2459381.90508268,-0.0033316016,0.003939531
2459381.906471544,0.005889654,0.0039336467
2459381.9078604076,0.0033545494,0.003939226
2459381.909249272,0.0047756433,0.0039449935
2459381.9106381363,0.0032651424,0.0039392025
2459381.9120270004,-0.004034281,0.0039378363
2459381.913415865,-0.003743112,0.0039323783
2459381.9148047287,-0.0011526942,0.0039292714
2459381.917582457,-0.0035537481,0.003927889
2459381.9189713215,-0.0015282631,0.003925388
2459381.9203601857,0.00039100647,0.003937727
2459381.92174905,-0.003637433,0.003937118
2459381.9231379135,0.0057450533,0.0039420705
2459381.924526778,-0.00030905008,0.0039368435
2459381.925915642,-0.00067424774,0.0039403713
2459381.9273045063,0.0018831491,0.0039421497
2459381.9286933704,0.0026388168,0.0039391527
2459381.9300822346,-0.000119030476,0.003939126
2459381.9314710987,0.0026612282,0.0039419658
2459381.932859963,-0.0027861595,0.00394198
2459381.934248827,0.0055264235,0.0039439495
2459381.935637691,0.00066530704,0.0039396663
2459381.9370265556,0.0006095171,0.0039413343
2459381.9384154193,0.005442977,0.003944292
2459381.9398042834,0.0036115646,0.0039352616
2459381.9411931476,-0.00024992228,0.0039362796
2459381.9425820117,-0.0037139654,0.0039319643
2459381.9439708763,-0.008322835,0.0039301277
2459381.94535974,-0.0022005439,0.0039359666
2459381.946748604,-0.007538259,0.0039299116
2459381.948137468,-0.0039913654,0.0039275954
2459381.9495263323,-0.004828453,0.0039320025
2459381.950915197,-0.001303494,0.0039383788
2459381.952304061,-0.00041109324,0.0039296355
2459381.9536929247,-0.0017296076,0.003927487
2459381.955081789,-2.1100044e-05,0.0039326716
2459381.956470653,0.001911521,0.0039441735
2459381.957859517,0.0007927418,0.0039341403
2459381.959248381,-0.0006440878,0.0039285566
2459381.9606372453,0.0019642115,0.0039385464
2459381.9620261095,-0.0020175576,0.0039319727
2459381.9634149736,0.0055201054,0.0039405096
2459381.9648038377,2.7775764e-05,0.003934148
2459381.966192702,-0.0021957755,0.003940291
2459381.967581566,-0.0029248595,0.0039331177
2459381.9689704296,-0.0074241757,0.0039296136
2459381.9717481583,0.0030366182,0.003935839
2459381.9731370225,0.0068250895,0.003935853
2459381.9745258866,0.0061022043,0.003935788
2459381.9759147502,0.0041624308,0.0039280956
2459381.9773036144,0.0016076565,0.0039331787
2459381.9786924785,-0.003154695,0.003930243
2459381.9800813426,-0.0011755228,0.0039219353
2459381.9814702068,0.0017504692,0.003929072
2459381.982859071,0.0071054697,0.003943039
2459381.9842479345,0.0030961037,0.0039430656
2459381.9856367987,0.003064394,0.003941953
2459381.987025663,0.0019973516,0.003934555
2459381.988414527,0.0012441874,0.0039366917
2459381.9898033915,0.007660389,0.003940129
2459381.9911922556,0.0031142235,0.00393439
2459381.9925811193,0.0009417534,0.003935238
2459381.9939699834,-0.0045306087,0.0039335825
2459381.9953588475,-0.002347827,0.003921737
2459381.9967477117,0.0063923597,0.003940611
2459381.998136576,0.0019316673,0.0039293547
2459381.9995254395,-0.0045966506,0.0039389026
2459382.0009143036,0.0010951757,0.003931317
2459382.0023031677,-0.00582844,0.003930961
2459382.003692032,-0.0013362765,0.0039280867
2459382.005080896,-0.002404809,0.003932229
2459382.00646976,0.004126072,0.003927785
2459382.0078586238,-0.0021032095,0.00393272
2459382.009247488,0.00092184544,0.003933218
2459382.010636352,0.0022310019,0.003932509
2459382.012025216,0.00066936016,0.0039353343
2459382.0134140803,-0.0030029416,0.003939591
2459382.014802944,5.352497e-05,0.0039293887
2459382.016191808,-0.0034735203,0.0039313603
2459382.017580672,-0.0008762479,0.003929511
2459382.0189695363,-0.0010616779,0.003932408
2459382.0203584004,0.0018932819,0.0039398833
2459382.0231361277,0.0032513142,0.0039347312
2459382.024524992,0.0045104027,0.003942549
2459382.025913856,0.0015385151,0.003939253
2459382.02730272,0.009768009,0.0039450014
2459382.0286915842,-0.0011940002,0.0039384994
2459382.030080448,0.00828433,0.003944285
2459382.031469312,0.0021163225,0.00393141
2459382.032858176,0.006298423,0.0039297333
2459382.0342470403,0.006603241,0.0039326176
2459382.0356359044,-0.0031833053,0.0039294255
2459382.0370247685,-0.0021363497,0.0039268048
2459382.038413632,-0.0012859106,0.003934404
2459382.039802496,-0.0020948648,0.003933835
2459382.04119136,0.002210617,0.0039308746
2459382.042580224,-0.0033313632,0.003932961
2459382.0439690882,0.0031881332,0.003935271
2459382.045357952,-0.0012303591,0.003935012
2459382.046746816,0.004229784,0.0039348113
2459382.04813568,0.00096583366,0.0039361864
2459382.0495245443,0.0016813278,0.0039279107
2459382.0509134084,-0.0007213354,0.0039279656
2459382.052302272,-0.0009191036,0.0039276103
2459382.0536911357,0.0014357567,0.003934751
2459382.05508,-0.0005438328,0.0039367685
2459382.056468864,-0.0005517602,0.003926528
2459382.057857728,0.0055007935,0.0039339764
2459382.059246592,-0.0040227175,0.003929957
2459382.0606354554,-0.0042951107,0.0039341957
2459382.0620243195,-0.0034905076,0.0039329673
2459382.0634131837,0.003977895,0.0039239093
2459382.064802048,-0.004767835,0.003936277
2459382.066190912,-2.7418137e-06,0.003929786
2459382.067579776,-0.0016296506,0.003938371
2459382.0689686392,-0.0067154765,0.0039301696
2459382.0703575034,0.0026073456,0.0039324895
2459382.0717463675,-0.00087219477,0.003925603
2459382.0731352316,0.0032818317,0.003928891
2459382.0745240957,-0.0027821064,0.0039255857
2459382.0759129594,0.0055627823,0.0039381087
2459382.077301823,0.0026273727,0.003930953
2459382.078690687,-0.0022876263,0.003937209
2459382.0800795513,-0.0035618544,0.0039348793
2459382.081468415,0.0012165308,0.003930726
2459382.082857279,-0.006054163,0.0039283987
2459382.084246143,0.00660789,0.0039364155
2459382.085635007,-0.0017188191,0.0039376984
2459382.0870238706,-0.002330482,0.0039328574
2459382.0884127347,0.003394246,0.003927873
2459382.089801599,0.0012030602,0.003933413
2459382.091190463,0.0010265112,0.003932009
2459382.092579326,-0.003469944,0.0039295927
2459382.0939681903,0.0032653809,0.00393453
2459382.0953570544,-0.00024157763,0.003929858
2459382.0967459185,-0.004401803,0.003931448
2459382.098134782,-0.0048888326,0.0039335666
2459382.099523646,0.0060532093,0.0039444193
2459382.10091251,0.0010690689,0.0039391248
2459382.1023013736,-0.0012899637,0.0039309007
2459382.1036902377,-0.0024898648,0.0039362586
2459382.105079102,0.0010988712,0.003936336
2459382.106467966,-0.003066361,0.003938649
2459382.107856829,-0.00011134148,0.003940806
2459382.1092456933,2.9802322e-05,0.003939762
2459382.1106345574,-0.004802108,0.0039325636
2459382.112023421,0.002472639,0.0039374563
2459382.113412285,0.006422639,0.003938534
2459382.114801149,0.0008407831,0.0039344905
2459382.1161900125,-0.0024677515,0.0039333184
2459382.1175788767,0.0038217306,0.003933222
2459382.118967741,-0.008066535,0.003929809
2459382.1203566045,-0.008756161,0.0039235377
2459382.1217454686,-0.006149292,0.003924245
2459382.1231343322,0.0028173923,0.0039374847
2459382.124523196,0.0050729513,0.003929439
2459382.12591206,-0.002033174,0.003929208
2459382.1273009237,0.0006227493,0.0039280583
2459382.128689788,0.0039412975,0.0039329994
2459382.1300786515,0.0010758638,0.0039312677
2459382.131467515,-0.011438608,0.0039139898
2459382.1328563793,0.003910899,0.0039331946
2459382.1342452434,0.0042500496,0.003936863
2459382.135634107,0.004762292,0.003927911
2459382.137022971,-0.0032445788,0.003931767
2459382.1384118344,0.0023516417,0.0039321743
2459382.1398006985,-0.00052297115,0.003936547
2459382.1411895626,0.0012955666,0.0039316467
2459382.1425784263,-0.0014072061,0.003928836
2459382.1439672904,-0.0003825426,0.003918936
2459382.145356154,0.0017181635,0.0039339163
2459382.1467450177,-0.00096058846,0.003932544
2459382.1481338814,0.0019141436,0.003929828
2459382.1495227455,-0.004904568,0.003928138
2459382.1509116096,0.001478076,0.0039280383
2459382.1523004733,0.0014095306,0.0039365143
2459382.153689337,0.0038342476,0.003941513
2459382.1550782006,0.0046777725,0.0039365347
2459382.1564670647,-0.0021699667,0.0039285654
2459382.1578559284,-0.0009810925,0.00392367
2459382.1592447925,-0.0011630058,0.0039276746
2459382.16202252,-0.004332304,0.0039312365
2459382.1634113835,-0.0032888055,0.003932964
2459382.1648002476,0.0025652647,0.0039336802
2459382.1661891113,-0.0037488937,0.0039340975
2459382.1675779754,0.0024178028,0.0039393525
2459382.1689668386,-1.9848347e-05,0.00393596
2459382.1703557028,-0.0009887218,0.003933869
2459382.1717445664,-0.010434568,0.003927747
2459382.1731334305,0.0031644106,0.003939291
2459382.174522294,-0.0031769276,0.0039343555
2459382.1759111583,0.0024085045,0.0039379736
2459382.1773000215,0.0034286976,0.003943216
2459382.1786888856,-0.0031882524,0.003937766
2459382.1800777493,0.0010480881,0.0039447467
2459382.1814666134,0.00074231625,0.0039312607
2459382.182855477,0.001273632,0.003940627
2459382.1842443408,0.004550457,0.0039410233
2459382.1856332044,0.0011413097,0.003935648
2459382.1870220685,-0.001502037,0.0039357343
2459382.188410932,-0.0056085587,0.0039330036
2459382.189799796,-0.0034422278,0.0039286977
2459382.19118866,-0.0016171336,0.0039356584
2459382.192577523,0.0034924746,0.0039343485
2459382.1939663873,-0.008812666,0.0039296173
2459382.195355251,-0.0054142475,0.0039351373
2459382.196744115,0.00063693523,0.003934704
2459382.1981329788,-0.007085681,0.003932732
2459382.199521842,0.0051414967,0.003939709
2459382.200910706,-0.009325922,0.003928743
2459382.2022995697,0.0015044212,0.0039359434
2459382.203688434,0.0012022257,0.0039374675
2459382.2050772975,-0.00097072124,0.003937715
2459382.206466161,-0.0048235655,0.003932755
2459382.207855025,0.00096845627,0.0039294786
2459382.2092438885,-0.0017502308,0.003936059
2459382.2106327526,-0.00016331673,0.003936308
2459382.2120216163,0.006913066,0.0039421474
2459382.21341048,0.006640315,0.0039445185
2459382.2147993436,0.00030612946,0.003936014
2459382.2161882073,0.0023936033,0.0039354158
2459382.217577071,-0.0029659867,0.0039291894
2459382.218965935,0.0006837845,0.003937472
2459382.2203547987,0.0015720129,0.003926888
2459382.2217436624,0.00037646294,0.0039351187
2459382.223132526,0.001409173,0.003936058
2459382.2245213897,0.0036287308,0.00393575
2459382.2259102534,0.0017119646,0.003937302
2459382.2272991175,0.0013093948,0.0039366824
2459382.228687981,-0.009175062,0.003931623
2459382.230076845,0.00030565262,0.003931956
2459382.2314657085,-0.0013715029,0.003937372
2459382.232854572,0.0024043322,0.003931177
2459382.234243436,-0.0017021894,0.0039301296
2459382.2356323,0.0018349886,0.003933053
2459382.2370211636,0.003554225,0.0039377413
2459382.2384100268,-0.003425181,0.0039296923
2459382.2397988904,-0.0043236017,0.0039270855
2459382.2411877546,0.0033638477,0.003933066
2459382.242576618,0.0066132545,0.003934758
2459382.243965482,-0.008959353,0.003921524
2459382.245354346,-0.0012808442,0.0039331974
2459382.246743209,0.0031064749,0.0039320206
2459382.248132073,-0.0016790628,0.0039319675
2459382.2495209365,-0.01238966,0.0039276336
2459382.2509098006,-0.0017494559,0.0039275256
2459382.2522986643,0.002440691,0.0039384156
2459382.2536875275,0.0037652254,0.003936583
2459382.255076391,0.008718848,0.0039451597
2459382.2564652553,-0.004060805,0.003930094
2459382.257854119,-0.0008969903,0.003928065
2459382.2592429826,-0.0022195578,0.003932975
2459382.2606318463,-0.0015384555,0.0039322195
2459382.2620207095,-0.00013118982,0.003936102
2459382.2634095736,0.0020958185,0.0039301827
2459382.2647984372,0.0011633635,0.003938898
2459382.266187301,0.0007646084,0.0039286017
2459382.2675761646,-0.008470416,0.003922337
2459382.268965028,0.00037527084,0.003930661
2459382.270353892,-0.005374372,0.003925634
2459382.2717427555,-0.0051890016,0.003921423
2459382.273131619,0.002485156,0.003931543
2459382.2759093465,0.00436759,0.003931951
2459382.27729821,0.00021493435,0.0039297813
2459382.278687074,-0.0036420226,0.0039308835
2459382.2800759375,0.0038661957,0.0039299903
2459382.281464801,0.0010215044,0.0039296392
2459382.282853665,0.007219672,0.0039289407
2459382.284242528,-0.0038101077,0.003930567
2459382.285631392,0.002393365,0.0039338274
2459382.287020256,-0.0022566319,0.0039343983
2459382.2884091195,0.0037686825,0.0039355685
2459382.289797983,-0.00093990564,0.0039256094
2459382.291186847,-0.0011714101,0.003933971
2459382.29257571,-0.00021976233,0.003932974
2459382.2939645736,0.0015649796,0.003934639
2459382.2953534373,-0.0012560487,0.0039295484
2459382.2967423014,-0.0040305257,0.0039266758
2459382.298131165,-0.0010545254,0.003927119
2459382.2995200283,-0.002503574,0.0039254515
2459382.300908892,-0.00069868565,0.0039314874
2459382.3022977556,-0.004963577,0.0039255163
2459382.3036866193,-0.0052018166,0.0039296867
2459382.305075483,-0.001994431,0.00392548
2459382.3064643466,-0.005505085,0.003930708
2459382.30785321,0.010945201,0.003938531
2459382.3092420734,0.0035158396,0.0039286884
2459382.310630937,0.0010101795,0.0039318954
2459382.3120198012,-0.0029130578,0.003924242
2459382.313408665,0.0013644695,0.0039312406
2459382.3161863917,-0.0040346384,0.003919501
2459382.3175752554,0.0014300346,0.0039337627
2459382.318964119,0.0049396753,0.0039336956
2459382.3203529827,0.0016611814,0.0039258767
2459382.3217418464,-0.0019508004,0.0039269705
2459382.3231307096,0.0021227598,0.003925538
2459382.3245195732,-0.004835844,0.003918993
2459382.325908437,0.0031123161,0.003922557
2459382.3272973006,-0.0076678395,0.0039195623
2459382.328686164,-0.0064231753,0.0039156866
2459382.330075028,-0.003974378,0.003914691
2459382.331463891,-0.0020246506,0.003925884
2459382.3328527547,-0.005705774,0.0039238846
2459382.335630482,-0.0034344792,0.0039270283
2459382.3370193457,-0.0006427765,0.0039314395
2459382.3397970726,0.00023317337,0.0039186757
2459382.3411859362,0.0026342869,0.0039355136
2459382.3425748,0.0039025545,0.00392718
2459382.3439636636,0.0009886026,0.0039248667
2459382.345352527,-0.0015367866,0.003919267
2459382.3467413904,0.00067329407,0.003921451
2459382.348130254,-0.0028409958,0.0039303238
2459382.3495191177,-0.0017210245,0.0039209
2459382.3509079814,0.007060528,0.003930386
2459382.352296845,0.00434649,0.003930222
2459382.3536857083,-0.0075718164,0.003908906
2459382.3550745714,-0.00082325935,0.00391119
2459382.356463435,0.0019657612,0.0039273906
2459382.3578522988,0.000608325,0.003931534
2459382.3592411624,0.0025161505,0.003923112
2459382.360630026,0.000751853,0.0039247232
2459382.3620188893,-0.0012310743,0.003916178
2459382.363407753,-0.004552722,0.0039167963
2459382.3647966166,0.0047864914,0.003934331
2459382.3661854803,-0.0031743646,0.003911586
2459382.367574344,0.0003196001,0.0039089685
2459382.368963207,0.0014903545,0.003929523
2459382.3703520703,0.0012829304,0.003929247
2459382.371740934,0.00067818165,0.003925783
2459382.3731297976,0.0025265217,0.003932898
2459382.3745186613,0.00058948994,0.0039300625
2459382.375907525,-0.0036127567,0.0039257244
2459382.377296388,0.0012077093,0.003931729
2459382.378685252,0.0016818047,0.003929047
2459382.3800741155,-0.0014013648,0.0039251265
2459382.3814629787,-0.0038498044,0.0039139083
2459382.3828518423,-0.0024610758,0.0039251307
2459382.384240706,0.0075876713,0.0039322716
2459382.385629569,-0.0030512214,0.0039232504
2459382.387018433,0.003932357,0.003932742
2459382.3884072965,0.0037648678,0.0039311145
2459382.3897961597,-5.310774e-05,0.003923741
2459382.3911850234,0.00829494,0.0039300653
2459382.3925738866,0.0009447336,0.0039274017
2459382.39396275,0.0015081167,0.0039224443
2459382.395351614,0.0020200014,0.003927194
2459382.396740477,0.004621625,0.003929436
2459382.3981293407,0.002993226,0.003926511
2459382.3995182044,-0.0021474957,0.00392444
2459382.4009070676,0.0012254715,0.003925459
2459382.4022959312,-0.0028683543,0.0039157784
2459382.4036847944,-0.0014858246,0.0039212154
2459382.405073658,0.00046491623,0.003928368
2459382.4064625218,0.00022220612,0.003913269
2459382.407851385,0.0070225,0.0039336407
2459382.4092402486,-0.005871713,0.0039218967
2459382.410629112,-0.00024336576,0.003919683
2459382.4120179755,-0.0026031733,0.0039164405
2459382.413406839,-0.007336855,0.0039193677
2459382.414795703,0.00094103813,0.0039312732
2459382.4161845655,0.0040038824,0.0039319713
2459382.417573429,-0.0046723485,0.0039276434
2459382.418962293,-0.0003464222,0.0039289515
2459382.420351156,0.0015856028,0.0039298623
2459382.4217400197,-0.005023062,0.003919585
2459382.423128883,-0.0026259422,0.0039215717
2459382.4245177465,0.0012674332,0.003929457
2459382.4259066097,0.0029227734,0.003927628
2459382.4272954734,0.0025868416,0.003923645
2459382.428684337,0.004895091,0.0039264937
2459382.4300732007,0.0009509325,0.003931184
2459382.4314620635,-0.0012328625,0.003921957
2459382.432850927,-0.005225897,0.0039189793
2459382.434239791,-0.0063129067,0.003917225
2459382.435628654,-0.0072817802,0.003921934
2459382.438406381,0.004078865,0.003924533
2459382.439795244,-0.0020999908,0.0039217477
2459382.4411841077,0.0055553913,0.00392614
2459382.4425729713,0.00075280666,0.003922498
2459382.4439618345,0.0055650473,0.0039349375
2459382.445350698,0.0012860298,0.003931439
2459382.4467395614,-0.0017836094,0.003926715
2459382.4481284246,-0.0019402504,0.0039282534
2459382.4495172882,-0.0061350465,0.0039245724
2459382.450906152,2.503395e-06,0.003913345
2459382.452295015,0.0035232306,0.0039261077
2459382.4536838783,0.0010793209,0.003922669
2459382.4550727415,0.0053708553,0.003920433
2459382.456461605,0.0020860434,0.003923481
2459382.457850469,-0.0029004216,0.0039242073
2459382.459239332,0.007661104,0.003932705
2459382.4606281957,0.006997466,0.0039283703
2459382.462017059,-0.0012183189,0.003927584
2459382.463405922,-0.0033609867,0.0039169616
2459382.4647947857,0.0012954473,0.0039267875
2459382.466183649,0.00023782253,0.003926863
2459382.4675725126,-0.0037928224,0.003929578
2459382.4689613758,0.003450513,0.003928065
2459382.470350239,0.007982492,0.0039252373
2459382.4717391026,0.0020560026,0.0039290036
2459382.473127966,-0.0020139813,0.0039206273
2459382.4745168295,0.00080788136,0.003929189
2459382.4759056927,-0.0064001083,0.00391944
2459382.477294556,0.0012660027,0.0039173863
2459382.478683419,-0.000813961,0.0039252383
2459382.4800722827,-0.0011050701,0.0039262823
2459382.4814611464,0.0024276972,0.0039261654
2459382.4828500096,-0.0029613972,0.003927421
2459382.4842388732,-0.0036259294,0.003913235
2459382.485627736,-0.001642108,0.0039267065
2459382.4870165996,-0.0024071932,0.0039263824
2459382.488405463,-0.00432235,0.003923949
2459382.4897943265,-0.0021020174,0.00392616
2459382.4911831897,-0.00610584,0.003926443
2459382.492572053,-0.0031288862,0.0039263116
2459382.493960916,-0.00066149235,0.003931623
2459382.4953497797,0.006294489,0.003931769
2459382.496738643,0.0069024563,0.003933081
2459382.4981275066,-0.00032013655,0.0039315606
2459382.49951637,0.00028979778,0.0039320947
2459382.500905233,-0.002422452,0.003929507
2459382.502294096,-0.0074949265,0.003924471
2459382.50368296,-0.005474448,0.0039239954
2459382.505071823,0.0007762909,0.0039282185
2459382.5064606867,0.0066860914,0.003929983
2459382.5078495494,0.005792141,0.0039290306
2459382.509238413,0.00065016747,0.0039298856
2459382.5106272763,0.0018514395,0.0039262925
2459382.5120161395,-8.85725e-05,0.00392462
2459382.513405003,0.0036250353,0.0039336802
2459382.5147938663,-0.0022311807,0.0039222795
2459382.5161827295,0.00048446655,0.0039257524
2459382.5175715927,0.0015298128,0.003923344
2459382.5189604564,0.001439333,0.0039289193
2459382.5203493196,-0.001214087,0.003921437
2459382.5217381828,0.0058469772,0.0039307717
2459382.523127046,0.006341338,0.003929316
2459382.524515909,0.00028264523,0.003921256
2459382.525904773,0.0038696527,0.0039280457
2459382.527293636,0.0022052526,0.003927382
2459382.5286824997,-0.0005067587,0.0039299517
2459382.530071363,0.0032106638,0.0039382265
2459382.5314602256,0.0071587563,0.003941573
2459382.5328490892,-0.001093328,0.0039331163
2459382.5342379524,0.0015336275,0.00393696
2459382.5356268156,-0.001909256,0.003932414
2459382.5370156793,-0.0015177131,0.003931178
2459382.538404542,-0.004056871,0.003933758
2459382.5397934057,0.0013769865,0.003933976
2459382.541182269,0.00031340122,0.003928057
2459382.542571132,-0.0031977892,0.0039351694
2459382.5439599957,-0.0056912303,0.003931594
2459382.545348859,0.003108263,0.00392914
2459382.5467377217,-0.0026187897,0.003935859
2459382.5481265853,-0.0035831928,0.00392912
2459382.5495154485,-0.0048149824,0.0039308704
2459382.5509043117,0.003710866,0.0039380477
2459382.5522931754,-0.00052314997,0.003935587
2459382.5536820386,-0.00050610304,0.0039387518
2459382.5550709013,0.00012242794,0.0039372426
2459382.556459765,0.0051391125,0.003942878
2459382.557848628,-0.004826486,0.0039303494
2459382.5592374913,-0.00091665983,0.0039407103
2459382.560626355,0.0005347729,0.0039419755
2459382.5620152177,0.0018182993,0.0039434815
2459382.563404081,0.0049808025,0.003943782
2459382.564792944,0.0002464056,0.0039400104
2459382.567570671,-0.0013943315,0.003920612
2459382.568959534,0.00910759,0.003939714
2459382.5703483974,-0.00056910515,0.0039383383
2459382.5717372606,0.0016337633,0.003941697
2459382.5731261238,0.00025558472,0.0039383597
2459382.574514987,0.0016285181,0.003945638
2459382.5759038506,0.002171874,0.003941603
2459382.5772927133,-0.00074732304,0.0039369483
2459382.5786815765,-0.008496225,0.003931273
2459382.5800704397,0.0042129755,0.003933839
2459382.5814593034,-0.002627492,0.00393503
2459382.5828481666,-0.0011767149,0.0039385166
2459382.58423703,0.0041900873,0.0039461153
2459382.5856258925,0.0017192364,0.003940005
2459382.5870147557,0.0009545088,0.0039374977
2459382.5884036194,7.1525574e-07,0.00393925
2459382.5897924826,-0.0008596778,0.0039392062
2459382.5911813457,0.0018537045,0.0039405427
2459382.5925702085,-0.004032016,0.003942453
2459382.5939590717,0.00094115734,0.0039470606
2459382.5953479353,-0.00041389465,0.003937997
2459382.5967367985,0.0024564266,0.0039417893
2459382.5981256617,-0.004516721,0.0039396943
2459382.599514525,-0.002753675,0.0039403676
2459382.6009033876,0.0017098188,0.0039476263
2459382.6022922513,0.0013076067,0.0039427564
2459382.6036811145,-0.0059758425,0.00392777
2459382.6050699777,0.005444765,0.003936738
2459382.606458841,0.000905633,0.00393782
2459382.6078477036,0.00057148933,0.003940767
2459382.609236567,0.0011126995,0.0039384696
2459382.6106254305,0.004232645,0.0039466913
2459382.6120142937,-0.0014879704,0.0039377282
2459382.613403157,-0.00246346,0.0039399313
2459382.61479202,0.00037407875,0.0039452487
2459382.616180883,0.0070427656,0.0039493656
2459382.617569746,-0.0015822053,0.0039440216
2459382.618958609,0.000659585,0.0039404514
2459382.6203474724,-0.0014098287,0.003944592
2459382.621736336,0.0036591291,0.0039421637
2459382.623125199,-0.0012620091,0.0039468864
2459382.624514062,0.0022859573,0.003940816
2459382.625902925,-2.1517277e-05,0.003944595
2459382.6272917883,-0.0028902888,0.003941363
2459382.6286806515,0.003903389,0.003952845
2459382.6300695147,0.0013235807,0.0039513097
2459382.6314583775,0.004070878,0.0039510084
2459382.6328472407,-0.003320396,0.0039444757
2459382.634236104,0.005652666,0.003952803
2459382.635624967,0.0044691563,0.0039536357
2459382.6370138302,-0.0034489632,0.0039494666
2459382.638402694,-0.0021159053,0.00395049
2459382.6397915566,-0.004679382,0.003949337
2459382.64118042,0.0060400963,0.0039559025
2459382.642569283,-0.0015612841,0.0039502783
2459382.643958146,0.0026632547,0.0039526
2459382.6453470094,0.0069954395,0.003961603
2459382.646735872,-0.0001398921,0.003948592
2459382.6481247353,0.0020720959,0.003954647
2459382.6495135985,0.0030076504,0.0039472273
2459382.6509024617,0.008016944,0.00395364
2459382.652291325,0.0029158592,0.003947546
2459382.653680188,-0.0016367435,0.0039427737
2459382.655069051,-0.0044145584,0.0039442303
2459382.656457914,0.00081539154,0.0039496813
2459382.6578467772,0.0055242777,0.0039584585
2459382.6592356404,-0.0033110976,0.0039489944
2459382.6606245036,-0.0034239292,0.003945163
2459382.6620133664,0.0004118681,0.0039517046
2459382.6634022295,-0.0020656586,0.003951773
2459382.6647910927,0.0069259405,0.003953983
2459382.666179956,0.0032800436,0.003956254
2459382.667568819,0.0006405115,0.0039493544
2459382.6689576823,-0.0028623939,0.003954161
2459382.670346545,-0.0017569661,0.0039461665
2459382.6717354083,0.002546072,0.0039544282
2459382.6731242714,-0.0037460923,0.00394759
2459382.6745131346,-0.0026210546,0.0039409115
2459382.675901998,-0.002034247,0.0039523183
2459382.6772908606,0.00603354,0.003957157
2459382.6786797233,-0.0012029409,0.0039510867
2459382.6800685865,-0.00012463331,0.0039456217
2459382.6814574497,0.0025014877,0.003955384
2459382.682846313,0.0020128489,0.0039562215
2459382.684235176,0.0029028654,0.0039557815
2459382.685624039,0.0019392967,0.0039434764
2459382.687012902,0.002526164,0.0039545586
2459382.688401765,-0.001668036,0.0039514913
2459382.6897906284,0.0018079281,0.003946882
2459382.6911794916,-0.0028631687,0.003950018
2459382.6925683543,0.004460335,0.0039580287
2459382.693957217,0.003194809,0.0039595347
2459382.69534608,-0.0014089942,0.0039483127
2459382.6967349434,0.0067312717,0.003958764
2459382.6981238066,0.010285497,0.0039546364
2459382.69951267,-0.00058561563,0.0039544073
2459382.7009015325,-0.0028367639,0.0039517195
2459382.7022903957,0.0031884909,0.0039463607
2459382.703679259,0.0021756887,0.003948516
2459382.7050681217,-0.0021449327,0.0039528087
2459382.706456985,-0.003503859,0.0039512413
2459382.707845848,-0.007548213,0.003947888
2459382.709234711,0.0012780428,0.003954256
2459382.710623574,-0.000987649,0.0039548967
2459382.712012437,-0.00034284592,0.0039531933
2459382.7134013004,0.0012255907,0.003951365
2459382.714790163,0.005966425,0.003956691
2459382.716179026,0.0019091368,0.003952891
2459382.717567889,-7.671118e-05,0.0039450997
2459382.718956752,0.0053476095,0.0039598397
2459382.7203456154,-3.0994415e-05,0.0039467243
2459382.721734478,0.0018273592,0.003949345
2459382.7231233413,0.0004813671,0.0039532995
2459382.724512204,0.00012493134,0.0039487006
2459382.7259010673,0.0031876564,0.003958235
2459382.7272899305,0.004163027,0.003959193
2459382.728678793,0.00026714802,0.0039567105
2459382.7300676564,-0.0014452338,0.003951965
2459382.731456519,0.0004351139,0.003953505
2459382.7328453823,0.0026952028,0.003959052
2459382.734234245,0.008500934,0.003959113
2459382.735623108,0.009590507,0.0039580637
2459382.7370119714,-0.0034736395,0.003954988
2459382.7384008346,0.0049034357,0.003957269
2459382.739789697,0.0014055967,0.003958462
2459382.74117856,0.001410842,0.0039532976
2459382.7425674233,0.0010668039,0.003957066
2459382.7439562865,0.00339818,0.0039586783
2459382.745345149,-0.001199007,0.0039535956
2459382.746734012,-0.0040849447,0.0039526494
2459382.748122875,0.0023963451,0.003953254
2459382.7495117383,0.00042521954,0.0039517754
2459382.750900601,0.008117437,0.0039601587
2459382.752289464,-0.0019898415,0.003949186
2459382.7536783274,0.0024513006,0.0039504394
2459382.7550671897,-0.0016306639,0.003950913
2459382.756456053,-0.0029268265,0.003952647
2459382.757844916,-0.0012224317,0.0039543104
2459382.759233779,-0.0025641918,0.0039540273
2459382.760622642,-0.00035315752,0.003955685
2459382.7620115047,0.0010859966,0.003959779
2459382.763400368,0.004130006,0.0039555836
2459382.7647892307,-0.0008957386,0.0039491635
2459382.766178094,-0.003332734,0.003950118
2459382.767566957,-0.00220114,0.003952271
2459382.76895582,0.0062226057,0.0039578974
2459382.7703446825,0.002522707,0.0039570536
2459382.771733545,0.0033371449,0.003961037
2459382.7731224084,-0.0008459687,0.0039567105
2459382.7745112716,-0.0010203719,0.0039532604
2459382.7759001344,0.002893567,0.0039599794
2459382.777288997,0.0032480955,0.0039579608
2459382.788399901,-0.005646825,0.0039537805
2459382.789788764,-0.0013818741,0.0039587226
2459382.7911776267,-0.0011304617,0.0039575524
2459382.79256649,6.902218e-05,0.00395604
2459382.793955352,-0.0065455437,0.003952391
2459382.7953442154,-0.010829091,0.003947337
2459382.796733078,-0.0070306063,0.0039515654
2459382.7981219413,-0.0023776293,0.003957103
2459382.7995108045,-0.002486229,0.0039544436
2459382.8008996667,-0.007712245,0.0039545745
2459382.80228853,-0.005754471,0.0039526196
2459382.8036773927,-0.0004400015,0.003954981
2459382.805066256,-0.0031638145,0.0039554383
2459382.8064551186,-0.011875212,0.0039474526
2459382.807843982,-0.004878521,0.0039555617
2459382.809232844,-0.00465101,0.0039523677
2459382.8106217072,-0.010249972,0.0039497316
2459382.81201057,-0.0054872036,0.0039520697
2459382.813399433,-0.0025169253,0.0039550993
2459382.814788296,-0.00077599287,0.003954138
2459382.8161771586,-0.004510343,0.003952887
2459382.817566022,-0.002677381,0.003954975
2459382.8189548845,-0.00851202,0.003949508
2459382.8203437477,-0.004049957,0.0039521805
2459382.8217326105,-0.004809141,0.003953469
2459382.8231214737,-0.003304541,0.003955737
2459382.824510336,-0.015351951,0.0039458093
2459382.8258991987,-0.0065128207,0.003950757
2459382.827288062,-0.00049716234,0.003957153
2459382.8286769246,-0.0028835535,0.003954414
2459382.830065788,-0.008421123,0.0039547943
2459382.83145465,-0.0028217435,0.0039546783
2459382.832843513,-0.0034172535,0.003955231
2459382.834232376,-0.0040720105,0.003955349
2459382.835621239,-0.0022420883,0.003958181
2459382.837010102,-0.004452586,0.0039548315
2459382.838398965,-0.0054121614,0.003953235
2459382.8397878273,-0.011939406,0.003950197
2459382.84117669,-0.006344497,0.003955167
2459382.8425655533,-0.0010364652,0.0039579775
2459382.843954416,-0.0049764514,0.0039549246
2459382.845343279,-0.00618881,0.0039564366
2459382.8467321415,-0.0022951365,0.0039532324
2459382.8481210046,-0.010100305,0.0039517307
2459382.8495098674,-0.0045726895,0.003955722
2459382.85089873,-0.0022885203,0.0039549656
2459382.8522875933,-0.008629382,0.0039508874
2459382.853676456,-0.010657072,0.003950891
2459382.8550653188,-0.008061767,0.0039509186
2459382.8564541815,-0.0051741004,0.003954172
2459382.857843044,-0.0015223026,0.00395651
2459382.8592319074,-0.0047763586,0.0039563742
2459382.86062077,-0.006094873,0.0039525214
2459382.8620096333,-0.009494841,0.0039503616
2459382.8633984956,-0.00069212914,0.0039564115
2459382.8647873583,-0.005879402,0.003952859
2459382.8661762215,-0.00615412,0.0039529204
2459382.8675650842,-0.0059949756,0.0039550792
2459382.868953947,-0.0047104955,0.003952896
2459382.8703428097,-0.0058826804,0.003954679
2459382.8717316724,-0.0025930405,0.003953794
2459382.873120535,-0.0040045977,0.003951389
2459382.8745093984,-0.005474448,0.0039554015
2459382.875898261,-0.009194136,0.003950511
2459382.877287124,-0.008585274,0.0039508534
2459382.8786759865,-0.012077451,0.0039525344
2459382.8800648493,-0.007689059,0.003955055
2459382.881453712,-0.006518185,0.0039542275
2459382.882842575,-0.0064241886,0.003952
2459382.884231438,-0.0028697848,0.0039534816
2459382.8856203,-0.011391342,0.003948157
2459382.887009163,-0.010259271,0.0039475057
2459382.888398026,-0.013698518,0.0039499914
2459382.889786889,-0.006013632,0.0039543374
2459382.8911757516,-0.004571736,0.0039547803
2459382.892564615,-0.0015311241,0.0039563165
2459382.893953477,-0.0061554313,0.003951887
2459382.8953423398,-0.012814283,0.003944384
2459382.8967312025,-0.008684635,0.0039501097
2459382.8981200657,-0.0081009865,0.003953241
2459382.8995089284,-0.0057809353,0.003953425
2459382.9008977907,0.0013918877,0.0039610206
2459382.9022866534,-0.012977183,0.003945618
2459382.9036755166,-0.006594658,0.0039526992
2459382.9050643793,-0.0060697794,0.0039537563
2459382.906453242,-0.005315721,0.003951948
2459382.907842105,-0.008371294,0.0039507966
2459382.9092309675,-0.00745368,0.003951319
2459382.9106198302,-0.004842818,0.0039527407
2459382.912008693,-0.007976294,0.0039494
2459382.9133975557,-0.0053750873,0.0039567016
2459382.9147864184,-0.0011378527,0.003957594
2459382.916175281,-0.00014746189,0.0039567244
2459382.917564144,-0.00670892,0.003952214
2459382.9189530066,-0.005853474,0.0039532515
2459382.9203418694,-0.0059913993,0.0039523304
2459382.921730732,-0.0039168,0.0039560487
2459382.9231195953,-0.0031873584,0.003954615
2459382.9245084575,-0.008133054,0.003948876
2459382.9258973203,-0.0099749565,0.0039510233
2459382.927286183,-0.016276658,0.003943685
2459382.9286750457,-0.0075617433,0.0039510024
2459382.9300639085,-0.010727882,0.0039494806
2459382.931452771,-0.010666668,0.00394818
2459382.932841634,-0.006201148,0.0039505064
2459382.9342304966,-0.005309224,0.003953639
2459382.9356193594,-0.0062959194,0.0039518694
2459382.937008222,-0.006850302,0.0039503505
2459382.938397085,-0.008042276,0.0039516273
2459382.939785947,-0.0019988418,0.003953256
2459382.9411748103,-0.006051719,0.003950946
2459382.942563673,-0.0060533285,0.003951523
2459382.9439525357,-0.005022645,0.003951191
2459382.9453413985,0.0014591217,0.003957189
2459382.946730261,-0.008584082,0.003950253
2459382.9481191235,-0.00561738,0.003950848
2459382.949507986,-0.0027311444,0.0039523863
2459382.950896849,-0.0014009476,0.0039533665
2459382.9522857117,-0.0062031746,0.003948998
2459382.9536745744,-0.0034461021,0.0039526457
2459382.955063437,-0.006247282,0.003951291
2459382.9564523,-0.0037472248,0.0039524985
2459382.9578411626,-0.005515039,0.003952152
2459382.9592300253,-0.0028811693,0.0039550634
2459382.960618888,-0.01090008,0.0039464897
2459382.9620077508,-0.0052936673,0.0039525568
2459382.963396613,-0.011207938,0.0039465246
2459382.9647854757,-0.0021102428,0.00395375
2459382.9661743385,-0.0030082464,0.0039529116
2459382.967563201,-0.004847765,0.0039492687
2459382.968952064,-0.0061421394,0.003949899
2459382.970340926,-0.0035154223,0.0039535216
2459382.971729789,-0.0020070076,0.003954139
2459382.9731186517,-0.0017387867,0.00395372
2459382.9745075144,-0.006850779,0.003948543
2459382.975896377,-0.0071412325,0.0039498024
2459382.97728524,-0.0036576986,0.0039493353
2459382.978674102,-0.0032451153,0.0039535793
2459382.980062965,-0.0075799823,0.0039486326
2459382.9814518276,-0.007511139,0.0039492124
2459382.9828406903,-0.0065214634,0.0039487225
2459382.984229553,-0.0050470233,0.003949579
2459382.9856184153,-0.003607452,0.0039516045
2459382.987007278,-0.009362817,0.0039502545
2459382.9883961407,-0.0039134026,0.003951853
2459382.9897850035,0.0020362139,0.003954617
2459382.991173866,0.002516985,0.0039559985
2459382.992562729,0.009536147,0.003960664
2459382.993951591,0.0069577694,0.003958994
2459382.995340454,-0.003394425,0.0039506406
2459382.9967293167,0.0010306835,0.003957024
2459382.9981181794,-0.0005763173,0.0039544525
2459382.999507042,-0.006579578,0.0039506913
2459383.0008959044,-0.0031878948,0.0039509907
2459383.002284767,-0.003144145,0.0039512482
2459383.00367363,0.0015223026,0.003954968
2459383.0050624926,-0.0013821721,0.003952174
2459383.0064513553,-0.0014514327,0.003955309
2459383.0078402176,-0.0037777424,0.003950438
2459383.00922908,0.00016522408,0.0039521134
2459383.0106179425,-0.0009101629,0.003950096
2459383.0120068053,0.0011758804,0.003952442
2459383.013395668,-0.0012340546,0.0039470387
2459383.0147845307,-0.0058063865,0.003947215
2459383.016173393,-0.002603948,0.0039518136
2459383.0175622557,0.00033199787,0.0039535332
2459383.0189511185,-0.0012614727,0.0039503644
2459383.020339981,-0.005871892,0.0039480114
2459383.0217288435,-0.0011579394,0.0039531295
2459383.023117706,-0.0025787354,0.0039537363
2459383.0245065684,0.00031507015,0.0039539994
2459383.025895431,0.00076425076,0.0039515644
2459383.027284294,-0.002413094,0.003950124
2459383.0286731566,0.0049569607,0.0039546723
2459383.0300620194,-0.0035502315,0.003949923
2459383.0314508816,-0.0060711503,0.003948679
2459383.032839744,0.0035146475,0.003955864
2459383.0342286066,0.0054273605,0.003958013
2459383.0356174693,-0.0037965178,0.0039509316
2459383.037006332,0.0027130842,0.003956625
2459383.038395195,-0.0050172806,0.0039488366
2459383.0397840566,-0.0057962537,0.003950361
2459383.0411729193,0.0025289059,0.0039536622
2459383.042561782,0.008405328,0.003957119
2459383.043950645,-0.0011256337,0.0039524855
2459383.0453395075,-0.00063622,0.003952255
2459383.04672837,0.006422758,0.0039548352
2459383.048117232,0.005147457,0.0039569233
2459383.049506095,0.0027878284,0.0039508995
2459383.0508949575,0.0013803244,0.003954697
2459383.05228382,0.006242156,0.003956747
2459383.0536726825,0.0052479506,0.003956977
2459383.0550615448,0.0011019707,0.003958153
2459383.0564504075,-0.0021124482,0.0039499244
2459383.05783927,-0.0059788823,0.0039479765
2459383.0592281325,-0.0012157559,0.003949344
2459383.060616995,0.0006287098,0.0039519034
2459383.062005858,-2.0444393e-05,0.003952853
2459383.06339472,-0.0030953288,0.0039481497
2459383.0647835825,0.0026601553,0.003954442
2459383.066172445,0.0018351078,0.0039546527
2459383.067561308,0.00061905384,0.0039526704
2459383.0689501707,0.00745368,0.003960542
2459383.0703390324,0.003407836,0.0039554136
2459383.071727895,0.0011526346,0.0039507523
2459383.073116758,-0.00019830465,0.0039519765
2459383.0745056206,0.0062584877,0.0039537945
2459383.075894483,0.003998995,0.0039534112
2459383.0772833456,-0.0025009513,0.0039488073
2459383.078672208,0.0029031038,0.003953184
2459383.08006107,-0.0009300113,0.003951859
2459383.081449933,-0.0023004413,0.0039496953
2459383.0828387956,0.005704522,0.003955752
2459383.084227658,0.00066673756,0.0039548194
2459383.08561652,0.0033307076,0.0039539495
2459383.087005383,-0.0016210675,0.0039483467
2459383.088394245,-0.0047717094,0.003946845
2459383.089783108,-0.0014167428,0.0039507677
2459383.0911719706,0.0048333406,0.003957294
2459383.092560833,0.0013496876,0.003953733
2459383.093949695,-0.00394243,0.003947604
2459383.095338558,-0.0015543103,0.0039545996
2459383.09672742,-0.004715562,0.0039480356
2459383.098116283,-0.006811559,0.00394743
2459383.0995051456,0.0036941767,0.003955817
2459383.100894008,-0.003355801,0.0039494894
2459383.10228287,-0.00037294626,0.0039523626
2459383.103671733,0.0024795532,0.0039545484
2459383.105060595,-0.0021967888,0.003951816
2459383.106449458,0.006333828,0.0039550853
2459383.10783832,0.0073376894,0.0039572916
2459383.1092271823,-0.0026424527,0.0039483923
2459383.110616045,0.0039200783,0.003955827
2459383.1120049073,-0.0042445064,0.0039488403
2459383.11339377,-0.00038409233,0.003950652
2459383.1147826323,-0.00035983324,0.00395254
2459383.116171495,-0.0021885633,0.0039494745
2459383.1175603573,-0.011971176,0.003944303
2459383.1189492196,-0.0031090975,0.0039499956
2459383.1203380823,-0.00045919418,0.0039540017
2459383.1217269446,0.00068986416,0.003954234
2459383.1231158073,0.002347231,0.0039515113
2459383.124504669,0.0022705793,0.003957573
2459383.125893532,-0.0025596023,0.0039497465
2459383.127282394,0.0022938251,0.0039595733
2459383.128671257,0.00024974346,0.003954039
2459383.1300601196,0.0019973516,0.0039525833
2459383.131448982,-0.002749741,0.0039510247
2459383.132837844,6.16312e-05,0.003954554
2459383.1342267063,-0.0034182668,0.0039481213
2459383.135615569,0.0007251501,0.0039518485
2459383.1370044313,0.00086688995,0.0039537516
2459383.138393294,0.0006759167,0.0039529055
2459383.139782156,0.0069662333,0.0039595542
2459383.1411710186,0.0017435551,0.0039556343
2459383.142559881,-0.003386259,0.0039546457
2459383.1439487436,0.004058957,0.0039554783
2459383.145337606,0.005308628,0.003958113
2459383.1467264686,-0.00037652254,0.003951684
2459383.1481153304,-0.0037996173,0.003952552
2459383.149504193,0.0010416508,0.0039522746
2459383.1508930554,0.0017046928,0.003957232
2459383.152281918,-0.00046283007,0.003956953
2459383.1536707804,-0.0029110909,0.003950669
2459383.1550596426,-0.0045210123,0.003951117
2459383.156448505,-0.0055039525,0.0039492385
2459383.157837367,0.0026881695,0.0039541693
2459383.15922623,0.00090801716,0.0039567165
2459383.160615092,-0.0014823675,0.0039496343
2459383.162003955,-0.00031977892,0.0039539635
2459383.1633928167,-0.00202322,0.003955905
2459383.1647816794,0.0016268492,0.003957191
2459383.1661705417,0.0034393072,0.003957144
2459383.167559404,-0.004061818,0.0039501498
2459383.1689482667,0.0011736155,0.0039558625
2459383.1703371285,0.0017447472,0.00395484
2459383.171725991,0.0050094128,0.003957931
2459383.1731148534,0.000490427,0.0039539044
2459383.174503716,0.004333377,0.003958218
2459383.1758925784,-0.0020361543,0.0039545186
2459383.1772814407,0.002384305,0.0039588837
2459383.178670303,0.0033663511,0.003957569
2459383.180059165,0.0057399273,0.003962369
2459383.1814480275,-0.008170545,0.00394953
2459383.18283689,-0.00030118227,0.0039549847
2459383.1842257525,-0.0018502474,0.0039558127
2459383.185614615,-0.0022276044,0.0039561163
2459383.187003477,-0.0032185316,0.0039561368
2459383.1883923393,0.00084221363,0.0039565177
2459383.189781202,0.0029518604,0.0039585596
2459383.1911700643,0.0013561249,0.0039581195
2459383.1925589265,0.0044146776,0.00395858
2459383.193947789,-0.0031817555,0.0039557405
2459383.195336651,-0.0010002851,0.0039566197
2459383.1967255133,0.0016824007,0.0039585084
2459383.198114376,-0.0011537075,0.0039567687
2459383.1995032383,0.008405447,0.00396131
2459383.2008921006,-0.0026428103,0.003953643
2459383.202280963,0.0031918287,0.0039610295
2459383.203669825,-0.000572443,0.003953211
2459383.2050586874,0.005140066,0.00395969
2459383.20644755,0.0044424534,0.0039604185
2459383.2078364124,0.0053339005,0.003960279
2459383.209225274,-0.0059365034,0.003952914
2459383.2106141364,0.005301237,0.003962084
2459383.212002999,0.000582695,0.0039564343
2459383.2133918614,-0.0015000701,0.0039560157
2459383.2147807237,0.0071485043,0.003963838
2459383.2161695864,0.0045278072,0.0039623403
2459383.217558448,-0.0055202246,0.0039528664
2459383.2189473105,0.009911418,0.0039659957
2459383.2203361727,0.00055742264,0.0039613373
2459383.2217250355,0.0012319088,0.003958575
2459383.2231138977,0.0048680305,0.003961293
2459383.2245027595,-0.002042532,0.0039557354
2459383.225891622,0.00027906895,0.003957837
2459383.2272804845,-0.0002898574,0.0039579137
2459383.228669347,-0.00031238794,0.0039577996
2459383.230058209,-0.0033217072,0.0039534196
2459383.2314470713,0.0011744499,0.003961949
2459383.2328359336,-0.0015044808,0.003956701
2459383.234224796,-0.00038576126,0.003956912
2459383.235613658,-0.003720522,0.0039546364
2459383.2370025204,0.0016762018,0.003958794
2459383.2383913826,0.0022001266,0.0039601927
2459383.239780245,0.0015858412,0.003959059
2459383.241169107,0.0028271675,0.0039611277
2459383.2425579694,-0.00067317486,0.0039574318
2459383.2439468317,-0.0041067004,0.0039575156
2459383.245335694,-0.0039018393,0.0039555593
2459383.2467245567,-0.0008173585,0.0039560203
2459383.2481134185,0.003020525,0.003959588
2459383.2495022807,-0.006559074,0.0039552716
2459383.250891143,-0.0044459105,0.0039589894
2459383.2522800053,0.004264474,0.003960761
2459383.2536688675,-0.0026811957,0.003954406
2459383.25505773,-0.0014679432,0.0039550923
2459383.256446592,-0.0003489256,0.0039592637
2459383.2578354543,-0.0035019517,0.003956528
2459383.2592243166,-0.0038556457,0.0039538443
2459383.260613179,-0.0010088682,0.003956801
2459383.262002041,-0.005783081,0.0039529833
2459383.263390903,-0.0010686517,0.0039558588
2459383.264779765,0.0066742897,0.003966972
2459383.266168628,-0.00024080276,0.003956339
2459383.26755749,-0.0050143003,0.0039529116
2459383.2689463524,0.00010025501,0.0039577964
2459383.2703352147,0.003161192,0.0039627487
2459383.2717240765,-0.0071939826,0.0039492906
2459383.2731129387,-0.009139717,0.003951474
2459383.274501801,0.007838726,0.003967734
2459383.2758906633,0.0013988018,0.003958715
2459383.2772795255,0.0038785934,0.0039599133
2459383.2786683873,0.000100016594,0.003957631
2459383.28005725,-0.0039849877,0.0039538895
2459383.2814461123,-0.0016842484,0.003955956
2459383.2828349746,-0.0056495667,0.003954264
2459383.284223837,0.0021970272,0.0039601387
2459383.285612699,0.0032379627,0.003957733
2459383.287001561,-0.0007894635,0.0039545805
2459383.288390423,-0.004364431,0.0039532743
2459383.2897792854,0.0020891428,0.003960416
2459383.2911681477,0.010755062,0.003964553
2459383.29255701,0.0030471087,0.003962072
2459383.2939458718,0.0054090023,0.0039588264
2459383.295334734,-0.005238652,0.003951744
2459383.2967235963,-0.004188001,0.0039527914
2459383.2981124585,0.0018087626,0.0039566634
2459383.299501321,-0.0004427433,0.0039539007
2459383.300890183,-0.0035877824,0.0039541596
2459383.302279045,0.0026658773,0.003954695
2459383.303667907,-0.0012127161,0.0039545093
2459383.3050567694,-0.002662599,0.00395226
2459383.3064456317,0.0027899742,0.0039582406
2459383.307834494,-0.0042452216,0.0039504888
2459383.3092233557,0.0039315224,0.003958464
2459383.310612218,-0.007379532,0.0039497125
2459383.3120010803,0.0024240017,0.003955325
2459383.3133899425,-0.0023958087,0.0039520385
2459383.314778805,-0.0030862093,0.0039518643
2459383.316167667,-0.00030118227,0.0039547426
2459383.317556529,0.0021351576,0.003956741
2459383.318945391,0.0042541027,0.003955549
2459383.3203342534,0.0018351078,0.003957931
2459383.3217231156,-0.0035803318,0.0039487914
2459383.323111978,-0.0024004579,0.003950779
2459383.3245008397,0.0006619692,0.003955011
2459383.325889702,-0.0059895515,0.0039503267
2459383.327278564,-0.0022845864,0.003950116
2459383.328667426,0.0066697598,0.003957371
2459383.3300562883,-0.0074133277,0.0039491192
2459383.3314451505,-0.0008006692,0.003951055
2459383.3328340123,-0.0006970167,0.003950377
2459383.3342228746,0.0050748587,0.0039561535
2459383.335611737,0.00095391273,0.0039538248
2459383.337000599,-0.0016764998,0.0039534736
2459383.3383894614,0.0029277802,0.0039529074
2459383.339778323,-0.0032413602,0.003953366
2459383.3411671855,0.004598856,0.0039556352
2459383.3425560473,-0.0002654791,0.0039519556
2459383.3439449095,-0.0065276027,0.0039441544
2459383.345333772,0.008250594,0.0039568255
2459383.346722634,0.0049408674,0.003954154
2459383.348111496,-0.0027086139,0.0039479877
2459383.349500358,0.0063934326,0.0039549354
2459383.3508892204,-0.006742835,0.0039429916
2459383.352278082,0.00075161457,0.0039488766
2459383.3536669444,0.0066258907,0.003954655
2459383.3550558067,-0.0019429326,0.0039481465
2459383.3564446685,0.003924012,0.003949175
2459383.3578335308,-0.0019500852,0.0039465036
2459383.359222393,-0.0028415918,0.003948322
2459383.3606112553,0.0038574934,0.003950363
2459383.362000117,0.0009902716,0.003948313
2459383.363388979,-0.0066071153,0.0039448477
2459383.364777841,0.001150012,0.0039532455
2459383.3661667034,-0.007040322,0.0039451686
2459383.3675555657,-0.0013287663,0.003947891
2459383.3689444275,0.005156398,0.0039519663
2459383.3703332897,-0.0031021237,0.003944787
2459383.3717221515,-0.0020900965,0.0039453423
2459383.373111014,0.002094388,0.003950202
2459383.374499876,-0.00086277723,0.0039459793
2459383.375888738,0.0042387247,0.0039528147
2459383.3772776,0.0011147261,0.003948619
2459383.378666462,-0.005579233,0.0039437
2459383.380055324,0.0005565882,0.0039454936
2459383.381444186,-0.0016476512,0.0039455467
2459383.3828330482,-0.003334105,0.0039465455
2459383.3842219105,0.008084893,0.0039522713
2459383.3856107728,-0.0017061234,0.00394483
2459383.386999634,0.00086438656,0.0039435523
2459383.3883884964,0.0005059242,0.0039442834
2459383.3897773586,-0.0005701184,0.0039490326
2459383.391166221,-0.00033783913,0.003946112
2459383.3925550827,0.005535841,0.0039505144
2459383.3939439445,0.0022257566,0.003945216
2459383.3953328067,-0.0006952882,0.0039416784
2459383.3967216685,-0.0012689829,0.003943526
2459383.398110531,0.0036654472,0.00394831
2459383.399499393,0.0012079477,0.003943259
2459383.4008882553,-0.00035703182,0.0039421227
2459383.4022771167,-0.0022284985,0.003941957
2459383.403665979,0.0038992167,0.003945872
2459383.405054841,-0.001234591,0.0039440435
2459383.406443703,0.0036667585,0.003946709
2459383.4078325653,0.0022611618,0.003945903
2459383.409221427,0.0021642447,0.003945718
2459383.410610289,0.0017420053,0.003944842
2459383.411999151,0.004839778,0.0039445227
2459383.4133880134,0.0035836697,0.003946157
2459383.414776875,0.005044341,0.0039464543
2459383.4161657374,-0.0018439889,0.003942548
2459383.4175545992,-0.0036094189,0.003939182
2459383.418943461,0.002627492,0.0039465423
2459383.4203323233,0.0022090673,0.0039430396
2459383.4217211856,-0.000646472,0.0039429828
2459383.4231100474,0.0071868896,0.003945313
2459383.4244989096,-0.00077044964,0.003942848
2459383.425887771,-0.0009691715,0.0039461306
2459383.427276633,0.0049940348,0.0039461735
2459383.4286654955,0.0076909065,0.0039460245
2459383.4300543573,-0.0034851432,0.0039409776
2459383.4314432195,0.0046253204,0.00394542
2459383.432832081,0.003431797,0.0039446335
2459383.434220943,-0.0014075041,0.0039404575
2459383.4356098054,0.0019323826,0.0039463537
2459383.436998667,-0.002158463,0.003939269
2459383.4383875295,-0.003354609,0.0039390908
2459383.4397763913,0.0029854774,0.0039421725
2459383.441165253,-0.0026120543,0.003941198
2459383.4425541153,0.0014595985,0.0039426563
2459383.443942977,0.0028977394,0.003942044
2459383.4453318394,-0.00075012445,0.003941164
2459383.446720701,0.0042073727,0.0039457586
2459383.448109563,-0.0009185076,0.003941137
2459383.449498425,0.004385829,0.0039429623
2459383.450887287,-0.0072833896,0.0039393096
2459383.452276149,0.0022782087,0.0039443555
2459383.453665011,-0.00795579,0.003935757
2459383.4550538734,-0.0030300021,0.00394065
2459383.4564427347,0.0029468536,0.0039430903
2459383.457831597,0.0029437542,0.0039418912
2459383.4592204588,0.0005939007,0.003941566
2459383.460609321,-0.0054032207,0.0039354977
2459383.461998183,0.0057151318,0.003947323
2459383.4633870446,-0.0009806752,0.0039398544
2459383.4647759064,0.00422287,0.0039469884
2459383.4661647687,-0.005295098,0.0039375992
2459383.4675536305,-0.0026826262,0.003937357
2459383.4689424927,0.0010402203,0.0039428077
2459383.4703313545,-0.00024342537,0.003942727
2459383.4717202163,0.0026540756,0.003943063
2459383.473109078,0.0032871962,0.003947378
2459383.4744979404,-0.0021929145,0.0039394624
2459383.475886802,-0.0008574128,0.0039410545
2459383.477275664,0.0026005507,0.0039468342
2459383.478664526,0.0032662153,0.003943577
2459383.4800533876,-0.003019452,0.003939879
2459383.48144225,0.0037029982,0.003944943
2459383.4828311116,0.0008137226,0.003943238
2459383.484219974,0.00058591366,0.003941495
2459383.4856088357,-0.00026643276,0.0039447844
2459383.4869976975,0.004110813,0.003948515
2459383.4883865593,0.0033944845,0.003943709
2459383.489775421,-0.001070261,0.0039430168
2459383.4911642834,0.00080013275,0.0039434647
2459383.492553145,-0.0013381243,0.0039402754
2459383.493942007,0.0030997992,0.0039417082
2459383.4953308688,0.0010155439,0.0039432957
2459383.4967197306,0.0021816492,0.003943215
2459383.498108593,0.0012177229,0.003945708
2459383.4994974546,0.007266164,0.0039487057
2459383.500886317,0.0011037588,0.00394362
2459383.502275178,0.00015962124,0.003943514
2459383.50366404,0.0028135777,0.003945085
2459383.5050529023,0.0037542582,0.003944608
2459383.506441764,-0.0001822114,0.0039429143
2459383.5078306263,0.004093766,0.003946203
2459383.509219488,0.0012098551,0.0039461562
2459383.5106083495,0.00390172,0.003947895
2459383.5119972117,0.0033593178,0.003947038
2459383.5133860735,-0.0009824038,0.0039434996
2459383.5147749353,0.0027799606,0.0039465977
2459383.5161637976,-0.0027734637,0.0039420137
2459383.517552659,0.0042579174,0.0039443816
2459383.5189415207,-0.0006863475,0.003939976
2459383.520330383,0.0023138523,0.0039444114
2459383.521719245,-0.0009095669,0.003945793
2459383.5231081066,0.009104252,0.0039509693
2459383.524496969,0.003614664,0.0039494038
2459383.52588583,0.0053014755,0.003950372
2459383.527274692,-0.00044292212,0.0039427113
2459383.528663554,-0.0017358065,0.0039450764
2459383.530052416,-0.0041107535,0.0039407704
2459383.531441278,-0.005341351,0.0039423783
2459383.532830139,0.005548477,0.003949214
2459383.5342190014,0.0053830147,0.0039487574
2459383.535607863,0.006545782,0.003952091
2459383.536996725,0.00017261505,0.003944468
2459383.5383855873,-0.0069755316,0.0039371713
2459383.539774449,-0.0009486079,0.0039498606
2459383.5411633104,-0.0022947192,0.0039459798
2459383.542552172,0.0037548542,0.003953045
2459383.5439410345,-0.001837492,0.003945406
2459383.5453298963,-0.0005283952,0.0039467514
2459383.546718758,0.0022989511,0.0039476375
2459383.5481076194,-0.0048288703,0.0039436617
2459383.5494964817,0.001249671,0.0039456403
2459383.5508853435,-0.0046641827,0.0039432524
2459383.5522742053,0.0052764416,0.0039519477
2459383.553663067,0.0043011904,0.0039531197
2459383.5550519293,0.0067352057,0.0039543114
2459383.5564407906,-0.0012404919,0.0039456394
2459383.5578296524,0.002577424,0.003952463
2459383.5592185142,-0.0006470084,0.003946914
2459383.560607376,0.0027583838,0.0039518136
2459383.5619962383,0.0018692017,0.0039524552
2459383.5633850996,-0.00060647726,0.003947173
2459383.5647739614,0.0015518665,0.0039522094
2459383.5661628232,0.0073878765,0.0039543523
2459383.567551685,0.0025712252,0.0039524063
2459383.5689405473,0.0043412447,0.003954105
2459383.570329409,-0.0036265254,0.0039469083
2459383.5717182704,0.0012898445,0.0039489074
2459383.573107132,-0.001439631,0.003951276
2459383.574495994,-0.0064944625,0.0039469837
2459383.575884856,0.0064030886,0.0039562797
2459383.5772737176,-0.0021389127,0.0039504683
2459383.5786625794,-0.0007445812,0.0039503253
2459383.580051441,0.0011056662,0.003952744
2459383.581440303,-0.004673481,0.0039521717
2459383.582829165,0.00092959404,0.0039558425
2459383.5842180266,-0.000944674,0.0039562737
2459383.5856068884,-0.003864944,0.003946483
2459383.5869957497,0.0025197268,0.0039536688
2459383.588384612,-0.0012336373,0.003951483
2459383.589773474,0.0044363737,0.0039566117
2459383.5911623356,0.002393961,0.003958183
2459383.5925511974,0.0018484592,0.00395518
2459383.593940059,-0.00092077255,0.0039539845
2459383.5953289205,-0.0053750873,0.003952307
2459383.5967177823,-0.0054953694,0.0039525833
2459383.598106644,-0.0013517737,0.003951536
2459383.599495506,-0.0052193403,0.0039537875
2459383.6008843677,-0.0019342899,0.00395235
2459383.6022732295,0.0014157295,0.0039570406
2459383.6036620913,-0.00011599064,0.0039571957
2459383.605050953,-0.00038349628,0.00395783
2459383.606439815,0.0033439398,0.0039603896
2459383.6078286767,-0.011750758,0.003948897
2459383.6092175385,0.0031713247,0.0039607827
2459383.6106064,0.0040006638,0.003959346
2459383.6119952616,-0.004891455,0.003949771
2459383.6133841234,-0.00064498186,0.0039586117
2459383.614772985,0.0024969578,0.003958837
2459383.616161847,-0.00059968233,0.0039563756
2459383.6175507084,0.0010640621,0.003957706
2459383.61893957,-7.56979e-06,0.003957555
2459383.620328432,0.0005171299,0.0039574397
2459383.6217172937,-5.507469e-05,0.003956497
2459383.6231061555,-0.004411161,0.0039557233
2459383.6244950173,0.0010035038,0.003958388
2459383.6258838787,0.010563016,0.003966519
2459383.6272727405,-0.006785989,0.00395275
2459383.6286616023,0.003705144,0.003962391
2459383.630050464,0.00221169,0.003959365
2459383.631439326,-0.0019429922,0.0039605256
2459383.632828187,0.004063368,0.0039642467
2459383.634217049,0.0032980442,0.0039631645
2459383.635605911,-0.00045239925,0.0039595445
2459383.6369947726,-0.0029999614,0.003959009
2459383.6383836344,0.0018728971,0.0039592558
2459383.639772496,0.0013437271,0.003962468
2459383.6411613575,-0.004043579,0.0039572497
2459383.6425502193,-0.00089913607,0.0039608316
2459383.643939081,0.00060379505,0.0039626285
2459383.645327943,-0.0022851825,0.003957795
2459383.6467168047,-0.0025459528,0.0039558588
2459383.648105666,-0.0034136772,0.0039581913
2459383.649494528,0.001126647,0.0039646677
2459383.650883389,0.002546668,0.003967507
2459383.652272251,0.0032230616,0.0039652153
2459383.6536611128,0.0022405386,0.00396597
2459383.6550499746,0.002254486,0.0039648283
2459383.656438836,-0.0063968897,0.0039582793
2459383.6578276977,-0.0030919313,0.003959114
2459383.6592165595,0.0045888424,0.003965221
2459383.6606054213,0.0013936758,0.0039642993
2459383.661994283,0.0030993223,0.003965505
2459383.663383145,-0.0018307567,0.003959848
2459383.6647720058,-0.0015970469,0.0039599338
2459383.6661608675,-0.0013766885,0.0039627864
2459383.6675497293,-0.00014352798,0.003964415
2459383.668938591,-0.0061600804,0.003962062
2459383.670327453,0.002278328,0.003965907
2459383.6717163143,-0.006510198,0.0039583044
2459383.673105176,-0.0006635189,0.003964229
2459383.674494038,-0.0013252497,0.0039634514
2459383.675882899,0.0030180216,0.003964937
2459383.677271761,0.0055775642,0.003968214
2459383.678660623,0.0016778708,0.003967317
2459383.680049484,0.0048458576,0.003970145
2459383.681438346,0.0056271553,0.0039702947
2459383.6828272077,0.006932974,0.0039707255
2459383.684216069,0.00028026104,0.003965657
2459383.685604931,0.0013061762,0.003970683
2459383.686993792,0.0022410154,0.003966248
2459383.688382654,-0.00095814466,0.003962738
2459383.689771516,-0.0040439963,0.003964353
2459383.691160377,0.0032541752,0.0039657014
2459383.692549239,-0.0010775924,0.0039650253
2459383.6939381007,0.00010120869,0.003965151
2459383.695326962,-0.00055640936,0.0039654095
2459383.696715824,0.0025093555,0.003968137
2459383.698104685,-0.004791558,0.0039643827
2459383.699493547,0.007478118,0.003969987
2459383.700882409,-0.0030249357,0.0039642537
2459383.70227127,0.0022747517,0.0039654546
2459383.7036601314,6.353855e-05,0.003969137
2459383.705048993,-0.0059038997,0.00396271
2459383.706437855,-0.0059078336,0.0039640684
2459383.707826717,-0.0011947155,0.0039655506
2459383.709215578,0.0044476986,0.0039690854
2459383.7106044395,-0.008238733,0.003960207
2459383.7119933013,0.0025998354,0.0039681355
2459383.713382163,0.0020782948,0.0039697145
2459383.7147710244,0.0034667253,0.0039706766
2459383.716159886,0.0020253658,0.0039669205
2459383.7175487475,0.0050834417,0.003969136
2459383.7189376093,-0.0026885867,0.003963497
2459383.7203264707,0.0018345118,0.0039681643
2459383.7217153325,0.0035338402,0.003969146
2459383.7231041943,0.0039530993,0.0039694374
2459383.7244930556,0.006403804,0.0039715525
2459383.725881917,-0.0044187903,0.0039657867
2459383.7272707787,0.0053184032,0.0039708936
2459383.72865964,-0.001866281,0.003964554
2459383.730048502,-0.00023770332,0.0039659855
2459383.7314373637,-0.0012667775,0.0039629163
2459383.7328262245,-0.002039373,0.0039655617
2459383.7342150863,-0.0050454736,0.0039644325
2459383.735603948,-0.001174748,0.00396559
2459383.7369928095,-0.0010318756,0.003967409
2459383.7383816713,0.0048371553,0.003970888
2459383.739770533,0.0017552376,0.003968961
2459383.741159394,-0.003866911,0.003964672
2459383.7425482557,0.0007003546,0.0039681764
2459383.7439371175,0.001970172,0.0039681518
2459383.745325979,0.0011286736,0.003968305
2459383.7467148406,-0.0071923733,0.0039617755
2459383.7481037024,0.0009407997,0.003967933
2459383.7494925633,-0.00082325935,0.0039670225
2459383.750881425,0.00095427036,0.003967755
2459383.7522702864,-0.0036606789,0.0039654975
2459383.7536591482,0.0025812387,0.0039708363
2459383.75504801,0.004267931,0.003967915
2459383.756436871,0.0031268597,0.0039730123
2459383.7578257327,0.0068552494,0.0039711706
2459383.759214594,-0.0013423562,0.0039671506
2459383.760603456,0.002628684,0.0039668353
2459383.7619923176,-0.0030674934,0.0039643324
2459383.763381179,0.0028568506,0.003967787
2459383.7647700403,-0.00037878752,0.0039701625
2459383.7661589016,-0.0080240965,0.0039621317
2459383.7675477634,0.0031369925,0.0039707073
2459383.7689366248,-7.3969364e-05,0.003965653
2459383.7703254865,0.011506438,0.0039736675
2459383.7717143474,-0.0004836321,0.003965214
2459383.773103209,-0.0027707815,0.0039653173
2459383.774492071,-0.0033422709,0.0039645894
2459383.7758809323,0.0029382706,0.0039707525
2459383.777269794,0.0015826225,0.003968881
2459383.7786586555,-0.0009840131,0.0039647017
2459383.780047517,0.0014003515,0.0039674733
2459383.781436378,0.0055099726,0.003970834
2459383.78282524,0.0006465912,0.0039675655
2459383.7842141013,0.0009366274,0.0039663357
2459383.785602963,-0.0027226806,0.0039646877
2459383.786991824,0.0010830164,0.0039700745
2459383.7883806857,0.005968809,0.0039726836
2459383.789769547,0.0017485619,0.003968066
2459383.791158409,-0.00063347816,0.003966815
2459383.79254727,-0.00060015917,0.003967115
2459383.793936132,-0.0030251741,0.0039666328
2459383.795324993,-0.009711266,0.0039610527
2459383.7967138547,-0.004352987,0.0039637974
2459383.798102716,0.000870347,0.0039683124
2459383.799491578,0.0010960102,0.0039690593
2459383.800880439,-0.006167054,0.003964171
2459383.8022693,0.004332185,0.0039722156
2459383.803658162,7.081032e-05,0.003967468
2459383.805047023,0.0010445118,0.0039648437
2459383.806435885,-0.004946649,0.003960862
2459383.8078247462,-0.0055603385,0.0039632497
2459383.809213608,0.0035777092,0.003970993
2459383.810602469,0.0015021563,0.003968318
2459383.8119913307,-0.006256759,0.003963021
2459383.813380192,0.00197649,0.003971851
2459383.8147690534,0.0027458668,0.0039687366
2459383.816157915,0.003459096,0.003968255
2459383.817546776,0.0019060373,0.0039675185
2459383.818935638,-0.0011466146,0.0039654872
2459383.820324499,0.0074187517,0.00397169
2459383.8217133605,0.0006753206,0.003965483
2459383.8231022223,-0.0018734336,0.003967021
2459383.8244910836,0.00040245056,0.0039705965
2459383.825879945,-0.002783537,0.003961582
2459383.8272688063,-0.004143715,0.003963917
2459383.8286576676,0.0025976896,0.003970032
2459383.8300465294,0.0038524866,0.0039652353
2459383.8314353907,-0.00046753883,0.0039655534
2459383.832824252,0.0050855875,0.003968653
2459383.8342131134,0.0005630255,0.0039687366
2459383.8356019747,0.0032901764,0.003968829
2459383.836990836,-0.0073341727,0.003957725
2459383.838379698,0.004111409,0.0039684414
2459383.839768559,-0.0062752366,0.0039621755
2459383.8411574205,0.0014806986,0.0039664963
2459383.842546282,-0.005355835,0.0039639766
2459383.843935143,0.0017696619,0.0039684284
2459383.8453240045,-0.00047886372,0.0039674356
2459383.8467128663,-0.0033372045,0.003963686
2459383.8481017277,-0.0004981756,0.003968159
2459383.8494905885,-0.002031207,0.003966161
2459383.8508794503,0.006585717,0.003972135
2459383.8522683117,0.003489256,0.0039721215
2459383.853657173,-0.0024054646,0.0039659482
2459383.855046035,-7.176399e-05,0.0039650835
2459383.8564348957,0.0054838657,0.003972608
2459383.857823757,-0.0012588501,0.003968791
2459383.8592126183,-1.1563301e-05,0.003967909
2459383.86060148,0.00090932846,0.003968645
2459383.8619903415,0.0036908388,0.003969057
2459383.863379203,-0.005755663,0.003963375
2459383.864768064,0.00090932846,0.0039657527
2459383.8661569254,-0.0038249493,0.0039642276
2459383.867545787,0.0036728382,0.0039705876
2459383.868934648,-0.00061666965,0.0039627664
2459383.87032351,-0.0030965805,0.003963958
2459383.871712371,-0.0057209134,0.003961829
2459383.873101232,0.004996896,0.003969639
2459383.8744900934,0.006054044,0.003971094
2459383.8758789552,-0.0017718673,0.0039685788
2459383.8772678166,0.0004914999,0.003966623
2459383.878656678,-0.0075856447,0.0039616404
2459383.880045539,0.0004043579,0.0039685485
2459383.8814344,0.00011253357,0.003968071
2459383.882823262,-0.0025551915,0.0039649843
2459383.884212123,0.005411029,0.0039727637
2459383.8856009846,0.004725814,0.003970027
2459383.8869898454,0.002108097,0.00397067
2459383.8883787068,0.0016857386,0.003967101
2459383.8897675686,0.0020691156,0.003969271
2459383.89115643,0.000777483,0.00396842
2459383.892545291,0.0033251047,0.0039701415
2459383.8939341526,0.0042153597,0.003970216
2459383.8953230134,-0.0016874075,0.0039693797
2459383.8967118748,0.005378008,0.0039671576
2459383.8981007366,-0.0037629604,0.0039639673
2459383.899489598,-0.00535661,0.0039626053
2459383.900878459,-0.0006837249,0.003965607
2459383.9022673205,-0.0010706782,0.003966199
2459383.9036561814,0.0017578602,0.003965495
2459383.9050450427,0.00062024593,0.0039665475
2459383.906433904,0.007482171,0.0039724833
2459383.907822766,0.0035202503,0.0039692083
2459383.909211627,-0.005601704,0.0039624646
2459383.910600488,-0.0017460585,0.0039649415
2459383.9119893494,-0.005323231,0.0039611063
2459383.9133782107,-0.00037515163,0.003966731
2459383.914767072,0.0018632412,0.003964686
2459383.9161559334,0.006327629,0.0039721774
2459383.9175447947,-0.0051015615,0.0039635934
2459383.9189336556,-0.0020361543,0.003967086
2459383.9203225174,-0.0013186336,0.0039643906
2459383.9217113787,0.0033329725,0.003968297
2459383.92310024,-0.0021893382,0.0039642015
2459383.9244891014,-0.0013602376,0.003963935
2459383.9258779623,0.0036925077,0.0039675827
2459383.9272668236,0.0040478706,0.003969938
2459383.928655685,0.0081784725,0.0039714957
2459383.9300445463,0.0051413774,0.0039716423
2459383.9314334076,-0.0006881356,0.003966883
2459383.932822269,-0.002123475,0.0039648167
2459383.93421113,-0.0073845387,0.003959838
2459383.935599991,0.0023441315,0.0039647175
2459383.9369888525,0.001121521,0.0039676265
2459383.938377714,-0.00017130375,0.0039674
2459383.939766575,-0.004508376,0.0039640884
2459383.941155436,0.005778432,0.0039710524
2459383.9425442973,-0.00033068657,0.0039643464
2459383.9439331586,0.00058984756,0.003967841
2459383.94532202,-0.00015282631,0.0039640046
2459383.9467108813,-0.0043477416,0.003960833
2459383.9480997426,0.0010066032,0.003964128
2459383.9494886035,0.0048137903,0.003967605
2459383.950877465,0.0013841391,0.0039649466
2459383.952266326,0.0035073757,0.0039687497
2459383.9536551875,-0.006877959,0.003960905
2459383.955044049,-0.006057143,0.0039597573
2459383.9564329097,0.0056859255,0.0039693993
2459383.957821771,0.0062246323,0.003970634
2459383.9592106324,-0.0007343888,0.003966088
2459383.9605994937,-0.004625261,0.003963573
2459383.961988355,0.0025069714,0.0039656945
2459383.9633772164,-0.006919265,0.003957276
2459383.964766077,0.0033640862,0.0039662803
2459383.9661549386,-0.004476011,0.0039613973
2459383.9675438,-0.0030430555,0.003958601
2459383.968932661,-0.0020788908,0.0039627426
2459383.9703215226,0.00025868416,0.003963816
2459383.9717103834,0.0035591125,0.00396592
2459383.9730992448,-0.002629578,0.003964186
2459383.974488106,0.0033124685,0.0039637676
2459383.9758769674,0.0037659407,0.0039677145
2459383.9772658288,0.0032490492,0.0039645946
2459383.9786546896,-0.0048880577,0.0039603263
2459383.9800435505,0.00047910213,0.0039609494
2459383.981432412,-0.002236545,0.0039583147
2459383.982821273,0.0015848875,0.0039636022
2459383.9842101345,0.0035625696,0.003965371
2459383.985598996,0.000900507,0.003965231
2459383.986987857,-0.0039869547,0.0039568525
2459383.988376718,-0.0031058192,0.0039599906
2459383.9897655793,0.0018441677,0.0039670346
2459383.99115444,0.0069354773,0.003969293
2459383.9925433015,0.0014961958,0.003964616
2459383.993932163,-0.0041433573,0.003960889
2459383.9953210237,-0.0040501356,0.003959837
2459383.996709885,0.0018817186,0.0039609643
2459383.9980987464,0.0029236078,0.003962247
2459383.9994876077,-0.008782208,0.0039557903
2459384.0008764686,0.003698349,0.0039652637
2459384.00226533,0.000677824,0.003962014
2459384.003654191,-0.0005518794,0.0039633038
2459384.005043052,-0.0001937747,0.003961878
2459384.0064319135,-0.00053983927,0.003963845
2459384.007820775,-0.001870811,0.003960351
2459384.0092096357,0.0032696724,0.003962196
2459384.0105984965,-0.005017638,0.003959563
2459384.011987358,0.0018172264,0.003963865
2459384.013376219,-0.00325495,0.003960267
2459384.0147650805,0.0011736155,0.0039618826
2459384.0161539414,0.0072681904,0.003967056
2459384.0175428027,0.004728198,0.0039632446
2459384.0189316636,0.0029245615,0.0039644977
2459384.020320525,0.0013232231,0.0039626257
2459384.0217093863,0.0017529726,0.003962402
2459384.023098247,-0.001019001,0.0039606937
2459384.0244871085,0.00074625015,0.0039598774
2459384.0258759693,0.0049954653,0.003967458
2459384.0272648307,-0.004947245,0.0039597363
2459384.0286536915,-0.0010941029,0.0039574443
2459384.030042553,0.0028136969,0.003963362
2459384.031431414,-0.0047183633,0.0039569894
2459384.0328202755,-0.002523005,0.003956562
2459384.034209136,-0.004406035,0.0039561037
2459384.0355979973,-0.00416255,0.003960073
2459384.0369868586,-0.0010871291,0.0039607747
2459384.03837572,-0.0013691187,0.003959981
2459384.039764581,0.0029729605,0.003962475
2459384.0411534416,-0.0011553168,0.0039605326
2459384.042542303,-0.0010083914,0.003960647
2459384.043931164,0.0028721094,0.003964331
2459384.045320025,-0.0022258162,0.0039595608
2459384.0467088865,-0.004734874,0.003958034
2459384.048097748,0.0009678602,0.0039617103
2459384.0494866082,-0.00032031536,0.003958739
2459384.0508754696,0.0044561625,0.0039653406
2459384.052264331,0.002530694,0.003964166
2459384.053653192,0.0004388094,0.0039600017
2459384.055042053,0.0018692017,0.003961764
2459384.056430914,0.0049159527,0.003963929
2459384.057819775,0.00097441673,0.0039592586
2459384.059208636,-0.0021341443,0.0039567477
2459384.0605974975,0.0027422905,0.003963976
2459384.0619863584,0.0028909445,0.0039592264
2459384.0633752197,-0.0048523545,0.003956613
2459384.0647640806,0.002096653,0.0039611147
2459384.0661529414,0.00627625,0.0039653652
2459384.067541803,0.0019797087,0.0039631384
2459384.0689306636,0.0014762878,0.003959394
2459384.070319525,0.004447937,0.0039642947
2459384.0717083863,0.0016382933,0.0039585573
2459384.0730972467,0.005126834,0.0039655385
2459384.074486108,-0.0029096603,0.0039567067
2459384.0758749694,0.0032607317,0.003961553
2459384.07726383,-0.005446732,0.0039571133
2459384.0786526916,0.0011262894,0.003960452
2459384.080041552,0.00024080276,0.003961132
2459384.0814304133,-0.0045489073,0.0039605116
2459384.0828192746,0.0013222694,0.0039612176
2459384.0842081355,0.0015945435,0.003962376
2459384.085596997,0.0012458563,0.0039618458
2459384.0869858577,0.006251693,0.003964882
2459384.0883747186,0.0034662485,0.0039664456
2459384.0897635794,0.000611186,0.0039599426
2459384.0911524408,-0.0048598647,0.0039562117
2459384.092541302,0.002975583,0.003961463
2459384.093930163,-0.0031954646,0.003959087
2459384.095319024,0.0018328428,0.003960442
2459384.0967078847,0.0016959906,0.0039611496
2459384.098096746,0.0014121532,0.0039609005
2459384.099485607,-0.0004208684,0.0039603636
2459384.100874468,0.0031383038,0.0039599366
2459384.102263329,-0.0014309287,0.00395969
2459384.10365219,0.00035011768,0.0039593913
2459384.105041051,-0.0027710795,0.0039585056
2459384.106429912,0.0008958578,0.0039593074
2459384.107818773,0.0012387037,0.003960425
2459384.1092076343,-0.005366802,0.003959003
2459384.1105964947,0.0007377863,0.0039621852
2459384.111985356,-0.002537191,0.0039592003
2459384.113374217,-0.0012369752,0.003961721
2459384.1147630783,-0.0072420835,0.003956078
2459384.116151939,0.0051004887,0.0039646304
2459384.1175408005,0.0031774044,0.0039631533
2459384.118929661,-0.0021508932,0.003960912
2459384.120318522,-0.0003425479,0.0039605154
2459384.121707383,0.00372684,0.0039639818
2459384.1230962444,0.0029958487,0.003962269
2459384.1244851053,0.0027157068,0.0039620795
2459384.125873966,0.006630063,0.003965457
2459384.127262827,-0.0021633506,0.0039585154
2459384.1286516883,-0.0046943426,0.0039587733
2459384.130040549,-0.00920248,0.003957727
2459384.13142941,0.00041878223,0.003961182
2459384.1328182714,-0.0022054315,0.0039611096
2459384.134207132,-0.004073739,0.0039595608
2459384.135595993,-0.005584538,0.0039561703
2459384.136984854,0.005791545,0.00396553
2459384.1383737153,-0.0020506382,0.003957604
2459384.139762576,-0.003668189,0.0039607524
2459384.1411514366,0.008142114,0.0039696693
2459384.142540298,-0.004738927,0.003957659
2459384.143929159,0.006503105,0.0039657867
2459384.14531802,-0.0014818311,0.0039612846
2459384.146706881,0.007735729,0.003967324
2459384.148095742,-0.0010288954,0.0039647934
2459384.1494846027,0.0024482012,0.0039632795
2459384.1508734636,-0.0033325553,0.003958911
2459384.152262325,0.0019264221,0.003964629
2459384.153651186,-0.0006619692,0.003962853
2459384.1550400467,0.0033932924,0.00396275
2459384.156428908,0.000338912,0.003965151
2459384.1578177684,0.002067566,0.0039607803
2459384.1592066293,-0.0020441413,0.0039593684
2459384.1605954906,0.0008368492,0.003963732
2459384.1619843515,-0.0040814877,0.0039612395
2459384.1633732123,0.0002360344,0.003963433
2459384.164762073,0.002504468,0.003964951
2459384.166150934,-0.0025596619,0.0039578737
2459384.167539795,0.0035889149,0.003966425
2459384.1689286563,-0.0014637709,0.003961427
2459384.170317517,-0.00475204,0.0039582457
2459384.171706378,0.004850745,0.0039630253
2459384.173095239,-0.0036649704,0.00395887
2459384.1744840997,-0.00030380487,0.003961298
2459384.1758729606,0.00095307827,0.0039652013
2459384.177261822,-0.0021273494,0.0039603245
2459384.178650683,-0.0029079914,0.003959796
2459384.180039543,-0.002002418,0.0039609894
2459384.181428404,-0.0015197396,0.003961722
2459384.1828172654,0.008149028,0.003969505
2459384.1842061263,0.006540656,0.0039685573
2459384.185594987,-0.0073562264,0.003958015
2459384.186983848,0.006086588,0.003966346
2459384.188372709,0.0007517338,0.0039627166
2459384.1897615697,-0.0013942122,0.0039642304
2459384.1911504306,0.007070899,0.003968519
2459384.192539292,-0.00062417984,0.003963393
2459384.193928153,-0.0018404126,0.003963932
2459384.195317013,-5.9604645e-06,0.003962174
2459384.196705874,0.0052684546,0.003965836
2459384.198094735,-0.0056417584,0.0039583533
2459384.1994835963,-0.0017613173,0.0039626253
2459384.200872457,-0.0059801936,0.0039592986
2459384.202261318,0.004323244,0.003964648
2459384.2036501784,-0.005007148,0.003962866
2459384.2050390397,-0.007324636,0.003955659
2459384.2064279006,0.0031673908,0.003964873
2459384.2078167615,0.001109004,0.003963776
2459384.2092056223,-0.0050626993,0.003958632
2459384.2105944827,-0.0071923733,0.0039576287
2459384.211983344,0.0027455091,0.003965044
2459384.213372205,0.0012221336,0.0039628916
2459384.214761066,0.0016466379,0.0039634784
2459384.2161499267,0.005117297,0.0039660647
2459384.2175387875,-1.0967255e-05,0.003964197
2459384.218927648,-0.0046029687,0.0039595063
2459384.2203165093,-0.005829811,0.0039561912
2459384.22170537,0.005323291,0.0039655142
2459384.223094231,0.003211975,0.003965992
2459384.224483092,0.0017902851,0.0039649275
2459384.2258719527,0.00091671944,0.0039668377
2459384.227260813,0.007421136,0.0039661922
2459384.2286496744,0.00069105625,0.0039641564
2459384.2300385353,-0.006372094,0.0039584385
2459384.231427396,-0.00088864565,0.003960747
2459384.232816257,-0.009457648,0.0039539794
2459384.2342051174,0.00029957294,0.0039642546
2459384.2355939783,-0.0036967993,0.0039602173
2459384.236982839,0.0018156767,0.003963378
2459384.2383717,-0.0062758327,0.0039584897
2459384.239760561,-0.004404664,0.003959342
2459384.2411494222,0.0033578873,0.003963563
2459384.2425382826,-0.003457725,0.0039611794
2459384.2439271435,0.0074642897,0.003967653
2459384.2453160044,0.0019059181,0.0039652972
2459384.2467048652,0.0029952526,0.0039657117
2459384.248093726,-0.002865076,0.00396178
2459384.2494825865,0.0032052994,0.0039661885
2459384.2508714474,-0.0039116144,0.003960444
2459384.2522603082,-0.0074092746,0.0039601936
2459384.253649169,0.0049105883,0.003965384
2459384.25503803,0.0016691685,0.003963896
2459384.256426891,0.00012135506,0.0039642337
2459384.2578157512,0.00069487095,0.0039636656
2459384.2592046126,0.0034377575,0.0039655524
2459384.2605934734,0.0016833544,0.0039641922
2459384.2619823343,-0.0029811263,0.003960323
2459384.263371195,0.005378723,0.0039675054
2459384.2647600556,-0.0047237277,0.0039599314
2459384.2661489164,-0.00039976835,0.0039637187
2459384.2675377773,0.0011595488,0.0039653736
2459384.268926638,0.0009958744,0.003963698
2459384.270315499,0.005964637,0.003967123
2459384.27170436,-0.0007992387,0.003962962
2459384.2730932203,-0.0020526648,0.00395947
2459384.274482081,-0.0046702623,0.003957257
2459384.275870942,0.0024303198,0.0039633913
2459384.277259803,0.005378604,0.003967382
2459384.278648664,-0.0010940433,0.003959683
2459384.280037524,0.0007946491,0.003962769
2459384.281426385,0.008044243,0.0039658784
2459384.282815246,0.0018242598,0.0039645154
2459384.284204107,-0.002649963,0.0039588637
2459384.2855929676,0.00094008446,0.003960899
2459384.2869818285,0.0021189451,0.0039594998
2459384.2883706884,-0.00039470196,0.0039607696
2459384.2897595493,0.0063188076,0.003965437
2459384.29114841,0.002506137,0.003962194
2459384.292537271,0.0019840002,0.003962347
2459384.293926132,0.001775384,0.003961438
2459384.2953149923,-0.002583027,0.0039582797
2459384.296703853,-0.0046899915,0.0039581964
2459384.298092714,-0.001986146,0.0039581256
2459384.299481575,0.0021576881,0.0039613727
2459384.300870436,-0.0046182275,0.0039575663
2459384.3022592966,-0.0029870272,0.0039618495
2459384.303648157,-0.0017031431,0.003956634
2459384.305037018,0.0025244951,0.0039629964
2459384.3064258783,-0.00217247,0.0039580823
2459384.307814739,-0.005179167,0.0039570844
2459384.3092036,-0.004960239,0.0039568315
2459384.310592461,0.0020269156,0.003960661
2459384.3119813213,0.0021761656,0.003959095
2459384.313370182,-0.0019326806,0.0039536967
2459384.314759043,0.0023249388,0.00395979
2459384.316147904,0.00035619736,0.0039627412
2459384.317536765,-0.00017362833,0.0039596367
2459384.3189256247,0.008109689,0.0039656605
2459384.3203144856,-0.00042760372,0.0039617294
2459384.3217033464,0.0013028383,0.0039596483
2459384.3230922073,0.0019257069,0.003961583
2459384.324481068,0.00059354305,0.003958575
2459384.325869929,0.0046077967,0.0039612395
2459384.327258789,-0.0017365217,0.00395923
2459384.32864765,0.000680089,0.003956226
2459384.3300365107,-0.00053340197,0.003958884
2459384.3314253716,0.0022774935,0.003956324
2459384.3328142324,0.00040602684,0.0039559896
2459384.334203093,0.0011609793,0.003956282
2459384.3355919532,0.0053147078,0.00395899
2459384.336980814,0.0026630163,0.0039592674
2459384.338369675,0.007305503,0.003961623
2459384.339758536,0.002073288,0.003957853
2459384.3411473967,0.0030362606,0.003960344
2459384.3425362566,0.002954483,0.0039592753
2459384.3439251175,0.006836176,0.0039596413
2459384.3453139784,0.0014914274,0.0039575007
2459384.3467028392,-0.0059434175,0.0039517824
2459384.3480917,5.686283e-05,0.0039538355
2459384.34948056,-0.001448214,0.00395317
2459384.350869421,-7.0512295e-05,0.00395415
2459384.352258282,0.0050121546,0.0039595775
2459384.3536471426,-0.0004912019,0.0039531286
2459384.355036003,0.0009874105,0.0039547747
2459384.356424864,0.0018162727,0.0039546317
2459384.3578137243,-0.00041270256,0.003959349
2459384.359202585,0.0024664402,0.0039562327
2459384.3605914456,7.7962875e-05,0.0039536827
2459384.3619803065,0.0015351772,0.003955096
2459384.3633691673,-0.00469929,0.00394976
2459384.3647580273,-0.0033314228,0.003952236
2459384.366146888,0.0022188425,0.0039548166
2459384.367535749,-0.00059753656,0.003955178
2459384.36892461,-0.004866302,0.0039477358
2459384.3703134703,-0.0025470257,0.0039462885
2459384.371702331,0.00025558472,0.0039514042
2459384.3730911915,-0.004123211,0.0039503626
2459384.374480052,-0.0036081672,0.003947426
2459384.375868913,0.0019044876,0.003955232
2459384.3772577737,0.0001270771,0.0039525027
2459384.378646634,-0.005261123,0.003946651
2459384.3800354945,-0.0047568083,0.003949576
2459384.3814243553,0.0015137196,0.0039545945
2459384.3828132157,-0.0018989444,0.003949335
2459384.3842020766,0.0012158155,0.003950248
2459384.3855909375,0.0006431341,0.003949946
2459384.386979798,-0.0002297759,0.0039516925
2459384.3883686583,0.00016343594,0.0039475537
2459384.389757519,-0.0059227347,0.0039515807
2459384.3911463795,-0.0031523705,0.003948941
2459384.3925352404,0.0034563541,0.0039516017
2459384.3939241013,-0.004552424,0.003949811
2459384.3953129617,0.0026435852,0.003950274
2459384.396701822,0.0032881498,0.0039526736
2459384.3980906825,0.00075006485,0.0039485656
2459384.3994795433,0.0020074844,0.003946409
2459384.400868404,-0.00035011768,0.0039473316
2459384.4022572646,0.0062525272,0.0039520976
2459384.403646125,0.0026509762,0.0039501116
2459384.4050349854,5.364418e-06,0.0039466624
2459384.4064238463,-0.0011575222,0.003946435
2459384.407812707,-0.00055116415,0.003948072
2459384.4092015675,-0.0027441978,0.003944935
2459384.4105904284,0.0017857552,0.003948361
2459384.4119792883,-0.00044476986,0.0039479565
2459384.413368149,0.0008547306,0.0039474093
2459384.41475701,0.0028301477,0.0039494396
2459384.4161458705,0.00037837029,0.0039481623
2459384.4175347313,-0.0020471215,0.0039484454
2459384.4189235913,-0.0027192235,0.003945746
2459384.420312452,0.003371358,0.0039492846
2459384.4217013125,-0.00012850761,0.0039466773
2459384.4230901734,-0.002112925,0.003944247
2459384.424479034,-0.00031739473,0.0039487537
2459384.4258678947,0.0018993616,0.0039496804
2459384.4272567546,0.0013358593,0.003947996
2459384.4286456155,0.0038810968,0.0039484045
2459384.4300344763,0.0022619963,0.00394817
2459384.4314233367,-0.00063049793,0.0039441646
2459384.4328121976,-0.003166616,0.00394554
2459384.4342010575,0.0014330149,0.003949516
2459384.4355899184,0.005400777,0.003951389
2459384.436978779,-0.00095283985,0.003946896
2459384.4383676397,-0.0018740892,0.0039487113
2459384.4397565,-0.0014766455,0.003948556
2459384.441145361,-0.0054367185,0.0039434764
2459384.442534221,-0.001982808,0.0039451215
2459384.4439230813,-0.0004823208,0.0039437246
2459384.445311942,0.0022393465,0.00395014
2459384.4467008025,0.0019460917,0.003950325
2459384.4480896634,0.003328681,0.00395167
2459384.4494785233,0.0010094643,0.003946786
2459384.450867384,0.0007060766,0.0039508217
2459384.4522562446,0.000983119,0.003949685
2459384.4536451055,0.0041891336,0.0039493907
2459384.455033966,-3.9696693e-05,0.0039485134
2459384.4564228267,-0.0024088025,0.003948701
2459384.4578116867,-0.005412519,0.0039466447
2459384.459200547,-0.00022476912,0.0039423336
2459384.460589408,-0.0061653852,0.0039405753
2459384.4619782683,0.006334424,0.0039527076
2459384.463367129,0.0005916357,0.003948554
2459384.4647559896,0.0008291006,0.003946719
2459384.46614485,0.0021437407,0.003950767
2459384.4675337104,0.0020923615,0.0039475723
2459384.468922571,0.0013996363,0.003948533
2459384.4703114317,0.003539443,0.003951169
2459384.471700292,0.0035222769,0.0039504147
2459384.4730891525,-0.0033664107,0.00394578
2459384.474478013,-0.004316807,0.0039474205
2459384.4758668733,-0.0073572993,0.003939657
2459384.477255734,-0.002339065,0.0039473874
2459384.4786445946,0.008353114,0.0039549856
2459384.480033455,0.0054662228,0.0039516767
2459384.4814223154,0.002079606,0.0039472706
2459384.4828111758,-0.0021423101,0.0039448612
2459384.484200036,0.0042334795,0.0039494787
2459384.485588897,0.0026774406,0.0039501796
2459384.4869777574,0.0041092634,0.0039517204
2459384.488366618,-0.006199181,0.0039446987
2459384.489755478,0.0020164251,0.003950987
2459384.4911443386,-0.003121376,0.003948482
2459384.4925331995,0.0073820353,0.003953521
2459384.49392206,-0.0013183951,0.0039495467
2459384.4953109203,-0.005737841,0.003948083
2459384.49669978,0.0007277727,0.003951631
2459384.498088641,0.007098913,0.0039535468
2459384.4994775015,0.004122734,0.003951156
2459384.500866362,0.0024061203,0.003952192
2459384.5022552228,-0.001183331,0.003945106
2459384.5036440827,-0.0063026547,0.0039407043
2459384.505032943,-0.0021303296,0.003948989
2459384.506421804,-0.003093183,0.0039451784
2459384.5078106644,0.0062184334,0.0039514
2459384.5091995248,-0.0023225546,0.003946968
2459384.510588385,0.0009676218,0.0039500794
2459384.5119772456,0.0026379824,0.0039528264
2459384.513366106,0.0029917955,0.0039544897
2459384.5147549664,-0.004493475,0.0039492114
2459384.516143827,0.002871871,0.0039535756
2459384.5175326876,-0.0004942417,0.003949853
2459384.5189215476,7.843971e-05,0.0039492203
2459384.520310408,-0.0032064319,0.00394655
2459384.5216992684,-7.3075294e-05,0.0039523807
2459384.5230881292,0.0011249781,0.003949758
2459384.5244769896,0.0016114712,0.0039495016
2459384.52586585,0.00083732605,0.003949872
2459384.52725471,0.005681038,0.0039545847
2459384.528643571,0.00021064281,0.0039503486
2459384.5300324312,-0.00044059753,0.003951881
2459384.5314212916,0.0096594095,0.003955886
2459384.532810152,0.00058567524,0.00395024
2459384.534199012,0.0047079325,0.003957656
2459384.535587873,-0.0018642545,0.003947774
2459384.5369767332,0.004504323,0.003957057
2459384.5383655936,-0.0012107491,0.003950279
2459384.539754454,-0.0030810237,0.00394989
2459384.5411433144,0.0014162064,0.0039540483
2459384.542532175,-0.0034643412,0.00395239
2459384.5439210352,-0.0022672415,0.0039502187
2459384.5453098956,0.0009562969,0.0039553302
2459384.546698756,-0.0028254986,0.0039521535
2459384.5480876165,0.0010732412,0.003954861
2459384.549476477,0.0009149313,0.0039564637
2459384.550865337,0.0021820068,0.0039493404
2459384.5522541977,0.0009006262,0.003955555
2459384.553643058,-0.00864625,0.003945971
2459384.5550319185,0.00014257431,0.0039520473
2459384.556420779,0.0016040802,0.0039550476
2459384.557809639,0.0018769503,0.0039557996
2459384.559198499,9.23872e-05,0.0039549484
2459384.5605873596,-0.0010120869,0.003951483
2459384.5619762205,-0.0011572838,0.003953777
2459384.563365081,-0.0011912584,0.00395178
2459384.5647539413,-0.0005161166,0.003958562
2459384.566142801,0.0032316446,0.0039568
2459384.5675316616,-0.0028558373,0.0039524944
2459384.568920522,-0.0025117397,0.0039541065
2459384.5703093824,-0.000993967,0.003953586
2459384.571698243,0.0013381243,0.003955006
2459384.5730871027,-0.00439924,0.003953026
2459384.574475963,0.0046977997,0.003958012
2459384.5758648235,-0.0036272407,0.0039500305
2459384.5772536844,0.0013233423,0.00395663
2459384.578642545,-0.0003247261,0.00395848
2459384.580031405,0.0028793812,0.0039536855
2459384.581420265,-0.0033584237,0.0039540157
2459384.5828091255,-0.0024490952,0.0039564124
2459384.584197986,-0.004513085,0.003952191
2459384.5855868463,0.002511382,0.0039604125
2459384.5869757067,-0.0061997175,0.003954654
2459384.5883645667,-0.0026519299,0.0039563784
2459384.589753427,-1.0550022e-05,0.0039575268
2459384.5911422875,0.006634593,0.0039635934
2459384.592531148,0.0020515919,0.0039600856
2459384.5939200083,-0.0014178157,0.003958601
2459384.5953088687,0.00248456,0.003961266
2459384.5966977286,0.0006543398,0.0039598867
2459384.598086589,0.003275156,0.00396081
2459384.5994754494,0.002890706,0.0039611086
2459384.60086431,-0.00065767765,0.003956901
2459384.60225317,0.002898693,0.0039621815
2459384.60364203,0.0060794353,0.0039636428
2459384.6050308906,-0.002928555,0.003957396
2459384.606419751,-0.0005297661,0.0039595272
2459384.6078086114,0.005367875,0.003964391
2459384.6091974718,0.009609342,0.003969137
2459384.610586332,-0.0038523674,0.0039592097
2459384.611975192,0.0017135143,0.003960531
2459384.6133640525,0.00172472,0.0039609284
2459384.614752913,-0.0017464161,0.0039616125
2459384.6161417733,0.0052182674,0.0039640754
2459384.6175306337,0.00248003,0.003960738
2459384.6189194936,-0.0027413964,0.003958203
2459384.620308354,0.0023591518,0.003964532
2459384.6216972144,-0.005533874,0.0039569954
2459384.6230860744,0.0046024323,0.003963304
2459384.624474935,0.00045192242,0.0039636856
2459384.625863795,0.005752206,0.003966248
2459384.627252655,-0.0020003915,0.003960878
2459384.6286415155,0.0067265034,0.0039684908
2459384.630030376,0.002467513,0.0039633797
2459384.6314192363,0.005482316,0.0039698407
2459384.6328080967,0.002445221,0.00396583
2459384.634196957,-0.010583401,0.0039570057
2459384.635585817,-0.0043951273,0.003961023
2459384.6369746774,0.009747744,0.003972577
2459384.6383635374,-0.002244234,0.0039625694
2459384.639752398,-0.0011129975,0.003964629
2459384.641141258,-1.7523766e-05,0.0039651385
2459384.642530118,-0.005590081,0.0039614355
2459384.6439189785,-0.0039001107,0.003964589
2459384.645307839,0.0074772835,0.003969837
2459384.6466966993,-0.006956339,0.00396169
2459384.6480855593,-0.0022295713,0.0039624902
2459384.6494744197,0.00085771084,0.003965117
2459384.6508632796,0.005921364,0.003968574
2459384.65225214,-0.0027344823,0.0039633713
2459384.6536410004,0.0059108734,0.003969549
2459384.655029861,-0.00059479475,0.0039667836
2459384.6564187207,0.0035780668,0.003968922
2459384.6578075807,0.00016283989,0.003969719
2459384.659196441,-0.0044575334,0.003964968
2459384.6605853015,-0.007368028,0.003962381
2459384.661974162,0.0028208494,0.0039667645
2459384.6633630223,0.0017625093,0.003966578
2459384.664751882,0.0054479837,0.0039718645
2459384.666140742,-0.0038368702,0.003965916
2459384.6675296025,0.0027093887,0.0039665415
2459384.668918463,-0.0016638637,0.003965678
2459384.6703073233,0.0011513233,0.0039669503
2459384.6716961833,-0.001188755,0.00396852
2459384.673085043,0.0006388426,0.003967699
2459384.6744739036,0.0025248528,0.003971211
2459384.675862764,0.0019568205,0.0039709923
2459384.677251624,-0.002262175,0.0039677294
2459384.6786404843,0.0002168417,0.00397211
2459384.6800293447,-0.0037371516,0.0039653857
2459384.6814182047,-0.0024006367,0.003966534
2459384.6828070646,-0.0035921335,0.003968859
2459384.684195925,-0.0020626783,0.0039693117
2459384.6855847854,0.0028572083,0.0039714566
2459384.686973646,0.003755927,0.0039722016
2459384.6883625053,-0.0032691956,0.0039675804
2459384.6897513657,0.00062680244,0.0039703734
2459384.691140226,0.0035933256,0.0039722854
2459384.6925290865,0.0019706488,0.0039727623
2459384.6939179464,0.004802704,0.003973517
2459384.695306807,0.0006725788,0.0039710067
2459384.6966956668,0.0041640997,0.0039716493
2459384.6980845267,0.0024527311,0.003970975
2459384.699473387,-0.0038189888,0.0039664987
2459384.7008622475,0.0054644346,0.003974676
2459384.7022511074,-0.00089871883,0.003969585
2459384.7036399674,0.0032758713,0.003971443
2459384.705028828,0.0010323524,0.003970611
2459384.7064176877,-0.00034850836,0.00396879
2459384.707806548,-0.0027183294,0.003968666
2459384.7091954085,-0.0024808645,0.003970399
2459384.7105842684,0.0009768009,0.003972225
2459384.7119731284,-0.002008617,0.0039670654
2459384.713361989,0.00010943413,0.003972266
2459384.7147508487,0.00092697144,0.003972699
2459384.716139709,0.005478978,0.003973169
2459384.7175285695,0.0052496195,0.0039741914
2459384.7189174294,-0.0022245646,0.00397016
2459384.7203062894,0.00048565865,0.003971359
2459384.72169515,-0.011012137,0.003965408
2459384.7230840097,-0.0054066777,0.003969417
2459384.72447287,0.00747478,0.003976958
2459384.72586173,-0.0044392347,0.003965922
2459384.72725059,-0.0034145117,0.003967211
2459384.7286394504,-0.0035012364,0.0039679524
2459384.7300283103,-0.0070773363,0.003962511
2459384.7314171707,-0.006213963,0.0039660227
2459384.7328060307,0.0026519299,0.0039729406
2459384.734194891,0.0001642704,0.0039698435
2459384.735583751,0.0050611496,0.0039770105
2459384.736972611,-0.00087219477,0.0039699217
2459384.7383614713,0.0042920113,0.003974071
2459384.7397503313,-0.00308007,0.003968596
2459384.7411391917,0.003198862,0.0039726286
2459384.7425280516,-0.0035184026,0.003969567
2459384.7439169115,0.00012493134,0.003970178
2459384.745305772,0.0018613338,0.00397169
2459384.746694632,0.0019949675,0.003972963
2459384.7480834923,-3.2186508e-06,0.0039715767
2459384.749472352,-0.0030231476,0.003970263
2459384.750861212,0.0022900105,0.0039717862
2459384.752250072,0.0019419193,0.003973212
2459384.7536389325,-0.00068336725,0.003969081
2459384.7550277924,0.00013780594,0.003970838
2459384.756416653,0.0007265806,0.0039703655
2459384.7578055123,0.0025007725,0.003972062
2459384.7591943727,-0.0064888597,0.0039646765
2459384.760583233,0.00023984909,0.003972571
2459384.761972093,0.0010403395,0.0039665163
2459384.7633609534,0.0017843246,0.003971774
2459384.7647498134,0.002196908,0.003970806
2459384.7661386733,-0.00052016973,0.003970223
2459384.767527533,-0.0005389452,0.003971782
2459384.768916393,0.0074698925,0.0039763413
2459384.7703052536,0.0030691624,0.0039734514
2459384.7716941135,-0.0005424619,0.003970969
2459384.7730829734,0.003185153,0.003972543
2459384.7744718334,0.0027457476,0.0039726035
2459384.775860694,0.005250931,0.0039720754
2459384.7772495537,0.006842017,0.0039748065
2459384.778638414,-0.0028372407,0.003972117
2459384.780027274,-0.0068184137,0.0039677443
2459384.781416134,-0.008747399,0.0039648204
2459384.782804994,-0.0042700768,0.003970525
2459384.7841938543,0.0014804602,0.0039735604
2459384.7855827142,0.0010915995,0.0039732526
2459384.786971574,-0.0015459061,0.003970895
2459384.7883604346,0.0017555952,0.0039735013
2459384.789749294,-0.00036007166,0.0039700815
2459384.7911381545,0.0035655499,0.0039728414
2459384.7925270144,0.0032104254,0.0039726687
2459384.7939158743,-0.0019183755,0.0039692456
2459384.7953047347,0.0054876804,0.0039738705
2459384.796693594,0.00015699863,0.0039724368
2459384.7980824546,-0.005344689,0.003966848
2459384.7994713145,0.00026500225,0.003972557
2459384.8008601745,0.0039367676,0.003974629
2459384.802249035,-0.0017030835,0.003969344
2459384.803637895,-0.0023944974,0.0039692046
2459384.8050267547,-0.00064468384,0.003969398
2459384.8064156147,0.0015459061,0.0039738812
2459384.8078044746,0.0017575026,0.003973257
2459384.809193335,-0.008323371,0.003966047
2459384.810582195,-0.005221784,0.003970557
2459384.8119710544,-0.003127098,0.003967118
2459384.813359915,-0.002757907,0.003969472
2459384.8147487747,-0.0005094409,0.003973112
2459384.8161376347,0.0016348362,0.003972382
2459384.817526495,0.0012253523,0.0039734147
2459384.818915355,0.001855135,0.003972378
2459384.8203042145,0.0053904057,0.0039717155
2459384.821693075,0.003952861,0.0039734314
2459384.823081935,-0.0005745292,0.0039680274
2459384.8244707948,-0.0016029477,0.003968669
2459384.825859655,0.0026733875,0.0039699054
2459384.8272485146,0.0047730207,0.0039759586
2459384.8286373746,-0.0014380813,0.003972397
2459384.830026235,-0.0017368793,0.003970882
2459384.831415095,0.0036981106,0.0039738403
2459384.832803955,0.0010656118,0.003970218
2459384.8341928152,0.0011018515,0.00396876
2459384.8355816747,-0.003010273,0.0039695436
2459384.8369705346,0.002180457,0.003973203
2459384.8383593946,-0.006555915,0.0039671296
2459384.839748255,-0.005309999,0.003968472
2459384.841137115,0.0010654926,0.0039764754
2459384.8425259744,0.0024163723,0.0039746854
2459384.8439148343,0.0014461279,0.003972001
2459384.8453036947,-0.005641043,0.0039667515
2459384.8466925547,-0.0062714815,0.003970004
2459384.8480814146,-0.0021548271,0.00397029
2459384.8494702745,-0.0024765134,0.0039697844
2459384.8508591345,-0.0063897967,0.0039660227
2459384.8522479944,-0.0050771236,0.0039663236
2459384.8536368543,-0.0011969805,0.0039695455
2459384.8550257143,0.005683422,0.003978278
2459384.8564145747,-0.005257666,0.003967215
2459384.857803434,0.006246209,0.0039771227
2459384.859192294,-0.002008438,0.0039687227
2459384.860581154,0.0038018227,0.0039727627
2459384.861970014,0.00043582916,0.0039715627
2459384.8633588743,-0.002059698,0.0039708675
2459384.8647477343,-0.0006301403,0.003971537
2459384.8661365937,0.00046658516,0.003970087
2459384.8675254537,0.0021531582,0.0039723483
2459384.8689143136,0.0016738176,0.0039736275
2459384.870303174,0.00024056435,0.0039678724
2459384.871692034,-0.0008520484,0.003971121
2459384.873080894,0.004860282,0.003975675
2459384.8744697534,0.006254077,0.0039753853
2459384.8758586133,-0.005128801,0.003967247
2459384.877247473,-0.005053818,0.003969347
2459384.878636333,-0.0037171245,0.0039687767
2459384.8800251936,-0.00078231096,0.0039761555
2459384.881414053,-1.31726265e-05,0.003972395
2459384.882802913,0.002777934,0.0039734617
2459384.884191773,0.0028979778,0.0039752335
2459384.885580633,-0.0022206306,0.003968951
2459384.886969493,0.0012072325,0.003971923
2459384.8883583527,-0.0032579303,0.003972296
2459384.8897472126,-0.0010551214,0.0039718146
2459384.8911360726,0.0024700165,0.0039733597
2459384.8925249325,0.0048941374,0.003978261
2459384.8939137924,-0.0032936335,0.003969894
2459384.8953026524,0.00027751923,0.003967812
2459384.896691512,-0.0025221705,0.003969928
2459384.898080372,-0.001959443,0.0039695073
2459384.8994692317,9.727478e-05,0.0039745346
2459384.9008580917,0.0018520355,0.0039701695
2459384.9022469516,0.002496481,0.0039750063
2459384.903635812,-0.001108408,0.0039691743
2459384.9050246715,0.0046265125,0.0039749555
2459384.9064135314,0.0019426346,0.0039734305
2459384.9078023913,-0.0028737783,0.003966917
2459384.9091912513,0.0031758547,0.003972891
2459384.910580111,0.0023674965,0.0039727595
2459384.9119689707,0.0012677908,0.0039740726
2459384.9133578306,0.00025987625,0.0039690635
2459384.9147466905,0.00029802322,0.0039712577
2459384.9161355505,-0.002652526,0.0039679073
2459384.9175244104,0.005650282,0.0039758654
2459384.9189132703,0.0051870346,0.0039752326
2459384.92030213,0.0040363073,0.003975305
2459384.9216909898,-5.6266785e-05,0.0039718295
2459384.9230798497,0.00034451485,0.003973287
2459384.9244687096,0.0015244484,0.0039716265
2459384.9258575696,1.5616417e-05,0.0039682016
2459384.927246429,-0.0005527735,0.0039700153
2459384.928635289,-0.0035007,0.003967661
2459384.930024149,0.0038839579,0.003973597
2459384.931413009,-0.00528121,0.003967828
2459384.9328018688,0.00051760674,0.0039712177
2459384.9341907287,0.006717086,0.003977672
2459384.935579588,-0.005071044,0.0039667776
2459384.936968448,0.0035108328,0.0039705886
2459384.938357308,0.00028645992,0.003970217
2459384.939746168,-0.001616776,0.003969726
2459384.941135028,0.004545927,0.0039752307
2459384.9425238874,0.0017640591,0.003972264
2459384.9439127473,-0.0018995404,0.0039690323
2459384.9453016073,0.0020393133,0.0039694547
2459384.946690467,-0.004150927,0.0039651687
2459384.948079327,-0.00059747696,0.0039692908
2459384.949468187,-0.00237751,0.0039696605
2459384.9508570465,-0.0025690794,0.00396876
2459384.9522459065,-0.005021274,0.003966153
2459384.953634766,0.006320238,0.0039713727
2459384.955023626,-0.001365006,0.0039690887
2459384.956412486,-0.0020967722,0.0039696475
2459384.9578013457,0.00080788136,0.0039693452
2459384.959190205,0.0044504404,0.003970917
2459384.960579065,0.0022461414,0.0039697574
2459384.961967925,0.006850004,0.0039746994
2459384.963356785,0.00095391273,0.0039707357
2459384.964745645,-0.0005274415,0.003968973
2459384.9661345044,-0.0026587844,0.0039663636
2459384.967523364,-0.00079244375,0.003970495
2459384.968912224,0.0063477755,0.0039712484
2459384.9703010838,0.0001335144,0.003970315
2459384.9716899437,-0.0049643517,0.003967928
2459384.9730788036,-0.0047457814,0.003963159
2459384.974467663,0.00429821,0.003971999
2459384.975856523,-0.0038071275,0.00396447
2459384.977245383,-0.0059458613,0.0039673937
2459384.9786342424,0.0042538643,0.0039711003
2459384.9800231024,0.0007289648,0.003967247
2459384.981411962,0.0016499758,0.003967493
2459384.982800822,0.007566452,0.003972294
2459384.9841896817,-0.00056934357,0.003967021
2459384.9855785416,-0.0013594031,0.003965159
2459384.986967401,0.0028446913,0.0039675585
2459384.988356261,-0.004140973,0.003964726
2459384.9897451205,-0.00020331144,0.003968335
2459384.9911339805,0.0036478043,0.003971784
2459384.9925228404,0.0011476278,0.0039720587
2459384.9939117,0.007945061,0.00397479
2459384.99530056,-0.0020611882,0.003965971
2459384.9966894193,-0.0038653612,0.003961741
2459384.998078279,0.00090146065,0.003968722
2459384.999467139,-1.5497208e-05,0.003966303
2459385.0008559986,0.00499022,0.003971543
2459385.0022448585,8.535385e-05,0.003967574
2459385.0036337185,0.0011031628,0.003970095
2459385.005022578,0.0023829937,0.0039702742
2459385.0064114374,0.0054404736,0.00396985
2459385.0078002973,0.0026253462,0.003968014
2459385.0091891573,-0.0014400482,0.0039679226
2459385.010578017,0.0046110153,0.0039677583
2459385.0119668767,0.004897833,0.0039709364
2459385.013355736,0.0017589331,0.0039691757
2459385.014744596,0.00016117096,0.003964513
2459385.016133456,-0.0028723478,0.0039689275
2459385.0175223155,0.0028085709,0.0039683077
2459385.0189111754,0.0014358759,0.0039650067
2459385.020300035,0.00025773048,0.003964814
2459385.021688895,0.0051305294,0.0039686793
2459385.0230777543,0.0028750896,0.0039663184
2459385.0244666142,0.0026654005,0.0039703986
2459385.025855474,0.0021185875,0.003967534
2459385.0272443336,-0.0031885505,0.0039633657
2459385.028633193,0.0018048286,0.003967715
2459385.030022053,0.0014512539,0.0039664996
2459385.031410913,-0.0031007528,0.00396377
2459385.0327997725,0.005431056,0.0039688656
2459385.0341886324,0.0013667345,0.003964922
2459385.035577492,-0.007385552,0.0039610774
2459385.0369663513,0.00048601627,0.0039655142
2459385.0383552113,-0.0014835596,0.003964991
2459385.039744071,-0.0015971065,0.003965105
2459385.0411329307,0.0046328306,0.0039699404
2459385.0425217906,-0.0012112856,0.0039639263
2459385.04391065,-0.0002695918,0.003963429
2459385.0452995095,0.0016325712,0.0039667822
2459385.0466883695,-0.0025446415,0.003964149
2459385.0480772294,0.003550887,0.003966039
2459385.049466089,-0.004112065,0.0039636954
2459385.0508549483,0.00052940845,0.0039668265
2459385.052243808,0.0050578117,0.0039689494
2459385.0536326678,0.0030755997,0.003966254
2459385.0550215277,0.00062310696,0.003966913
2459385.056410387,-0.00070148706,0.0039656237
2459385.057799247,-0.0023923516,0.003962333
2459385.059188106,0.0021221638,0.003963418
2459385.060576966,-0.0021638274,0.003961968
2459385.061965826,0.007972479,0.0039676074
2459385.0633546854,0.003631711,0.0039682016
2459385.0647435454,0.0061513186,0.0039680563
2459385.0661324044,-0.0029375553,0.003964235
2459385.0675212643,-0.0012776852,0.003964163
2459385.0689101242,0.006962061,0.0039705746
2459385.0702989837,-0.0011853576,0.0039610006
2459385.0716878437,0.0014628172,0.00396297
2459385.073076703,0.0001642704,0.003965566
2459385.0744655626,-0.00028592348,0.0039625317
2459385.075854422,-0.00019472837,0.003964532
2459385.077243282,0.0021811724,0.003965753
2459385.078632142,0.0011202097,0.0039655296
2459385.0800210014,-0.0014269948,0.0039624856
2459385.081409861,0.00619483,0.0039680596
2459385.0827987203,0.0008112192,0.0039625345
2459385.0841875803,0.00061666965,0.003965336
2459385.0855764397,0.0056506395,0.0039674826
2459385.0869652997,0.0010908842,0.003964745
2459385.088354159,0.0033806562,0.003964391
2459385.0897430186,-0.0005520582,0.003965062
2459385.091131878,0.0016477108,0.0039635715
2459385.092520738,0.0026677847,0.003965072
2459385.0939095975,0.00011742115,0.003964599
2459385.0952984574,-0.00048083067,0.0039635208
2459385.0966873164,0.002252698,0.0039654546
2459385.0980761764,0.0053465366,0.0039690533
2459385.099465036,0.0038949251,0.003965697
2459385.100853896,0.0012025833,0.0039653303
2459385.1022427552,0.0023419857,0.0039646123
2459385.103631615,-0.0056328177,0.003960236
2459385.105020474,-0.0030885339,0.0039591673
2459385.106409334,0.006809473,0.003968795
2459385.1077981936,0.00067460537,0.0039611207
2459385.1091870535,0.008505464,0.0039701844
2459385.110575913,0.002893567,0.003963207
2459385.1119647725,0.0023466349,0.00396326
2459385.113353632,0.0031261444,0.003964243
2459385.1147424914,0.002781868,0.003963529
2459385.1161313513,-0.009204447,0.0039560683
2459385.117520211,0.0029126406,0.0039645387
2459385.1189090707,-0.001972437,0.0039612395
2459385.1202979297,0.0001655817,0.003964736
2459385.121686789,0.0041401386,0.003966769
2459385.123075649,0.005550146,0.0039684563
2459385.1244645086,-0.0016628504,0.0039635184
2459385.1258533685,-0.0034424067,0.003961767
2459385.127242228,-0.0002757907,0.0039616795
2459385.128631087,-0.006967008,0.0039574294
2459385.130019947,-0.0048666596,0.0039597596
2459385.1314088064,-0.0009995103,0.0039626122
2459385.1327976664,-0.0066782236,0.0039623403
2459385.134186526,-0.0019046068,0.003961708
2459385.135575385,0.002753377,0.003967219
2459385.136964245,0.001459837,0.003965332
2459385.1383531042,-0.003723085,0.003960894
2459385.139741964,0.007517576,0.0039683306
2459385.1411308236,-0.0012273788,0.003963954
2459385.142519683,-0.0050435066,0.003957148
2459385.1439085426,-0.0017572641,0.0039638113
2459385.145297402,-0.005954981,0.00395646
2459385.1466862615,-0.0035797358,0.003960221
2459385.1480751215,-0.0016217232,0.003960943
2459385.149463981,-0.005055964,0.0039588786
2459385.15085284,-0.0011704564,0.0039614737
2459385.1522417,0.0008046627,0.0039642663
2459385.1536305593,0.0019316673,0.003965345
2459385.155019419,0.00396657,0.0039664507
2459385.1564082787,0.00043153763,0.0039607417
2459385.157797138,0.0011496544,0.0039654374
2459385.159185997,-0.0064131618,0.0039600297
2459385.1605748567,0.0017511845,0.003968409
2459385.1619637166,0.0013006926,0.0039665173
2459385.163352576,-0.008190632,0.0039582187
2459385.1647414356,-0.0016096234,0.0039635855
2459385.166130295,0.0036633015,0.0039664702
2459385.1675191545,0.0012807846,0.0039635273
2459385.168908014,0.000756979,0.0039658444
2459385.1702968734,-0.0047523975,0.0039624213
2459385.1716857334,-0.0032102466,0.0039604506
2459385.173074593,-0.003999293,0.003961887
2459385.174463452,0.0021377802,0.0039642225
2459385.175852312,0.0034407377,0.0039646816
2459385.1772411712,0.0037688017,0.0039660926
2459385.1786300307,-0.0025770664,0.003958516
2459385.18001889,4.196167e-05,0.003960495
2459385.181407749,-0.0019677877,0.003961978
2459385.182796609,0.004480839,0.0039673923
2459385.1841854686,-0.004283011,0.0039606164
2459385.185574328,0.008088231,0.0039712745
2459385.1869631875,-1.2874603e-05,0.0039637694
2459385.1883520475,0.0023254156,0.003964136
2459385.1897409065,0.0005275011,0.0039628465
2459385.191129766,-0.0025708675,0.0039590867
2459385.1925186254,-0.003735721,0.0039585084
2459385.193907485,0.0008445978,0.0039637494
2459385.195296345,-0.0066613555,0.0039601396
2459385.1966852043,-0.0028601885,0.0039607063
2459385.1980740633,-0.00060015917,0.003962698
2459385.1994629228,-0.008858681,0.0039570327
2459385.200851782,0.007259369,0.0039673788
2459385.202240642,0.0031164885,0.003963391
2459385.2036295016,-0.002331078,0.0039631273
2459385.2050183606,0.002142191,0.003966825
2459385.20640722,0.0043365955,0.0039681992
2459385.2077960796,0.0005970001,0.003965181
2459385.209184939,0.0018270016,0.003964783
2459385.210573799,0.0028510094,0.0039694794
2459385.2119626584,-0.0036871433,0.0039602527
2459385.2133515175,-0.005245149,0.003955984
2459385.214740377,0.004493952,0.003966969
2459385.2161292364,0.0036435127,0.003965685
2459385.217518096,0.0015426874,0.003965336
2459385.2189069553,0.00011610985,0.003962708
2459385.2202958143,0.0009274483,0.003963379
2459385.2216846743,-0.00797683,0.0039571635
2459385.2230735337,0.0009223223,0.003962059
2459385.224462393,0.0039800406,0.0039655105
2459385.2258512527,-0.0010235906,0.003962612
2459385.227240112,-0.0027951002,0.003965235
2459385.228628971,0.0037858486,0.003966359
2459385.2300178306,0.00028395653,0.0039640972
2459385.23140669,-0.0060707927,0.0039595664
2459385.2327955496,-0.0061229467,0.003958116
2459385.234184409,0.0032633543,0.0039666397
2459385.2355732685,0.0011196136,0.00396398
2459385.236962128,-0.0028439164,0.003958634
2459385.2383509874,-0.0022832155,0.0039630276
2459385.239739847,0.0026454926,0.003966594
2459385.2411287064,0.008913279,0.003967202
2459385.242517566,0.0039259195,0.0039675715
2459385.243906425,-0.0066524744,0.003958259
2459385.2452952843,0.007170677,0.0039660884
2459385.246684144,0.007923961,0.0039690495
2459385.2480730033,0.006048441,0.0039690696
2459385.2494618627,-0.0013586283,0.0039628213
2459385.2508507217,-3.8921833e-05,0.003957546
2459385.252239581,0.0043911934,0.003966254
2459385.2536284407,0.0019783974,0.0039631003
2459385.2550173,0.0015343428,0.003964455
2459385.2564061596,0.0059604645,0.0039693154
2459385.257795019,-0.0010829568,0.003961417
2459385.259183878,0.005215645,0.003967752
2459385.2605727375,0.001132369,0.0039608767
2459385.261961597,-0.0053707957,0.003957781
2459385.2633504565,-6.2167645e-05,0.003964618
2459385.264739316,-0.0012369156,0.0039604288
2459385.266128175,-0.0022026896,0.0039608344
2459385.2675170344,-0.0063283443,0.0039585084
2459385.268905894,0.0075552464,0.0039673788
2459385.2702947534,-0.0017549992,0.003962419
2459385.271683613,0.0029472113,0.003963087
2459385.2730724723,0.00038027763,0.00396404
2459385.2744613313,-0.0043646693,0.0039598485
2459385.275850191,-0.0019703507,0.0039611226
2459385.2772390503,5.4121017e-05,0.003960302
2459385.2786279097,-0.003945589,0.003959817
2459385.280016769,-0.00013786554,0.003964093
2459385.2814056287,-0.004021466,0.0039589615
2459385.2827944877,-0.0035865903,0.003960103
2459385.284183347,-0.0037862659,0.003962817
2459385.2855722066,0.005472183,0.0039677573
2459385.2869610656,-0.0015025139,0.0039625634
2459385.288349925,0.0074162483,0.0039683133
2459385.289738784,0.0017876625,0.003967112
2459385.2911276435,-0.000120043755,0.00396253
2459385.292516503,0.0046641827,0.0039664903
2459385.2939053625,-0.002649188,0.0039607864
2459385.295294222,0.0029224157,0.003964771
2459385.2966830814,-0.005653143,0.0039558564
2459385.2980719404,0.0035444498,0.003964561
2459385.2994608,0.0015320778,0.003962551
2459385.300849659,-0.007506132,0.0039533703
2459385.3022385184,0.0046277046,0.0039661583
2459385.303627378,0.0021731853,0.003961441
2459385.305016237,0.0021088123,0.003961912
2459385.3064050963,-0.0039013028,0.0039611124
2459385.307793956,-0.0041413903,0.003957642
2459385.3091828153,0.0006606579,0.003959279
2459385.3105716747,0.0025519133,0.0039652004
2459385.3119605337,-4.017353e-05,0.003957901
2459385.3133493927,0.00491035,0.0039652917
2459385.314738252,0.0038603544,0.0039618337
2459385.3161271117,0.0041600466,0.0039647105
2459385.317515971,-0.0021412969,0.003957513
2459385.3189048306,-0.0003131628,0.003960519
2459385.320293689,0.003967643,0.003960536
2459385.3216825486,0.0042532682,0.0039642607
2459385.323071408,0.004974842,0.0039612325
2459385.3244602676,-0.002607882,0.0039605554
2459385.325849127,0.0037140846,0.003962922
2459385.327237986,0.0019985437,0.0039601717
2459385.328626845,0.006584406,0.0039662756
2459385.3300157045,0.005509138,0.0039652004
2459385.331404564,0.003998995,0.0039619156
2459385.3327934234,-0.0012316704,0.0039604777
2459385.3341822824,-0.00033521652,0.0039593163
2459385.3355711414,-0.008895695,0.00395313
2459385.336960001,0.0037368536,0.003961807
2459385.3383488604,0.0055931807,0.0039672563
2459385.3397377194,-0.0065185428,0.0039543416
2459385.341126579,-0.00026649237,0.003958947
2459385.3425154383,0.0040346384,0.003961111
2459385.3439042973,0.00075626373,0.0039597033
2459385.345293157,-0.0046307445,0.0039555016
2459385.346682016,-0.003085196,0.0039581684
2459385.3480708753,0.0009250641,0.0039602024
2459385.3494597347,0.0019023418,0.0039558327
2459385.3508485937,0.00093114376,0.003959499
2459385.3522374528,0.0005354881,0.003958016
2459385.353626312,-0.0015773177,0.0039560585
2459385.3550151717,0.0025764704,0.003959911
2459385.3564040307,0.00034344196,0.003958776
2459385.35779289,0.00040650368,0.0039548213
2459385.359181749,0.0042910576,0.0039606025
2459385.360570608,-0.005431354,0.0039560306
2459385.3619594676,0.0018774271,0.003956822
2459385.363348327,0.002672553,0.0039583864
2459385.3647371866,0.003090024,0.003961855
2459385.3661260456,-0.000261724,0.003958124
2459385.3675149046,0.00063991547,0.003958945
2459385.368903764,0.0009344816,0.003956774
2459385.370292623,0.00016188622,0.0039594304
2459385.3716814825,-0.007891417,0.0039505507
2459385.373070342,0.0028486252,0.00395896
2459385.3744592005,0.0025709867,0.0039574853
2459385.37584806,0.0045193434,0.003962788
2459385.3772369195,0.0022449493,0.003959131
2459385.3786257785,-0.00036388636,0.0039527877
2459385.380014638,0.0008034706,0.0039548087
2459385.3814034974,-0.004060209,0.003952693
2459385.382792356,-0.0008713007,0.0039505847
2459385.3841812154,-0.003142774,0.003948829
2459385.3855700744,-0.000451684,0.003954826
2459385.386958934,0.0038975477,0.00395473
2459385.3883477934,-0.00074630976,0.00395406
2459385.389736652,-0.00038039684,0.003954266
2459385.3911255114,0.007376671,0.0039628893
2459385.392514371,0.00092709064,0.0039541177
2459385.39390323,0.00624156,0.0039600586
2459385.3952920893,-0.01137954,0.0039455555
2459385.3966809483,-0.0040065646,0.003950584
2459385.3980698073,-0.0035287142,0.0039517623
2459385.399458667,0.0013411045,0.0039530545
2459385.400847526,0.0039817095,0.003955866
2459385.4022363853,-0.0029268265,0.0039522797
2459385.4036252443,0.004078865,0.0039574015
2459385.4050141033,-0.0018591285,0.0039513074
2459385.4064029623,0.004038334,0.0039599556
2459385.4077918218,0.004009843,0.0039569614
2459385.409180681,-0.0053378344,0.0039505055
2459385.41056954,0.0004917383,0.003952691
2459385.4119583997,-0.0013103485,0.003949167
2459385.413347258,-0.0024457574,0.0039500943
2459385.4147361177,-0.0064735413,0.0039470694
2459385.4161249767,-0.0026287436,0.0039488883
2459385.417513836,-0.006382942,0.0039443607
2459385.418902695,0.006772876,0.003960983
2459385.420291554,0.0005284548,0.0039537097
2459385.421680413,-0.0008867979,0.003951204
2459385.4230692727,0.0058517456,0.0039584395
2459385.4244581317,-0.0020047426,0.0039496943
2459385.425846991,0.0054893494,0.003957144
2459385.42723585,0.00033032894,0.0039491043
2459385.428624709,0.0063066483,0.0039561964
2459385.430013568,0.000654459,0.0039527724
2459385.4314024276,-0.006252587,0.0039510187
2459385.4327912866,0.0026727915,0.0039488957
2459385.434180146,-7.3313713e-06,0.003953286
2459385.435569005,0.0010944605,0.003954712
2459385.436957864,-0.00238657,0.0039491146
2459385.438346723,0.0035346746,0.003953206
2459385.4397355826,0.004877448,0.0039571053
2459385.4411244416,0.005769253,0.0039581596
2459385.442513301,-0.00018322468,0.0039552962
2459385.4439021596,0.00014019012,0.003951753
2459385.445291019,-0.0029146671,0.003947546
2459385.446679878,-0.0007137656,0.0039472375
2459385.448068737,-0.005826235,0.0039476175
2459385.4494575965,-0.0069431067,0.003948617
2459385.4508464555,0.0073052645,0.0039564623
2459385.4522353145,-0.0016679168,0.0039502075
2459385.4536241735,0.005191803,0.0039538327
2459385.455013033,0.0011025667,0.0039549475
2459385.456401892,0.0011717081,0.0039517847
2459385.457790751,0.0052289963,0.0039557745
2459385.45917961,0.0077855587,0.0039595906
2459385.460568469,0.0025004148,0.003953647
2459385.4619573285,0.0024632215,0.003952085
2459385.4633461875,0.0029103756,0.0039517516
2459385.4647350465,-0.0012799501,0.003948919
2459385.466123906,0.0045571327,0.003954769
2459385.4675127645,0.0043389797,0.003958319
2459385.468901624,-0.0069475174,0.003947107
2459385.470290483,-8.1539154e-05,0.0039513567
2459385.471679342,-0.00016075373,0.003953379
2459385.4730682014,-0.0017440915,0.0039459285
2459385.47445706,0.0019148588,0.003951901
2459385.475845919,-0.00020629168,0.003950779
2459385.4772347785,0.0023704767,0.0039523584
2459385.4786236375,-0.0031323433,0.0039478713
2459385.480012497,0.005215287,0.0039552613
2459385.481401356,0.0015274286,0.0039527887
2459385.4827902145,-0.004126966,0.0039455052
2459385.484179074,0.0065294504,0.0039567268
2459385.485567933,0.00076282024,0.0039526867
2459385.486956792,-0.0017103553,0.00394999
2459385.4883456514,0.0027475357,0.003953836
2459385.48973451,0.0007727146,0.003950387
2459385.491123369,0.0032041073,0.0039549586
2459385.4925122284,0.0040363073,0.0039543165
2459385.4939010874,-0.0013167262,0.003950203
2459385.4952899464,-0.0035889149,0.0039488017
2459385.4966788054,0.0024696589,0.0039530913
2459385.4980676644,0.0023709536,0.0039571496
2459385.4994565235,0.004558444,0.0039550113
2459385.5008453825,-0.004917443,0.0039443076
2459385.502234242,0.0051163435,0.0039533507
2459385.503623101,0.0033876896,0.003954181
2459385.5050119595,0.0028611422,0.0039534196
2459385.5064008185,0.0032594204,0.003954861
2459385.507789678,-0.006308913,0.003942372
2459385.509178537,0.00015747547,0.0039524375
2459385.510567396,0.006111264,0.0039563705
2459385.511956255,0.0048992634,0.0039520557
2459385.513345114,0.005993128,0.0039569465
2459385.514733973,0.00040900707,0.0039567593
2459385.516122832,0.0030139685,0.0039547556
2459385.517511691,-0.0019746423,0.0039530965
2459385.5189005504,0.0051585436,0.003951758
2459385.5202894094,-0.0035899282,0.0039518243
2459385.521678268,-5.3584576e-05,0.0039535165
2459385.523067127,0.00086688995,0.003951896
2459385.5244559865,0.0012378693,0.0039511677
2459385.5258448455,0.004647374,0.0039578886
2459385.5272337045,8.571148e-05,0.003956404
2459385.528622563,-0.005609274,0.003948684
2459385.530011422,-0.00088208914,0.0039499113
2459385.5314002815,0.00015103817,0.0039534112
2459385.5327891405,0.005981922,0.0039562955
2459385.5341779995,-0.0036167502,0.0039503593
2459385.5355668585,0.0007033348,0.0039529144
2459385.536955717,0.0007599592,0.0039530727
2459385.538344576,-0.007604122,0.0039479695
2459385.5397334355,-0.0007045865,0.0039451653
2459385.5411222945,0.002588153,0.0039550504
2459385.5425111535,0.0050264597,0.0039508673
2459385.543900012,0.0010290146,0.003952453
2459385.545288871,-0.0022804737,0.003946147
2459385.54667773,0.0013333559,0.00395483
2459385.5480665895,-0.0035879612,0.0039475686
2459385.5494554485,0.00245893,0.0039533894
2459385.5508443075,0.0069200993,0.00395469
2459385.552233166,0.010090232,0.0039614663
2459385.553622025,0.002318859,0.0039589796
2459385.555010884,-0.0053766966,0.0039461185
2459385.556399743,0.0063393116,0.003954608
2459385.5577886025,0.0026254654,0.00395107
2459385.559177461,0.0058243275,0.003957427
2459385.56056632,0.004616976,0.0039563915
2459385.561955179,-0.0013913512,0.003952767
2459385.563344038,-0.00093990564,0.003955821
2459385.564732897,0.0019034147,0.0039551416
2459385.566121756,0.0067489147,0.003962078
2459385.5675106146,0.0014297962,0.00395586
2459385.5688994736,0.0031220913,0.0039588916
2459385.5702883326,-0.0018945336,0.003951358
2459385.571677192,5.2928925e-05,0.003958165
2459385.573066051,0.0027514696,0.0039592055
2459385.5744549097,-0.0022767782,0.0039508007
2459385.5758437687,-7.158518e-05,0.0039560525
2459385.5772326277,-0.009828687,0.0039499938
2459385.5786214867,0.0019433498,0.0039559677
2459385.5800103457,-0.00086921453,0.0039576287
2459385.5813992047,0.008546829,0.003963902
2459385.582788063,-4.9114227e-05,0.003960238
2459385.584176922,0.0006711483,0.0039564413
2459385.585565781,-0.002687931,0.0039518992
2459385.58695464,-0.005321145,0.0039512725
2459385.588343499,0.0013269186,0.003956042
2459385.589732358,0.00964272,0.0039658966
2459385.591121217,-4.851818e-05,0.0039583347
2459385.592510076,-0.0035882592,0.0039538494
2459385.593898935,-0.0004466772,0.003958979
2459385.595287794,0.0011764765,0.0039594015
2459385.596676653,0.0013133287,0.0039579524
2459385.5980655113,-0.0023162365,0.0039575845
2459385.5994543703,-0.0015642047,0.003957157
2459385.6008432293,0.0020768642,0.003957901
2459385.6022320883,-0.00035846233,0.003954583
2459385.6036209473,0.001550436,0.0039641797
2459385.6050098063,0.00021755695,0.0039582406
2459385.606398665,-0.00052267313,0.00395874
2459385.607787524,0.007266879,0.003961895
2459385.609176383,-0.0006747842,0.003960161
2459385.610565242,0.0003516674,0.003960615
2459385.611954101,-0.009841621,0.0039492236
2459385.6133429594,0.0035444498,0.003963341
2459385.6147318184,-0.0014219284,0.0039610295
2459385.6161206774,-0.004934013,0.003962878
2459385.6175095364,0.0015388727,0.003959132
2459385.6188983954,-0.0046293736,0.003956013
2459385.6202872545,-0.0046119094,0.003961582
2459385.621676113,-0.006823361,0.003956705
2459385.623064972,0.002216816,0.00396457
2459385.6244538305,-0.004597008,0.003959931
2459385.6258426895,-0.003676176,0.0039602625
2459385.6272315485,-0.00058299303,0.0039639445
2459385.628620407,0.0049301386,0.003965362
2459385.630009266,-0.001870513,0.0039615575
2459385.631398125,0.0007325411,0.00396124
2459385.632786984,0.0028275251,0.0039660656
2459385.634175843,-0.0013185143,0.0039660432
2459385.635564702,0.004954219,0.0039666016
2459385.6369535606,-0.0041214824,0.00396521
2459385.638342419,-0.0040094256,0.0039571268
2459385.639731278,-0.0006559491,0.003961244
2459385.641120137,-0.0060700774,0.0039598993
2459385.642508996,-0.0034530163,0.0039607394
2459385.6438978547,-0.00016695261,0.003966019
2459385.6452867137,0.0032287836,0.003969831
2459385.6466755727,-0.006847322,0.0039612995
2459385.6480644313,0.00050008297,0.003964811
2459385.6494532903,-0.003986597,0.003962466
2459385.6508421493,0.0030306578,0.0039703534
2459385.652231008,-0.008596778,0.003962103
2459385.653619867,0.0024499893,0.003968922
2459385.655008726,0.005357027,0.003972462
2459385.656397585,0.0024086237,0.003967452
2459385.6577864434,-0.003766358,0.0039649843
2459385.659175302,0.009745836,0.003972422
2459385.660564161,0.008061051,0.003978947
2459385.66195302,-0.0014154315,0.0039654686
2459385.663341879,-0.0030171871,0.0039666616
2459385.6647307375,-0.0038300157,0.0039707976
2459385.6661195965,0.006204486,0.0039753313
2459385.667508455,-0.0020496845,0.003969044
2459385.668897314,-0.0025951862,0.003966715
2459385.670286173,-0.00041913986,0.0039713136
2459385.6716750315,-0.0026955009,0.0039710016
2459385.6730638905,-0.00977993,0.003954202
2459385.6744527495,0.0021847486,0.0039703017
2459385.675841608,-0.004878998,0.003967468
2459385.6772304666,-0.0038319826,0.0039676325
2459385.6786193256,0.0041702986,0.0039740475
2459385.6800081846,-0.0014925599,0.0039643697
2459385.6813970436,-0.0027227998,0.0039676707
2459385.6827859017,0.005347371,0.0039701844
2459385.6841747607,0.0050486326,0.0039745453
2459385.6855636197,0.0034698248,0.0039743516
2459385.6869524787,0.0042928457,0.0039765807
2459385.6883413373,0.005941391,0.0039759763
2459385.6897301963,-0.0011590123,0.0039660973
2459385.691119055,0.0042396784,0.0039725625
2459385.692507914,-0.003835678,0.0039681075
2459385.6938967723,-0.0015137792,0.0039697997
2459385.6952856313,6.198883e-05,0.003970094
2459385.6966744903,0.0044807196,0.003979733
2459385.6980633484,0.0012254715,0.003971664
2459385.6994522074,0.0038799047,0.003974378
2459385.7008410664,-0.00042623281,0.003970805
2459385.7022299254,-0.00057429075,0.0039768633
2459385.703618784,0.0024148226,0.003974133
2459385.705007643,0.0011308193,0.0039716857
2459385.7063965015,0.006149888,0.0039748717
2459385.70778536,0.0011056662,0.003969968
2459385.709174219,0.007383585,0.003977835
2459385.710563078,-0.0025043488,0.0039702067
2459385.7119519366,-0.0046379566,0.003971649
2459385.713340795,-0.0057222247,0.0039699217
2459385.714729654,0.009157538,0.0039775907
2459385.7161185127,0.0042743683,0.003973408
2459385.7175073717,0.0021830797,0.0039719143
2459385.7188962307,-0.0011816025,0.0039668223
2459385.720285089,0.0034835339,0.003972695
2459385.7216739478,0.009503841,0.0039817174
2459385.7230628068,-0.005285144,0.003968216
2459385.7244516653,-0.00020831823,0.0039730687
2459385.7258405243,-0.0057058334,0.003966821
2459385.727229383,0.0021291971,0.003976563
2459385.7286182414,-0.005157411,0.0039735865
2459385.7300071004,0.0013878345,0.0039756596
2459385.731395959,0.004194975,0.003978479
2459385.732784818,0.0033955574,0.0039741746
2459385.7341736765,0.0029710531,0.0039783204
2459385.7355625355,-0.0034294128,0.0039738202
2459385.736951394,0.004286051,0.0039760624
2459385.7383402525,-0.00036269426,0.003973511
2459385.7397291115,0.0033740997,0.0039763004
2459385.74111797,0.004439473,0.0039787833
2459385.742506829,0.00088334084,0.0039751884
2459385.7438956876,0.0063756704,0.003979908
2459385.745284546,-0.0038737059,0.003975605
2459385.746673405,-0.0014006495,0.003974525
2459385.7480622637,0.00051522255,0.0039761444
2459385.7494511227,0.0038688183,0.003980304
2459385.7508399813,0.002055645,0.003977153
2459385.75222884,0.001439929,0.00397854
2459385.7536176983,-0.0010384917,0.003973262
2459385.7550065573,0.00094115734,0.003974067
2459385.756395416,-0.0028311014,0.003973942
2459385.757784275,0.0001835823,0.003976197
2459385.759173134,0.0033211708,0.0039776694
2459385.760561992,-0.002346754,0.003976082
2459385.761950851,0.00029993057,0.003977122
2459385.7633397095,0.005337119,0.0039820625
2459385.7647285685,-0.0049598813,0.0039720777
2459385.766117427,0.0016522408,0.0039783167
2459385.7675062856,0.002013445,0.00397676
2459385.768895144,0.00064074993,0.0039756494
2459385.770284003,0.010337472,0.003984909
2459385.7716728617,0.0011820793,0.0039760615
2459385.7730617207,0.0010697842,0.0039759865
2459385.774450579,0.0044546127,0.003976435
2459385.7758394377,0.0030874014,0.0039767683
2459385.7772282963,-0.0009416938,0.0039729793
2459385.7786171553,-0.0021274686,0.0039754244
2459385.780006014,0.0016694069,0.0039797863
2459385.7813948723,-0.000592947,0.0039763185
2459385.782783731,0.0011540651,0.003976572
2459385.7841725894,-0.0010225773,0.003976612
2459385.7855614484,-0.0012637973,0.0039753853
2459385.786950307,0.0043821335,0.003984488
2459385.788339166,-0.0010156631,0.0039746496
2459385.7897280245,0.0044037104,0.0039756326
2459385.791116883,-0.0096178055,0.003969668
2459385.7925057416,0.0019919872,0.0039812988
2459385.7938946,-0.004019141,0.0039778887
2459385.795283459,0.0010590553,0.003978458
2459385.7966723177,-0.0017870665,0.0039747856
2459385.798061176,-0.0064831376,0.0039743516
2459385.7994500347,-0.0027772188,0.003973133
2459385.8008388933,0.0038529634,0.003981608
2459385.8022277523,-0.0033242702,0.0039776694
2459385.803616611,-0.0020946264,0.0039733415
2459385.80500547,0.0022832155,0.0039801924
2459385.806394328,0.0018156767,0.003973588
2459385.8077831864,0.0035651922,0.003979147
2459385.8091720454,0.0036319494,0.003978233
2459385.810560904,-0.0015044808,0.0039771567
2459385.811949763,-0.0011548996,0.0039783395
2459385.813338621,0.0051796436,0.003981918
2459385.8147274796,0.0013096333,0.0039792713
2459385.8161163386,-0.0005989671,0.0039769453
2459385.817505197,-0.00051522255,0.0039803055
2459385.8188940557,-0.001222074,0.003975384
2459385.8202829147,0.0016727448,0.003981295
2459385.8216717727,0.004345536,0.003981769
2459385.8230606313,0.001478672,0.003978606
2459385.8244494903,-0.0073610544,0.003969248
2459385.825838349,-0.00034153461,0.00398293
2459385.8272272074,0.0017513037,0.0039815563
2459385.828616066,0.0039613247,0.003980202
2459385.8300049244,0.007916212,0.0039822767
2459385.831393783,-0.0038042665,0.003972113
2459385.832782642,0.0019116402,0.003982281
2459385.8341715005,-0.005579233,0.0039756987
2459385.835560359,-0.0035233498,0.0039753327
2459385.8369492176,0.002044201,0.0039772443
2459385.838338076,0.0010762215,0.003979113
2459385.8397269347,-0.0003015995,0.0039714747
2459385.8411157937,-0.0027680993,0.003978597
2459385.842504652,0.0045223236,0.003981825
2459385.8438935108,0.0024541616,0.0039775735
2459385.845282369,0.0019363165,0.003978434
2459385.846671228,-0.0011337996,0.0039793476
2459385.8480600864,-0.005812943,0.003972848
2459385.849448945,-0.0005841851,0.0039787353
2459385.8508378034,0.0008867979,0.0039800256
2459385.852226662,0.0006213188,0.0039777616
2459385.8536155205,-0.0014462471,0.0039798007
2459385.855004379,0.002743721,0.00398351
2459385.8563932376,0.004062414,0.0039832657
2459385.8577820966,0.006235838,0.0039859274
2459385.859170955,-0.00497514,0.0039764172
2459385.860559813,0.0003271103,0.003976586
2459385.8619486718,0.0034768581,0.0039818287
2459385.8633375308,0.002564311,0.003982766
2459385.8647263893,0.0036667585,0.0039801006
2459385.866115248,0.008176684,0.0039828247
2459385.867504106,-2.9206276e-06,0.0039798096
2459385.8688929644,-0.001537621,0.0039782464
2459385.8702818234,-0.00086790323,0.003978184
2459385.871670682,0.004456997,0.003983806
2459385.8730595405,0.0056762695,0.0039815134
2459385.874448399,-0.001478374,0.00398108
2459385.875837257,0.004540086,0.003982217
2459385.877226116,-0.002785325,0.003974483
2459385.8786149747,0.0039480925,0.0039791227
2459385.880003833,-0.0037178993,0.0039731725
2459385.8813926918,-0.0060020685,0.003974111
2459385.88278155,0.0026346445,0.0039815027
2459385.8841704084,-8.422136e-05,0.0039792927
2459385.8855592674,-0.0006324649,0.003979168
2459385.886948126,-0.0034517646,0.0039806785
2459385.8883369844,-0.0015761256,0.0039809714
2459385.889725843,0.0015283823,0.0039786473
2459385.891114701,-0.003959775,0.003971555
2459385.8925035596,0.00540936,0.0039845905
2459385.893892418,-0.0009595752,0.003979938
2459385.895281277,0.0034253597,0.003983103
2459385.8966701357,0.0065820217,0.0039838008
2459385.8980589937,0.0010300875,0.003978552
2459385.8994478523,0.005768299,0.0039840424
2459385.900836711,0.003499627,0.0039858287
2459385.9022255694,-0.0070174932,0.003973271
2459385.903614428,-0.0014058352,0.0039819167
2459385.9050032864,0.0015699863,0.003982463
2459385.906392145,0.00052273273,0.0039809863
2459385.9077810035,-0.001213491,0.003978815
2459385.909169862,-0.004226446,0.0039797532
2459385.9105587206,-0.0024971366,0.0039817295
2459385.911947579,0.0029091835,0.0039867805
2459385.9133364377,0.002395153,0.0039793598
2459385.9147252957,-0.006164968,0.003974854
2459385.9161141543,0.00595212,0.003983107
2459385.917503013,0.0042122602,0.0039820815
2459385.9188918713,0.004607439,0.00398366
2459385.92028073,-0.0010025501,0.0039788205
2459385.921669588,0.001470089,0.003982925
2459385.9230584465,0.0057166815,0.00398451
2459385.924447305,-0.0001232028,0.003982487
2459385.9258361636,-0.0028796792,0.003976346
2459385.9272250226,0.006282568,0.003985708
2459385.928613881,0.0004222393,0.003984479
2459385.930002739,-0.0008055568,0.0039786873
2459385.9313915977,0.0036184788,0.0039844257
2459385.9327804563,-0.0034103394,0.003981169
2459385.934169315,0.00084638596,0.0039800024
2459385.9355581733,0.0006097555,0.0039834417
2459385.9369470314,-0.007105112,0.0039766873
2459385.93833589,-0.002503574,0.0039781504
2459385.9397247485,0.0039674044,0.003984435
2459385.941113607,0.0064458847,0.0039896034
2459385.9425024656,0.0036230087,0.0039834394
2459385.943891324,0.003244996,0.003985107
2459385.945280182,-0.0029626489,0.0039808666
2459385.9466690407,0.004818678,0.003984815
2459385.9480578993,0.0016486645,0.003985817
2459385.949446758,-0.0026445985,0.0039798263
2459385.9508356163,0.0008201599,0.0039834697
2459385.9522244744,-0.0021039844,0.0039799283
2459385.953613333,0.0022120476,0.0039808666
2459385.955002191,0.0046696663,0.0039835265
2459385.9563910495,0.0017098188,0.003983424
2459385.957779908,-0.0012630224,0.003979348
2459385.9591687666,-0.0019475222,0.003980626
2459385.9605576247,0.0018656254,0.003986919
2459385.9619464832,-0.00064879656,0.0039752554
2459385.963335342,0.000351429,0.003977713
2459385.9647242003,0.0047512054,0.0039831703
2459385.966113059,0.0011460781,0.0039772294
2459385.967501917,-0.0019137263,0.00397771
2459385.9688907755,-0.0026651025,0.003978757
2459385.970279634,-0.0033607483,0.0039772936
2459385.9716684925,-1.6868114e-05,0.003980823
2459385.973057351,0.003060937,0.0039842217
2459385.974446209,0.0012491941,0.00398261
2459385.975835067,0.0026433468,0.0039861244
2459385.9772239258,-0.0018277764,0.0039810757
2459385.9786127843,0.003247261,0.0039818413
2459385.980001643,4.3034554e-05,0.0039789802
2459385.9813905014,0.0004003048,0.0039809025
2459385.9827793594,0.0021117926,0.003984537
2459385.984168218,0.0019237995,0.0039809216
2459385.9855570765,-0.003630817,0.0039772177
2459385.9869459346,-0.0011982918,0.0039795553
2459385.988334793,0.0071872473,0.0039863815
2459385.9897236517,0.0030425787,0.003981965
2459385.9911125097,0.0041983128,0.003984198
2459385.9925013683,0.0036747456,0.0039833672
2459385.993890227,-0.0013464093,0.0039806203
2459385.9952790854,0.0019065142,0.0039832825
2459385.9966679434,0.0021079779,0.0039808312
2459385.998056802,-0.00031608343,0.0039798976
2459385.99944566,-0.0070323944,0.0039701858
2459386.0008345186,-0.0021896362,0.0039792736
2459386.002223377,0.0013526678,0.003978983
2459386.003612235,-0.0083556175,0.003971927
2459386.0050010937,0.0021419525,0.003979314
2459386.006389952,0.00022983551,0.0039789327
2459386.0077788103,0.00022447109,0.003977807
2459386.009167669,0.000654459,0.00397126
2459386.0105565274,-0.00039601326,0.0039784377
2459386.0119453855,0.0041354895,0.0039820005
2459386.013334244,0.0058920383,0.0039823027
2459386.014723102,0.006723404,0.003983091
2459386.0161119606,7.164478e-05,0.003980245
2459386.0175008187,-0.008612275,0.0039693615
2459386.0188896772,0.0018678904,0.00397784
2459386.020278536,-0.0037622452,0.0039751176
2459386.021667394,-0.002109468,0.003978504
2459386.0230562524,0.005735874,0.0039792
2459386.0244451105,-0.0013692975,0.0039771614
2459386.025833969,0.000921011,0.003981207
2459386.0272228275,-0.002800703,0.0039763954
2459386.028611686,-0.00027799606,0.003978641
2459386.0300005437,0.0018236637,0.003978736
2459386.031389402,0.0025223494,0.0039797374
2459386.0327782608,0.005539775,0.0039823414
2459386.034167119,0.003249526,0.003982645
2459386.0355559774,-0.005347073,0.003971755
2459386.0369448354,-0.001591146,0.0039703767
2459386.038333694,0.00144732,0.0039741676
2459386.039722552,-0.004626155,0.0039756526
2459386.0411114106,-0.0026627183,0.00397479
2459386.042500269,-0.001930654,0.003973297
2459386.043889127,-0.0048754215,0.0039682356
2459386.0452779853,-0.0020297766,0.0039706677
2459386.046666844,-0.0052167177,0.0039723925
2459386.0480557024,0.005198002,0.0039752163
2459386.0494445604,-0.010889113,0.0039668987
2459386.050833419,-0.006551504,0.003963619
2459386.052222277,-0.006507039,0.003966533
2459386.053611135,-0.0064252615,0.0039678323
2459386.0549999936,-0.0058946013,0.0039679483
2459386.056388852,-0.0030505657,0.003968552
2459386.0577777103,-0.006073475,0.003964003
2459386.059166569,0.0003786087,0.0039753118
2459386.060555427,0.0015143156,0.0039737974
2459386.061944285,-0.008649051,0.0039716405
2459386.0633331435,-0.0047243834,0.0039776755
2459386.064722002,-0.010865986,0.0039637014
2459386.06611086,-0.0018142462,0.00397235
2459386.067499718,-0.005324483,0.003969141
2459386.0688885762,-0.004089117,0.0039725797
2459386.070277435,-0.0068124533,0.003966737
2459386.0716662933,-0.0036594272,0.003970378
2459386.0730551514,-0.0061151385,0.003968392
2459386.07444401,-0.00041729212,0.0039744726
2459386.075832868,-0.004455924,0.0039642625
2459386.077221726,-0.0058496,0.003965878
2459386.0786105846,-0.0054287314,0.0039677476
2459386.0799994427,0.000113248825,0.0039732917
2459386.081388301,0.0017924309,0.0039738743
2459386.0827771598,-0.007974088,0.0039666826
2459386.0841660174,-0.003720522,0.0039659003
2459386.085554876,-0.0072366595,0.003965557
2459386.086943734,-0.0049167275,0.0039703315
2459386.0883325925,-0.006467402,0.003966985
2459386.0897214506,0.001131773,0.0039701574
2459386.0911103087,-0.0026255846,0.003973655
2459386.092499167,-0.007899404,0.0039677294
2459386.0938880253,-0.0060814023,0.0039691166
2459386.095276884,-0.0069500804,0.0039656227
2459386.096665742,-0.008670986,0.003962741
2459386.0980546004,-0.0066275597,0.0039602984
2459386.099443458,-0.008192241,0.0039638323
2459386.1008323166,-0.007798612,0.003967246
2459386.1022211746,-0.0075876117,0.00396333
2459386.103610033,-0.0058810115,0.003966511
2459386.1049988912,-0.012415469,0.0039657536
2459386.1063877493,-0.0027827024,0.00396803
2459386.1077766074,-0.007689953,0.003967254
2459386.109165466,-0.005656302,0.003965995
2459386.1105543245,-0.008594096,0.00396584
2459386.1119431825,-0.0026921034,0.0039580157
2459386.113332041,-0.007344961,0.0039698333
2459386.1147208987,-0.008254051,0.0039665103
2459386.116109757,-0.006115377,0.0039658197
2459386.1174986153,-0.0038556457,0.0039638425
2459386.1188874734,-0.009644806,0.003963091
2459386.120276332,-0.0066217184,0.0039676074
2459386.1216651895,-0.010595083,0.003966143
2459386.123054048,-0.012360632,0.0039604185
2459386.124442906,-0.0022891164,0.0039622113
2459386.1258317647,-0.0009073615,0.0039634784
2459386.1272206227,-0.0029640198,0.003967255
2459386.1286094813,-0.005282402,0.003963806
2459386.129998339,-0.0011370778,0.0039670677
2459386.1313871974,-0.005427003,0.003961883
2459386.1327760555,-0.0049441457,0.00396521
2459386.134164914,-0.008989453,0.003964974
2459386.135553772,-0.004412174,0.003964628
2459386.1369426297,-0.007415056,0.0039689336
2459386.1383314882,-0.0066482425,0.0039622667
2459386.1397203463,-0.009326875,0.0039662025
2459386.141109205,-0.010868311,0.0039617433
2459386.142498063,-0.013023913,0.0039605014
2459386.1438869215,-0.008612573,0.003967182
2459386.145275779,-0.0052203536,0.003964333
2459386.146664637,-0.0106063485,0.003965694
2459386.1480534957,-0.002203703,0.0039708535
2459386.1494423538,0.0052347183,0.0039772447
2459386.1508312123,-0.007350087,0.0039669257
2459386.1522200704,-0.0065149665,0.0039701327
2459386.153608928,-0.00029349327,0.003968814
2459386.1549977865,-0.0077452064,0.0039682654
2459386.1563866446,-0.010550976,0.0039646844
2459386.157775503,-0.0023658872,0.003965045
2459386.159164361,-0.008462369,0.0039695213
2459386.160553219,-0.012595475,0.0039639776
2459386.1619420773,-0.007901728,0.0039673997
2459386.1633309354,-0.003782034,0.0039665936
2459386.1647197935,-0.00926435,0.00396832
2459386.166108652,-0.003131628,0.0039657946
2459386.16749751,-0.004442036,0.0039655394
2459386.1688863677,-0.009077072,0.0039670435
2459386.1702752262,-0.013063312,0.0039576613
2459386.1716640843,-0.011519432,0.0039619897
2459386.1730529424,-0.0014383197,0.003965015
2459386.174441801,-0.012138486,0.0039608595
2459386.1758306585,-0.0045113564,0.0039657783
2459386.1772195166,-0.008829892,0.0039659366
2459386.178608375,-0.0008972287,0.003968331
2459386.179997233,-0.007102549,0.003965472
2459386.1813860913,-0.0012703538,0.00396053
2459386.18277495,-0.0068772435,0.003966846
2459386.1841638074,-0.008452177,0.00396499
2459386.1855526655,-0.0051635504,0.003971613
2459386.186941524,-0.005206883,0.003969313
2459386.188330382,-0.00660342,0.0039688842
2459386.18971924,-0.0017569661,0.003970152
2459386.191108098,-0.006026447,0.0039661885
2459386.1924969563,-0.0020291805,0.003968096
2459386.1938858144,-0.0030234456,0.003969106
2459386.1952746725,-0.00039678812,0.003970156
2459386.1966635305,-0.01183641,0.003964374
2459386.198052389,-0.009528935,0.0039653825
2459386.1994412467,-0.0043643117,0.0039689094
2459386.2008301048,-0.010683119,0.003964738
2459386.202218963,-0.0085167885,0.0039656432
2459386.2036078214,-0.0068255067,0.0039627533
2459386.2049966794,-0.0070335865,0.00396241
2459386.206385537,-0.0069366693,0.0039671105
2459386.207774395,-0.0023867488,0.0039679715
2459386.2091632537,-0.00045365095,0.0039676763
2459386.2105521117,-0.0034134388,0.0039652684
2459386.21194097,-0.009735823,0.003956431
2459386.213329828,-0.0029242039,0.003965911
2459386.214718686,0.00086939335,0.003970611
2459386.216107544,-0.007974684,0.003967261
2459386.217496402,0.0010396242,0.0039677327
2459386.21888526,-0.008235991,0.003965868
2459386.2202741182,-0.009627223,0.0039636926
2459386.2216629763,-0.0069547296,0.0039622076
2459386.2230518344,-0.001493752,0.0039701983
2459386.2244406925,-0.007461548,0.003966554
2459386.2258295505,0.00050508976,0.003973934
2459386.2272184086,-0.011370897,0.003961922
2459386.2286072667,-0.009121597,0.0039669643
2459386.2299961247,-0.010675311,0.003964005
2459386.231384983,0.004636526,0.0039758086
2459386.232773841,-0.0016499162,0.0039720414
2459386.234162699,-0.0068604946,0.003970577
2459386.235551557,-0.0071170926,0.0039626393
2459386.236940415,-0.0014128089,0.0039718715
2459386.238329273,-0.007384658,0.0039666663
2459386.2397181313,-0.0044356585,0.0039656623
2459386.2411069893,-0.006532192,0.0039672214
2459386.2424958474,-0.0070296526,0.003965266
2459386.2438847055,0.0056602955,0.003975374
2459386.245273563,-0.0023242831,0.0039739176
2459386.246662421,-0.0015218854,0.0039702025
2459386.248051279,-0.004694581,0.0039705005
2459386.2494401378,-0.002688408,0.003968376
2459386.250828996,0.0020160675,0.0039738854
2459386.252217854,-0.008191705,0.003966133
2459386.2536067115,0.00012993813,0.003973903
2459386.2549955696,-0.006794691,0.0039643445
2459386.2563844277,0.0009096861,0.003976593
2459386.2577732857,-0.0020929575,0.0039727855
2459386.259162144,8.046627e-05,0.003975631
2459386.2605510014,-0.00047051907,0.0039716675
2459386.2619398595,-0.00022876263,0.0039721834
2459386.263328718,1.5258789e-05,0.003973823
2459386.264717576,0.00045406818,0.0039768843
2459386.266106434,-0.00042378902,0.00397385
2459386.2674952922,-0.0001655817,0.003975387
2459386.26888415,0.0061364174,0.003981319
2459386.270273008,0.0029335022,0.0039769653
2459386.271661866,-0.0025526285,0.003968519
2459386.273050724,-0.0049223304,0.003967131
2459386.274439582,0.005931258,0.003976144
2459386.2758284397,-0.0024783015,0.003974135
2459386.277217298,-0.0038502216,0.0039748824
2459386.278606156,0.00058090687,0.003973614
2459386.279995014,0.00014197826,0.003972728
2459386.281383872,-0.000112473965,0.0039679543
2459386.28277273,0.005362153,0.0039712633
2459386.2841615877,-0.000995338,0.00397225
2459386.285550446,-0.0058701634,0.003965985
2459386.286939304,-0.0057023764,0.003974078
2459386.288328162,-0.0071715117,0.0039681117
2459386.28971702,-0.005461633,0.003966254
2459386.2911058776,0.0018064976,0.003976804
2459386.2924947357,0.0014685392,0.003972149
2459386.2938835938,-0.003222108,0.0039669736
2459386.295272452,0.0031647682,0.003972411
2459386.29666131,-0.0016102195,0.003977408
2459386.298050168,-8.624792e-05,0.0039720805
2459386.2994390256,0.0020256042,0.0039706584
2459386.3008278836,-0.0020097494,0.003967622
2459386.3022167417,-0.004427254,0.003974981
2459386.3036056,0.00015830994,0.0039755898
2459386.304994458,0.0034749508,0.0039785076
2459386.3063833155,-0.0019254684,0.0039750445
2459386.3077721735,-0.0017576218,0.0039712777
2459386.3091610316,0.0019601583,0.003975222
2459386.3105498897,-0.0015104413,0.0039657736
2459386.3119387478,-0.002361536,0.0039710747
2459386.313327606,0.0012644529,0.0039708265
2459386.3147164634,0.0032269955,0.003978551
2459386.316105321,0.0016525984,0.0039724903
2459386.317494179,0.0015292168,0.0039718663
2459386.318883037,0.0029859543,0.0039709844
2459386.3202718953,-0.0010918975,0.003970876
2459386.3216607533,0.0090351105,0.0039861747
2459386.323049611,-0.0010454655,0.0039732526
2459386.324438469,0.00034034252,0.0039718137
2459386.325827327,0.0016781092,0.0039704232
2459386.327216185,-0.0033679605,0.003972906
2459386.3286050432,0.0010532141,0.003967162
2459386.329993901,0.0036742687,0.0039695734
2459386.3313827584,-0.011935949,0.0039634323
2459386.3327716165,-0.0066977143,0.0039668586
2459386.3341604746,-0.0013738275,0.0039690756
2459386.3355493327,-0.00070917606,0.00397403
2459386.3369381907,0.002594471,0.0039711827
2459386.3383270483,0.008017898,0.0039778654
2459386.3397159064,-0.0028128028,0.0039730985
2459386.3411047645,0.0009071827,0.0039677536
2459386.342493622,-0.00077599287,0.003971118
2459386.34388248,-0.002663374,0.003969727
2459386.345271338,0.0019019842,0.0039766836
2459386.346660196,0.00016713142,0.0039751367
2459386.348049054,0.0021500587,0.0039717364
2459386.349437912,-0.0013711452,0.0039675115
2459386.3508267696,-0.0044034123,0.003970386
2459386.3522156277,-0.008362174,0.0039644456
2459386.3536044853,0.00010085106,0.0039641513
2459386.3549933434,-0.0025750995,0.0039732885
2459386.3563822014,0.0032402277,0.003967414
2459386.357771059,-0.002864182,0.0039686332
2459386.359159917,-0.0030985475,0.003969413
2459386.3605487747,0.0005463362,0.003977062
2459386.361937633,0.006785989,0.0039756303
2459386.363326491,-0.0017946959,0.003969297
2459386.3647153485,-0.004337132,0.0039645466
2459386.3661042065,-0.00070661306,0.0039672097
2459386.3674930646,-0.0011700392,0.0039678896
2459386.368881922,0.006758213,0.003974522
2459386.3702707803,0.005702257,0.0039688866
2459386.371659638,-0.0023952723,0.003970755
2459386.373048496,-0.0012707114,0.003972778
2459386.374437354,-0.002511084,0.0039657596
2459386.3758262116,-0.00036627054,0.0039701625
2459386.3772150693,0.0007456541,0.003965823
2459386.3786039273,0.006563306,0.003970542
2459386.3799927854,0.00296247,0.0039678244
2459386.3813816435,0.00038063526,0.0039666723
2459386.382770501,0.001316309,0.0039742156
2459386.3841593587,0.0047876835,0.0039717006
2459386.3855482168,0.0002529621,0.003966237
2459386.386937075,-0.002349615,0.0039646938
2459386.3883259324,0.001662612,0.003967276
2459386.3897147905,0.0011063814,0.003967686
2459386.391103648,-0.0024107099,0.003969357
2459386.3924925057,-0.003281951,0.0039642793
2459386.393881364,-0.0038535595,0.003962381
2459386.395270222,-0.0042836666,0.0039669364
2459386.39665908,-0.0037790537,0.0039641345
2459386.3980479375,0.0040863752,0.003972751
2459386.399436795,0.006569624,0.0039750515
2459386.400825653,0.008353114,0.0039730384
2459386.402214511,-0.0006481409,0.0039610164
2459386.403603369,0.0019333363,0.003963675
2459386.404992227,-0.0003027916,0.003963921
2459386.4063810846,-0.0040846467,0.003961489
2459386.407769942,0.0019131899,0.0039698915
2459386.4091588003,-0.0015625954,0.003962489
2459386.410547658,0.002002716,0.0039599147
2459386.411936516,-0.008443415,0.0039580623
2459386.413325374,0.0043736696,0.0039645387
2459386.414714231,-0.00064122677,0.003954285
2459386.416103089,-0.003205359,0.0039644316
2459386.4174919473,-0.0030780435,0.003967322
2459386.418880805,-0.0015279055,0.0039668125
2459386.420269663,-0.010342956,0.0039468124
2459386.4216585206,-0.0043163896,0.0039601307
2459386.423047378,-4.172325e-06,0.0039688554
2459386.4244362363,0.002204299,0.0039688167
2459386.425825094,-0.0039249063,0.003958638
2459386.427213952,-0.0003322959,0.0039639217
2459386.42860281,0.0015183687,0.003966139
2459386.429991667,-0.0036871433,0.0039577265
2459386.431380525,0.0039765835,0.0039734156
2459386.432769383,-0.007391691,0.0039595743
2459386.434158241,0.0015518665,0.003964216
2459386.435547099,-0.0019540787,0.0039676055
2459386.4369359566,0.003041029,0.003966485
2459386.438324814,0.0061399937,0.0039710267
2459386.439713672,-0.0031517148,0.003960283
2459386.44110253,-0.0017792583,0.003961843
2459386.4424913875,0.0032440424,0.003961542
2459386.4438802456,0.0025035143,0.0039642095
2459386.445269103,0.0079211,0.0039660847
2459386.446657961,0.0018559694,0.003966672
2459386.448046819,-0.002018869,0.0039608125
2459386.4494356764,-0.006283045,0.0039556217
2459386.4508245345,0.0036780834,0.003970669
2459386.452213392,0.0014755726,0.003964925
2459386.4536022497,-0.0010071993,0.0039627803
2459386.4549911073,9.763241e-05,0.0039578923
2459386.4563799654,0.00899756,0.003970457
2459386.457768823,0.0015596151,0.0039635906
2459386.459157681,0.0034022331,0.003968077
2459386.4605465387,0.0027077198,0.003965754
2459386.4619353963,0.004659295,0.003963087
2459386.4633242544,-0.0012312531,0.003960288
2459386.464713112,-0.00022131205,0.0039683343
2459386.46610197,-0.00084012747,0.003960673
2459386.4674908277,-0.0035697818,0.0039620027
2459386.4688796853,0.00023913383,0.0039615044
2459386.470268543,-0.0077143908,0.003958628
2459386.471657401,0.0030676126,0.003963419
2459386.4730462586,-0.004940212,0.003956797
2459386.474435116,0.0011466742,0.0039668
2459386.4758239742,-0.0008583665,0.0039653005
2459386.4772128314,-0.0039310455,0.0039634667
2459386.4786016895,0.0013463497,0.0039627054
2459386.479990547,0.009714484,0.0039706635
2459386.481379405,0.0033357143,0.0039634136
2459386.4827682627,0.00091278553,0.003960716
2459386.4841571203,0.0050058365,0.0039601857
2459386.485545978,-0.00020867586,0.0039612297
2459386.486934836,0.0013309717,0.003962076
2459386.4883236936,0.004456997,0.0039583985
2459386.4897125517,-0.0007010102,0.003956616
2459386.4911014093,0.0033578873,0.003965491
2459386.4924902664,-0.0045520663,0.003958887
2459386.4938791245,-0.0021291375,0.0039582397
2459386.495267982,0.0009807348,0.0039640954
2459386.49665684,0.0024130344,0.0039673056
2459386.498045698,0.001847744,0.003961608
2459386.499434555,0.0016387701,0.003961489
2459386.500823413,0.0026900768,0.003968979
2459386.5022122706,0.0020029545,0.003965743
2459386.5036011287,-0.003773868,0.003961637
2459386.5049899863,0.0016739368,0.003966098
2459386.5063788444,0.000829339,0.00396265
2459386.5077677015,-0.00058346987,0.0039565414
2459386.509156559,-0.0056449175,0.003959478
2459386.510545417,-0.0051037073,0.0039498885
2459386.511934275,0.0027047396,0.0039657294
2459386.5133231324,0.002045989,0.0039678207
2459386.51471199,0.0041980743,0.003965626
2459386.5161008476,0.0013847351,0.0039622514
2459386.5174897052,-0.0013881326,0.00396135
2459386.5188785633,0.0052036047,0.00396591
2459386.520267421,0.0094896555,0.0039693024
2459386.521656279,0.0028705597,0.003957899
2459386.523045136,0.0026462078,0.0039653904
2459386.5244339937,-0.0046963096,0.003953079
2459386.525822852,-0.004861057,0.0039602076
2459386.5272117094,-0.0032099485,0.0039618397
2459386.528600567,-0.003332734,0.003957944
2459386.5299894246,0.0037406683,0.0039603147
2459386.5313782822,-0.0007606149,0.003961177
2459386.53276714,0.0031260252,0.0039632292
2459386.534155998,0.0030510426,0.003964593
2459386.5355448555,-0.000423491,0.0039665136
2459386.536933713,-0.0015957952,0.003961887
2459386.5383225703,0.0013501644,0.0039630625
2459386.5397114283,-0.0012643933,0.0039627207
2459386.541100286,0.0034362078,0.0039680176
2459386.5424891436,-0.0038220286,0.003963459
2459386.5438780016,-0.006887853,0.003955473
2459386.545266859,-0.00017488003,0.003959584
2459386.5466557164,-0.0032052398,0.003958141
2459386.548044574,-0.0005323291,0.0039615706
2459386.549433432,0.0012799501,0.0039701574
2459386.5508222897,-0.00097215176,0.003962113
2459386.5522111473,0.00041103363,0.003962488
2459386.553600005,0.0026686192,0.0039699497
2459386.5549888625,-0.004486084,0.0039613037
2459386.55637772,-0.0036134124,0.0039638695
2459386.5577665777,0.0013438463,0.0039652814
2459386.5591554358,0.0044829845,0.0039722966
2459386.5605442934,0.001321435,0.003964456
2459386.5619331505,-0.0025747418,0.003953245
2459386.563322008,-0.0005620122,0.00396577
2459386.5647108657,0.003317833,0.003970267
2459386.566099724,-0.0102779865,0.0039542597
2459386.5674885814,0.0018546581,0.0039486084
2459386.5688774385,-0.0015292168,0.0039566034
2459386.570266296,0.0033751726,0.0039663874
2459386.571655154,-0.002472341,0.003962556
2459386.573044012,0.0010433197,0.0039590257
2459386.5744328694,0.0033020973,0.003961961
2459386.575821727,0.0026695728,0.003963384
2459386.577210584,0.0006918907,0.0039660838
2459386.5785994423,-0.0001693368,0.003963534
2459386.5799883,-0.0002744794,0.0039598737
2459386.5813771575,0.0006184578,0.0039611366
2459386.582766015,-0.004393339,0.0039588315
2459386.584154872,-7.82609e-05,0.0039647855
2459386.58554373,-0.00067704916,0.0039609107
2459386.586932588,0.0057843924,0.0039729667
2459386.5883214455,-0.0019080639,0.0039638933
2459386.589710303,-0.002072513,0.0039661494
2459386.5910991607,-0.0027116537,0.003965861
2459386.592488018,-0.005665064,0.003961933
2459386.5938768755,0.0035105944,0.00396726
2459386.5952657335,0.0058847666,0.003973582
2459386.596654591,0.0008671284,0.0039634113
2459386.5980434488,-0.00019693375,0.0039719315
2459386.599432306,-0.0047842264,0.0039683767
2459386.6008211635,-0.00038337708,0.0039646467
2459386.602210021,0.0023093224,0.0039692945
2459386.6035988787,-0.0025154948,0.0039713252
2459386.6049877363,0.0014183521,0.0039720214
2459386.6063765944,0.003881693,0.0039725485
2459386.6077654515,-0.005385995,0.0039628325
2459386.609154309,0.0005803108,0.0039722356
2459386.6105431668,0.004990101,0.003969891
2459386.6119320244,-0.00017052889,0.003969383
2459386.613320882,-0.0027868748,0.003966636
2459386.614709739,-0.0021903515,0.0039702854
2459386.6160985967,0.0039629936,0.003978554
2459386.6174874543,0.0024770498,0.0039687003
2459386.618876312,0.0043435097,0.003974524
2459386.62026517,0.0038557053,0.003971239
2459386.6216540276,-0.0045488477,0.0039703255
2459386.6230428847,-0.0027362108,0.003974619
2459386.6244317424,0.0018937588,0.003970173
2459386.6258206,-0.002918899,0.003976158
2459386.6272094576,0.0021207333,0.003977652
2459386.628598315,0.0013716221,0.00397271
2459386.6299871723,0.0034018755,0.0039803283
2459386.63137603,-0.0010326505,0.003975559
2459386.6327648875,0.0044653416,0.003982131
2459386.634153745,-0.005901456,0.00396447
2459386.6355426027,0.003775835,0.0039736405
2459386.6369314604,-0.002513945,0.003973033
2459386.6383203175,0.0005875826,0.0039752685
2459386.639709175,-0.0026376247,0.003964361
2459386.6410980327,-0.0019984841,0.0039713695
2459386.6424868903,0.002349496,0.0039722053
2459386.643875748,-0.0017718673,0.0039761513
2459386.6452646055,0.0005916357,0.0039745965
2459386.6466534627,0.0017557144,0.003980298
2459386.6480423203,0.0038431883,0.003981166
2459386.649431178,-0.005243838,0.0039666416
2459386.6508200355,0.0012235641,0.003981613
2459386.652208893,0.005227089,0.003978907
2459386.6535977502,-0.010307908,0.0039733946
2459386.654986608,0.0031638145,0.0039799833
2459386.6563754654,-0.0066912174,0.003974985
2459386.657764323,0.011416674,0.0039865742
2459386.6591531807,0.0026991367,0.0039834683
2459386.6605420383,0.0028592348,0.003977397
2459386.6619308954,-0.0046301484,0.00398179
2459386.663319753,0.006219268,0.0039882846
2459386.6647086106,0.002363205,0.0039786566
2459386.666097468,3.2186508e-05,0.0039756214
2459386.667486326,-0.0034845471,0.0039776783
2459386.668875183,-0.0018261075,0.0039704335
2459386.6702640406,0.0034265518,0.003978631
2459386.671652898,-0.0010762215,0.003979583
2459386.673041756,-0.0024055839,0.0039791204
2459386.6744306134,-0.0025892258,0.0039727725
2459386.6758194705,0.0026346445,0.0039813123
2459386.6772083277,0.0075472593,0.0039849035
2459386.6785971853,0.00019145012,0.0039849854
2459386.679986043,0.0030508041,0.0039817505
2459386.6813749005,0.0029805899,0.0039796797
2459386.682763758,0.0028141737,0.003981124
2459386.6841526153,0.001880765,0.0039765676
2459386.685541473,-0.0016172528,0.003982161
2459386.6869303305,-0.0062990785,0.003979741
2459386.688319188,-0.0038061738,0.003975505
2459386.689708045,-0.007157624,0.0039791595
2459386.691096903,0.0024058819,0.003979531
2459386.69248576,-0.002359748,0.003977843
2459386.6938746176,0.0047032833,0.003988762
2459386.695263475,-0.0022124648,0.003974748
2459386.696652333,-0.006423533,0.0039836345
2459386.6980411904,0.0014055967,0.003988089
2459386.6994300475,0.0017262697,0.0039842403
2459386.7008189047,-0.001151979,0.0039829016
2459386.7022077623,0.00017237663,0.003987277
2459386.70359662,0.0036832094,0.0039779507
2459386.7049854775,0.0033746958,0.0039839246
2459386.706374335,0.0053362846,0.0039890627
2459386.7077631922,0.0027455091,0.003988647
2459386.7091520494,-0.007935107,0.0039737904
2459386.710540907,-0.0021915436,0.0039859307
2459386.7119297646,-0.004334867,0.0039820606
2459386.713318622,-0.0033625364,0.0039860285
2459386.7147074793,-0.0009086728,0.0039809933
2459386.716096337,-0.0020251274,0.003983925
2459386.717485194,0.002865672,0.003985799
2459386.7188740517,-0.00077342987,0.0039807945
2459386.7202629093,-0.0053248405,0.003985804
2459386.721651767,-0.0006722212,0.0039822333
2459386.723040624,0.00075781345,0.0039882567
2459386.724429481,-0.00057065487,0.0039768326
2459386.725818339,0.0037956238,0.0039840867
2459386.7272071964,0.0027184486,0.003986657
2459386.728596054,-0.002074182,0.003988984
2459386.729984911,0.00024235249,0.0039884946
2459386.7313737683,0.004707217,0.003991119
2459386.732762626,0.0044773817,0.0039891084
2459386.7341514835,0.00092983246,0.0039918195
2459386.735540341,-0.007472396,0.0039830664
2459386.7369291983,-0.0031209588,0.0039881007
2459386.7383180554,-0.0018183589,0.00398848
2459386.739706913,-0.0018497705,0.0039880145
2459386.7410957706,0.00022220612,0.0039931713
2459386.7424846278,-0.005304992,0.00398152
2459386.7438734854,0.00060617924,0.003990915
2459386.745262343,-0.0012935996,0.003989023
2459386.7466511996,-0.00059109926,0.003994717
2459386.7480400573,0.0016314983,0.003993249
2459386.749428915,-0.0045292377,0.0039849244
2459386.7508177725,0.0058020353,0.0039949208
2459386.7522066296,-0.0025675893,0.003990479
2459386.7535954867,-0.009548068,0.003979688
2459386.7549843444,0.0011683702,0.0039907284
2459386.7563732015,0.0015673637,0.003988004
2459386.757762059,-0.0030293465,0.003991655
2459386.7591509167,-0.0031706095,0.0039868397
2459386.7605397743,-0.002940476,0.0039931675
2459386.761928631,0.004161477,0.003990662
2459386.7633174886,-0.0013190508,0.0039837547
2459386.764706346,0.005728245,0.0039959936
2459386.7660952033,-0.0019651055,0.0039861985
2459386.767484061,0.0064753294,0.0039946768
2459386.768872918,0.0032349825,0.0039958856
2459386.7702617752,0.0023405552,0.003991596
2459386.771650633,-0.0058796406,0.0039894003
2459386.7744283476,-0.0011982918,0.0039943843
2459386.775817205,-0.002788484,0.003993849
2459386.7772060623,0.0016440153,0.0039922977
2459386.7785949195,0.0023126602,0.004001193
2459386.779983777,-0.00031638145,0.003993263
2459386.781372634,-0.010157466,0.003983584
2459386.782761492,-0.006395519,0.0039847395
2459386.784150349,-0.006344497,0.003988388
2459386.785539206,-9.196997e-05,0.003993959
2459386.7869280637,-0.0042462945,0.0039880904
2459386.7883169213,0.0021609068,0.0039971336
2459386.7897057785,0.0019499063,0.003990141
2459386.791094636,0.004278779,0.0039917366
2459386.7924834928,-0.00025123358,0.003989436
2459386.7938723504,-0.0015364885,0.003985653
2459386.795261208,-0.0032302141,0.0039868476
2459386.796650065,-0.0007504821,0.0039951527
2459386.7980389227,-0.0028187037,0.0039925384
2459386.79942778,-0.0029321313,0.003981356
2459386.800816637,-0.0057103634,0.0039837845
2459386.802205494,0.0010888577,0.00398451
2459386.8035943517,-0.004162967,0.0039762813
2459386.8049832094,0.00333786,0.0039910907
2459386.8063720665,-0.0052532554,0.003986681
2459386.8077609236,-0.00042283535,0.003988244
2459386.809149781,-0.003298223,0.003989145
2459386.8105386384,-0.0059834123,0.0039907154
2459386.8119274955,0.0068939924,0.0039954586
2459386.813316353,-0.0015904903,0.0039873305
2459386.8147052107,-0.006733477,0.0039884853
2459386.8160940674,-0.0023622513,0.0039899433
2459386.817482925,-0.005391419,0.0039817533
2459386.818871782,-0.0044268966,0.003988379
2459386.82026064,0.0018229485,0.003983988
2459386.821649497,-0.00031375885,0.003992133
2459386.823038354,0.0024991035,0.0039968463
2459386.824427211,-0.004715383,0.0039914013
2459386.825816069,0.0059660673,0.003997093
2459386.827204926,-3.7372112e-05,0.0039972444
2459386.8285937835,-0.0026187897,0.0039953534
2459386.8299826407,-0.00496614,0.0039933124
2459386.831371498,-0.0008856654,0.0039959643
2459386.832760355,-0.005235374,0.0039861016
2459386.8341492126,0.00308609,0.0039921706
2459386.8355380697,-0.0033558607,0.0039928565
2459386.8369269273,-0.00090032816,0.0039929226
2459386.838315784,-0.0028311014,0.003984502
2459386.8397046416,-0.0014708042,0.0039825146
2459386.8410934987,-0.0011584759,0.003987438
2459386.8424823564,0.00042068958,0.003986766
2459386.8438712135,-0.0015451312,0.003989033
2459386.8452600706,0.00701499,0.003996885
2459386.846648928,-0.0010074973,0.003977393
2459386.848037785,0.0030828714,0.0039917356
2459386.8494266425,-0.004309416,0.003988333
2459386.8508154997,-0.004391372,0.0039853835
2459386.8522043573,0.0046693087,0.004001651
2459386.853593214,-0.0005405545,0.003989987
2459386.8549820716,0.004979968,0.003998554
2459386.8563709287,0.00020933151,0.0039921007
2459386.857759786,-0.0022328496,0.0039930684
2459386.8591486434,0.0020610094,0.0039977003
2459386.8605375006,-0.00076311827,0.0039937273
2459386.8619263577,-0.008393705,0.003988138
2459386.863315215,-0.003811717,0.0039934474
2459386.8647040725,-0.0010372996,0.00399314
2459386.8660929296,-0.0070773363,0.003989927
2459386.8674817868,0.004601836,0.003990464
2459386.868870644,0.002891779,0.00399133
2459386.870259501,-0.004099369,0.0039897766
2459386.8716483586,-0.0012583733,0.003988408
2459386.873037216,-0.00074362755,0.003993533
2459386.874426073,0.007465601,0.004000291
2459386.8758149305,0.0017225742,0.003996327
2459386.877203787,0.0024243593,0.003991609
2459386.8785926444,0.0051629543,0.0039978586
2459386.879981502,0.0028817654,0.003994572
2459386.881370359,-0.0022147894,0.0039908416
2459386.8827592162,-0.00084370375,0.003990609
2459386.884148074,-0.0036352873,0.003989018
2459386.8855369305,-0.001134038,0.0039837495
2459386.886925788,-0.0026468635,0.003984766
2459386.8883146453,-0.0023013353,0.0039873077
2459386.8897035024,0.0015820265,0.0039910404
2459386.89109236,4.7802925e-05,0.003990308
2459386.8924812167,-0.003553331,0.003990355
2459386.893870074,0.0019720793,0.0039953794
2459386.8952589314,0.00035345554,0.0039971406
2459386.8966477886,-0.002634883,0.003991109
2459386.8980366457,-0.0045491457,0.003982753
2459386.899425503,0.005246997,0.003998655
2459386.90081436,0.0023533106,0.0039978037
2459386.902203217,-0.0003901124,0.0039961073
2459386.9035920743,-0.008665562,0.0039832597
2459386.904980932,0.004421234,0.0040039825
2459386.906369789,0.0029438734,0.003995087
2459386.9077586457,0.0017780066,0.0039996593
2459386.9091475033,-0.0054785013,0.00399142
2459386.9105363605,0.005360365,0.0039969287
2459386.9119252176,-0.0067724586,0.003988544
2459386.9133140747,-0.0014231205,0.004002647
2459386.9147029324,-0.0031852722,0.003997797
2459386.916091789,0.0031495094,0.0039957045
2459386.917480646,-0.0025224686,0.003984356
2459386.9188695033,-0.00014531612,0.003980497
2459386.920258361,-3.5345554e-05,0.0039891168
2459386.921647218,0.0038077831,0.0039932877
2459386.9230360747,-0.006694436,0.003984178
2459386.924424932,0.0034233332,0.0039867237
2459386.9258137895,0.0016505718,0.0039996845
2459386.9272026466,-0.0011914372,0.0039804652
2459386.9285915038,-0.0029675364,0.003991732
2459386.929980361,-0.004179716,0.003992009
2459386.931369218,-0.0005488992,0.0039894492
2459386.932758075,-0.0067486763,0.003985376
2459386.9341469323,-0.0046631694,0.0039904644
2459386.9355357895,-0.0036423802,0.003984107
2459386.9369246466,-0.0067487955,0.003979851
2459386.9383135037,-0.006206095,0.003988395
2459386.939702361,0.0006517172,0.003998192
2459386.941091218,0.00069856644,0.0039919624
2459386.942480075,-0.003620565,0.003987672
2459386.943868933,0.0038950443,0.004000752
2459386.94525779,0.0012809038,0.0039955312
2459386.9466466466,-0.007165909,0.0039892853
2459386.9480355037,-0.007720113,0.0039900625
2459386.949424361,-0.0016101599,0.0039846613
2459386.950813218,-0.009984493,0.003989524
2459386.9522020756,0.0023492575,0.0039931554
2459386.9535909323,0.001619935,0.0039917417
2459386.9549797894,-0.0001450777,0.0039905403
2459386.9563686466,0.0028806925,0.003991038
2459386.9577575037,0.008103728,0.003998848
2459386.959146361,-0.00013256073,0.003993702
2459386.9605352185,0.00045192242,0.0039890083
2459386.961924075,0.0003490448,0.0039935047
2459386.9633129323,0.0022974014,0.0039987336
2459386.9647017894,-0.0019342303,0.003996697
2459386.9660906466,0.003299117,0.004004649
2459386.9674795037,-0.0030080676,0.003999019
2459386.968868361,-0.003964305,0.003995783
2459386.9702572175,0.0013030767,0.004000468
2459386.971646075,0.0011137724,0.0039985487
2459386.9730349323,0.0023453236,0.0039989473
2459386.9744237894,-0.0029606223,0.003994815
2459386.9758126466,0.0012046099,0.0039965943
2459386.9772015032,-0.00021785498,0.003994488
2459386.9785903604,-0.00020343065,0.003993847
2459386.9799792175,0.0023331642,0.0039996337
2459386.9813680747,0.0013530254,0.003999308
2459386.982756932,-0.008429766,0.0039835954
2459386.984145789,0.011214137,0.0040058964
2459386.985534646,0.0018351078,0.0040014945
2459386.986923503,0.0024859905,0.0039975247
2459386.9883123604,-0.0071458817,0.0039951224
2459386.9897012175,-0.0033134818,0.003989993
2459386.9910900746,0.006054759,0.004000149
2459386.9924789313,0.0006028414,0.003991841
2459386.9938677885,0.0055207014,0.004002394
2459386.9952566456,-0.004060209,0.0039936453
2459386.9966455027,-0.0034037828,0.004002341
2459386.99803436,-0.003037691,0.003988987
2459386.999423217,-0.0004221201,0.0039948793
2459387.0008120737,0.0056962967,0.003998723
2459387.002200931,0.0058768988,0.0040020295
2459387.003589788,-0.0034534335,0.0039960425
2459387.004978645,0.0021853447,0.003999443
2459387.0063675023,0.008032799,0.004004262
2459387.007756359,-0.0028678179,0.0039972337
2459387.009145216,0.0037609339,0.003997227
2459387.010534073,0.0024869442,0.00400058
2459387.0119229304,0.004057884,0.0039998116
2459387.0133117875,-0.005822897,0.0039957277
2459387.0147006446,-0.00027436018,0.004001841
2459387.0160895013,-0.0032886863,0.0039978717
2459387.0174783585,-0.002877295,0.0039920863
2459387.0188672156,-0.003345549,0.0039915536
2459387.0202560727,-0.003235817,0.0039948104
2459387.02164493,0.005874634,0.0040019895
2459387.0230337866,0.0013782978,0.003996845
2459387.0244226437,0.004730463,0.0039938255
2459387.025811501,0.00062799454,0.00399599
2459387.027200358,-0.0011658669,0.0039983084
2459387.028589215,-0.0047195554,0.003988679
2459387.0299780723,-0.0013430715,0.0039967145
2459387.031366929,-0.001503706,0.003993062
2459387.032755786,-0.0026211739,0.0039888704
2459387.034144643,0.0020426512,0.0039931447
2459387.0355335004,-0.0010150075,0.003975038
2459387.0369223575,-0.0011208653,0.003990575
2459387.038311214,0.0021654367,0.0039954823
2459387.0397000713,-0.0004440546,0.004004706
2459387.0410889285,-7.790327e-05,0.003999427
2459387.0424777856,0.00044071674,0.003996399
2459387.0438666428,-0.00332129,0.0039902837
2459387.0452554994,0.007392645,0.0040018884
2459387.046644356,0.0032014847,0.0039944276
2459387.0480332132,0.007275343,0.0040013306
2459387.0494220704,0.0060397387,0.0039903773
2459387.0508109275,0.0050059557,0.003998677
2459387.0521997847,-0.0030029416,0.003982295
2459387.053588642,0.00226748,0.003996799
2459387.0549774985,-0.004582882,0.00399344
2459387.0563663556,0.0054210424,0.0040015476
2459387.0577552128,-0.0017644167,0.00399887
2459387.0591440694,0.0013912916,0.003998921
2459387.0605329266,0.0013877153,0.003988616
2459387.0619217833,-0.008246899,0.0039932868
2459387.0633106404,0.0066586733,0.003997405
2459387.0646994975,-0.00045895576,0.0039964695
2459387.0660883547,-0.0076734424,0.0039908146
2459387.067477212,0.0057799816,0.003994659
2459387.068866069,0.0020885468,0.0039917296
2459387.070254925,-0.006432116,0.0039947233
2459387.0716437823,0.0017235279,0.0039968193
2459387.0730326395,-0.004034877,0.003984017
2459387.0744214966,0.0062127113,0.0039972803
2459387.0758103537,0.008610725,0.0040037124
2459387.0771992104,0.001090765,0.003989307
2459387.078588067,0.0034291744,0.003994755
2459387.079976924,0.0043717623,0.00399967
2459387.0813657814,0.00025737286,0.0039947117
2459387.0827546385,0.004163265,0.003998067
2459387.0841434957,-0.004818678,0.003983082
2459387.0855323523,-7.9870224e-05,0.003987556
2459387.086921209,0.003553629,0.0039971187
2459387.088310066,0.00848496,0.0039970824
2459387.0896989233,0.004936099,0.003987397
2459387.0910877804,0.005785227,0.0040010675
2459387.092476637,-3.5762787e-07,0.00399286
2459387.093865494,0.00047576427,0.0039892467
2459387.095254351,0.004367113,0.0039928127
2459387.096643208,-0.0029792786,0.003994031
2459387.098032065,0.003375411,0.003978907
2459387.099420922,-0.0037512183,0.003990258
2459387.1008097786,0.007757187,0.004004037
2459387.1021986357,-0.0034246445,0.003984173
2459387.103587493,-0.006168723,0.003983358
2459387.10497635,-0.0042820573,0.003986647
2459387.1063652067,0.004590988,0.003987317
2459387.1077540633,0.009612918,0.003986599
2459387.1091429205,0.0004968643,0.003987215
2459387.1105317776,0.00084269047,0.0039872443
2459387.1119206343,0.002693653,0.003986046
2459387.1133094914,-0.0016784668,0.0039925235
2459387.1146983486,0.0060133934,0.003995148
2459387.116087205,-0.006090045,0.003986846
2459387.117476062,0.004460573,0.0039940677
2459387.118864919,0.0011943579,0.0039838175
2459387.120253776,-0.0065145493,0.0039914846
2459387.121642633,0.0018855333,0.003989573
2459387.12303149,0.00031352043,0.003994586
2459387.1244203467,-0.00333035,0.003994303
2459387.1258092034,0.003436327,0.003996816
2459387.1271980605,-0.0047062635,0.003989481
2459387.1285869176,-0.0013952851,0.0039900686
2459387.129975775,0.0035556555,0.0039899442
2459387.131364631,-0.0032826662,0.003992243
2459387.132753488,-0.0018179417,0.0039837994
2459387.1341423453,0.0016622543,0.003999015
2459387.135531202,0.003971815,0.0039992756
2459387.136920059,-0.0006957054,0.0039954833
2459387.1383089162,0.0022398233,0.004000778
2459387.1396977725,-0.007565737,0.0039885747
2459387.1410866296,-0.004126489,0.003997865
2459387.1424754867,0.0012873411,0.0039958106
2459387.1438643434,-0.00045329332,0.0039968514
2459387.1452532005,-0.002316177,0.0039948127
2459387.146642057,-0.0046750903,0.0039984765
2459387.148030914,0.00035583973,0.003998433
2459387.149419771,-0.0021981597,0.0039964197
2459387.150808628,0.008731246,0.004006905
2459387.152197485,-0.0016922355,0.0039961603
2459387.153586342,-0.0060483813,0.003993129
2459387.154975198,0.0023612976,0.0040013646
2459387.1563640554,-0.002090454,0.0040018535
2459387.1577529125,-0.004032314,0.003997235
2459387.159141769,0.0039662123,0.0040010507
2459387.1605306263,0.0027498007,0.004000932
2459387.161919483,0.005359292,0.0039983657
2459387.1633083397,-0.0012507439,0.0039987527
2459387.164697197,-0.0052603483,0.003998563
2459387.1660860535,0.0030044317,0.004000098
2459387.1674749106,-0.0021696687,0.0039967815
2459387.1688637678,0.0010215044,0.003999403
2459387.170252624,0.002459526,0.004003341
2459387.171641481,0.0035614967,0.00400127
2459387.173030338,0.0019011497,0.0040037027
2459387.174419195,0.00299716,0.004006955
2459387.1758080516,1.9550323e-05,0.00400104
2459387.1771969083,0.0028381348,0.004000611
2459387.1785857654,0.0067999363,0.004005981
2459387.179974622,0.00076556206,0.003999345
2459387.1813634792,0.0050935745,0.00400595
2459387.182752336,0.005601406,0.004005247
2459387.184141193,0.00410676,0.0040062903
2459387.1855300493,-0.0060132146,0.003999014
2459387.1869189064,-0.0028288364,0.0040000174
2459387.188307763,0.0016803741,0.0040011047
2459387.18969662,-0.004825294,0.0039972104
2459387.191085477,0.0069799423,0.004003164
2459387.1924743336,-0.002953291,0.004001027
2459387.1938631907,-0.0008804798,0.0040033106
2459387.1952520474,-0.00093877316,0.0040023923
2459387.1966409045,0.00061643124,0.0040014763
2459387.198029761,0.0051072836,0.004006889
2459387.1994186183,0.003168583,0.004005007
2459387.2008074746,0.0043518543,0.004003403
2459387.2021963317,-0.003876388,0.003998037
2459387.2035851884,-0.0038623214,0.0040021753
2459387.2049740455,0.0053811073,0.00400628
2459387.206362902,0.0028454065,0.0040048813
2459387.2077517593,-0.0054320097,0.004001034
2459387.2091406155,0.0021778345,0.004007497
2459387.2105294727,0.0024734735,0.004005424
2459387.2119183294,0.0019025803,0.004001668
2459387.2133071865,0.0032918453,0.004005757
2459387.214696043,0.007422924,0.004011751
2459387.2160848994,-0.0013279915,0.0040027127
2459387.2174737565,-0.00051122904,0.0039938595
2459387.218862613,0.010449767,0.00401065
2459387.2202514703,-0.0026319027,0.004002935
2459387.221640327,-0.003910303,0.00400494
2459387.223029184,-0.0005351901,0.0040041273
2459387.2244180404,-0.00040775537,0.004004056
2459387.2258068975,0.0016646385,0.0040056813
2459387.227195754,0.0026767254,0.0040075323
2459387.228584611,-0.0011117458,0.0040064002
2459387.229973468,-0.00057560205,0.004007007
2459387.231362324,0.0026894808,0.004004732
2459387.2327511813,-0.0023306608,0.0040037585
2459387.234140038,0.0018672943,0.004003445
2459387.235528895,0.0059803724,0.0040101437
2459387.236917752,-0.0011262894,0.0040049665
2459387.2383066085,-0.0010908842,0.004001916
2459387.239695465,0.0005106926,0.00400382
2459387.241084322,0.0043765306,0.0040078657
2459387.242473179,0.00014793873,0.004004829
2459387.2438620357,0.006483555,0.004009588
2459387.2452508924,0.0007145405,0.0040059946
2459387.246639749,-0.00043678284,0.0040098657
2459387.2480286057,0.0021637678,0.004004458
2459387.249417463,-0.0032132268,0.0040064943
2459387.2508063195,0.0004464388,0.004008093
2459387.252195176,-0.0005456209,0.0040072445
2459387.2535840333,0.0051831007,0.0040129926
2459387.2549728896,0.0027865171,0.0040100426
2459387.256361746,0.00068306923,0.0040078624
2459387.2577506034,0.0012956858,0.0040102187
2459387.25913946,-0.00012433529,0.0040066475
2459387.2605283167,0.0018835068,0.00401235
2459387.2619171734,0.0017744303,0.004011741
2459387.26330603,-0.0034589767,0.0040078666
2459387.2646948867,0.0012017488,0.004010306
2459387.266083744,0.002568841,0.0040063434
2459387.2674726006,0.00048792362,0.0040149037
2459387.2688614572,0.0010277033,0.0040163915
2459387.270250314,0.0034239292,0.004012817
2459387.2716391706,0.005039811,0.004012107
2459387.2730280273,0.0014814138,0.004016034
2459387.2744168844,0.0016583204,0.004011071
2459387.275805741,-0.002619803,0.0040073274
2459387.2771945973,0.0015161037,0.004013299
2459387.2785834544,0.0008752346,0.004008651
2459387.279972311,-0.0005657077,0.0040112967
2459387.281361168,-0.000564754,0.0040123607
2459387.282750025,-0.003359437,0.0040097516
2459387.2841388816,-0.0007432103,0.0040130615
2459387.285527738,-0.0007941127,0.004010031
2459387.2869165945,0.0054010153,0.0040168315
2459387.2883054516,0.0009576082,0.004015408
2459387.2896943083,0.0042163134,0.004015143
2459387.291083165,-0.0037063956,0.004009108
2459387.2924720217,0.0015039444,0.0040121228
2459387.2938608783,-0.0075633526,0.0040097605
2459387.295249735,0.006705165,0.0040185777
2459387.2966385917,0.00043964386,0.0040140133
2459387.2980274484,-0.0065000653,0.0040118727
2459387.2994163055,-0.0007918477,0.0040161563
2459387.3008051617,-0.00040245056,0.0040122312
2459387.3021940184,-0.0056332946,0.00401283
2459387.303582875,-0.00027483702,0.004014159
2459387.304971732,0.0005720854,0.0040161703
2459387.306360589,0.0025123358,0.004019079
2459387.3077494456,0.0010312796,0.0040216725
2459387.3091383018,0.005581856,0.004017693
2459387.310527159,-0.0025661588,0.0040148865
2459387.3119160156,-0.00060766935,0.004016226
2459387.3133048723,-0.0011493564,0.004013285
2459387.314693729,0.0021523237,0.0040181195
2459387.316082585,0.006280184,0.00402116
2459387.3174714423,-0.00030207634,0.004018628
2459387.318860299,0.0066188574,0.004024661
2459387.3202491556,0.0013149977,0.0040171826
2459387.3216380123,-0.005328059,0.0040117037
2459387.323026869,-0.0029444695,0.004017218
2459387.3244157257,-0.008399546,0.0040098876
2459387.3258045823,-0.0048024654,0.004015067
2459387.327193439,-0.002658546,0.0040109484
2459387.3285822957,-0.007511139,0.0040096007
2459387.3299711524,0.0021169186,0.0040141633
2459387.3313600086,-0.0072033405,0.0040133814
2459387.3327488657,-0.00090432167,0.0040216083
2459387.3341377224,0.0013400316,0.0040236306
2459387.335526579,0.0027723312,0.00402129
2459387.3369154357,0.003890872,0.00402334
2459387.3383042924,0.0040923357,0.0040211976
2459387.3396931486,0.00016105175,0.0040197703
2459387.3424708624,0.0033211708,0.0040231543
2459387.343859719,-4.506111e-05,0.0040232143
2459387.345248576,-0.0013094544,0.0040244176
2459387.346637432,0.0011529922,0.004024554
2459387.3480262887,0.0026615858,0.0040172944
2459387.3494151453,0.0029548407,0.0040224027
2459387.350804002,-0.004024923,0.0040144823
2459387.3521928587,4.053116e-06,0.0040249783
2459387.353581716,0.0022813082,0.0040198844
2459387.354970572,-0.0034977198,0.004017685
2459387.3563594287,-0.0012124777,0.0040192707
2459387.3577482854,-0.0020256639,0.004022422
2459387.359137142,0.0045152903,0.0040277448
2459387.3605259988,-0.00296098,0.004014301
2459387.3619148554,0.0030411482,0.004016099
2459387.3633037116,-0.003250897,0.0040098554
2459387.3646925683,-0.0043771863,0.0040152823
2459387.366081425,-0.0030612946,0.0040179975
2459387.3674702817,0.0032383204,0.004021068
2459387.3688591383,0.0016442537,0.004019753
2459387.3702479945,-0.002359867,0.0040244306
2459387.3716368517,0.0012257099,0.004012867
2459387.3730257084,0.0063073635,0.0040306854
2459387.374414565,-0.0038807988,0.0040234076
2459387.3758034217,0.0030128956,0.0040251673
2459387.3771922784,0.00097215176,0.004025296
2459387.3785811346,0.001796484,0.0040249364
2459387.3799699913,0.004324436,0.004015949
2459387.381358848,-0.0022605658,0.004021075
2459387.3827477046,0.0028128624,0.004027782
2459387.3841365613,0.0003863573,0.0040290547
2459387.3855254175,-0.0034103394,0.0040260204
2459387.386914274,-0.0014178157,0.004020142
2459387.388303131,-0.004942596,0.00402555
2459387.3896919875,-0.0034570098,0.0040227734
2459387.391080844,-0.0030891895,0.0040259263
2459387.392469701,0.0045779943,0.004033012
2459387.393858557,0.0065066814,0.00403481
2459387.395247414,-0.0032105446,0.0040225442
2459387.3966362705,-0.006994605,0.004023753
2459387.398025127,-0.0015736222,0.0040237857
2459387.399413984,0.00073218346,0.0040233736
2459387.40080284,0.002788186,0.0040236344
2459387.4021916967,-7.176399e-05,0.0040228153
2459387.4035805534,0.004986167,0.0040310086
2459387.40496941,-0.0020155907,0.0040206504
2459387.4063582667,0.004345894,0.00403059
2459387.4077471234,-0.0043057203,0.004020952
2459387.4091359796,-0.0020102262,0.0040300773
2459387.4105248363,-0.0006992817,0.004030037
2459387.411913693,-0.001531601,0.0040310356
2459387.4133025496,0.0015101433,0.0040350202
2459387.4146914063,0.00192976,0.00403259
2459387.416080262,-0.00018143654,0.004024508
2459387.4174691187,0.0020580292,0.004030264
2459387.4188579754,-0.0024484992,0.004022028
2459387.420246832,-0.006983876,0.0040197074
2459387.4216356887,-0.0020260215,0.004029419
2459387.4230245454,-0.0017381907,0.0040224595
2459387.4244134016,-0.009349227,0.004009242
2459387.4258022583,0.0006058216,0.00402082
2459387.427191115,0.0008934736,0.004021899
2459387.4285799717,0.0071157217,0.004035872
2459387.4299688283,0.0011999607,0.004031195
2459387.4313576845,0.012132883,0.0040405015
2459387.4327465408,-0.005378127,0.004028793
2459387.4341353974,0.004033327,0.004028257
2459387.435524254,-0.0047987103,0.004020099
2459387.436913111,-0.004830897,0.0040232507
2459387.4383019675,-0.0033165216,0.0040179053
2459387.4396908237,0.00016498566,0.0040315925
2459387.4410796803,0.011389136,0.004034023
2459387.442468537,-0.00087088346,0.0040368587
2459387.4438573937,0.006929755,0.0040338174
2459387.44524625,-0.0011265278,0.004036357
2459387.4466351066,-0.00061541796,0.004036584
2459387.448023963,0.002505064,0.00403756
2459387.4494128195,-0.009472191,0.004023048
2459387.450801676,-0.0012590289,0.0040345713
2459387.452190533,0.002723217,0.0040271124
2459387.4535793895,-0.0010005236,0.0040401705
2459387.4549682452,-0.005102098,0.0040305536
2459387.456357102,0.00036609173,0.0040411195
2459387.4577459586,-0.0051228404,0.004034593
2459387.4591348153,0.0001655817,0.004040559
2459387.460523672,-0.00416553,0.004036279
2459387.4619125286,0.004668355,0.004037646
2459387.4633013844,-0.0019477606,0.0040369877
2459387.464690241,-0.003162682,0.004029383
2459387.4660790977,0.0005084276,0.0040350943
2459387.4674679544,-0.007146418,0.0040404852
2459387.468856811,-0.0017895699,0.0040383358
2459387.470245667,-0.0027887225,0.0040388373
2459387.4716345235,-0.005363226,0.0040452085
2459387.47302338,-0.0044864416,0.0040497477
2459387.474412237,-0.005460024,0.0040455936
2459387.4758010935,-0.0011820793,0.0040507806
2459387.4771899497,0.0004041195,0.0040605767
2459387.478578806,-0.0016876459,0.0040549077
2459387.4799676626,9.846687e-05,0.0040612053
2459387.4813565193,-0.005964339,0.004055992
2459387.4827453755,0.0031182766,0.0040714494
2459387.484134232,-0.0013154149,0.004067445
2459387.4855230884,-0.0028167367,0.0040697833
2459387.486911945,0.003758669,0.0040805675
2459387.4883008013,-0.0033462644,0.004081224
2459387.489689658,-0.00042307377,0.0040754103
2459387.4910785146,0.006630063,0.004092216
2459387.4924673713,-0.0045395494,0.0040856153
2459387.493856227,0.00057017803,0.00408066
2459387.4952450837,0.00416708,0.0040913275
2459387.4966339404,-0.010042727,0.0040850197
2459387.498022797,0.00402534,0.004090554
2459387.4994116533,0.0069316626,0.0041056336
2459387.5008005095,0.0020400286,0.00410191
2459387.502189366,0.0056939125,0.0041096727
2459387.503578223,-0.00047832727,0.00410526
2459387.504967079,0.001024127,0.0041165147
2459387.5063559357,-0.0046063066,0.004114869
2459387.5077447924,0.007905006,0.0041302354
2459387.509133648,-0.00255239,0.0041221464
2459387.510522505,-0.003279686,0.0041265003
2459387.5119113615,-0.009139717,0.0041217534
2459387.5133002177,-0.00466609,0.0041330783
2459387.5146890744,-0.0015934706,0.0041384944
2459387.5160779306,0.00070643425,0.0041412627
2459387.517466787,-0.007833242,0.004131877
2459387.5188556435,0.004437089,0.004152231
2459387.5202445,-0.004628539,0.0041410876
2459387.5216333563,-0.002678275,0.0041577253
2459387.523022213,-0.0011982918,0.0041618207
2459387.524411069,0.0032209158,0.0041717314
2459387.5257999254,-0.0011229515,0.004166793
2459387.527188782,0.0027620792,0.00417377
2459387.528577639,0.0010758638,0.004178753
2459387.529966495,0.004282713,0.004186243
2459387.5313553517,0.005838394,0.004183899
2459387.532744208,0.006467104,0.0041877236
2459387.534133064,0.0021909475,0.004195095
2459387.535521921,-0.0033028126,0.004188804
2459387.5369107774,0.0051674843,0.0041897646
2459387.5382996337,0.000172019,0.0041954797
2459387.53968849,-0.0021013618,0.004198957
2459387.541077346,-0.0014007092,0.0042003375
2459387.5424662028,-0.004648447,0.0041969432
2459387.5438550594,-0.00343436,0.004207613
2459387.5452439156,-0.002421558,0.0042118356
2459387.5466327723,-0.0042076707,0.004201853
2459387.5480216285,0.00099051,0.004213856
2459387.5494104847,-0.004241526,0.004214456
2459387.5507993414,-0.00027137995,0.004216139
2459387.5521881976,0.0016829967,0.0042271013
2459387.5535770543,-0.001716733,0.004230969
2459387.55496591,-0.0021548867,0.004217851
2459387.5563547667,-0.00088340044,0.0042305146
2459387.5577436234,-0.0061947703,0.0042269244
2459387.5591324796,-0.0027944446,0.0042347927
2459387.5605213363,0.00053429604,0.0042428127
2459387.5619101925,-0.0073626637,0.004230702
2459387.5632990487,-0.0019247532,0.0042413734
2459387.564687905,-0.0075951815,0.004234256
2459387.5660767616,0.0029156208,0.0042469213
2459387.5674656183,-0.0039485693,0.0042473096
2459387.5688544745,-0.0063506365,0.004244921
2459387.5702433307,-0.002186656,0.0042565865
2459387.571632187,-0.007136464,0.004246433
2459387.5730210436,-0.0033614635,0.004254382
2459387.5744099,0.009553075,0.0042658243
2459387.5757987564,0.0012629032,0.0042592157
2459387.5771876127,-0.0034454465,0.004258498
2459387.578576469,-0.007124245,0.004243856
2459387.579965325,-0.0022341013,0.004259387
2459387.5813541817,-0.0074453354,0.004260375
2459387.582743038,-0.0035330653,0.004259898
2459387.5841318946,0.0032532215,0.0042601884
2459387.5855207504,0.008429408,0.0042686267
2459387.586909607,-0.0055395365,0.004260623
2459387.5882984633,0.003831029,0.004262294
2459387.58968732,-0.008287251,0.004261121
2459387.591076176,-0.0012295842,0.004267098
2459387.592465033,0.0046573877,0.004276267
2459387.5938538886,0.0012221336,0.0042775986
2459387.5952427452,0.0060003996,0.0042796154
2459387.5966316015,0.0033227205,0.004284589
2459387.598020458,-0.007931769,0.0042752065
2459387.5994093143,0.0034753084,0.0042802133
2459387.6021870268,-0.00045835972,0.0042815614
2459387.6035758834,0.0031998158,0.004280886
2459387.6049647396,-0.0050529838,0.0042907316
2459387.606353596,0.0040158033,0.004294668
2459387.6077424525,0.001306653,0.004293749
2459387.6091313083,0.0034223795,0.0042992868
2459387.610520165,-0.0032509565,0.004293091
2459387.611909021,-0.0030612946,0.004296589
2459387.613297878,-0.0025963783,0.004294199
2459387.614686734,-0.0047712326,0.0042945025
2459387.6160755903,0.0011080503,0.0042976905
2459387.6174644465,-0.0015974641,0.004293481
2459387.6188533027,0.005368948,0.004305652
2459387.6202421593,-0.004178345,0.004298084
2459387.6216310156,-0.0018237829,0.004303509
2459387.6230198722,-0.0075811744,0.0042963466
2459387.624408728,-0.007712245,0.0042993035
2459387.625797584,0.0027811527,0.004307745
2459387.627186441,-0.007284403,0.0043004593
2459387.628575297,-0.0044879317,0.004302858
2459387.6299641537,-0.004732311,0.0043041073
2459387.63135301,-0.0008890629,0.004308843
2459387.6327418657,0.004028797,0.0043117064
2459387.6341307224,-0.002057314,0.004304874
2459387.6355195786,-0.0031918287,0.00431207
2459387.636908435,-0.0020413399,0.004308173
2459387.6382972915,0.008959889,0.0043138457
2459387.639686147,0.00035059452,0.004318275
2459387.641075004,-0.0042009354,0.0043099285
2459387.64246386,0.0035774708,0.004325168
2459387.6438527163,0.007128477,0.0043239836
2459387.645241573,-0.009816885,0.0043163095
2459387.646630429,-0.0012244582,0.0043210606
2459387.648019285,0.0019909143,0.004325265
2459387.6494081416,-0.0076619387,0.0043118256
2459387.650796998,-0.009629488,0.0043240273
2459387.652185854,0.0058835745,0.004329089
2459387.6535747107,0.0020085573,0.0043251035
2459387.6549635665,-0.0030273795,0.004328201
2459387.6563524227,0.0043822527,0.0043366477
2459387.6577412793,-0.0012006164,0.0043328917
2459387.6591301356,0.0008060932,0.0043347846
2459387.6605189918,-0.0031158328,0.0043176543
2459387.661907848,-0.0016413331,0.004321049
2459387.663296704,0.00090146065,0.0043341485
2459387.6646855604,-0.0067509413,0.0043305815
2459387.6660744166,0.010415673,0.004335382
2459387.6674632733,-0.0044816732,0.0043293196
2459387.6688521295,0.0048742294,0.0043433504
2459387.670240985,-0.0064702034,0.0043269866
2459387.671629842,-0.0033850074,0.0043350724
2459387.673018698,0.007737875,0.0043399814
2459387.6744075543,0.0040910244,0.0043463977
2459387.6757964105,0.0050485134,0.004339915
2459387.677185267,-0.0015470982,0.004329742
2459387.678574123,0.00046634674,0.00434171
2459387.679962979,0.0012323856,0.004338481
2459387.6813518354,0.0018794537,0.0043379483
2459387.682740692,0.0035187006,0.004344433
2459387.6841295483,0.0013509989,0.0043436848
2459387.6855184045,0.011263251,0.0043537486
2459387.68690726,0.00094795227,0.004347809
2459387.688296117,0.0044533014,0.0043449453
2459387.689684973,0.01253283,0.0043557924
2459387.6910738293,0.0003079176,0.0043518483
2459387.6924626855,0.0104653835,0.004358395
2459387.6938515417,0.009337544,0.0043563982
2459387.695240398,0.003526926,0.0043511544
2459387.696629254,0.004424572,0.0043515884
2459387.6980181104,0.00604403,0.004352055
2459387.6994069666,0.001699686,0.004350169
2459387.7007958232,0.006553769,0.004355502
2459387.702184679,0.00022363663,0.004343327
2459387.703573535,0.0078783035,0.004352347
2459387.7049623914,0.0016553402,0.0043501547
2459387.7063512476,0.011483312,0.0043557514
2459387.7077401043,0.003774643,0.0043606553
2459387.70912896,0.00018393993,0.0043490427
2459387.7105178162,-0.0014563799,0.004346857
2459387.7119066725,0.0009536743,0.004353422
2459387.7132955287,0.0070215464,0.004360122
2459387.714684385,0.0033141375,0.0043607857
2459387.7160732416,0.0040043592,0.004359497
2459387.7174620973,-0.0014015436,0.00435536
2459387.7188509535,0.0024081469,0.004356003
2459387.7202398097,0.007131219,0.0043689376
2459387.721628666,-0.001591742,0.0043602437
2459387.723017522,0.002295971,0.0043518855
2459387.7244063783,0.0024141073,0.004363765
2459387.7257952346,0.0062998533,0.004362499
2459387.7271840908,-0.0043231845,0.0043576728
2459387.728572947,0.00059366226,0.0043702717
2459387.729961803,0.0021424294,0.004368797
2459387.7313506594,0.008061886,0.0043672044
2459387.732739515,-0.0009315014,0.004354606
2459387.7341283713,0.0043765306,0.0043742275
2459387.735517228,0.0026462078,0.004371667
2459387.736906084,0.005905628,0.0043751798
2459387.7382949404,0.0058689117,0.004378886
2459387.739683796,0.0070545673,0.004377287
2459387.7410726524,0.0031803846,0.004373806
2459387.7424615086,0.00060772896,0.0043673073
2459387.743850365,-0.00062948465,0.004372536
2459387.745239221,-0.00063055754,0.0043681
2459387.7466280772,0.009330988,0.0043796594
2459387.7480169334,-0.004965186,0.004373941
2459387.7494057897,-0.007025659,0.004372603
2459387.750794646,4.339218e-05,0.0043734284
2459387.752183502,-0.006531775,0.0043711034
2459387.7535723583,-0.0066729784,0.0043634903
2459387.754961214,-0.0057880282,0.004367006
2459387.7563500702,0.00029814243,0.004368663
2459387.7577389264,-0.007389903,0.004373155
2459387.7591277827,-0.0014028549,0.0043855216
2459387.760516639,0.00067293644,0.0043798387
2459387.761905495,0.00075662136,0.004386868
2459387.763294351,0.007955909,0.004390876
2459387.764683207,0.006324649,0.004390212
2459387.7660720632,0.0045899153,0.0043950947
2459387.7674609195,0.002850771,0.0043945867
2459387.7688497757,0.0013239384,0.0043927617
2459387.770238632,-0.003941059,0.0043872204
2459387.7716274876,0.0047962666,0.0043943734
2459387.773016344,-0.0087637305,0.0043794955
2459387.7744052,-0.0026587844,0.0043917047
2459387.7757940562,0.0015699863,0.004392496
2459387.7771829125,0.0060555935,0.0044005355
2459387.778571768,-0.0011473298,0.004398442
2459387.7799606244,-0.0077276826,0.00439514
2459387.7813494806,-0.0043956637,0.004398558
2459387.782738337,-0.012212813,0.0043899757
2459387.784127193,-0.004401386,0.0043956037
2459387.7855160492,-0.004452586,0.0044008265
2459387.786904905,-0.008568466,0.0043996847
2459387.788293761,-0.0005736351,0.0044053085
2459387.7896826174,0.0008096695,0.004405903
2459387.7910714736,-0.0022221208,0.004401874
2459387.79246033,0.00028026104,0.004406545
2459387.7938491856,-0.00888741,0.004407568
2459387.795238042,-0.005167544,0.004406987
2459387.796626898,-0.0021224618,0.004411888
2459387.798015754,-0.008436024,0.0044118287
2459387.7994046104,-0.0015807748,0.0044169626
2459387.8007934666,0.0041965246,0.004425334
2459387.8021823224,-0.0005905628,0.0044165375
2459387.8035711786,-0.0021403432,0.0044156043
2459387.804960035,-0.008065939,0.004419706
2459387.806348891,0.0011911392,0.0044257315
2459387.807737747,0.0010290146,0.004428235
2459387.809126603,-0.0029848218,0.0044295453
2459387.810515459,0.00054097176,0.0044307327
2459387.8119043154,-0.0020976067,0.0044272942
2459387.8132931716,0.0051062107,0.0044344934
2459387.8146820273,0.0013945103,0.00443239
2459387.8160708835,-0.0028880239,0.0044288416
2459387.8174597393,-0.0048149824,0.0044253278
2459387.8188485955,-0.0009114742,0.0044331835
2459387.8202374517,0.0047483444,0.0044457573
2459387.821626308,0.0047124624,0.0044396864
2459387.823015164,-0.00094890594,0.0044380114
2459387.82440402,-0.002537012,0.0044420217
2459387.825792876,-0.010711968,0.0044306167
2459387.827181732,0.004416585,0.0044547818
2459387.828570588,0.005744934,0.004454455
2459387.8299594442,0.00018715858,0.00445222
2459387.8313483004,0.00044441223,0.004452393
2459387.832737156,-0.010566711,0.004440136
2459387.8341260124,-0.0040299296,0.0044553536
2459387.8355148686,-0.009652793,0.0044515305
2459387.836903725,-0.00369668,0.004458494
2459387.8382925806,0.0015150309,0.0044642547
2459387.8396814363,0.0056079626,0.004474745
2459387.8410702925,0.002749443,0.004472586
2459387.8424591487,-0.00045329332,0.0044717486
2459387.843848005,-0.0018497705,0.004474524
2459387.845236861,0.0061690807,0.0044819876
2459387.846625717,0.0053577423,0.0044813375
2459387.8480145726,-0.0043643117,0.0044797757
2459387.849403429,-0.00035750866,0.004487589
2459387.850792285,0.0041384697,0.0044895364
2459387.8521811413,-0.0024731755,0.0044835135
2459387.8535699975,-0.0062033534,0.0044886842
2459387.854958853,0.0074421167,0.0045069507
2459387.856347709,0.0010299683,0.0044981055
2459387.857736565,-0.0059911013,0.0045008105
2459387.8591254214,0.010792494,0.0045094797
2459387.8605142776,0.012946844,0.0045186304
2459387.8619031333,0.0026373863,0.0045093754
2459387.863291989,0.010348797,0.004520164
2459387.8646808453,0.0084860325,0.0045210784
2459387.8660697015,-0.0037786365,0.0045201387
2459387.8674585577,0.0043236017,0.0045103095
2459387.8688474135,-0.00942266,0.004512086
2459387.8702362697,-0.0058526397,0.0045153797
2459387.8716251254,-0.0056121945,0.0045214994
2459387.8730139816,-8.881092e-05,0.0045273155
2459387.8744028374,-0.0071004033,0.0045191
2459387.8757916936,-0.0003517866,0.004520542
2459387.87718055,0.0031695366,0.004534408
2459387.8785694055,-0.0037658215,0.0045205066
2459387.8799582613,0.008351564,0.004537127
2459387.8813471175,-0.0067219734,0.0045314194
2459387.8827359737,-0.0065737963,0.0045390544
2459387.88412483,-0.0013368726,0.004536339
2459387.8855136856,-0.00012880564,0.004540371
2459388.7577149146,-0.003899157,0.004607114
2459388.7591037694,-0.0012580752,0.0046102977
2459388.7604926247,0.0013058186,0.0046096696
2459388.7618814795,0.0036752224,0.004608004
2459388.7632703343,0.011108398,0.004614417
2459388.764659189,0.0065814257,0.0046116775
2459388.766048044,-0.003204763,0.0046047294
2459388.767436899,0.003243804,0.0046090526
2459388.7688257536,0.0017000437,0.004604777
2459388.770214609,0.005796194,0.0046112034
2459388.7716034637,-0.00062298775,0.004603551
2459388.772992318,0.0051926374,0.0046082647
2459388.774381173,0.011787415,0.0046160608
2459388.775770028,0.003965497,0.004607297
2459388.777158883,0.005502224,0.0046072113
2459388.7785477377,-0.0021297932,0.004604477
2459388.779936592,0.0033614635,0.004607412
2459388.7813254474,0.0047627687,0.004604554
2459388.782714302,-0.0033150911,0.004604455
2459388.784103157,0.0056095123,0.0046087243
2459388.785492012,0.005907178,0.004610223
2459388.7868808666,0.006186247,0.004610024
2459388.7882697214,0.006100416,0.004609659
2459388.7896585763,0.005822897,0.004610025
2459388.791047431,0.0016270876,0.0046079895
2459388.792436286,0.0032892227,0.0046086796
2459388.7938251407,0.0038491488,0.0046118177
2459388.7952139955,0.0077786446,0.004610272
2459388.7966028503,0.004660845,0.004610835
2459388.797991705,0.011851788,0.004616799
2459388.79938056,0.005028367,0.004614473
2459388.8007694148,0.007057905,0.004617372
2459388.8021582696,0.0032309294,0.0046141315
2459388.8035471244,0.009584904,0.004618208
2459388.804935979,0.00039350986,0.0046135928
2459388.806324834,-0.0033099055,0.0046076067
2459388.807713689,0.008397698,0.0046137683
2459388.8091025436,0.0032851696,0.0046096705
2459388.810491398,-0.00097054243,0.0046115895
2459388.811880253,0.0069361925,0.004617698
2459388.813269108,0.0049722195,0.0046143676
2459388.814657963,0.013125896,0.004623119
2459388.8160468177,0.0020381212,0.0046136044
2459388.8174356725,0.0052871704,0.0046169446
2459388.818824527,0.0066580772,0.0046123303
2459388.8202133817,0.007732153,0.0046160324
2459388.8216022365,0.0029878616,0.0046149855
2459388.8229910913,0.010238051,0.004617033
2459388.824379946,0.006693125,0.004613188
2459388.825768801,0.0036201477,0.0046094577
2459388.8271576553,-0.0021252036,0.0046053454
2459388.82854651,-0.0001745224,0.004604584
2459388.8299353654,0.001016736,0.0046030544
2459388.83132422,-0.0039721727,0.0045979246
2459388.832713075,0.007189274,0.004601583
2459388.8341019293,0.0009176731,0.0045964653
2459388.835490784,0.011870384,0.0046028
2459388.836879639,0.014221072,0.004604064
2459388.838268494,0.0012340546,0.0045961007
2459388.8396573486,0.0021178722,0.0045927833
2459388.8410462034,0.014053106,0.0045996658
2459388.8424350577,-0.0046688914,0.004584892
2459388.8438239126,0.00337708,0.0045868163
2459388.8452127674,0.009324312,0.004593136
2459388.846601622,0.0020837784,0.0045860033
2459388.847990477,0.0072357655,0.004587593
2459388.8493793313,0.002493143,0.0045823846
2459388.850768186,0.0028654337,0.004583045
2459388.852157041,0.0028196573,0.0045845127
2459388.853545896,0.004383087,0.0045771105
2459388.8549347506,0.008107185,0.0045820475
2459388.8563236054,0.008314967,0.004579091
2459388.8577124598,0.0031049252,0.004572843
2459388.8591013146,0.005615711,0.004575552
2459388.860490169,0.0062782764,0.0045745345
2459388.8618790237,0.008557081,0.004574216
2459388.8632678785,0.0019538403,0.0045677153
2459388.864656733,0.009306073,0.0045752805
2459388.8660455877,0.008971095,0.0045696846
2459388.8674344425,0.008027434,0.0045678946
2459388.8688232973,0.0077724457,0.0045663966
2459388.870212152,0.006239295,0.004566882
2459388.871601007,0.011791587,0.004568076
2459388.8729898613,0.00016880035,0.0045565944
2459388.874378716,0.007233262,0.0045617605
2459388.875767571,0.0058686733,0.004557455
2459388.8771564253,-0.0007086396,0.0045518787
2459388.87854528,0.01024282,0.00455704
2459388.8799341344,0.006956339,0.0045522363
2459388.8813229892,0.006288886,0.004550556
2459388.882711844,0.0057299137,0.0045451615
2459388.884100699,0.004352927,0.0045458945
2459388.8854895537,0.0068329573,0.0045455187
2459388.886878408,0.0040774345,0.004542391
2459388.8882672624,0.0064712763,0.0045443745
2459388.889656117,0.010503173,0.0045434185
2459388.891044972,0.0051914454,0.0045408793
2459388.892433827,0.0038927794,0.004541529
2459388.8938226816,0.0106499195,0.0045447336
2459388.8952115355,-0.00016885996,0.004534457
2459388.8966003903,0.0016179085,0.0045336317
2459388.897989245,0.008415937,0.004537577
2459388.8993781,0.0076766014,0.004537503
2459388.9007669548,0.0077166557,0.0045391447
2459388.902155809,0.0003657341,0.004529655
2459388.9035446635,0.0044778585,0.0045307167
2459388.9049335183,-0.0015649796,0.004520741
2459388.906322373,-0.00067162514,0.0045224023
2459388.907711228,0.0011538267,0.00452397
2459388.9091000822,0.0069955587,0.004530328
2459388.910488937,0.0011035204,0.0045234603
2459388.9118777914,0.0059411526,0.00452678
2459388.913266646,0.00071048737,0.0045216004
2459388.9146555006,0.0062897205,0.0045231944
2459388.9160443554,-0.00038152933,0.0045178467
2459388.91743321,0.013053656,0.0045225536
2459388.918822064,0.006044388,0.0045201164
2459388.920210919,0.0057564974,0.004517414
2459388.9215997737,0.010573506,0.0045203785
2459388.9229886285,-0.00059610605,0.004511887
2459388.924377483,0.0028469563,0.004514112
2459388.9257663377,0.007175207,0.004513784
2459388.927155192,0.002039671,0.0045080874
2459388.9285440464,0.00034081936,0.004508204
2459388.929932901,-0.00065398216,0.004508225
2459388.931321756,0.0060595274,0.004510819
2459388.9327106103,0.0072823763,0.0045101396
2459388.9340994647,-0.00029861927,0.0045074336
2459388.9354883195,0.0035659075,0.0045068264
2459388.936877174,0.002645135,0.004507251
2459388.9382660287,0.0008034706,0.0045035756
2459388.9396548835,0.0049871206,0.0045049437
2459388.941043738,-0.0033681393,0.004496489
2459388.942432592,0.008910537,0.004505649
2459388.943821447,-0.0018669367,0.004495669
2459388.9452103013,0.0071009398,0.004502832
2459388.946599156,0.0033364296,0.004497983
2459388.9479880105,0.0017157793,0.0044950494
2459388.949376865,-0.0025056005,0.0044885483
2459388.9507657196,-0.0016727448,0.0044918708
2459388.952154574,0.010941744,0.0044998913
2459388.953543429,0.0043979883,0.004495041
2459388.954932283,0.0029102564,0.0044930396
2459388.956321138,0.006659031,0.0044957353
2459388.957709992,0.008713245,0.0045002247
2459388.9590988467,0.0048630238,0.0044934237
2459388.9604877015,0.0085401535,0.004495817
2459388.961876556,0.004018545,0.004492584
2459388.9632654106,0.0040661097,0.0044905813
2459388.9646542645,0.0035476685,0.004493853
2459388.9660431193,0.010928631,0.004495585
2459388.9674319737,0.007848501,0.0044947574
2459388.9688208285,0.010877967,0.004496659
2459388.970209683,0.0025259256,0.0044886996
2459388.9715985376,0.005289197,0.0044946317
2459388.9729873915,0.00039374828,0.004486611
2459388.9743762463,0.0037704706,0.004491487
2459388.9757651007,-0.0035757422,0.0044844598
2459388.9771539555,0.006318927,0.0044898484
2459388.97854281,0.006874442,0.0044893813
2459388.979931664,-0.004321754,0.004482896
2459388.9813205185,-0.002703309,0.004483777
2459388.9827093733,-0.0006106496,0.0044863564
2459388.9840982277,0.00536561,0.0044869566
2459388.985487082,0.003023982,0.004489828
2459388.986875937,0.013112068,0.0044976543
2459388.9882647907,0.011309862,0.0044954
2459388.9896536455,-0.00520128,0.0044882526
2459388.9910425,0.002138257,0.004492984
2459388.9924313547,0.008981228,0.0044966056
2459388.993820209,0.003200531,0.0044951434
2459388.9952090634,0.004419923,0.004498027
2459388.9965979178,0.011212945,0.0045020515
2459388.997986772,-0.0034627914,0.0044945087
2459388.999375627,0.0042835474,0.0044961986
2459389.0007644813,0.0020593405,0.004497635
2459389.0021533356,0.009448886,0.0045019942
2459389.00354219,-0.003195703,0.004493818
2459389.0049310443,0.00022959709,0.0044958913
2459389.0063198986,0.0050246716,0.0045030885
2459389.0077087535,0.0045440197,0.004501943
2459389.009097608,0.0014079809,0.0044988696
2459389.0104864626,-0.0031666756,0.004492476
2459389.0118753165,0.0030401945,0.004498812
2459389.013264171,-0.0015332103,0.004495599
2459389.014653025,0.0026757717,0.004500086
2459389.01604188,0.004749894,0.004501792
2459389.0174307344,0.0014697313,0.004498028
2459389.0188195882,0.010670662,0.0045051915
2459389.020208443,0.0016145706,0.0045000496
2459389.0215972974,0.0071656704,0.004504939
2459389.0229861517,0.0044338703,0.0045025023
2459389.0243750066,0.008104563,0.004506259
2459389.025763861,-0.001312077,0.0045029107
2459389.027152715,0.002541542,0.0045044716
2459389.028541569,0.0058196783,0.004507927
2459389.029930424,-0.0016972423,0.0045040874
2459389.0313192783,-0.00446409,0.004497085
2459389.0327081326,0.0012769699,0.004502368
2459389.0340969865,0.0052833557,0.0045054476
2459389.0354858413,0.007294297,0.004507434
2459389.0368746957,-0.0027810931,0.0045010936
2459389.03826355,0.0057855844,0.004503737
2459389.0396524044,0.0049909353,0.004501863
2459389.0410412587,0.007081747,0.0045018266
2459389.042430113,0.0083960295,0.004502941
2459389.0438189674,0.00585413,0.004495236
2459389.0452078218,0.007880926,0.0044981716
2459389.046596676,0.0042290688,0.0044927225
2459389.0479855305,0.009642601,0.004494506
2459389.0493743843,0.0072721243,0.0044908365
2459389.050763239,0.0054092407,0.0044877417
2459389.0521520935,0.0039328337,0.0044896724
2459389.053540948,0.0022172928,0.004487075
2459389.054929802,0.0075101852,0.004493422
2459389.0563186565,0.006550789,0.0044913995
2459389.0577075104,-0.000113487244,0.0044897413
2459389.059096365,0.012240529,0.0044950563
2459389.060485219,-0.002774775,0.004483977
2459389.061874074,0.001766324,0.004487892
2459389.0632629283,0.0025726557,0.0044861827
2459389.0646517826,0.006946206,0.0044893203
2459389.0660406365,0.00073468685,0.004485124
2459389.067429491,0.005219698,0.0044870703
2459389.068818345,0.0027521849,0.0044842176
2459389.0702071995,-0.0022523403,0.0044824085
2459389.071596054,0.007906675,0.0044871513
2459389.072984908,0.011572361,0.0044869767
2459389.074373762,0.0012974739,0.0044818604
2459389.0757626165,0.0063644648,0.004483278
2459389.077151471,0.008360028,0.004487451
2459389.078540325,0.0027462244,0.0044816555
2459389.0799291795,0.0067299604,0.0044842768
2459389.0813180334,0.0053219795,0.0044848025
2459389.0827068877,0.0031051636,0.004480762
2459389.084095742,0.00409472,0.0044843857
2459389.0854845964,-0.0007393956,0.004479148
2459389.086873451,0.0056866407,0.004485979
2459389.0882623047,0.004887581,0.0044843014
2459389.089651159,0.006643057,0.0044850414
2459389.0910400134,-0.0012596846,0.0044847936
2459389.0924288677,0.002529502,0.004483677
2459389.093817722,0.006595969,0.0044879476
2459389.0952065764,0.005215764,0.004487483
2459389.0965954303,0.013614178,0.0044953283
2459389.0979842846,0.0039645433,0.0044911406
2459389.1049285554,0.0071451664,0.0044855955
2459389.10631741,0.0055679083,0.0044839536
2459389.107706264,0.0032497644,0.0044845096
2459389.1090951185,0.004040599,0.0044813883
2459389.110483973,0.0017005205,0.00447908
2459389.1118728267,0.007249713,0.0044822423
2459389.1327056396,-0.0051119924,0.004496532
2459389.134094493,-0.0010468364,0.0045010475
2459389.1354833473,0.00034689903,0.00451069
2459389.1410387643,-0.004261911,0.0045319553
2459389.142427618,0.0052247047,0.0045444383
2459389.143816472,-0.002196312,0.0045411927
2459389.1452053264,-0.0006378293,0.004548102
2459389.1465941807,0.003383994,0.0045634327
2459389.1479830346,0.0046824217,0.0045692767
2459389.149371889,0.00026798248,0.004573963
