#time,flux,flux_err
2459882.866647871,0.0055958033,0.0037737042
2459882.8680367656,0.0024529696,0.0037704136
2459882.86942566,0.009679198,0.0037702376
2459882.8708145544,0.008453131,0.0037680499
2459882.872203449,0.011493206,0.0037642599
2459882.873592343,0.00952208,0.0037647963
2459882.8749812376,0.0039178133,0.0037558419
2459882.876370132,0.0031912327,0.0037558004
2459882.8777590264,0.00820756,0.0037520581
2459882.8791479208,0.010264516,0.0037511324
2459882.880536815,0.005085945,0.0037447466
2459882.8819257095,-0.003491342,0.0037360946
2459882.883314604,0.0034308434,0.0037406047
2459882.8847034983,0.0017052889,0.003734116
2459882.8860923927,0.0053948164,0.003734566
2459882.887481287,0.0076464415,0.003732618
2459882.8888701815,-0.00038605928,0.003727175
2459882.890259076,0.003119111,0.0037268014
2459882.8916479703,0.004122019,0.0037240202
2459882.8930368647,0.0023114681,0.0037202775
2459882.894425759,0.0029957294,0.0037183308
2459882.8958146535,0.0022993088,0.0037154316
2459882.897203548,0.005056739,0.0037115873
2459882.8985924423,0.010126948,0.0037126923
2459882.8999813367,0.0019687414,0.0037055612
2459882.901370231,0.0053982735,0.003710145
2459882.9027591255,0.002614379,0.0037018263
2459882.90414802,0.0024878979,0.003699968
2459882.9055369142,-0.0016783476,0.003695855
2459882.9069258086,0.0029295683,0.0036960954
2459882.908314703,0.0067356825,0.0036944163
2459882.9097035974,0.006098151,0.003692955
2459882.911092492,0.0018064976,0.0036887482
2459882.912481386,0.0011153221,0.0036893243
2459882.9138702806,0.00414896,0.003684388
2459882.915259175,0.00035071373,0.0036814993
2459882.9166480694,0.0028475523,0.0036802655
2459882.918036964,0.006996393,0.003680897
2459882.919425858,-0.00019317865,0.0036747667
2459882.9208147526,0.0055636168,0.0036774985
2459882.922203647,0.0066109896,0.0036745707
2459882.9235925414,0.005856037,0.0036721574
2459882.9249814358,0.003846407,0.0036693045
2459882.92637033,0.0059589148,0.0036701516
2459882.9277592245,0.005352378,0.003664457
2459882.929148119,0.00369215,0.0036646863
2459882.9305370133,0.0021338463,0.0036624337
2459882.9319259077,0.0025860071,0.0036581866
2459882.933314802,0.0053464174,0.0036577063
2459882.9347036965,0.009268403,0.003658895
2459882.9360925904,0.0033943653,0.003653117
2459882.9374814853,0.003494501,0.0036497323
2459882.9388703797,0.004917741,0.0036482408
2459882.9402592736,0.010511637,0.0036529263
2459882.9416481685,0.0076321363,0.0036484348
2459882.9430370624,0.005915642,0.0036489451
2459882.9444259573,-0.003904581,0.0036398766
2459882.945814851,0.0028930902,0.003640575
2459882.9472037456,-0.00044488907,0.0036373395
2459882.94859264,-0.00025045872,0.003636875
2459882.9499815344,0.010068774,0.0036399246
2459882.951370429,0.004510641,0.0036366666
2459882.952759323,0.00034868717,0.0036337804
2459882.9541482176,0.0027725697,0.0036349404
2459882.955537112,0.010027528,0.0036319187
2459882.9569260064,-0.0010578036,0.0036280176
2459882.9583149008,0.003827691,0.0036246146
2459882.959703795,0.0060973167,0.003626991
2459882.9610926895,0.0047171116,0.0036277038
2459882.962481584,0.0033382177,0.0036256483
2459882.9638704783,0.00018644333,0.0036210173
2459882.9652593727,-0.0016025901,0.0036187624
2459882.966648267,0.00199306,0.0036195174
2459882.9680371615,-0.0054151416,0.003612112
2459882.969426056,-8.8751316e-05,0.0036169211
2459882.9708149503,0.0037240982,0.0036139062
2459882.9722038447,0.008963227,0.0036218213
2459882.973592739,0.007855415,0.0036146229
2459882.974981633,0.0024645329,0.0036101767
2459882.976370528,0.007451892,0.0036112426
2459882.977759422,-0.00053066015,0.003606962
2459882.979148316,0.003150344,0.0036103625
2459882.9805372106,-0.00060266256,0.0036056605
2459882.981926105,0.0047599077,0.0036073788
2459882.9833149994,-0.0025379062,0.00360262
2459882.984703894,0.00071430206,0.003602421
2459882.986092788,0.0034378767,0.0036051848
2459882.9874816826,-0.0013432503,0.0036023047
2459882.988870577,0.0022263527,0.0035983217
2459882.9902594713,-0.00026071072,0.0036013084
2459882.9916483657,-0.00067198277,0.0036003704
2459882.99303726,0.0005041361,0.003599733
2459882.9944261545,0.0068626404,0.0036002533
2459882.995815049,0.0036292076,0.003599339
2459882.997203943,0.003886938,0.0035957873
2459882.9985928377,-0.0022817254,0.0035942625
2459882.9999817316,0.0009057522,0.0035967098
2459883.001370626,-0.0034242868,0.0035910872
2459883.0027595204,-0.00042700768,0.0035915568
2459883.004148415,0.001336813,0.0035945277
2459883.005537309,0.008785725,0.0035944001
2459883.0069262036,0.006445527,0.0035941163
2459883.008315098,0.005513668,0.0035922995
2459883.0097039924,0.0015106201,0.003591152
2459883.011092887,0.00037062168,0.0035886306
2459883.0124817807,0.0028625727,0.0035921868
2459883.0138706756,0.0052155256,0.0035894266
2459883.01525957,-0.0005776286,0.0035885072
2459883.016648464,0.001100421,0.0035870597
2459883.0180373583,0.0024933815,0.0035865009
2459883.0194262527,-8.302927e-05,0.0035838422
2459883.020815147,-0.00095784664,0.003582887
2459883.0222040415,0.0029382706,0.0035849127
2459883.023592936,0.0010331869,0.003585626
2459883.0249818303,-0.004343629,0.003579813
2459883.0263707247,0.003599286,0.0035899798
2459883.027759619,0.0008536577,0.003586631
2459883.029148513,0.0007894039,0.0035833428
2459883.030537408,0.0028204918,0.0035824974
2459883.031926302,0.007284999,0.003583412
2459883.033315196,-0.0042464137,0.0035852767
2459883.0347040906,-0.0046266317,0.0035777856
2459883.036092985,-0.0012970567,0.003582174
2459883.0374818793,0.005291462,0.0035817488
2459883.0388707737,0.0040398836,0.003580479
2459883.040259668,0.003617406,0.0035775846
2459883.041648562,-0.0014030933,0.003574085
2459883.043037457,-0.002996087,0.0035743956
2459883.044426351,-0.0023679137,0.0035745369
2459883.0458152452,0.0008957386,0.003574944
2459883.0472041396,-0.00230366,0.0035731294
2459883.048593034,0.0065083504,0.0035776705
2459883.0499819284,0.0039405823,0.0035744011
2459883.051370823,0.005377412,0.0035756677
2459883.052759717,-3.761053e-05,0.0035719257
2459883.054148611,0.0060260296,0.0035743276
2459883.0555375055,-0.0007621646,0.0035717245
2459883.0569264004,0.010789633,0.0035730153
2459883.0583152943,-0.0031849742,0.003567399
2459883.0597041887,-0.0036796331,0.0035639126
2459883.061093083,0.0031738281,0.003568724
2459883.0624819775,0.00227952,0.003565576
2459883.063870872,0.0027606487,0.0035655708
2459883.0652597663,-0.0020189881,0.0035644479
2459883.06664866,0.0021435022,0.0035645398
2459883.0680375546,0.005882859,0.0035673776
2459883.069426449,-0.0006775856,0.0035637831
2459883.0708153434,-0.00078725815,0.0035639612
2459883.072204238,-2.5391579e-05,0.003560808
2459883.073593132,-0.00023341179,0.0035593929
2459883.0749820266,0.006424308,0.0035614776
2459883.0763709205,-0.0013519526,0.0035578003
2459883.077759815,-0.0042933226,0.0035543735
2459883.0791487093,-0.0019497275,0.0035557058
2459883.0805376037,0.0038042068,0.0035575053
2459883.081926498,-0.0054373145,0.0035529612
2459883.0833153925,0.004458666,0.003555044
2459883.084704287,0.0023133755,0.0035526112
2459883.086093181,-0.0022701025,0.003551803
2459883.087482075,0.0044134855,0.003551846
2459883.0888709696,0.006163597,0.003558022
2459883.090259864,0.0018627644,0.0035495462
2459883.0916487584,0.003125906,0.003549807
2459883.0930376523,-0.0027786493,0.0035454556
2459883.094426547,-0.0012443662,0.0035464866
2459883.095815441,0.005643606,0.0035496447
2459883.0972043355,-0.0018988252,0.0035468144
2459883.09859323,0.006160617,0.0035494592
2459883.0999821243,0.008046508,0.003545109
2459883.1013710187,0.0004143715,0.0035436794
2459883.1027599126,0.0028856993,0.003540911
2459883.104148807,0.0020225048,0.003543158
2459883.1055377014,0.0006079674,0.003538273
2459883.106926596,0.0053447485,0.0035436437
2459883.1083154897,0.0041638613,0.0035375631
2459883.1097043846,-0.000497818,0.0035338632
2459883.111093279,0.0055463314,0.0035360155
2459883.112482173,-0.0049198866,0.0035301822
2459883.1138710673,0.0027320385,0.0035339354
2459883.1152599617,-0.0030273795,0.0035288723
2459883.116648856,0.002655387,0.0035318418
2459883.11803775,-0.0024042726,0.0035285538
2459883.1194266444,0.0017082691,0.0035289214
2459883.120815539,0.004118681,0.0035272227
2459883.122204433,0.001942277,0.0035242697
2459883.1235933276,0.0014181137,0.0035241398
2459883.1249822215,0.003471613,0.0035225132
2459883.126371116,-0.004992962,0.0035196538
2459883.1277600103,0.002713561,0.0035233486
2459883.1291489047,0.0027976036,0.003520485
2459883.1305377986,0.0033872128,0.0035219784
2459883.131926693,0.0036593676,0.0035172503
2459883.1333155874,0.0016181469,0.0035182068
2459883.134704482,0.00068950653,0.0035164896
2459883.136093376,-0.00017637014,0.0035126985
2459883.13748227,-0.0011065602,0.0035154186
2459883.1388711645,0.0011125803,0.0035152829
2459883.140260059,0.0011808872,0.0035090582
2459883.1416489533,-1.1384487e-05,0.003509214
2459883.1430378477,-0.0026483536,0.003506883
2459883.1444267416,0.00070405006,0.0035045408
2459883.145815636,0.003336668,0.00350429
2459883.1472045304,1.001358e-05,0.0035033943
2459883.148593425,-0.00018644333,0.0035032355
2459883.1499823187,0.005551815,0.0035038148
2459883.151371213,0.0042527914,0.0035006243
2459883.1527601075,0.0021549463,0.0034979072
2459883.154149002,-0.003609836,0.0034962082
2459883.1555378963,-0.0015155077,0.0034951072
2459883.1569267903,0.005935073,0.0034974297
2459883.1583156846,-0.002762735,0.003494119
2459883.159704579,-0.00014227629,0.0034940143
2459883.1610934734,-0.0031840801,0.003491032
2459883.1624823674,-0.003265798,0.0034901167
2459883.1638712618,0.002862215,0.0034918766
2459883.165260156,0.0026837587,0.003490082
2459883.1666490505,0.0061376095,0.0034918988
2459883.168037945,-0.002813995,0.0034881292
2459883.169426839,0.001514554,0.0034887153
2459883.1708157333,-0.0048224926,0.0034827215
2459883.172204627,0.004991889,0.0034865313
2459883.1735935216,-0.000708282,0.0034841606
2459883.174982416,0.0013064146,0.0034837292
2459883.1763713104,-0.00014257431,0.0034812177
2459883.1777602048,0.0005444288,0.0034843346
2459883.1791490987,0.0040541887,0.0034854382
2459883.180537993,-0.0007546544,0.0034795194
2459883.1819268875,-0.00096845627,0.0034794193
2459883.183315782,0.0013469458,0.003479563
2459883.184704676,0.0013157129,0.0034801515
2459883.18609357,0.0014289618,0.003479687
2459883.1874824646,0.0045069456,0.003476783
2459883.1888713585,-0.005812347,0.0034739003
2459883.190260253,6.03199e-05,0.00347495
2459883.1916491473,0.00061392784,0.003474054
2459883.1930380417,0.005205035,0.0034757315
2459883.1944269356,-0.0044018626,0.0034694904
2459883.19581583,0.00067675114,0.0034710334
2459883.1972047244,-0.0018903613,0.0034682797
2459883.1985936183,0.00032281876,0.0034676555
2459883.1999825127,-0.0032510757,0.0034668888
2459883.201371407,-0.0022739172,0.0034650564
2459883.2027603015,-0.00037699938,0.0034678262
2459883.2041491955,0.003534317,0.0034685452
2459883.20553809,0.0029779673,0.0034679621
2459883.2069269842,0.00042057037,0.0034687896
2459883.208315878,0.0016961098,0.0034661551
2459883.2097047726,-0.0020316243,0.003465514
2459883.211093667,0.0026962757,0.0034668455
2459883.212482561,-0.00063312054,0.0034626846
2459883.2138714553,0.0035703182,0.003463183
2459883.2152603497,0.0027834177,0.0034639207
2459883.2166492436,-0.0048617125,0.0034601714
2459883.218038138,0.0014688969,0.0034618762
2459883.2194270324,-0.0015250444,0.0034613602
2459883.2208159263,0.002338767,0.0034637267
2459883.2222048207,0.008874774,0.003463665
2459883.223593715,-0.00027871132,0.0034615048
2459883.2249826095,0.005627632,0.0034621912
2459883.2263715034,-0.0047801137,0.003455823
2459883.227760398,-0.0022031069,0.0034600855
2459883.229149292,-0.0014979243,0.0034588117
2459883.230538186,0.0014020205,0.0034596606
2459883.2319270805,0.0023856163,0.0034586387
2459883.2333159745,0.0018149614,0.0034611127
2459883.234704869,-0.003771603,0.003455516
2459883.2360937633,0.0053699017,0.003459559
2459883.237482657,0.0047795773,0.0034611556
2459883.2388715516,0.0065000057,0.0034561222
2459883.240260446,-0.00068187714,0.003454003
2459883.2416493404,0.00070774555,0.0034540447
2459883.2430382343,-0.0057221055,0.0034512617
2459883.2444271287,0.002845168,0.003457064
2459883.2458160226,-0.0011841655,0.0034523706
2459883.247204917,-0.001498282,0.0034516896
2459883.248593811,0.0017542839,0.0034570314
2459883.2499827053,-0.0034597516,0.0034530868
2459883.2513715997,-0.0002990365,0.0034512684
2459883.2527604937,-0.001871109,0.0034516961
2459883.254149388,-0.0015012622,0.0034480072
2459883.2555382825,0.0023403168,0.0034535143
2459883.2569271764,0.0021311045,0.0034503008
2459883.258316071,-0.008327007,0.0034483278
2459883.259704965,0.0033655167,0.0034530777
2459883.261093859,0.0005469322,0.0034499122
2459883.2624827535,0.0017479658,0.0034510382
2459883.263871648,-0.0022467375,0.0034493054
2459883.265260542,0.0030486584,0.003453031
2459883.266649436,0.0022078753,0.0034518144
2459883.26803833,0.0020153522,0.00344992
2459883.2694272245,0.00048947334,0.0034498095
2459883.2708161185,0.006382704,0.0034505122
2459883.272205013,0.001396656,0.003449112
2459883.2735939072,-0.0054064393,0.0034489422
2459883.274982801,0.006585002,0.003453221
2459883.2763716956,0.00752306,0.0034549588
2459883.2777605895,0.0019824505,0.0034477946
2459883.279149484,0.0013914108,0.0034496682
2459883.280538378,-0.001333952,0.0034499767
2459883.281927272,0.0034462214,0.0034489182
2459883.2833161666,0.0023925304,0.0034473282
2459883.2847050605,0.0012809038,0.0034472442
2459883.286093955,-0.00016260147,0.0034461888
2459883.287482849,-0.0031061769,0.0034466689
2459883.2888717433,0.0029687881,0.0034493553
2459883.290260637,-0.0033864975,0.0034473839
2459883.2916495316,0.0036050081,0.0034479406
2459883.293038426,-0.00081419945,0.0034476896
2459883.29442732,0.0015507936,0.0034476395
2459883.2958162143,0.0033732653,0.0034479017
2459883.297205108,-0.0023938417,0.0034441664
2459883.2985940026,-0.0018234849,0.0034441557
2459883.2999828965,-8.60095e-05,0.0034439925
2459883.301371791,0.0055474043,0.003446075
2459883.302760685,0.0030018091,0.0034467075
2459883.3041495793,-7.843971e-05,0.003443313
2459883.3055384737,0.0022149086,0.0034463308
2459883.3069273676,0.0006645918,0.0034447259
2459883.308316262,0.0058305264,0.003443014
2459883.309705156,0.007859588,0.00344897
2459883.3110940503,0.0004364252,0.0034416942
2459883.312482944,0.0031738281,0.0034414602
2459883.3138718386,-0.0002502203,0.0034400732
2459883.315260733,-0.0006904006,0.0034436479
2459883.316649627,0.0007236004,0.0034401244
2459883.3180385213,-0.00902611,0.003433393
2459883.3194274153,0.0031596422,0.0034457496
2459883.3208163097,-0.0010074973,0.003437756
2459883.3222052036,-0.0010819435,0.0034390802
2459883.323594098,-0.0037412047,0.0034365011
2459883.324982992,0.0032359362,0.003437627
2459883.326371886,-0.0032850504,0.0034362462
2459883.32776078,-0.004810512,0.003435032
2459883.329149674,6.890297e-05,0.0034350725
2459883.3305385686,0.0009872913,0.0034355558
2459883.3319274625,-0.001175344,0.0034325588
2459883.333316357,-0.0023314357,0.0034317975
2459883.334705251,0.0045706034,0.003438543
2459883.336094145,0.00035381317,0.0034331463
2459883.3374830396,0.004482746,0.0034353135
2459883.3388719335,0.0026860237,0.0034339728
2459883.340260828,0.0062332153,0.0034349808
2459883.341649722,0.0015039444,0.0034340806
2459883.343038616,0.003548503,0.0034335682
2459883.34442751,0.00620389,0.0034332646
2459883.345816404,-0.0034942627,0.0034293707
2459883.3472052985,-0.0024759173,0.0034285153
2459883.3485941924,-0.0048707128,0.0034279916
2459883.349983087,0.0019700527,0.0034297616
2459883.3513719807,-0.007876575,0.0034237122
2459883.352760875,0.001258254,0.0034285993
2459883.354149769,-0.0018985271,0.0034294836
2459883.3555386635,0.0024206638,0.003427407
2459883.3569275574,-0.0037536025,0.003424692
2459883.358316452,-0.00487715,0.0034215248
2459883.3597053457,0.0017154217,0.0034265982
2459883.3610942396,0.00013875961,0.0034245553
2459883.362483134,-0.0056694746,0.0034226128
2459883.363872028,0.0012881756,0.003424163
2459883.3652609223,0.004622817,0.0034251004
2459883.3666498163,-0.00080376863,0.0034210132
2459883.3680387107,0.004323244,0.0034248687
2459883.3694276046,0.0007945299,0.0034245078
2459883.3708164985,-0.0036991835,0.003417386
2459883.372205393,0.0022995472,0.003423436
2459883.373594287,-0.0024884343,0.003416715
2459883.3749831812,-0.005103767,0.0034198004
2459883.376372075,0.0041520596,0.0034202647
2459883.3777609696,0.0057680607,0.0034217606
2459883.3791498635,0.00028443336,0.0034191208
2459883.3805387574,0.008206248,0.0034224682
2459883.381927652,0.0010569096,0.0034142553
2459883.3833165457,0.0038856268,0.003415969
2459883.38470544,-0.0021523833,0.0034130246
2459883.386094334,0.0020920038,0.0034167436
2459883.387483228,-0.0010150671,0.0034132232
2459883.3888721224,0.001511097,0.0034121491
2459883.3902610163,0.00021255016,0.0034105796
2459883.3916499107,0.0009809732,0.0034109342
2459883.3930388046,-0.0019035339,0.0034117557
2459883.394427699,-0.0029165149,0.0034107408
2459883.395816593,-0.00034034252,0.0034122567
2459883.397205487,0.004195094,0.003412721
2459883.398594381,-0.0029752254,0.0034108162
2459883.399983275,0.002346754,0.0034088052
2459883.4013721696,0.0031417608,0.003411432
2459883.4027610635,-0.0011782646,0.0034058564
2459883.4041499575,0.0042033195,0.0034091347
2459883.4055388514,-0.0054882765,0.003405664
2459883.406927746,0.001749754,0.0034103468
2459883.4083166397,-0.00081706047,0.0034066034
2459883.409705534,0.0026174784,0.0034103652
2459883.411094428,0.002585411,0.00340739
2459883.412483322,0.0052120686,0.0034075652
2459883.4138722164,0.0054689646,0.003410644
2459883.4152611103,-0.0048239827,0.003403263
2459883.416650004,0.0018053055,0.0034073405
2459883.418038898,0.003112197,0.003405859
2459883.4194277925,0.007003784,0.0034096332
2459883.4208166865,-0.004793167,0.0034016115
2459883.422205581,-0.0010316968,0.0034031493
2459883.423594475,0.0026968718,0.0034093247
2459883.4249833687,-0.0017029643,0.003400685
2459883.426372263,-0.005394697,0.0034033312
2459883.427761157,0.0045120716,0.0034061966
2459883.429150051,0.0006709099,0.003404893
2459883.430538945,-0.0016449094,0.0034007225
2459883.4319278393,0.00013554096,0.0034000971
2459883.433316733,-0.001853466,0.0033994552
2459883.434705627,-0.0061276555,0.0034018802
2459883.4360945215,-0.00053435564,0.003401207
2459883.4374834155,0.009285688,0.003407948
2459883.4388723094,0.006012082,0.0034030883
2459883.440261204,0.0037119389,0.0034008482
2459883.4416500977,-0.00527519,0.0034005984
2459883.443038992,-0.0029443502,0.0033988557
2459883.444427886,0.0051237345,0.0034048613
2459883.44581678,-0.0044115186,0.0033936338
2459883.447205674,0.006706834,0.0034013041
2459883.4485945683,0.0038963556,0.0033968424
2459883.449983462,-0.0016568899,0.0033983786
2459883.451372356,-0.00017905235,0.0033980175
2459883.45276125,0.0068780184,0.0034004885
2459883.4541501445,0.0029314756,0.0033986683
2459883.4555390384,0.00010585785,0.0033972214
2459883.4569279323,0.0012863874,0.0033968044
2459883.4583168263,-0.0031610131,0.0033900493
2459883.45970572,-0.0023409724,0.0033924389
2459883.4610946146,0.002553463,0.0033967088
2459883.4624835085,0.0001616478,0.0033934372
2459883.4638724024,0.0006260872,0.0033937756
2459883.465261297,-0.009265721,0.0033870065
2459883.4666501908,-0.0007150769,0.0033906163
2459883.4680390847,0.0019276142,0.0033940494
2459883.4694279786,0.0038826466,0.0033939865
2459883.470816873,0.0007894039,0.0033916421
2459883.472205767,-0.00058728456,0.0033866868
2459883.473594661,0.007812858,0.003395334
2459883.474983555,-0.0019382834,0.0033883897
2459883.4763724487,-0.005536258,0.0033867618
2459883.477761343,0.0066714287,0.0033953988
2459883.479150237,-0.00027173758,0.0033890235
2459883.480539131,-0.0053771734,0.0033881452
2459883.481928025,-0.0029866695,0.003384391
2459883.4833169193,-0.0027914643,0.0033845827
2459883.484705813,-0.0015795231,0.0033861834
2459883.486094707,0.0012406111,0.003389124
2459883.487483601,0.0029791594,0.0033880295
2459883.488872495,-0.008243501,0.0033815827
2459883.4902613894,-0.00035399199,0.003388515
2459883.4916502833,0.0013315678,0.00338765
2459883.4930391773,-0.0015419126,0.0033839901
2459883.494428071,-0.00083106756,0.0033821282
2459883.495816965,0.002465248,0.0033855946
2459883.4972058595,0.0013157129,0.0033817089
2459883.4985947534,-0.0014374852,0.0033837485
2459883.4999836474,0.00050997734,0.0033843617
2459883.5013725413,-0.0020168424,0.0033826781
2459883.502761435,-0.0016285777,0.003380202
2459883.504150329,-0.0018902421,0.003382115
2459883.5055392236,-0.0010625124,0.0033824337
2459883.5069281175,0.0030174255,0.003384944
2459883.5083170114,0.00026512146,0.003382258
2459883.5097059053,-0.00075632334,0.0033829622
2459883.5110947993,-0.0072382092,0.0033805026
2459883.5124836937,-0.0065487623,0.0033783237
2459883.513872587,-0.001070559,0.0033803685
2459883.5152614815,0.005455613,0.0033811182
2459883.5166503754,0.004270911,0.0033810448
2459883.5180392694,-0.006910801,0.003377365
2459883.5194281633,0.001880765,0.0033796541
2459883.520817057,-0.0030291677,0.003377706
2459883.5222059516,-0.0029920936,0.003377661
2459883.523594845,-0.004894316,0.0033748627
2459883.5249837395,0.006145835,0.0033793792
2459883.5263726334,-0.003963232,0.0033764548
2459883.5277615273,0.0024389029,0.0033756152
2459883.5291504213,-0.0020689964,0.0033730848
2459883.530539315,0.0029639006,0.0033774523
2459883.531928209,0.0024267435,0.0033768166
2459883.533317103,0.0026640892,0.003375981
2459883.5347059974,0.0013478994,0.0033774849
2459883.536094891,3.838539e-05,0.0033768965
2459883.5374837853,-0.0036486387,0.0033726732
2459883.538872679,0.00012075901,0.0033742776
2459883.540261573,-0.00019317865,0.0033757903
2459883.541650467,-0.0066725016,0.003374071
2459883.543039361,0.0016897917,0.0033750185
2459883.544428255,0.00012242794,0.0033728068
2459883.545817149,-0.0025872588,0.0033708718
2459883.547206043,0.0030573606,0.0033753498
2459883.5485949367,0.0024216175,0.0033754508
2459883.5499838307,-0.0011956096,0.0033713176
2459883.551372725,-0.0010644794,0.0033725807
2459883.552761619,0.0010169744,0.0033730287
2459883.554150513,-0.0030128956,0.003368981
2459883.555539407,-0.0022571683,0.0033717358
2459883.5569283008,-0.0018780828,0.0033731954
2459883.5583171947,-0.0010097027,0.0033747973
2459883.5597060886,0.0012013912,0.0033732739
2459883.5610949825,-0.0035251975,0.0033722562
2459883.5624838765,-0.0050542355,0.0033730445
2459883.5638727704,0.00097084045,0.003372951
2459883.5652616643,-0.0058805943,0.0033683043
2459883.5666505583,0.0019321442,0.0033709486
2459883.568039452,-7.349253e-05,0.003370248
2459883.569428346,0.0035016537,0.0033708513
2459883.57081724,0.00052273273,0.0033751798
2459883.572206134,-0.0077112913,0.0033677772
2459883.573595028,-0.0023882985,0.0033689854
2459883.574983922,-0.0016223192,0.003368805
2459883.5763728158,-0.001811266,0.0033690275
2459883.5777617097,0.0020178556,0.0033726164
2459883.5791506036,-0.0036391616,0.0033659071
2459883.5805394975,0.005781889,0.0033704976
2459883.5819283915,-0.0012324452,0.003368167
2459883.583317286,0.0010236502,0.003366899
2459883.5847061793,-0.00059115887,0.0033678361
2459883.5860950733,0.00020682812,0.0033701512
2459883.587483967,-0.0018163323,0.0033707386
2459883.588872861,-0.004827261,0.0033667898
2459883.590261755,0.0024989843,0.003366478
2459883.591650649,-0.0051890016,0.0033629523
2459883.593039543,-0.00074476004,0.0033651625
2459883.594428437,0.004255414,0.0033657139
2459883.5958173308,0.0036306381,0.0033656345
2459883.5972062247,0.00011527538,0.0033621527
2459883.5985951186,0.0023056269,0.0033652794
2459883.5999840125,0.0022078753,0.0033650668
2459883.6013729065,0.006088376,0.003367945
2459883.6027618004,0.00095927715,0.0033653527
2459883.6041506943,-0.0051959753,0.0033603471
2459883.6055395883,-0.0022827983,0.0033614212
2459883.606928482,-0.0018510222,0.0033609888
2459883.608317376,0.004313588,0.0033650647
2459883.60970627,-0.0043037534,0.003362199
2459883.611095164,0.0055565834,0.0033621243
2459883.6124840574,-0.0024125576,0.0033600759
2459883.613872952,-0.0016450286,0.0033612554
2459883.6152618458,-0.0052788258,0.0033589026
2459883.616650739,-0.00057154894,0.0033616805
2459883.618039633,-0.0014008284,0.0033609874
2459883.619428527,-0.0056895018,0.0033566172
2459883.620817421,-0.0029569864,0.0033551299
2459883.622206315,0.0044749975,0.003364538
2459883.623595209,-0.00063586235,0.003358565
2459883.624984103,-0.0014989972,0.0033539394
2459883.6263729967,0.00017082691,0.0033587923
2459883.6277618906,0.005820751,0.003361151
2459883.629150784,0.004747629,0.0033620219
2459883.6305396785,-0.0037581325,0.0033558991
2459883.631928572,-0.00046485662,0.0033572724
2459883.633317466,0.0020067692,0.003355094
2459883.63470636,0.0070539713,0.0033608624
2459883.6360952538,-0.002624631,0.0033544914
2459883.6374841477,-2.69413e-05,0.0033549897
2459883.6388730416,0.0041800737,0.003355868
2459883.6402619355,0.00038468838,0.0033551413
2459883.641650829,-0.008294165,0.0033528225
2459883.643039723,-0.0033273697,0.0033548654
2459883.644428617,0.0,0.0033573161
2459883.645817511,0.0028350353,0.003359261
2459883.6472064047,-0.0023915172,0.0033571892
2459883.6485952986,0.0004582405,0.003357908
2459883.6499841926,0.0068285465,0.003357719
2459883.651373086,0.0067129135,0.0033577033
2459883.65276198,-0.004938841,0.003353093
2459883.654150874,-0.0011279583,0.0033534134
2459883.655539768,0.00011885166,0.0033574041
2459883.6569286617,-0.0028506517,0.003351931
2459883.6583175557,-0.00037884712,0.0033541732
2459883.6597064496,-0.00028282404,0.0033528812
2459883.661095343,-0.002235949,0.0033541056
2459883.662484237,-0.0066480637,0.0033518388
2459883.663873131,-0.0016867518,0.003352513
2459883.665262025,-0.0023643374,0.0033509305
2459883.6666509183,-0.0010248423,0.0033515594
2459883.6680398122,0.0045114756,0.0033550824
2459883.669428706,-0.0029584765,0.0033535447
2459883.6708176,-0.004440725,0.0033522663
2459883.672206494,-0.0031493306,0.0033504565
2459883.6735953875,0.0025484562,0.003352987
2459883.6749842814,0.0035557747,0.003352123
2459883.6763731753,0.0015268326,0.003353068
2459883.6777620693,0.001033783,0.0033501652
2459883.679150963,0.0021133423,0.0033519622
2459883.6805398567,-0.0037045479,0.0033493722
2459883.6819287506,-0.008688211,0.0033491906
2459883.6833176445,0.0006353855,0.0033522076
2459883.6847065384,0.0037133694,0.0033507491
2459883.686095432,0.00069379807,0.0033517068
2459883.687484326,-0.0117067695,0.0033441752
2459883.68887322,0.0014510155,0.0033501533
2459883.6902621137,0.0036141872,0.0033469286
2459883.6916510076,-0.0008019209,0.0033481389
2459883.693039901,0.0002862215,0.003347212
2459883.694428795,0.005175352,0.00335039
2459883.695817689,-0.0036235452,0.0033468595
2459883.697206583,0.0005899668,0.003348844
2459883.6985954763,-0.0034201145,0.003348443
2459883.6999843703,0.00051677227,0.0033467917
2459883.701373264,0.005307555,0.0033474516
2459883.7027621577,2.9683113e-05,0.0033466765
2459883.7041510516,-0.0014715195,0.0033434017
2459883.7055399455,-0.00020772219,0.0033501682
2459883.7069288394,0.0021059513,0.0033457326
2459883.708317733,0.0020272732,0.0033476588
2459883.709706627,-0.0026919246,0.0033425284
2459883.7110955203,-0.004909098,0.0033401023
2459883.712484414,-0.0021603107,0.00334346
2459883.713873308,0.00070655346,0.0033434378
2459883.715262202,0.0013867617,0.0033439456
2459883.716651096,0.00013756752,0.0033499876
2459883.7180399895,-0.005921364,0.0033414015
2459883.7194288834,-0.009035349,0.0033365213
2459883.720817777,-0.00018596649,0.0033420688
2459883.722206671,0.0037394762,0.0033443042
2459883.7235955647,-0.0018746257,0.0033377619
2459883.724984458,0.001911521,0.003342926
2459883.726373352,-0.0022186637,0.0033384552
2459883.727762246,0.0019857883,0.0033408494
2459883.72915114,-0.0039467216,0.003338421
2459883.7305400334,-0.00076818466,0.0033400566
2459883.7319289274,0.00096583366,0.0033380562
2459883.7333178213,-0.0033923984,0.0033378156
2459883.7347067147,0.002091527,0.0033384839
2459883.7360956087,-0.00013667345,0.0033411135
2459883.737484502,-0.0027691722,0.003339798
2459883.738873396,0.0038115978,0.0033401446
2459883.74026229,-0.0061358213,0.0033350394
2459883.7416511835,0.0010381937,0.003343962
2459883.7430400774,-0.0046138763,0.0033321646
2459883.7444289713,0.0031614304,0.003344859
2459883.745817865,0.00280869,0.0033368813
2459883.7472067587,0.004724145,0.0033401214
2459883.7485956526,0.0035117865,0.0033397814
2459883.749984546,-0.0024672747,0.0033356862
2459883.75137344,0.00215137,0.0033373744
2459883.7527623335,-0.0056831837,0.0033315374
2459883.7541512274,-0.0016315579,0.0033376315
2459883.7555401213,0.0026550293,0.0033351483
2459883.756929015,-0.004512787,0.0033318999
2459883.7583179087,-0.0018790364,0.003334008
2459883.759706802,-0.006334245,0.0033318258
2459883.761095696,-0.00030648708,0.00333717
2459883.7624845896,0.00017559528,0.0033365781
2459883.7638734835,-0.0032548904,0.0033344016
2459883.7652623774,0.0004605055,0.0033373358
2459883.766651271,-0.0009494424,0.003334836
2459883.768040165,-0.006059289,0.0033324747
2459883.7694290583,-0.0019959807,0.0033342585
2459883.770817952,0.0015274286,0.003337106
2459883.7722068457,-0.000575006,0.0033321148
2459883.7735957396,0.0037391186,0.0033352359
2459883.774984633,0.0005514622,0.0033354387
2459883.776373527,-0.0021712184,0.0033333567
2459883.777762421,-0.0021272302,0.0033332126
2459883.7791513144,-0.0016948581,0.0033337758
2459883.7805402083,0.002727151,0.0033363
2459883.781929102,0.0025646687,0.0033363523
2459883.7833179957,0.00057530403,0.0033339174
2459883.784706889,0.0013586283,0.0033375472
2459883.786095783,-0.0004684925,0.0033359446
2459883.7874846766,-0.0040956736,0.0033291567
2459883.7888735705,-0.0009809732,0.0033309243
2459883.790262464,0.00078737736,0.003337
2459883.791651358,-0.0006377697,0.0033334384
2459883.7930402514,-0.0023912191,0.003334743
2459883.7944291453,0.0042967796,0.0033363183
2459883.7958180388,-6.1392784e-05,0.003332293
2459883.797206932,0.00095152855,0.0033324927
2459883.798595826,0.002426982,0.0033382978
2459883.79998472,-0.0012464523,0.0033314037
2459883.8013736135,-0.0008613467,0.003333442
2459883.8027625075,0.0009242296,0.0033336214
2459883.804151401,-0.0010842085,0.0033334387
2459883.805540295,-0.0029273033,0.003330787
2459883.8069291883,-0.0003091693,0.0033322168
2459883.8083180822,0.00030386448,0.00333646
2459883.8097069757,0.00026476383,0.0033331106
2459883.811095869,0.0035945177,0.003333827
2459883.812484763,0.00076293945,0.0033343057
2459883.8138736566,0.0028460026,0.0033364855
2459883.8152625505,-0.0047568083,0.0033301746
2459883.816651444,-0.0006676316,0.003332248
2459883.818040338,0.0024143457,0.003332976
2459883.8194292313,-0.0008350611,0.0033326014
2459883.8208181253,0.0014003515,0.003334839
2459883.8222070187,0.00445354,0.0033344568
2459883.823595912,-0.0042456985,0.0033281294
2459883.824984806,0.0013898611,0.0033312244
2459883.8263736996,-0.0053439736,0.0033287762
2459883.8277625935,-3.6537647e-05,0.0033314312
2459883.829151487,0.0062156916,0.0033350457
2459883.8305403804,0.0018776655,0.0033309732
2459883.8319292744,-0.0005829334,0.0033297655
2459883.833318168,-0.0054622293,0.0033263846
2459883.8347070618,0.0034383535,0.0033364692
2459883.836095955,0.0035361052,0.0033328724
2459883.837484849,-0.0036590695,0.0033284628
2459883.8388737426,0.002912283,0.0033301823
2459883.840262636,0.0015889406,0.003330877
2459883.84165153,-0.004385948,0.0033271061
2459883.8430404235,-0.0024004579,0.0033304556
2459883.844429317,-0.0045289993,0.003327438
2459883.845818211,-0.0006290674,0.0033303655
2459883.8472071043,-0.0014536381,0.0033277476
2459883.848595998,-0.0050818324,0.0033294044
2459883.8499848917,0.007111907,0.003336063
2459883.851373785,-0.00044816732,0.0033291753
2459883.8527626786,0.003942728,0.0033312438
2459883.8541515726,-0.0021559596,0.003331925
2459883.855540466,-9.953976e-05,0.0033292847
2459883.85692936,-0.003013134,0.0033281127
2459883.8583182534,0.0018274784,0.003329602
2459883.859707147,0.0070199966,0.0033307886
2459883.8610960403,0.00088727474,0.0033281608
2459883.8624849343,0.0010032654,0.0033273133
2459883.8638738277,0.0025357008,0.0033286966
2459883.865262721,0.002001524,0.003328584
2459883.866651615,0.0015887022,0.0033289962
2459883.8680405086,-0.00020724535,0.0033306195
2459883.869429402,0.0019141436,0.0033284747
2459883.870818296,0.0024485588,0.0033275862
2459883.8722071894,0.0074882507,0.003329985
2459883.8735960834,0.004965782,0.0033318342
2459883.874984977,-0.00289464,0.003324619
2459883.8763738703,0.0020543337,0.003327946
2459883.8777627638,0.001201272,0.0033284458
2459883.8791516577,0.002068162,0.0033256332
2459883.880540551,0.0014624596,0.0033299665
2459883.8819294446,0.0036759377,0.0033287809
2459883.8833183385,-0.00045257807,0.0033261916
2459883.884707232,-0.000684917,0.0033253757
2459883.8860961255,-0.0008981228,0.003325589
2459883.887485019,-0.00065767765,0.0033251662
2459883.8888739124,-0.0039785504,0.0033228006
2459883.890262806,0.003235817,0.0033280042
2459883.8916517,0.0018917322,0.0033252458
2459883.8930405932,-0.0005533695,0.0033259608
2459883.8944294867,-0.0024855137,0.0033240172
2459883.8958183806,0.0019137859,0.0033269674
2459883.897207274,-0.0006696582,0.00332356
2459883.8985961676,-0.0011559129,0.0033248093
2459883.899985061,-0.0020303726,0.0033242714
2459883.901373955,0.0005668402,0.0033237918
2459883.902762848,-0.0023320913,0.0033230325
2459883.904151742,-1.7106533e-05,0.0033290815
2459883.9055406353,-0.0035028458,0.0033243732
2459883.906929529,0.0022403002,0.0033256244
2459883.9083184227,0.004419327,0.0033248789
2459883.909707316,-0.0005441308,0.0033250859
2459883.9110962097,0.004592061,0.003328939
2459883.912485103,8.583069e-06,0.003321166
2459883.9138739966,0.0016595125,0.0033276584
2459883.91526289,0.00078475475,0.0033221361
2459883.916651784,0.005395651,0.003325503
2459883.9180406774,0.0050075054,0.003325755
2459883.919429571,0.00046408176,0.0033243187
2459883.9208184644,0.0014315844,0.0033259385
2459883.922207358,0.0017580986,0.0033223361
2459883.9235962518,-0.00058174133,0.0033238118
2459883.9249851448,0.00057160854,0.0033228789
2459883.9263740387,0.0046668053,0.0033246137
2459883.927762932,0.0016845465,0.00332416
2459883.9291518256,0.004450083,0.0033233925
2459883.930540719,0.00040960312,0.0033256018
2459883.9319296125,-0.00070255995,0.0033216511
2459883.9333185065,-0.0017181635,0.0033187757
2459883.9347073995,0.0024585724,0.0033261718
2459883.9360962934,0.0012283325,0.0033243333
2459883.937485187,-0.0053337812,0.0033184602
2459883.9388740803,0.0017030239,0.0033206653
2459883.940262974,-0.0007318258,0.003320789
2459883.9416518672,0.00084114075,0.003323674
2459883.943040761,-0.0016166568,0.003322367
2459883.944429654,-0.0014218688,0.0033208346
2459883.945818548,0.0018693209,0.0033213745
2459883.947207441,-0.0013027191,0.003319625
2459883.948596335,-0.0012841821,0.0033203235
2459883.9499852285,0.006488204,0.0033260644
2459883.951374122,0.0003798008,0.0033221822
2459883.9527630154,-0.00048953295,0.0033209487
2459883.954151909,-0.001123786,0.0033202055
2459883.9555408023,0.0002797842,0.003322024
2459883.956929696,-0.0039380193,0.00331625
2459883.9583185893,0.0011636019,0.0033216833
2459883.959707483,-0.00034540892,0.0033171647
2459883.961096376,0.0035346746,0.003319866
2459883.96248527,-0.00082707405,0.003318145
2459883.9638741636,0.0076498985,0.0033248335
2459883.965263057,6.6161156e-05,0.003320253
2459883.9666519505,-0.0061957836,0.0033154082
2459883.968040844,-0.0008251667,0.0033211051
2459883.9694297374,-0.0027362704,0.0033172898
2459883.970818631,-0.0029374957,0.0033174783
2459883.9722075243,-0.0008055568,0.0033199568
2459883.973596418,0.0031375885,0.0033208304
2459883.9749853113,-0.0034537315,0.0033159717
2459883.9763742047,0.0035737753,0.0033191147
2459883.977763098,-0.0006054044,0.0033178153
2459883.9791519917,-0.0054098964,0.003314243
2459883.980540885,0.00071525574,0.0033180395
2459883.9819297786,0.004424453,0.0033211363
2459883.983318672,0.00038266182,0.003315508
2459883.9847075655,0.0042396784,0.003319455
2459883.986096459,-0.007372141,0.0033121244
2459883.9874853524,0.004216552,0.003320167
2459883.988874246,-0.0029565692,0.0033159198
2459883.9902631394,-0.0041978955,0.003314486
2459883.991652033,0.0028572083,0.0033189498
2459883.9930409263,-0.007742107,0.0033112792
2459883.9944298198,-0.0005046129,0.003314909
2459883.995818713,-0.003791988,0.0033141263
2459883.9972076067,-0.0027326345,0.003315569
2459883.9985965,-0.000428617,0.003317622
2459883.9999853936,-0.0018551946,0.003319293
2459884.001374287,0.0033009052,0.0033175296
2459884.0027631805,0.0016652346,0.0033166758
2459884.004152074,0.0022740364,0.0033156672
2459884.005540967,-0.0028797984,0.0033166786
2459884.006929861,0.0013709068,0.0033194532
2459884.008318754,0.006466627,0.0033210788
2459884.0097076474,-0.003583014,0.003313589
2459884.011096541,0.0012055635,0.0033193303
2459884.0124854343,0.0009499788,0.0033163922
2459884.0138743278,-0.0010937452,0.0033126757
2459884.015263221,-0.00035721064,0.003319022
2459884.0166521147,-0.00040769577,0.00331614
2459884.018041008,0.0004775524,0.0033174334
2459884.0194299016,0.0004529953,0.0033129258
2459884.0208187946,-0.0036266446,0.0033141265
2459884.0222076885,-0.004740238,0.0033118778
2459884.023596582,0.000934124,0.0033152357
2459884.024985475,0.000854373,0.0033144397
2459884.0263743685,0.0016385317,0.003314395
2459884.027763262,-0.00091058016,0.0033131675
2459884.0291521554,0.0014842749,0.003317193
2459884.030541049,0.0022631884,0.0033150688
2459884.0319299423,-0.0033820271,0.003312897
2459884.0333188353,0.0021916628,0.0033125626
2459884.034707729,-0.002303362,0.0033123805
2459884.0360966227,-0.0043125153,0.0033107274
2459884.0374855157,0.0063619614,0.0033178364
2459884.038874409,0.0017076731,0.003314008
2459884.0402633026,-0.0037087202,0.0033128269
2459884.041652196,-0.0047076344,0.0033086175
2459884.043041089,-0.00029456615,0.0033117393
2459884.0444299825,0.0017796755,0.0033108664
2459884.045818876,0.0003541708,0.0033119447
2459884.0472077695,0.0030961037,0.00331496
2459884.048596663,0.0009485483,0.0033131675
2459884.0499855564,0.0023642778,0.0033101928
2459884.05137445,0.0031254292,0.0033136217
2459884.052763343,-0.0029585958,0.003311021
2459884.0541522363,-0.005165994,0.0033081456
2459884.05554113,0.0008562803,0.0033111307
2459884.0569300232,-0.00076937675,0.0033108885
2459884.0583189167,-0.003902793,0.0033093966
2459884.0597078097,-0.0014389753,0.0033085183
2459884.061096703,-0.0004556179,0.003312595
2459884.0624855966,0.00040388107,0.0033117998
2459884.06387449,0.007762313,0.0033156397
2459884.065263383,-0.0018327236,0.003310264
2459884.0666522766,-0.0020570755,0.0033098764
2459884.06804117,0.0054718256,0.0033156255
2459884.0694300635,0.0022895336,0.003311945
2459884.070818957,0.0009686947,0.0033106597
2459884.07220785,-0.0019894242,0.0033108636
2459884.0735967434,-0.0050632954,0.0033078454
2459884.074985637,0.00034987926,0.0033132874
2459884.0763745303,-0.00086307526,0.0033089758
2459884.0777634233,-0.00078701973,0.0033090813
2459884.079152317,-0.0050095916,0.0033082287
2459884.0805412102,0.0046280622,0.0033108392
2459884.0819301032,0.0030118227,0.0033122646
2459884.0833189967,-0.0066869855,0.0033059244
2459884.08470789,-0.0056778193,0.0033077863
2459884.0860967836,-6.67572e-05,0.0033086303
2459884.087485677,0.0020593405,0.0033122718
2459884.08887457,-0.0007479787,0.0033102278
2459884.0902634636,-0.003882587,0.0033073963
2459884.0916523566,-0.00048828125,0.003310299
2459884.09304125,0.0016897917,0.0033092524
2459884.0944301435,-0.0030290484,0.0033060927
2459884.095819037,-0.002914071,0.003309067
2459884.09720793,-0.0015344024,0.0033079027
2459884.0985968234,0.002454996,0.0033103288
2459884.099985717,-0.0075210333,0.0033105023
2459884.10137461,0.0012260675,0.0033128748
2459884.1027635033,0.0015826225,0.003311108
2459884.1041523963,0.00094616413,0.0033096613
2459884.10554129,-0.0017296672,0.0033083523
2459884.1069301832,-0.004308462,0.0033062957
2459884.1083190767,-0.00041741133,0.0033085723
2459884.1097079697,-0.005546093,0.0033046042
2459884.111096863,-0.0043383837,0.0033058273
2459884.1124857566,0.001034975,0.0033138283
2459884.1138746496,0.003150463,0.0033129577
2459884.115263543,-0.0019298196,0.0033099111
2459884.116652436,0.0030206442,0.003311685
2459884.1180413296,-0.0029943585,0.0033086166
2459884.119430223,-0.0061672926,0.003305253
2459884.120819116,0.0054103136,0.0033104327
2459884.1222080095,0.002212286,0.003311395
2459884.1235969025,0.0031833649,0.0033110026
2459884.124985796,-0.0048015714,0.003306212
2459884.1263746894,-0.003411889,0.003303916
2459884.1277635824,0.0027668476,0.0033118622
2459884.129152476,-0.00017005205,0.0033078194
2459884.1305413693,-0.00057792664,0.0033081558
2459884.1319302623,0.002031684,0.0033120331
2459884.133319156,0.007495761,0.003311252
2459884.134708049,0.002899766,0.0033108753
2459884.1360969422,-0.0007751584,0.0033067765
2459884.1374858357,-0.00019431114,0.003312331
2459884.1388747287,-0.0018260479,0.003305765
2459884.140263622,0.0027612448,0.0033096974
2459884.141652515,-0.00042128563,0.0033076261
2459884.1430414086,0.0021671057,0.0033119959
2459884.1444303016,-0.004539132,0.0033044275
2459884.145819195,-0.0032375455,0.0033043043
2459884.147208088,0.0020986795,0.0033097414
2459884.1485969815,0.00091838837,0.0033052512
2459884.1499858745,-5.0902367e-05,0.0033073027
2459884.151374768,-0.0040968657,0.0033066403
2459884.152763661,0.0032545328,0.003310035
2459884.1541525545,0.0008980036,0.0033066177
2459884.1555414475,0.004830718,0.0033099703
2459884.156930341,0.0011094809,0.0033060508
2459884.158319234,-0.002680719,0.003304158
2459884.1597081274,-0.00087064505,0.0033053015
2459884.1610970204,-0.0024875402,0.0033036019
2459884.162485914,0.001966834,0.003305554
2459884.1638748073,-0.0030779243,0.0033040496
2459884.1652637003,-0.004261911,0.0033030557
2459884.1666525938,0.0024837255,0.003308325
2459884.1680414868,-0.0056440234,0.0033010296
2459884.16943038,0.00065517426,0.003304762
2459884.170819273,0.0017505884,0.0033069758
2459884.172208166,-0.0009841323,0.0033059982
2459884.1735970597,-0.0025959015,0.0033037127
2459884.1749859527,-0.0018979907,0.003305374
2459884.176374846,6.234646e-05,0.003305372
2459884.177763739,-0.0023248792,0.0033017823
2459884.1791526326,-0.0031626225,0.0033009795
2459884.1805415256,0.0011099577,0.0033052517
2459884.181930419,0.0016384125,0.003308577
2459884.183319312,-0.00020563602,0.0033048706
2459884.1847082055,0.0013585091,0.0033047686
2459884.1860970985,0.0018532276,0.0033064426
2459884.1874859915,0.0024135113,0.0033051223
2459884.188874885,-0.00052422285,0.003305019
2459884.190263778,-0.0043982863,0.0033029318
2459884.1916526714,0.003246665,0.0033039565
2459884.1930415644,0.0015023947,0.0033047053
2459884.1944304574,0.002470374,0.0033044608
2459884.195819351,-0.005036354,0.0033006533
2459884.197208244,-0.00388968,0.0033007853
2459884.1985971374,-0.00021278858,0.0033039048
2459884.1999860303,-0.0037949681,0.003299945
2459884.201374924,-0.0011328459,0.0033019006
2459884.202763817,-0.0006403923,0.003302547
2459884.20415271,-0.0026144981,0.0033032326
2459884.2055416033,-0.0039833784,0.0033004843
2459884.2069304963,0.004140854,0.0033069407
2459884.2083193897,-0.003573954,0.003300702
2459884.2097082827,-0.0036723614,0.0033017045
2459884.2110971757,0.0029091835,0.0033032207
2459884.2124860687,0.0028994083,0.003302596
2459884.213874962,-0.0011620522,0.0032999145
2459884.215263855,-0.0031146407,0.0033009732
2459884.216652748,0.004333377,0.0033047905
2459884.2180416416,0.00022745132,0.0033027502
2459884.2194305346,-0.002204895,0.0033006598
2459884.220819428,-0.003794551,0.0032986004
2459884.222208321,0.00043332577,0.0033016326
2459884.223597214,-0.001799345,0.003303531
2459884.224986107,-0.0025765896,0.0033028298
2459884.2263750006,0.0037953854,0.0033052461
2459884.2277638935,0.00053822994,0.003301795
2459884.2291527865,-0.00019812584,0.0033009117
2459884.23054168,0.00030744076,0.0033042529
2459884.231930573,-0.005938649,0.0032998424
2459884.233319466,0.004365802,0.003303945
2459884.234708359,0.005689621,0.0033047954
2459884.2360972525,-0.0067120194,0.003298853
2459884.2374861455,0.0008267164,0.0033028182
2459884.2388750385,0.0048629045,0.003304975
2459884.240263932,-0.0029657483,0.00329742
2459884.241652825,0.002678275,0.0033033493
2459884.243041718,0.000579834,0.0033012014
2459884.244430611,0.0021437407,0.0033041541
2459884.2458195044,0.0076071024,0.0033021478
2459884.2472083974,0.0020582676,0.0033021963
2459884.2485972904,-0.0019532442,0.0032990603
2459884.249986184,0.0016516447,0.003304677
2459884.251375077,0.00033450127,0.003302382
2459884.25276397,0.0016751289,0.0033009278
2459884.254152863,-0.0017882586,0.0033007702
2459884.2555417563,-0.0008048415,0.0033016491
2459884.2569306493,-0.005090952,0.0032989294
2459884.2583195423,-0.0015903711,0.0032985741
2459884.2597084353,0.003247857,0.0033030137
2459884.2610973283,0.0016131401,0.0033002843
2459884.2624862217,-0.0008203387,0.0033005208
2459884.2638751147,0.0022941828,0.0033037663
2459884.2652640077,-0.004195571,0.0033012857
2459884.2666529007,0.003965497,0.00330284
2459884.2680417937,0.008057237,0.003305691
2459884.2694306867,-0.0019335151,0.003297558
2459884.27081958,-0.0034028888,0.003298019
2459884.272208473,-0.0017824173,0.0032996507
2459884.273597366,-0.0017641783,0.0032993138
2459884.274986259,-0.0009810328,0.0032988794
2459884.276375152,0.00016903877,0.0033004454
2459884.2777640456,-0.00011819601,0.0033020054
2459884.2791529386,-0.002612114,0.0032998854
2459884.2805418316,-0.0027405024,0.003299924
2459884.2819307246,0.00045335293,0.0033049022
2459884.2833196176,0.00367105,0.0033059819
2459884.284708511,-0.0026125312,0.0033015423
2459884.2860974036,-0.0015519857,0.0033007632
2459884.287486297,-0.0025888085,0.0032977476
2459884.28887519,-0.0066199303,0.0032945133
2459884.290264083,-0.0032650232,0.0033010938
2459884.291652976,-0.003926456,0.0032976018
2459884.293041869,-0.005250275,0.003297339
2459884.294430762,0.0023264885,0.0033031926
2459884.295819655,-0.00052928925,0.003298032
2459884.2972085485,-0.0059319735,0.0032973401
2459884.298597441,-0.0025876164,0.0032989718
2459884.2999863345,0.0038769245,0.0033014284
2459884.3013752275,-0.0019586682,0.0032964568
2459884.3027641205,0.0011408329,0.0032990265
2459884.3041530135,0.0036551952,0.0033044834
2459884.3055419065,-0.002288282,0.003299298
2459884.3069307995,0.0025156736,0.0033004547
2459884.3083196925,-0.0012931824,0.0032991753
2459884.3097085855,0.0024120808,0.003299124
2459884.3110974785,0.00070893764,0.003298125
2459884.3124863715,0.0016890764,0.0032978717
2459884.313875265,0.0023030043,0.003300447
2459884.3152641575,-0.0042387843,0.0032966796
2459884.316653051,-0.0050255656,0.0032999564
2459884.3180419435,-0.0029096603,0.0032966814
2459884.319430837,-0.0030638576,0.0032950533
2459884.32081973,0.0030628443,0.0033001855
2459884.322208623,-0.0043835044,0.0032987902
2459884.323597516,-0.0008291006,0.0032982423
2459884.324986409,-0.0060167313,0.0032924227
2459884.326375302,0.0030189753,0.0032998312
2459884.327764195,-3.0457973e-05,0.0033012223
2459884.329153088,-0.0016863346,0.00329874
2459884.330541981,-0.00087988377,0.003298201
2459884.331930874,0.004228592,0.0033017662
2459884.333319767,-0.0012047887,0.0032994652
2459884.33470866,-0.0037674308,0.0032950714
2459884.336097553,-0.0014825463,0.0032962554
2459884.337486446,-0.004335761,0.0032988577
2459884.338875339,0.0017952919,0.0033002838
2459884.340264232,0.002434492,0.0032985099
2459884.341653125,0.00043010712,0.0032992316
2459884.343042018,-0.00043016672,0.0032984742
2459884.344430911,0.0013467073,0.0032986216
2459884.345819804,-0.0026442409,0.003296912
2459884.347208697,-0.0016046166,0.003298312
2459884.34859759,-0.006369829,0.0032912444
2459884.3499864824,-0.0035933256,0.0032948588
2459884.351375376,0.0016021729,0.0032992167
2459884.3527642684,-0.0028689504,0.0032936935
2459884.3541531614,0.0031359196,0.003301052
2459884.355542055,-0.0010547638,0.0032982603
2459884.3569309474,0.00335598,0.0033011674
2459884.3583198404,-0.0024439096,0.003296853
2459884.3597087334,-0.0063769817,0.0032926768
2459884.3610976264,-0.0010565519,0.0032970721
2459884.3624865194,0.0009201765,0.0032994936
2459884.3638754124,-0.0018177032,0.0032953373
2459884.365264305,-0.00047510862,0.0033013867
2459884.3666531984,-0.0031907558,0.0032951836
2459884.3680420914,0.0010867119,0.0032973886
2459884.369430984,-0.0026465058,0.003295902
2459884.370819877,0.0015830994,0.0032984947
2459884.37220877,-0.002214253,0.0032959122
2459884.373597663,0.0028948784,0.003298484
2459884.374986556,0.0010752678,0.0032972512
2459884.376375449,-0.00015896559,0.003299557
2459884.377764342,0.00045073032,0.0032998316
2459884.3791532344,-0.001916945,0.0032957804
2459884.380542128,0.0019248724,0.0032976186
2459884.3819310204,-0.0010393262,0.0032954593
2459884.3833199134,-0.005116582,0.003295339
2459884.3847088064,0.003202796,0.0032985797
2459884.3860976994,0.0008171797,0.003297972
2459884.387486592,-0.0030970573,0.003291622
2459884.388875485,-0.0008853078,0.0032954214
2459884.390264378,-0.0049186945,0.0032923042
2459884.391653271,-0.0016970634,0.0032957974
2459884.393042164,-0.0019951463,0.003293774
2459884.394431057,-3.1471252e-05,0.0032973443
2459884.39581995,-0.0002310276,0.0032975825
2459884.3972088424,0.007498741,0.0033013017
2459884.3985977354,-0.0037513375,0.0032957133
2459884.3999866284,-0.007928371,0.0032929375
2459884.4013755214,0.00063693523,0.003296858
2459884.4027644144,0.0037026405,0.0032976242
2459884.404153307,-0.0021150708,0.0032953457
2459884.4055422,0.00042378902,0.0032949026
2459884.406931093,0.002842784,0.0032952959
2459884.408319986,0.0010604858,0.0032974854
2459884.409708879,-0.0011873245,0.0032964146
2459884.4110977715,0.00448215,0.003297575
2459884.4124866645,-0.00035995245,0.0032962798
2459884.4138755575,-0.0036849976,0.003295947
2459884.4152644505,0.005987406,0.0033017679
2459884.416653343,0.003046155,0.0032986423
2459884.418042236,0.0033088923,0.0032966456
2459884.4194311285,0.0007299185,0.0033006743
2459884.4208200215,0.0011495352,0.0032974628
2459884.4222089145,0.00046014786,0.0032950516
2459884.4235978075,0.004081011,0.0032988028
2459884.4249867005,0.0012421608,0.003296364
2459884.426375593,0.0012298822,0.0032978088
2459884.427764486,-0.0022803545,0.003295954
2459884.429153379,-0.0033501387,0.003293991
2459884.430542272,-0.00304842,0.0032974358
2459884.4319311646,-0.0046599507,0.0032941052
2459884.4333200576,-0.00091940165,0.003296793
2459884.4347089506,0.0018326044,0.003298451
2459884.436097843,-4.2140484e-05,0.0032973918
2459884.437486736,0.0007299185,0.003295312
2459884.4388756286,-0.00077813864,0.0032944265
2459884.4402645216,0.0024774075,0.0032994803
2459884.4416534146,0.00013804436,0.0032942328
2459884.4430423076,0.006301999,0.0033016303
2459884.4444312006,0.0012626648,0.0033007616
2459884.445820093,-0.0010442734,0.0032985548
2459884.447208986,-0.00043833256,0.0032983718
2459884.4485978787,-0.001717329,0.0032979655
2459884.4499867717,-0.0028342009,0.0032968177
2459884.451375664,0.0031371117,0.0032985355
2459884.452764557,-0.0039123893,0.0032970533
2459884.45415345,0.0030891895,0.0032989052
2459884.4555423427,0.004062772,0.0032981432
2459884.4569312357,0.008543134,0.0033033798
2459884.4583201287,0.002722621,0.0033015087
2459884.4597090213,0.0030443668,0.0032978188
2459884.4610979143,-0.002894938,0.0032956211
2459884.4624868073,-0.00024026632,0.0032969853
2459884.4638757,0.0020179749,0.0032983518
2459884.465264593,-0.0052058697,0.0032941615
2459884.466653486,-0.00048482418,0.0032951143
2459884.4680423783,0.0042823553,0.0033010172
2459884.4694312713,-0.005392313,0.0032935918
2459884.470820164,-0.002082467,0.003294797
2459884.472209057,0.0038698912,0.0032985967
2459884.47359795,-0.0017706156,0.0032946856
2459884.4749868424,0.0007419586,0.0032964332
2459884.4763757354,0.0059587955,0.0033027383
2459884.477764628,0.0023680925,0.0032967292
2459884.479153521,-0.008776724,0.003292092
2459884.4805424134,-0.0043594837,0.003293551
2459884.4819313064,0.002104044,0.0033001616
2459884.483320199,0.0048410892,0.0032996752
2459884.484709092,0.0017014742,0.0032962498
2459884.486097985,0.00020730495,0.0032976065
2459884.4874868775,-0.00019830465,0.0032989357
2459884.4888757705,0.0024451017,0.0032961222
2459884.490264663,-0.0023906827,0.0032964603
2459884.491653556,-0.00047332048,0.003294021
2459884.4930424485,0.0009649992,0.0032968393
2459884.4944313415,-0.00048941374,0.0032975252
2459884.495820234,-0.00036001205,0.0032958218
2459884.4972091266,-0.006577432,0.0032952826
2459884.4985980196,-0.004906237,0.0032971615
2459884.499986912,-0.002257347,0.0032957355
2459884.501375805,-0.0023295283,0.0032965683
2459884.5027646977,0.0016272068,0.0032979771
2459884.5041535906,0.0002593994,0.0032972458
2459884.505542483,0.0033092499,0.0032985671
2459884.506931376,0.00019872189,0.003297834
2459884.508320269,0.0058112144,0.0032999853
2459884.5097091617,0.0014477968,0.003297319
2459884.5110980542,0.00234437,0.00329857
2459884.5124869472,-0.0027068257,0.0032974374
2459884.5138758398,0.0022125244,0.0032997485
2459884.5152647323,0.0037658215,0.0032975061
2459884.5166536253,0.0031701326,0.003297429
2459884.5180425183,0.00088119507,0.0032966903
2459884.519431411,0.0025531054,0.0032960507
2459884.520820304,0.0013775826,0.0032976065
2459884.5222091964,-0.005185187,0.003292797
2459884.523598089,-0.00053453445,0.0032978184
2459884.5249869814,-0.00280869,0.0032931387
2459884.5263758744,-0.0016928315,0.0032933773
2459884.5277647674,-0.003160417,0.0032923897
2459884.52915366,2.3841858e-07,0.0032939843
2459884.5305425525,0.0025345087,0.003296973
2459884.5319314455,0.0003168583,0.0032940386
2459884.533320338,-0.0062800646,0.0032917985
2459884.5347092305,-0.0020512342,0.0032931159
2459884.5360981235,0.0022858381,0.0032960128
2459884.537487016,-0.008749187,0.0032907715
2459884.538875909,0.0045892,0.0032999252
2459884.5402648016,0.0010409355,0.0032953143
2459884.541653694,0.001999259,0.0032938435
2459884.543042587,0.0026390553,0.003296539
2459884.5444314796,0.0017207861,0.003298588
2459884.5458203726,0.00042712688,0.003293908
2459884.547209265,0.0055396557,0.0032958307
2459884.5485981577,0.0030899048,0.0032961632
2459884.5499870507,-0.0017361641,0.0032936875
2459884.5513759432,0.0003067255,0.0032957112
2459884.552764836,-0.0014064908,0.0032945303
2459884.5541537283,0.00018453598,0.0032945108
2459884.5555426213,0.0004402399,0.0032947862
2459884.556931514,0.0015782118,0.0032972477
2459884.5583204064,-0.0008479953,0.0032949296
2459884.5597092994,0.0022460222,0.003299175
2459884.561098192,-0.00021225214,0.0032983194
2459884.562487085,-0.0022259355,0.0032961068
2459884.5638759774,-0.0039100647,0.003292459
2459884.56526487,0.0057587624,0.0032949343
2459884.5666537625,-0.004823327,0.0032936414
2459884.5680426555,0.00012564659,0.003295016
2459884.569431548,0.0013760328,0.0032920125
2459884.5708204405,-0.0017677546,0.0032919552
2459884.5722093335,-0.0030779243,0.0032908295
2459884.573598226,-0.0016373992,0.0032933592
2459884.5749871186,0.0041565895,0.0032970838
2459884.576376011,0.0012341738,0.0032972554
2459884.5777649037,0.0037800074,0.003296086
2459884.579153796,0.0016813278,0.0032949545
2459884.580542689,0.00019693375,0.0032944535
2459884.5819315817,7.6413155e-05,0.0032917594
2459884.5833204743,-0.003952861,0.003291186
2459884.5847093672,0.001830101,0.0032958973
2459884.58609826,0.00047039986,0.0032953874
2459884.5874871523,0.003317237,0.003293737
2459884.588876045,0.001832962,0.0032940188
2459884.590264938,0.00052702427,0.003293569
2459884.59165383,0.00043821335,0.0032930414
2459884.593042723,-0.004631698,0.0032899866
2459884.5944316154,-0.0074094534,0.0032891864
2459884.595820508,0.0022099018,0.0032934325
2459884.597209401,-0.001866579,0.0032972856
2459884.5985982935,-0.0021439195,0.0032920162
2459884.599987186,-0.0016096234,0.003298346
2459884.6013760786,-0.0040873885,0.003291571
2459884.602764971,0.0040130615,0.0032963476
2459884.604153864,-0.0021897554,0.0032917366
2459884.6055427566,0.0040467978,0.0032957757
2459884.606931649,0.00263834,0.0032924921
2459884.6083205417,-0.0022374392,0.00329293
2459884.609709434,0.007857561,0.0032993522
2459884.6110983267,0.0012140274,0.0032952288
2459884.6124872193,-2.8073788e-05,0.0032949524
2459884.6138761123,-0.006182313,0.0032895387
2459884.615265005,-0.0028280616,0.0032948947
2459884.6166538973,-0.0012850761,0.00329148
2459884.61804279,0.0048033,0.0032942907
2459884.6194316824,0.00071418285,0.0032958155
2459884.620820575,0.00062155724,0.003295481
2459884.6222094675,-0.0029574037,0.0032938614
2459884.62359836,-0.00089013577,0.0032917648
2459884.6249872525,-0.0020364523,0.003293437
2459884.6263761455,-0.00046801567,0.0032921515
2459884.627765038,-0.0055198073,0.0032904816
2459884.6291539306,0.00048315525,0.0032923417
2459884.630542823,-0.004139006,0.0032890926
2459884.6319317156,0.0014337301,0.0032932789
2459884.633320608,-0.0006902218,0.003290861
2459884.6347095007,0.00013232231,0.0032914488
2459884.6360983932,0.0021549463,0.003291838
2459884.637487286,-0.0019709468,0.0032946893
2459884.6388761783,-0.0016564131,0.003289045
2459884.640265071,0.0059354305,0.0032960693
2459884.641653964,-0.007883072,0.0032851866
2459884.643042856,0.002744317,0.0032940095
2459884.644431749,0.0058897734,0.003293858
2459884.6458206414,0.0006144047,0.0032918884
2459884.647209534,-0.0009354949,0.0032897412
2459884.6485984265,0.0016281605,0.0032948386
2459884.649987319,0.0058345795,0.003294283
2459884.6513762116,0.0042806864,0.0032920523
2459884.652765104,-0.0022415519,0.0032901622
2459884.6541539966,-0.0011611581,0.0032902677
2459884.655542889,0.0037180185,0.0032949478
2459884.6569317817,0.0024069548,0.0032928665
2459884.658320674,-0.0037671328,0.0032884385
2459884.6597095667,0.0010378361,0.0032898898
2459884.6610984593,0.0049774647,0.0032958009
2459884.662487352,-0.0029839873,0.0032903808
2459884.6638762443,0.0016976595,0.0032925638
2459884.665265137,0.0019510984,0.0032921701
2459884.6666540294,0.0029331446,0.0032953927
2459884.668042922,0.0017168522,0.003290965
2459884.6694318145,0.0018861294,0.003293919
2459884.670820707,0.004789114,0.0032949054
2459884.672209599,-0.0031813383,0.003292046
2459884.673598492,0.0019222498,0.00329406
2459884.674987384,-0.002874136,0.0032889536
2459884.6763762766,0.0027920008,0.0032919587
2459884.6777651696,-0.00076019764,0.0032934267
2459884.6791540617,4.9948692e-05,0.003292614
2459884.6805429542,0.0023297071,0.0032960477
2459884.681931847,0.0010118484,0.0032939306
2459884.6833207393,-0.0014329553,0.003289857
2459884.684709632,0.00096452236,0.0032931948
2459884.6860985244,-0.0022776723,0.003289054
2459884.687487417,-0.00025868416,0.0032906767
2459884.6888763094,-0.0044735074,0.0032889955
2459884.690265202,0.00057184696,0.0032925017
2459884.691654094,-0.0046116114,0.0032872725
2459884.693042987,0.0022776127,0.0032916097
2459884.694431879,0.004847765,0.0032912383
2459884.6958207716,0.0042369366,0.0032930756
2459884.697209664,-0.004877329,0.003288593
2459884.6985985567,0.001996398,0.0032948093
2459884.699987449,-0.00012522936,0.0032926505
2459884.7013763417,-0.003330648,0.0032871612
2459884.7027652343,0.0008736849,0.003290658
2459884.7041541263,-0.00093209743,0.0032899526
2459884.705543019,-0.010527551,0.0032843002
2459884.7069319114,-0.0010891557,0.0032925138
2459884.708320804,0.002522707,0.0032909284
2459884.7097096965,0.0007189512,0.0032913168
2459884.711098589,0.0026699305,0.0032901359
2459884.7124874815,0.0024126768,0.0032927205
2459884.7138763736,0.0011565685,0.0032876185
2459884.715265266,-0.0037312508,0.0032914255
2459884.7166541587,0.0035469532,0.0032935108
2459884.718043051,-0.0006867051,0.0032903075
2459884.7194319433,-0.0020311475,0.0032866707
2459884.720820836,-0.0039443374,0.0032861275
2459884.7222097283,0.0019743443,0.0032884215
2459884.723598621,-0.0034030676,0.0032899163
2459884.7249875134,-0.0025331974,0.0032882835
2459884.7263764055,-0.0032343864,0.003290573
2459884.727765298,-0.0023885965,0.0032889354
2459884.7291541905,-0.0025291443,0.0032868625
2459884.730543083,0.0010339022,0.0032895948
2459884.7319319756,-2.4616718e-05,0.0032881459
2459884.7333208676,-0.0026168823,0.0032880253
2459884.73470976,-0.00055998564,0.0032893016
2459884.7360986527,-0.0027512908,0.0032892018
2459884.7374875452,-0.0009557605,0.0032883896
2459884.7388764373,-0.0047872066,0.0032887748
2459884.74026533,-0.002198398,0.003289606
2459884.7416542224,-0.0042777658,0.003285363
2459884.743043115,-0.0041223764,0.0032880374
2459884.7444320074,0.006836891,0.0032927026
2459884.7458208995,0.0016433,0.0032900237
2459884.747209792,0.002770543,0.0032884867
2459884.748598684,0.0055481195,0.003290191
2459884.7499875766,0.0027321577,0.0032951003
2459884.751376469,-0.0036902428,0.0032921503
2459884.7527653617,-0.0076646805,0.0032841444
2459884.754154254,-0.003067553,0.0032863885
2459884.7555431463,-0.004331827,0.0032881
2459884.756932039,-0.001213491,0.0032869624
2459884.758320931,-0.0022984743,0.0032901806
2459884.7597098234,-0.0012304783,0.0032870038
2459884.761098716,-0.004391432,0.0032857775
2459884.7624876085,-0.000200212,0.003289632
2459884.7638765005,0.0015097857,0.0032909964
2459884.765265393,0.0037389994,0.003289701
2459884.7666542856,0.0017341375,0.0032889575
2459884.7680431777,0.0005452633,0.0032930633
2459884.76943207,-0.0015704632,0.0032889266
2459884.7708209623,-0.004288912,0.0032847023
2459884.772209855,-0.006892681,0.0032881845
2459884.7735987473,0.00033950806,0.0032901405
2459884.7749876394,-0.0028563738,0.0032885075
2459884.776376532,0.0032330751,0.0032911797
2459884.7777654245,-0.0010535717,0.0032885524
2459884.7791543165,-0.0025616288,0.0032906358
2459884.780543209,-0.002559781,0.0032864679
2459884.7819321016,0.00036656857,0.0032918607
2459884.7833209937,-0.0026775599,0.003288988
2459884.784709886,-0.001652658,0.0032879785
2459884.7860987787,-0.003092885,0.0032866662
2459884.787487671,0.0066331625,0.0032926295
2459884.7888765633,-0.0073865056,0.0032876548
2459884.7902654554,0.0004105568,0.003290765
2459884.791654348,-0.0045998096,0.0032851524
2459884.79304324,0.0014154911,0.0032884015
2459884.7944321325,-0.0019148588,0.003285392
2459884.795821025,-0.0052031875,0.0032849726
2459884.797209917,-0.0010598898,0.003286096
2459884.7985988096,-3.2186508e-05,0.003290253
2459884.7999877017,0.004078746,0.0032888043
2459884.801376594,-0.004496038,0.0032851459
2459884.8027654863,-4.3690205e-05,0.0032877307
2459884.804154379,0.0009601116,0.0032889966
2459884.805543271,0.0005661249,0.0032873687
2459884.8069321634,-0.0043348074,0.003291316
2459884.808321056,-0.001061976,0.0032856476
2459884.809709948,9.524822e-05,0.0032920612
2459884.8110988406,0.0006058216,0.0032892865
2459884.8124877326,-0.0011256337,0.0032892018
2459884.813876625,0.0031033754,0.0032895
2459884.815265517,-0.0027794838,0.0032876118
2459884.8166544093,-0.0020191073,0.0032854313
2459884.818043302,0.0034763813,0.0032886348
2459884.819432194,-0.0026260018,0.003286406
2459884.8208210864,-0.0016412735,0.0032859459
2459884.8222099785,0.0013303757,0.003288178
2459884.823598871,-0.0034604669,0.0032874863
2459884.824987763,-0.0030146837,0.00328583
2459884.8263766556,-0.008984268,0.0032826597
2459884.827765548,-0.002969861,0.0032856558
2459884.82915444,-0.0016934276,0.0032882032
2459884.8305433323,-3.296137e-05,0.0032910453
2459884.831932225,0.0016534328,0.003287646
2459884.833321117,0.001616478,0.0032886832
2459884.834710009,0.001319766,0.0032876318
2459884.8360989015,-0.0039678216,0.0032849468
2459884.8374877935,0.0023379326,0.0032882905
2459884.838876686,-0.00090140104,0.003285617
2459884.8402655786,0.00174582,0.0032920695
2459884.8416544707,7.6532364e-05,0.003287715
2459884.8430433627,-0.0040580034,0.00328686
2459884.844432255,0.002991438,0.0032895738
2459884.8458211473,0.0005592108,0.0032867058
2459884.8472100394,-0.00036644936,0.0032865512
2459884.848598932,0.0028289557,0.0032951334
2459884.849987824,-0.0025491714,0.0032868062
2459884.8513767165,0.00023579597,0.0032866376
2459884.8527656086,8.9645386e-05,0.0032858253
2459884.8541545006,-0.0014622808,0.0032846525
2459884.855543393,-0.0023562908,0.0032892376
2459884.8569322852,-0.0017340779,0.0032882215
2459884.8583211773,0.0004339218,0.0032882974
2459884.85971007,-0.0057337284,0.0032821652
2459884.861098962,-0.002148807,0.003285902
2459884.8624878544,-0.0023040175,0.003285087
2459884.8638767465,-0.0030354857,0.0032857687
2459884.8652656386,0.001894474,0.0032904835
2459884.8666545306,-0.0014542937,0.0032854588
2459884.868043423,0.003100276,0.0032891508
2459884.869432315,0.0016245842,0.0032870516
2459884.8708212078,-0.0022842288,0.0032860579
2459884.8722101,-0.002761364,0.0032854243
2459884.873598992,0.0013524294,0.0032861312
2459884.8749878844,0.0068320036,0.0032903415
2459884.8763767765,0.00090289116,0.003288346
2459884.8777656686,-0.0019319654,0.003286095
2459884.8791545606,-0.0030804276,0.003283037
2459884.880543453,-0.0033407807,0.0032840725
2459884.881932345,0.0010133982,0.0032880513
2459884.8833212373,0.0011177063,0.0032883661
2459884.88471013,-0.0026205182,0.0032842597
2459884.886099022,0.0010970831,0.0032853426
2459884.887487914,-0.007080674,0.0032839181
2459884.888876806,-0.0025075078,0.0032842944
2459884.8902656985,0.0030355453,0.0032869105
2459884.8916545906,-0.002502203,0.0032853126
2459884.8930434827,-0.00013542175,0.0032863277
2459884.894432375,0.004493952,0.003288348
2459884.8958212673,-0.0015982985,0.0032861426
2459884.8972101593,-0.00125283,0.0032894032
2459884.8985990514,0.00031650066,0.0032844143
2459884.899987944,0.005101323,0.0032888642
2459884.9013768355,4.3034554e-05,0.0032843791
2459884.902765728,-0.004065454,0.0032825295
2459884.90415462,0.000857234,0.0032870395
2459884.905543512,-0.0008996725,0.0032853968
2459884.9069324047,-0.0023024678,0.0032854583
2459884.908321297,-0.0022143126,0.003283979
2459884.909710189,0.0045905113,0.0032907454
2459884.911099081,0.00260365,0.0032909424
2459884.912487973,0.0025663376,0.0032882136
2459884.9138768655,-0.0026700497,0.0032812844
2459884.9152657576,-0.004973531,0.0032837763
2459884.9166546497,0.0010062456,0.0032857056
2459884.9180435417,-0.00451684,0.0032825356
2459884.919432434,-0.0026983023,0.0032856918
2459884.920821326,-0.0011972189,0.0032837659
2459884.9222102184,-0.003981769,0.0032833165
2459884.9235991105,-0.0031111836,0.0032844287
2459884.9249880025,-0.0008175969,0.0032859875
2459884.9263768946,-0.005087018,0.0032844045
2459884.9277657866,-0.00088799,0.0032844048
2459884.9291546787,0.0022547245,0.003286423
2459884.930543571,0.006128907,0.0032907329
2459884.9319324633,-7.468462e-05,0.0032860339
2459884.9333213554,-2.515316e-05,0.0032857857
2459884.9347102474,0.0007724762,0.0032877496
2459884.9360991395,0.0026603937,0.0032864679
2459884.9374880316,0.0033355951,0.0032908483
2459884.9388769236,0.0031459332,0.0032870257
2459884.9402658157,0.0028631687,0.003287837
2459884.941654708,-0.0025442839,0.0032822709
2459884.9430436,0.0007517338,0.003286296
2459884.9444324924,-0.0032444596,0.003283419
2459884.9458213844,0.0010635853,0.0032900097
2459884.9472102765,0.0028163195,0.0032865503
2459884.9485991686,-0.0043136477,0.0032826343
2459884.9499880606,0.0008342266,0.003285818
2459884.9513769527,-0.005944371,0.0032832008
2459884.9527658448,0.0016664267,0.003285517
2459884.954154737,0.0002863407,0.0032860949
2459884.955543629,-0.0050222874,0.0032829975
2459884.956932521,0.0029455423,0.0032892716
2459884.958321413,-0.00026738644,0.0032870923
2459884.959710305,-0.0010194182,0.00328344
2459884.961099197,-0.002609253,0.0032861358
2459884.962488089,-0.00057822466,0.0032839845
2459884.9638769813,0.0006891489,0.0032849736
2459884.9652658734,-0.0019873977,0.0032833032
2459884.9666547654,-0.0013112426,0.0032846055
2459884.968043658,0.00049316883,0.0032884788
2459884.9694325496,-0.0034407377,0.0032811037
2459884.970821442,0.0013059378,0.0032866802
2459884.9722103337,0.0012390614,0.0032863414
2459884.973599226,-0.003337264,0.003283432
2459884.974988118,-0.0033262372,0.0032842844
2459884.97637701,0.0021928549,0.003287614
2459884.977765902,-0.003371656,0.0032828657
2459884.979154794,-0.0041623116,0.0032830224
2459884.9805436865,-0.0028403401,0.003283194
2459884.981932578,-0.0033768415,0.0032852646
2459884.98332147,0.0024210215,0.0032889359
2459884.9847103623,0.004352331,0.003287017
2459884.9860992543,0.0039930344,0.003290006
2459884.9874881464,-0.0023857355,0.003284232
2459884.9888770385,-0.0005967021,0.0032843065
2459884.9902659305,0.0013632774,0.0032867568
2459884.9916548226,-0.0011729598,0.0032843421
2459884.9930437147,-0.002146244,0.0032830155
2459884.9944326067,-0.0023325682,0.003284247
2459884.995821499,0.0034775734,0.003285861
2459884.997210391,-0.005623162,0.0032853591
2459884.998599283,0.0008428097,0.003283945
2459884.999988175,-0.0055570602,0.003279187
2459885.0013770666,-0.0006364584,0.003286165
2459885.002765959,0.002637267,0.0032872078
2459885.0041548507,-0.0012309551,0.0032829298
2459885.005543743,-0.0061243176,0.0032808105
2459885.006932635,0.0004094839,0.0032856162
2459885.008321527,0.0012764931,0.003282928
2459885.009710419,-0.0068829656,0.0032820958
2459885.011099311,-0.003001213,0.0032818634
2459885.012488203,0.0029956102,0.0032853722
2459885.0138770947,-0.0010305047,0.0032850308
2459885.015265987,-0.0044570565,0.0032839207
2459885.016654879,0.0011948347,0.003283674
2459885.018043771,0.0006582737,0.0032838471
2459885.019432663,0.0025832653,0.0032859773
2459885.020821555,0.005499482,0.0032895475
2459885.022210447,0.001678586,0.0032840923
2459885.0235993387,-0.006695211,0.0032796606
2459885.024988231,-0.003107071,0.0032821465
2459885.026377123,0.0027130842,0.0032877892
2459885.027766015,0.0051796436,0.003290205
2459885.0291549065,0.0009614229,0.003284813
2459885.0305437986,0.0011473894,0.0032853626
2459885.031932691,-0.0002475381,0.0032828765
2459885.0333215827,0.004434347,0.003286574
2459885.034710475,-0.0038275719,0.003282643
2459885.036099367,-0.0025482774,0.0032837226
2459885.037488259,0.0015413761,0.0032872024
2459885.0388771505,-0.0017203093,0.0032830716
2459885.0402660426,-0.0046032667,0.0032783889
2459885.0416549346,0.002266407,0.0032878965
2459885.0430438267,-0.00032287836,0.0032850523
2459885.044432719,-0.0028795004,0.0032839659
2459885.0458216104,-0.0003709793,0.0032839098
2459885.0472105024,-0.0038059354,0.003281326
2459885.048599394,0.0020980835,0.0032827875
2459885.049988286,-0.006487012,0.0032801665
2459885.051377178,0.0002824068,0.003283604
2459885.0527660702,0.0018253326,0.003283738
2459885.0541549623,0.0010291338,0.0032848206
2459885.055543854,-0.00032317638,0.0032850376
2459885.056932746,0.00052952766,0.003284932
2459885.058321638,-0.003619194,0.00327954
2459885.05971053,0.002051115,0.0032842683
2459885.0610994217,-0.0004900098,0.0032834194
2459885.0624883138,-0.00064730644,0.003283956
2459885.063877206,0.00083589554,0.0032839458
2459885.0652660974,-0.006272733,0.003282678
2459885.0666549895,0.0008300543,0.003284651
2459885.0680438816,-0.0049759746,0.0032829903
2459885.069432773,-0.002850175,0.0032821028
2459885.070821665,-0.0016676784,0.003282039
2459885.0722105573,-0.0042564273,0.0032815877
2459885.073599449,0.0032918453,0.0032844164
2459885.074988341,0.0023776293,0.003282654
2459885.076377233,-0.0026808977,0.003279524
2459885.0777661246,-0.0025847554,0.0032836911
2459885.0791550167,0.0029375553,0.0032850874
2459885.0805439088,0.0044252872,0.003286313
2459885.0819328004,-0.003018856,0.003282915
2459885.0833216924,0.0032689571,0.0032858555
2459885.0847105845,0.0024143457,0.0032840644
2459885.086099476,-0.00268507,0.0032847787
2459885.087488368,-0.002322197,0.0032792368
2459885.08887726,-5.9127808e-05,0.0032839892
2459885.090266152,-0.0036133528,0.003283116
2459885.091655044,-0.00093376637,0.0032839004
2459885.0930439355,-0.006175995,0.0032787754
2459885.0944328276,-0.001009047,0.0032833216
2459885.095821719,0.003387332,0.0032874886
2459885.097210611,0.0016927719,0.0032833433
2459885.0985995033,0.00039088726,0.0032832513
2459885.099988395,0.001000762,0.003286199
2459885.101377287,-0.0044576526,0.0032802357
2459885.1027661785,-0.0010445714,0.0032820015
2459885.1041550706,-0.001680851,0.0032815433
2459885.105543962,0.0012819767,0.0032811663
2459885.1069328543,0.0013587475,0.0032834616
2459885.1083217463,0.004335165,0.0032848837
2459885.109710638,-0.004253447,0.0032798608
2459885.11109953,-0.0008262992,0.0032819482
2459885.1124884216,0.0030983686,0.0032884958
2459885.1138773137,-0.00214535,0.003280359
2459885.1152662053,-0.004296005,0.0032804012
2459885.1166550973,0.0032986403,0.0032864406
2459885.1180439894,-0.0042841434,0.0032823272
2459885.119432881,-0.005162716,0.003279912
2459885.120821773,-0.0006361604,0.0032843095
2459885.1222106647,-0.0027460456,0.00327831
2459885.1235995567,6.41346e-05,0.0032802583
2459885.1249884483,0.0023647547,0.0032848816
2459885.1263773404,0.0034030676,0.0032878956
2459885.127766232,0.001909256,0.0032852262
2459885.129155124,-0.0004969835,0.003283447
2459885.1305440157,-8.940697e-06,0.003281728
2459885.1319329073,0.00095808506,0.003286208
2459885.1333217993,-0.00083595514,0.0032862562
2459885.134710691,0.0022096634,0.0032835423
2459885.136099583,0.0007536411,0.0032828813
2459885.1374884746,-0.0017308593,0.003281051
2459885.1388773667,-0.0045844913,0.0032812427
2459885.1402662587,-0.0072067976,0.003279488
2459885.1416551503,-0.0014105439,0.0032807377
2459885.143044042,0.00317204,0.0032828026
2459885.144432934,-0.00384593,0.0032779989
2459885.1458218256,-0.0055822134,0.0032814734
2459885.147210717,-0.009795964,0.0032771092
2459885.1485996093,-0.00812614,0.003279482
2459885.1499885013,-0.002756834,0.0032802648
2459885.151377393,-0.003399074,0.0032809398
2459885.1527662845,-0.0037611127,0.0032842793
2459885.1541551766,0.0038064718,0.0032843836
2459885.155544068,0.0058454275,0.003284713
2459885.15693296,-0.00346905,0.0032803204
2459885.158321852,-0.0032621026,0.0032776175
2459885.1597107435,-0.0033577085,0.0032805838
2459885.1610996355,0.003452301,0.0032834006
2459885.162488527,-0.006317675,0.0032801596
2459885.1638774187,-0.004554212,0.0032794604
2459885.165266311,0.0020489693,0.0032820343
2459885.1666552024,-0.0035814643,0.0032786848
2459885.1680440945,-0.001200974,0.0032820865
2459885.169432986,-0.0015069246,0.0032793186
2459885.1708218777,0.0016765594,0.003281631
2459885.1722107697,0.0011125803,0.003278833
2459885.1735996613,-0.00573802,0.0032805568
2459885.174988553,-0.003439784,0.0032793146
2459885.1763774445,0.0011394024,0.0032825815
2459885.1777663366,-0.0016769171,0.0032819186
2459885.179155228,-0.0035318732,0.003279188
2459885.1805441203,-0.0050270557,0.0032764294
2459885.181933012,0.0036927462,0.0032842546
2459885.1833219035,-0.0028779507,0.0032805554
2459885.1847107955,-0.0029530525,0.0032787372
2459885.186099687,0.0027923584,0.0032835503
2459885.1874885787,0.0018314123,0.0032788925
2459885.1888774703,-0.0029318333,0.00327959
2459885.1902663624,0.00027930737,0.003280727
2459885.191655254,0.0026025772,0.0032858364
2459885.1930441456,0.001190424,0.0032797942
2459885.1944330377,0.002495408,0.0032823426
2459885.1958219293,-0.0016341209,0.0032816133
2459885.197210821,-0.0005810261,0.0032808466
2459885.1985997125,0.0017427206,0.0032808955
2459885.1999886045,-6.6161156e-06,0.0032834623
2459885.201377496,0.0051950216,0.0032829663
2459885.2027663877,-0.0015466809,0.0032784322
2459885.2041552793,0.0016522408,0.0032810762
2459885.205544171,-0.0008469224,0.0032794739
2459885.206933063,0.0019319057,0.0032810902
2459885.2083219546,-0.006786406,0.0032780685
2459885.209710846,0.0007054806,0.0032802296
2459885.211099738,0.0007971525,0.0032811114
2459885.21248863,-6.186962e-05,0.0032789698
2459885.2138775215,0.0033752918,0.0032816792
2459885.215266413,0.001120925,0.0032809572
2459885.2166553047,0.00059723854,0.003281787
2459885.2180441963,-0.0012443066,0.0032795984
2459885.2194330883,-0.001121819,0.003280009
2459885.22082198,-4.4703484e-06,0.0032793698
2459885.2222108715,-0.0010679364,0.0032771996
2459885.223599763,-0.0033233166,0.0032779488
2459885.2249886547,0.0019761324,0.0032801449
2459885.226377547,0.0020269156,0.0032794578
2459885.2277664384,-0.003049016,0.003278157
2459885.22915533,-0.0011339188,0.0032805458
2459885.2305442216,0.005859494,0.0032826995
2459885.231933113,0.0029450655,0.0032800199
2459885.233322005,-0.0024750233,0.0032805896
2459885.2347108964,0.0020456314,0.0032804727
2459885.2360997885,-0.0072758794,0.0032783311
2459885.23748868,-0.0017784238,0.003277225
2459885.2388775717,-0.0004544258,0.0032810422
2459885.2402664633,-0.0064113736,0.0032784613
2459885.241655355,-0.0035405755,0.003277319
2459885.2430442465,-0.0048161745,0.003276529
2459885.244433138,-0.0007133484,0.0032791551
2459885.2458220297,-0.00091540813,0.0032816639
2459885.2472109217,0.002945304,0.0032822385
2459885.2485998133,0.0016703606,0.003280948
2459885.249988705,-0.0018991828,0.0032800196
2459885.2513775965,-0.0011041164,0.0032799493
2459885.252766488,0.0037822723,0.0032825258
2459885.2541553797,0.0023195744,0.0032822902
2459885.2555442713,-0.0006004572,0.0032789402
2459885.256933163,-0.0015234947,0.0032794627
2459885.2583220545,0.0024365187,0.0032775744
2459885.259710946,-0.006463051,0.0032727884
2459885.2610998377,0.0024091005,0.00328023
2459885.2624887293,0.00023019314,0.0032773425
2459885.2638776214,-0.0014452338,0.0032767365
2459885.2652665125,-0.0039628744,0.003274911
2459885.2666554046,0.0014098883,0.0032805004
2459885.268044296,0.0011297464,0.0032797288
2459885.269433188,0.0044897795,0.0032770848
2459885.2708220794,0.0021104813,0.0032776978
2459885.272210971,0.0034713745,0.003279329
2459885.2735998626,-0.0074311495,0.0032745327
2459885.2749887537,-0.00015878677,0.003277899
2459885.276377646,-0.00018018484,0.0032775716
2459885.277766537,-0.002183199,0.0032762426
2459885.279155429,-0.002586782,0.0032770156
2459885.2805443206,0.004831314,0.0032811405
2459885.281933212,-0.0010117292,0.0032784943
2459885.283322104,-0.0010916591,0.0032757812
2459885.284710995,9.9897385e-05,0.00327575
2459885.286099887,0.001244545,0.0032778645
2459885.287488778,0.006149173,0.003280835
2459885.2888776697,0.004529834,0.0032801097
2459885.290266562,-0.0019311905,0.0032772934
2459885.291655453,0.0016323328,0.0032783994
2459885.293044345,-0.0003706813,0.0032765456
2459885.294433236,0.0002976656,0.0032782978
2459885.2958221277,-0.005727291,0.0032740706
2459885.2972110193,-0.0012293458,0.0032772024
2459885.298599911,-0.0038672686,0.0032757884
2459885.2999888025,0.0024392605,0.0032783842
2459885.301377694,-0.004399121,0.0032755735
2459885.3027665857,0.0015722513,0.0032758454
2459885.3041554773,-0.00057303905,0.003277484
2459885.305544369,0.002213478,0.0032802543
2459885.30693326,0.0022628307,0.0032780166
2459885.308322152,-0.0023186803,0.003278576
2459885.3097110433,-0.0015904903,0.003277442
2459885.311099935,0.004278064,0.0032795721
2459885.3124888265,0.0041891336,0.003281307
2459885.313877718,-0.0031775832,0.0032755742
2459885.3152666097,0.001466155,0.0032760508
2459885.3166555013,-0.0006031394,0.0032789565
2459885.318044393,-0.0047801137,0.0032746682
2459885.319433284,-0.0032734275,0.0032766296
2459885.3208221756,0.0029507875,0.0032784024
2459885.322211067,-0.0028315783,0.00327361
2459885.323599959,-8.404255e-06,0.0032757956
2459885.3249888504,-0.0014849305,0.0032780664
2459885.326377742,-0.0024158359,0.0032760426
2459885.3277666336,-0.0017188191,0.0032761442
2459885.3291555247,-0.0027577877,0.0032751036
2459885.3305444163,-0.0015977025,0.0032757306
2459885.331933308,-0.0023323894,0.0032777118
2459885.3333221995,-0.0034668446,0.003274251
2459885.334711091,-0.003739357,0.0032749593
2459885.3360999823,0.00192976,0.003278473
2459885.337488874,0.0066080093,0.0032812995
2459885.3388777655,-0.00016796589,0.0032781134
2459885.340266657,-0.003409505,0.0032770664
2459885.341655548,-0.0011342168,0.0032737749
2459885.34304444,0.0062327385,0.0032801786
2459885.3444333314,-0.0012874603,0.0032769784
2459885.345822223,-0.000105023384,0.0032767982
2459885.3472111146,-0.0009829402,0.0032761435
2459885.3486000057,0.0018730164,0.0032772988
2459885.3499888973,-0.0021897554,0.0032756338
2459885.351377789,-0.0014487505,0.003273749
2459885.3527666805,-0.003026545,0.0032752717
2459885.354155572,-0.00058084726,0.0032748051
2459885.3555444633,0.0017632246,0.0032781288
2459885.356933355,0.0014197826,0.003272305
2459885.3583222465,0.0015659332,0.0032761698
2459885.359711138,-0.003196776,0.0032748678
2459885.361100029,-0.0043854713,0.0032777681
2459885.362488921,-0.0022298694,0.0032747316
2459885.363877812,-0.0031861663,0.003273173
2459885.3652667035,-0.00026005507,0.0032769209
2459885.366655595,-0.002801776,0.00327407
2459885.3680444867,-0.00038427114,0.003275354
2459885.3694333783,-0.0016568899,0.0032741018
2459885.3708222695,0.0026661158,0.0032769216
2459885.372211161,-0.0012007952,0.0032761472
2459885.373600052,-0.0031177998,0.003277319
2459885.374988944,-0.0021044016,0.0032744964
2459885.3763778354,-0.0005878806,0.003274088
2459885.377766727,0.0014939308,0.0032783411
2459885.379155618,0.003866911,0.0032792978
2459885.3805445097,0.0020445585,0.0032770056
2459885.3819334013,0.0017051697,0.0032788098
2459885.3833222925,-0.0010946393,0.0032743264
2459885.384711184,-0.001136601,0.0032786569
2459885.3861000757,0.0046195984,0.0032803125
2459885.387488967,0.0025445223,0.0032745234
2459885.3888778584,-0.0014407039,0.0032731188
2459885.3902667495,-0.0011412501,0.003275452
2459885.391655641,0.0015214682,0.0032771148
2459885.3930445327,0.00096321106,0.0032765672
2459885.394433424,-0.003441751,0.0032734752
2459885.3958223155,-0.0007545352,0.0032741756
2459885.3972112066,-0.00041526556,0.0032735807
2459885.398600098,-0.004792273,0.0032738955
2459885.39998899,-0.0009253025,0.003275716
2459885.401377881,0.0013239384,0.0032749623
2459885.4027667725,-0.0032488704,0.0032721937
2459885.404155664,0.004338026,0.00327687
2459885.4055445553,-0.00066393614,0.003278335
2459885.406933447,0.0023332834,0.0032778173
2459885.408322338,-0.0074373484,0.0032740298
2459885.4097112296,-0.0006028414,0.0032771784
2459885.4111001207,0.004706621,0.0032777744
2459885.4124890123,0.0052592754,0.00327929
2459885.4138779035,-0.0039815903,0.0032716333
2459885.415266795,0.0019267797,0.003275869
2459885.4166556867,-0.00026929379,0.003272987
2459885.418044578,-0.00091969967,0.003274381
2459885.4194334694,-0.0010458231,0.0032739968
2459885.4208223606,-0.002763927,0.0032749102
2459885.422211252,0.0044076443,0.0032769234
2459885.4236001433,0.0006940365,0.003273792
2459885.4249890344,0.0011476278,0.0032726726
2459885.426377926,0.0029616356,0.0032734151
2459885.427766817,-0.0044677258,0.0032700857
2459885.4291557088,-0.004196048,0.0032698365
2459885.4305446004,0.0004720688,0.0032736696
2459885.4319334915,-0.00012129545,0.003276702
2459885.433322383,-0.0018023252,0.0032732715
2459885.434711274,0.0001128912,0.0032729395
2459885.436100166,0.0030275583,0.0032733756
2459885.437489057,-0.0011096001,0.0032750475
2459885.4388779486,0.0055572987,0.0032736503
2459885.4402668397,0.0030401945,0.003275843
2459885.441655731,-0.0033785105,0.0032718994
2459885.4430446224,0.0051897764,0.0032787
2459885.4444335136,-0.002165854,0.0032712712
2459885.445822405,0.0018218756,0.0032754077
2459885.4472112963,-0.0040554404,0.0032706312
2459885.448600188,-0.0024753213,0.0032693974
2459885.449989079,-6.908178e-05,0.0032738629
2459885.45137797,0.0012568235,0.0032753458
2459885.4527668618,-0.0027424693,0.003274555
2459885.454155753,-6.0379505e-05,0.0032756708
2459885.4555446445,-0.0050299764,0.0032710067
2459885.4569335356,-0.0016815066,0.0032720293
2459885.4583224272,-0.00077825785,0.0032747118
2459885.4597113184,0.0003427267,0.0032706696
2459885.4611002095,0.0022478104,0.0032734221
2459885.462489101,-0.00021475554,0.0032775942
2459885.4638779922,-0.0022412539,0.0032721236
2459885.465266884,-0.0041840076,0.003273013
2459885.466655775,-0.0038793087,0.0032707555
2459885.468044666,-0.0022754073,0.0032748901
2459885.4694335572,0.0012807846,0.0032743532
2459885.470822449,-0.0015569925,0.0032726184
2459885.4722113404,-0.0016192794,0.0032719832
2459885.4736002316,-0.002696395,0.0032709078
2459885.4749891227,-0.0015146732,0.0032739013
2459885.476378014,-0.0009176135,0.003274695
2459885.4777669054,0.0004734993,0.0032747346
2459885.4791557966,0.00025761127,0.0032713783
2459885.4805446877,-0.0006815791,0.0032732426
2459885.481933579,0.0052764416,0.0032762426
2459885.4833224704,-0.0016067028,0.0032728512
2459885.4847113616,0.007980943,0.0032771563
2459885.4861002527,-0.006747067,0.0032706615
2459885.4874891443,-0.00045084953,0.003273206
2459885.4888780355,-0.0029460192,0.0032732433
2459885.490266927,0.0001885891,0.0032727532
2459885.491655818,-0.0044404864,0.0032734775
2459885.4930447093,0.0003311634,0.0032716985
2459885.494433601,-0.0028746128,0.0032735663
2459885.495822492,-0.0013704896,0.003272894
2459885.497211383,-0.004726529,0.0032707567
2459885.4986002743,-0.0006812811,0.0032703837
2459885.4999891655,0.002638936,0.0032733907
2459885.5013780566,-0.0004030466,0.0032729248
2459885.502766948,0.0006722212,0.0032756098
2459885.5041558393,-0.00023460388,0.0032748738
2459885.5055447305,0.000652194,0.0032739874
2459885.506933622,-0.008334279,0.0032713902
2459885.508322513,0.0018376112,0.0032753374
2459885.5097114043,0.0013096333,0.0032741115
2459885.5111002955,-0.005174458,0.0032707686
2459885.512489187,-0.0068977475,0.003270518
2459885.513878078,0.003222704,0.0032767546
2459885.5152669693,-0.004930496,0.0032715374
2459885.5166558605,-0.0045896173,0.0032734082
2459885.5180447516,-0.0014362931,0.0032731062
2459885.519433643,-0.004133761,0.0032706214
2459885.5208225343,-0.00071388483,0.0032721777
2459885.5222114255,0.00027489662,0.0032714473
2459885.5236003166,0.0013995171,0.003271787
2459885.5249892077,0.002220273,0.0032739944
2459885.5263780993,0.006026268,0.0032764315
2459885.5277669905,0.00071048737,0.0032766827
2459885.5291558816,-1.758337e-05,0.0032747872
2459885.5305447727,0.0039026737,0.003272727
2459885.531933664,-0.001138866,0.0032734168
2459885.533322555,-0.00091582537,0.0032729069
2459885.534711446,-0.003040254,0.0032717849
2459885.5361003377,-0.005964935,0.0032701558
2459885.537489229,0.0021609068,0.0032750051
2459885.53887812,-0.00028049946,0.0032715374
2459885.540267011,-0.006287575,0.0032683942
2459885.5416559023,0.0004130602,0.0032750492
2459885.5430447934,-0.003235817,0.0032709993
2459885.5444336846,-0.0016320348,0.0032717045
2459885.5458225757,0.0041422844,0.003276679
2459885.5472114673,-0.00017440319,0.0032739933
2459885.5486003584,-0.003535688,0.003271451
2459885.5499892496,-0.0054311156,0.0032733455
2459885.5513781407,-0.0019798279,0.0032735327
2459885.552767032,0.0010590553,0.0032770317
2459885.554155923,-0.0009925961,0.0032734068
2459885.555544814,0.0023185015,0.0032747271
2459885.556933705,-0.0016572475,0.0032701478
2459885.5583225964,0.000202775,0.0032745958
2459885.5597114875,0.005702138,0.0032754114
2459885.5611003786,-0.0004963875,0.0032753411
2459885.5624892698,0.0013124943,0.0032719902
2459885.5638781614,0.00092327595,0.0032754496
2459885.565267052,-0.0011504292,0.0032723625
2459885.5666559436,-0.0037195086,0.003274153
2459885.5680448343,-0.004189551,0.0032687564
2459885.569433726,-0.0039461255,0.003272036
2459885.570822617,-0.006557703,0.003268848
2459885.572211508,-0.003970921,0.0032716275
2459885.5736003993,0.0024154186,0.0032729327
2459885.57498929,-0.0075135827,0.003269002
2459885.5763781816,-0.009134352,0.0032655194
2459885.5777670722,0.0016471148,0.0032774769
2459885.579155964,0.005585432,0.0032749642
2459885.580544855,0.0009713173,0.003278082
2459885.581933746,0.00025427341,0.0032720305
2459885.5833226372,-0.0006170869,0.0032712605
2459885.584711528,0.0045291185,0.0032739972
2459885.5861004195,-0.0016883612,0.003271753
2459885.58748931,-0.0025286674,0.003272684
2459885.588878202,0.0017858744,0.003273219
2459885.590267093,-0.00017213821,0.0032744135
2459885.5916559836,0.00016975403,0.0032729644
2459885.593044875,0.0002799034,0.00327267
2459885.594433766,-0.0045463443,0.003270988
2459885.595822657,0.00046551228,0.0032734305
2459885.597211548,0.0020643473,0.0032752128
2459885.5986004393,-0.006100893,0.003269534
2459885.5999893304,-0.002959311,0.0032715295
2459885.6013782215,-0.002572894,0.0032703304
2459885.6027671127,0.0002835989,0.0032740328
2459885.604156004,-0.0006945133,0.0032732738
2459885.605544895,0.0012319088,0.0032731805
2459885.6069337856,0.00039970875,0.0032736396
2459885.608322677,-0.0025017262,0.003272877
2459885.609711568,-0.0044853687,0.0032723546
2459885.611100459,0.00041866302,0.0032742242
2459885.61248935,-0.0025089383,0.0032699902
2459885.6138782413,0.0027741194,0.0032723385
2459885.6152671324,-0.0052374005,0.0032680128
2459885.6166560235,0.0027772188,0.0032766282
2459885.6180449147,-0.0060915947,0.003270737
2459885.6194338053,0.0042301416,0.0032758142
2459885.6208226965,0.0013308525,0.0032748054
2459885.6222115876,0.0013697147,0.0032743237
2459885.6236004787,0.00031745434,0.0032725863
2459885.62498937,-0.0031132102,0.0032713152
2459885.626378261,0.0016129017,0.003273982
2459885.627767152,-0.0021628141,0.0032708575
2459885.629156043,-0.00085008144,0.0032707455
2459885.630544934,0.0047317743,0.003272879
2459885.631933825,0.0031273365,0.0032719832
2459885.633322716,0.0034554005,0.003277532
2459885.6347116074,-0.0020208359,0.003272629
2459885.636100498,-0.0030677915,0.0032769646
2459885.637489389,-0.0005314946,0.003275818
2459885.6388782803,0.004128456,0.003277183
2459885.6402671714,-0.0013555884,0.003271597
2459885.641656062,0.0017969608,0.0032769437
2459885.6430449532,-0.0035371184,0.0032696407
2459885.6444338444,0.0029315948,0.0032715779
2459885.6458227355,-0.0041598678,0.0032706014
2459885.6472116266,0.003913164,0.0032744955
2459885.6486005173,-0.002022326,0.0032751125
2459885.6499894084,-0.0008943081,0.0032728917
2459885.6513782996,-0.0025045872,0.0032722212
2459885.6527671907,0.0006996393,0.0032750068
2459885.654156082,0.0005903244,0.0032708447
2459885.6555449725,0.0014799833,0.003273514
2459885.6569338636,-0.0046558976,0.0032706335
2459885.658322755,-0.0053121448,0.0032709755
2459885.659711646,0.002477765,0.0032721418
2459885.6611005366,-0.0022041798,0.0032709436
2459885.6624894277,0.0029609203,0.0032733895
2459885.6638783184,0.00051522255,0.0032728512
2459885.6652672095,0.0034843683,0.003276654
2459885.6666561007,0.002734661,0.0032756426
2459885.668044992,-0.0038766265,0.0032689667
2459885.669433883,-0.0025249124,0.0032728827
2459885.6708227736,-0.00035130978,0.0032714154
2459885.6722116647,0.0051100254,0.0032742822
2459885.6736005554,0.0016723871,0.0032743632
2459885.6749894465,-0.0052025914,0.0032716212
2459885.6763783377,-0.0011949539,0.0032726224
2459885.6777672283,0.0025184155,0.0032763663
2459885.6791561195,-0.0006007552,0.003273887
2459885.6805450106,0.00026535988,0.00327234
2459885.6819339017,0.0020477772,0.0032734273
2459885.6833227924,0.0056095123,0.0032732156
2459885.6847116835,-0.0014961362,0.0032727534
2459885.686100574,-0.0019888282,0.0032704454
2459885.6874894653,-0.0016368032,0.003273959
2459885.6888783565,-0.0012856722,0.003272539
2459885.690267247,0.003583908,0.003272999
2459885.6916561383,0.0013213158,0.0032719125
2459885.693045029,0.0019667149,0.0032722016
2459885.69443392,-0.0076503158,0.0032674195
2459885.6958228108,-0.0020409226,0.0032717257
2459885.697211702,0.0012868643,0.003276622
2459885.698600593,-0.00072079897,0.0032731958
2459885.6999894837,-0.0075393915,0.0032675592
2459885.701378375,0.0011787415,0.003274877
2459885.702767266,4.1007996e-05,0.003272484
2459885.7041561566,-0.007034719,0.0032714154
2459885.7055450478,-0.0030142665,0.0032736443
2459885.7069339384,-0.0002834201,0.0032732654
2459885.7083228296,0.004534006,0.0032746354
2459885.7097117202,0.0047500134,0.003273914
2459885.7111006114,0.0021311045,0.003272447
2459885.712489502,-0.0022907257,0.003270548
2459885.713878393,0.0008074045,0.0032717637
2459885.7152672843,0.0017216206,0.0032745434
2459885.716656175,-0.0058469176,0.0032706219
2459885.718045066,0.001667738,0.0032736678
2459885.719433957,0.0041464567,0.003274361
2459885.720822848,0.00047397614,0.0032719153
2459885.7222117386,-0.004968345,0.0032719858
2459885.7236006297,0.0019128323,0.003274038
2459885.7249895204,0.0006059408,0.0032715786
2459885.7263784115,0.0012477636,0.0032715744
2459885.727767302,-0.0037567616,0.003271574
2459885.7291561933,0.006528735,0.0032752254
2459885.7305450845,-0.005193293,0.0032712275
2459885.731933975,-0.00040715933,0.003271136
2459885.733322866,0.0033301115,0.0032745092
2459885.734711757,0.0021312237,0.003274472
2459885.7361006476,-0.0025670528,0.0032731462
2459885.7374895383,0.00046539307,0.0032719604
2459885.7388784294,0.0019888878,0.0032749178
2459885.7402673205,-0.004505515,0.003271554
2459885.741656211,-0.0019090772,0.0032703737
2459885.7430451023,-0.0024670959,0.0032715325
2459885.744433993,-0.0011891127,0.0032731637
2459885.7458228837,0.0038137436,0.0032747397
2459885.747211775,0.004662156,0.0032746214
2459885.7486006655,0.0048692226,0.0032758324
2459885.749989556,-0.000816226,0.0032722633
2459885.7513784473,0.0044989586,0.0032769595
2459885.7527673384,-0.0001001358,0.0032744168
2459885.754156229,0.0030754805,0.0032754235
2459885.7555451198,0.0028170347,0.0032743656
2459885.756934011,0.0022149086,0.0032781565
2459885.7583229016,0.00014102459,0.003271665
2459885.759711792,0.0020759106,0.003271967
2459885.7611006834,0.003694892,0.0032731423
2459885.762489574,0.002230525,0.003276456
2459885.763878465,-0.0016000271,0.0032729667
2459885.765267356,0.00059068203,0.0032721076
2459885.7666562465,-0.0001977086,0.0032732156
2459885.7680451376,0.0034236908,0.00327946
2459885.7694340283,-0.0012651682,0.0032726084
2459885.770822919,0.00177145,0.0032740117
2459885.77221181,0.0035637617,0.0032754932
2459885.773600701,-0.0008544326,0.0032743227
2459885.774989592,9.655952e-06,0.0032767598
2459885.7763784826,0.0018621683,0.003273836
2459885.7777673732,-0.009236634,0.0032681746
2459885.779156264,0.0031764507,0.003275406
2459885.780545155,-0.0055707693,0.00327038
2459885.7819340457,-0.0013180971,0.0032733157
2459885.7833229364,0.0046896935,0.0032773474
2459885.7847118275,-0.00074625015,0.0032727083
2459885.786100718,-0.0008533001,0.0032721201
2459885.787489609,0.0018578768,0.0032748007
2459885.7888784995,0.0009855032,0.0032753795
2459885.7902673907,-0.00048977137,0.0032747223
2459885.7916562813,-6.109476e-05,0.0032712433
2459885.793045172,-0.0042595267,0.0032715993
2459885.794434063,0.0005310774,0.0032748387
2459885.795822954,-0.005142212,0.0032683956
2459885.7972118445,0.00037837029,0.0032716992
2459885.798600735,0.00017607212,0.0032734035
2459885.7999896263,-0.0029992461,0.0032735055
2459885.801378517,0.0018984079,0.003274597
2459885.8027674076,0.004695058,0.00327338
2459885.8041562987,0.0029689074,0.0032737372
2459885.8055451894,0.00031912327,0.0032735649
2459885.80693408,-0.0047536492,0.0032691574
2459885.8083229708,0.0077164173,0.0032777025
2459885.8097118614,0.0021812916,0.0032745926
2459885.811100752,-0.00289917,0.003272727
2459885.812489643,0.003280282,0.0032731201
2459885.813878534,-0.00086325407,0.0032715166
2459885.8152674246,-0.0014808774,0.003274897
2459885.8166563157,-0.00025331974,0.0032729283
2459885.818045206,0.0026572943,0.0032724328
2459885.819434097,-0.005315304,0.0032703204
2459885.8208229877,0.0011072159,0.0032741462
2459885.8222118784,0.0022429228,0.0032733304
2459885.823600769,-0.0044566393,0.003270075
2459885.8249896597,0.0040369034,0.0032742114
2459885.826378551,0.005551338,0.0032758643
2459885.8277674415,0.0014722347,0.003275403
2459885.829156332,-0.0010085106,0.003273428
2459885.830545223,-0.0014656186,0.0032722403
2459885.8319341135,0.0034172535,0.003273688
2459885.833323004,-0.002929926,0.003271521
2459885.8347118953,0.0029716492,0.0032727988
2459885.8361007855,-0.00047796965,0.0032714435
2459885.8374896767,-8.815527e-05,0.003272354
2459885.8388785673,-0.0040560365,0.0032715432
2459885.840267458,0.0006082058,0.0032724643
2459885.8416563487,-0.0009612441,0.003274196
2459885.8430452393,0.0010360479,0.0032743074
2459885.84443413,-0.002408743,0.0032719425
2459885.8458230207,-0.004517436,0.003271703
2459885.8472119113,0.0009624958,0.0032729476
2459885.8486008025,-0.00018239021,0.003271249
2459885.849989693,-0.002154529,0.0032695741
2459885.851378584,-0.0016453862,0.0032738836
2459885.8527674745,-0.0013660789,0.0032743914
2459885.854156365,-0.00038576126,0.003270695
2459885.855545256,0.0033415556,0.0032742955
2459885.8569341465,0.0030539036,0.0032745174
2459885.858323037,0.0026752949,0.003277637
2459885.859711928,0.0039736032,0.003274444
2459885.8611008185,-0.004026592,0.003271277
2459885.862489709,-0.00035005808,0.003270649
2459885.8638786,0.0035971403,0.003277771
2459885.8652674905,-0.0017457008,0.0032712095
2459885.866656381,-0.00019818544,0.0032744869
2459885.868045272,0.0033370256,0.003276628
2459885.8694341625,-0.0019423962,0.0032737937
2459885.8708230536,0.0030398369,0.003272896
2459885.872211944,-0.0038923621,0.003271171
2459885.8736008345,-0.0021064878,0.0032716168
2459885.874989725,-0.003348589,0.0032705457
2459885.876378616,-0.0008314848,0.003274744
2459885.8777675065,-0.0012933016,0.0032726068
2459885.879156397,-0.0023941398,0.0032727947
2459885.8805452883,0.0044982433,0.0032757926
2459885.8819341785,0.0031518936,0.0032750643
2459885.883323069,-0.0026188493,0.0032709022
2459885.88471196,0.0013512373,0.0032728328
2459885.8861008505,-0.0051913857,0.0032678898
2459885.887489741,0.002431631,0.0032721215
2459885.888878632,0.0039343834,0.0032732096
2459885.8902675225,0.004842639,0.0032760128
2459885.891656413,-0.0012180209,0.0032725416
2459885.893045304,0.0019443035,0.0032728594
2459885.8944341945,-0.001922965,0.003270115
2459885.895823085,-0.00049597025,0.0032708845
2459885.897211976,-5.9902668e-05,0.0032705772
2459885.8986008666,0.000557065,0.0032724938
2459885.8999897568,-0.0021000504,0.0032726645
2459885.9013786474,-0.0014967322,0.0032740603
2459885.9027675386,-0.0022978783,0.0032722196
2459885.9041564288,0.004188776,0.0032748177
2459885.9055453194,1.6570091e-05,0.0032744687
2459885.90693421,-0.0028442144,0.0032701844
2459885.908323101,-0.0007285476,0.0032746145
2459885.9097119914,0.0034576654,0.0032751674
2459885.911100882,-0.0003452301,0.0032728333
2459885.912489773,-0.0039596558,0.0032701849
2459885.913878663,-0.00036859512,0.003271451
2459885.9152675536,0.0041675568,0.003271063
2459885.9166564443,-0.009814799,0.0032668996
2459885.918045335,0.009722233,0.0032814194
2459885.9194342257,0.0023510456,0.0032732938
2459885.9208231163,0.00079393387,0.0032737262
2459885.922212007,0.0010318756,0.0032721
2459885.923600897,0.0033797026,0.0032731334
2459885.924989788,-0.0017942786,0.003271619
2459885.9263786785,-0.00024664402,0.0032745313
2459885.927767569,-0.003282547,0.0032713606
2459885.9291564594,-0.0006585717,0.0032703783
2459885.93054535,-0.0020438433,0.003271223
2459885.9319342407,0.00016510487,0.0032738522
2459885.9333231314,0.0025999546,0.0032728224
2459885.934712022,0.0038805008,0.003275621
2459885.9361009127,0.004090309,0.003274118
2459885.9374898034,0.00066542625,0.0032760035
2459885.9388786936,-0.0019819736,0.003274765
2459885.9402675843,-0.00010442734,0.003274402
2459885.941656475,0.001655221,0.0032734044
2459885.9430453656,0.0043029785,0.0032743171
2459885.944434256,0.0007530451,0.0032751432
2459885.9458231465,0.002521515,0.0032740822
2459885.947212037,-0.0046741962,0.0032686861
2459885.9486009274,-0.006956637,0.00326879
2459885.949989818,0.0019128323,0.0032745847
2459885.9513787087,-0.0039190054,0.0032709343
2459885.9527675994,0.00014340878,0.0032741006
2459885.9541564896,-0.00031536818,0.0032736782
2459885.9555453802,0.0005463362,0.0032747667
2459885.956934271,0.0047323704,0.0032734815
2459885.9583231616,-0.0012623668,0.003273122
2459885.959712052,-0.0012868643,0.0032716685
2459885.9611009425,0.0013877153,0.00327305
2459885.962489833,-0.0021044612,0.0032722568
2459885.9638787233,-0.0038717985,0.0032711958
2459885.965267614,0.002748251,0.0032740883
2459885.9666565047,-0.0018052459,0.0032725867
2459885.968045395,0.004563689,0.0032745318
2459885.9694342855,-0.00022983551,0.0032728713
2459885.970823176,-0.0016312003,0.003273663
2459885.972212067,0.00022339821,0.0032718927
2459885.973600957,-5.9604645e-05,0.0032765893
2459885.9749898477,0.0019959211,0.0032706913
2459885.9763787384,-0.001537025,0.0032712047
2459885.9777676286,-0.0011346936,0.0032720293
2459885.9791565193,0.00013041496,0.0032714803
2459885.9805454095,-0.0024494529,0.0032702326
2459885.9819343,0.0018764734,0.0032720582
2459885.983323191,-0.0009917021,0.003270759
2459885.984712081,-0.0017407537,0.0032695113
2459885.9861009717,-0.0040978193,0.003271633
2459885.9874898624,-0.0010630488,0.0032701145
2459885.9888787526,-0.0022943616,0.003272334
2459885.9902676432,0.0068478584,0.0032794653
2459885.991656534,-0.0019662976,0.003270076
2459885.993045424,0.0008635521,0.0032709618
2459885.994434315,-0.0010126829,0.0032723416
2459885.995823205,-0.005986631,0.0032712836
2459885.9972120957,0.001989603,0.0032757956
2459885.9986009863,2.026558e-06,0.0032761793
2459885.9999898765,-0.0007286668,0.003273258
2459886.001378767,0.0034343004,0.003273569
2459886.0027676574,0.0008420944,0.0032723476
2459886.004156548,0.005014658,0.0032777523
2459886.0055454383,-0.0063769817,0.0032677343
2459886.006934329,-0.00023013353,0.0032712067
2459886.008323219,-0.0048545003,0.0032739877
2459886.00971211,-0.0022865534,0.0032754238
2459886.0111010005,-0.0022420883,0.0032690722
2459886.0124898907,0.0011030436,0.0032719893
2459886.0138787813,-0.0016500354,0.0032701183
2459886.0152676716,-0.0061171055,0.0032691269
2459886.0166565618,0.0033550262,0.0032733816
2459886.0180454524,0.00053572655,0.0032725811
2459886.0194343426,-0.0010599494,0.003275248
2459886.0208232333,-0.00046664476,0.003271947
2459886.0222121235,-0.005568683,0.0032701886
2459886.023601014,-0.00070524216,0.00327203
2459886.0249899044,0.00012481213,0.0032713637
2459886.026378795,0.0062277317,0.0032757132
2459886.0277676852,0.005215168,0.0032771656
2459886.029156576,-0.0026723742,0.0032705518
2459886.0305454666,-0.0023953319,0.0032766268
2459886.031934357,-0.0030805469,0.0032696207
2459886.033323247,-0.0027260184,0.0032721525
2459886.0347121377,-0.002744794,0.0032746799
2459886.036101028,0.0037127733,0.0032736803
2459886.037489918,0.0040519238,0.0032756168
2459886.0388788087,0.003445387,0.0032708973
2459886.0402676994,-0.0011938214,0.0032751018
2459886.0416565896,-8.9883804e-05,0.0032777523
2459886.0430454803,-0.00017464161,0.0032717697
2459886.0444343705,0.0025734901,0.0032763137
2459886.0458232607,0.002126336,0.003273602
2459886.047212151,0.0038516521,0.0032770135
2459886.0486010415,0.0045312643,0.0032750329
2459886.0499899318,-0.0007623434,0.003272781
2459886.0513788224,0.0031380653,0.0032740086
2459886.0527677126,0.0016342402,0.003274311
2459886.0541566033,-0.00238204,0.0032707946
2459886.0555454935,0.0016686916,0.0032753504
2459886.0569343837,0.0016262531,0.003274679
2459886.0583232744,0.00412941,0.003274729
2459886.0597121646,0.0045821667,0.0032785179
2459886.061101055,-0.0008586645,0.0032716268
2459886.0624899454,-0.0016126633,0.0032701965
2459886.0638788356,-0.0036961436,0.003268605
2459886.0652677263,0.00059211254,0.0032729688
2459886.0666566165,-0.004309356,0.00327136
2459886.0680455067,0.0020275116,0.0032728338
2459886.069434397,0.001011014,0.0032751262
2459886.0708232876,0.001894474,0.0032743984
2459886.072212178,0.0014398098,0.0032722694
2459886.0736010685,0.00037312508,0.0032712824
2459886.0749899587,0.0033863783,0.0032743558
2459886.076378849,-5.38826e-05,0.0032713641
2459886.0777677395,-0.003634274,0.0032721758
2459886.0791566297,0.008604765,0.0032818846
2459886.08054552,0.0021133423,0.003272725
2459886.08193441,0.00068187714,0.0032730987
2459886.083323301,0.0056864023,0.0032754717
2459886.084712191,-0.00038141012,0.0032714827
2459886.086101081,0.0017898083,0.0032728042
2459886.087489972,0.0026108027,0.003273664
2459886.088878862,0.0038838387,0.0032718945
2459886.0902677523,0.0012975931,0.0032716212
2459886.0916566425,-0.0009977818,0.0032765307
2459886.093045533,0.004731536,0.0032740708
2459886.0944344234,-0.00028133392,0.0032730664
2459886.0958233136,0.00028538704,0.0032717686
2459886.0972122042,0.0018239021,0.0032764706
2459886.098601094,0.00040090084,0.0032739418
2459886.0999899847,0.00053679943,0.0032741239
2459886.101378875,-0.0004210472,0.003272594
2459886.102767765,0.0029318333,0.003275638
2459886.1041566553,-0.0015304089,0.0032716119
2459886.105545546,0.003981948,0.0032766736
2459886.106934436,0.0035356283,0.003273291
2459886.1083233263,0.0002552271,0.0032730696
2459886.1097122165,0.0068923235,0.0032740105
2459886.1111011067,0.0023727417,0.0032755549
2459886.1124899974,0.000374794,0.0032762056
2459886.1138788876,-0.0011995435,0.0032732286
2459886.115267778,-0.0008932352,0.0032696524
2459886.116656668,-0.00038349628,0.0032709239
2459886.118045558,-0.0018335581,0.003270578
2459886.119434449,-0.00075137615,0.0032743975
2459886.120823339,-0.0013819337,0.0032728198
2459886.1222122293,0.00078582764,0.003273126
2459886.1236011195,-0.0022730827,0.0032726931
2459886.1249900097,0.00412035,0.003276999
2459886.1263789004,0.00018000603,0.0032715194
2459886.12776779,0.00124681,0.0032725027
2459886.129156681,0.0041368008,0.0032746645
2459886.130545571,-0.0011507273,0.0032720943
2459886.131934461,-0.0024381876,0.0032719085
2459886.1333233514,0.00077056885,0.0032731341
2459886.1347122416,-0.0025573373,0.0032731723
2459886.136101132,-0.000641346,0.003272414
2459886.137490022,-0.0008273721,0.0032704163
2459886.1388789127,0.00047814846,0.0032738443
2459886.1402678024,0.0021094084,0.0032769074
2459886.141656693,0.0035378933,0.0032770003
2459886.1430455833,-0.0031883717,0.0032723604
2459886.1444344735,0.0027557611,0.0032727397
2459886.1458233637,-0.0057035685,0.0032700866
2459886.147212254,-0.0054534674,0.0032708962
2459886.148601144,-0.006612897,0.0032680677
2459886.1499900343,0.0018645525,0.0032725823
2459886.1513789245,-0.0026809573,0.003270897
2459886.1527678147,-0.0019711256,0.0032731842
2459886.154156705,0.0011547804,0.0032741942
2459886.155545595,0.0051546097,0.0032752405
2459886.1569344853,0.004476309,0.00327542
2459886.158323376,-0.0013319254,0.0032711264
2459886.1597122657,-0.003806293,0.0032703131
2459886.1611011564,-0.000644505,0.0032717572
2459886.162490046,0.00063598156,0.0032720943
2459886.163878937,0.0029489994,0.0032756175
2459886.1652678265,0.0011188984,0.0032712477
2459886.1666567167,0.0034314394,0.0032750927
2459886.168045607,0.0027313232,0.00327362
2459886.169434497,-0.003951907,0.0032695013
2459886.170823388,-0.0040507913,0.0032717572
2459886.1722122775,-0.003067851,0.003271826
2459886.173601168,0.0001899004,0.0032737216
2459886.174990058,0.001660347,0.00327562
2459886.176378948,-0.0033031106,0.003271114
2459886.1777678384,0.005453825,0.0032758822
2459886.1791567286,0.0030058622,0.0032737232
2459886.1805456188,0.00096178055,0.0032773518
2459886.181934509,0.0040056705,0.0032770634
2459886.183323399,0.0039292574,0.003275357
2459886.1847122894,-0.0006632209,0.0032720314
2459886.1861011796,0.0019578934,0.0032747805
2459886.18749007,0.0017108917,0.0032743895
2459886.18887896,-3.0100346e-05,0.0032705157
2459886.19026785,0.00025475025,0.0032732813
2459886.1916567404,0.00013506413,0.0032704636
2459886.1930456306,7.593632e-05,0.0032749507
2459886.1944345203,0.004343152,0.0032737528
2459886.195823411,-0.0024184585,0.0032729283
2459886.1972123007,0.0052679777,0.0032748957
2459886.198601191,0.00025701523,0.0032740496
2459886.199990081,-0.0013982058,0.0032715318
2459886.2013789713,0.0018645525,0.0032748992
2459886.2027678615,-0.0031927228,0.0032716603
2459886.2041567517,-0.006046474,0.003269218
2459886.205545642,-0.00059473515,0.0032716566
2459886.2069345317,-0.003615141,0.0032706137
2459886.208323422,0.00072193146,0.0032718177
2459886.209712312,0.0021868944,0.003273238
2459886.2111012023,0.004210949,0.0032739837
2459886.2124900925,0.0060049295,0.0032755684
2459886.2138789827,0.0010662079,0.003272737
2459886.215267873,0.0038928986,0.0032741157
2459886.2166567626,-0.0030561686,0.0032701194
2459886.218045653,-0.0033257604,0.0032703097
2459886.219434543,0.0030267239,0.0032743528
2459886.2208234333,-0.0006213784,0.0032712496
2459886.2222123235,-0.0026629567,0.0032729823
2459886.2236012137,-0.0021348,0.0032709741
2459886.224990104,0.0022969246,0.0032739353
2459886.2263789936,0.007065654,0.003277562
2459886.227767884,0.0012620687,0.0032743146
2459886.229156774,0.0008832216,0.003272324
2459886.230545664,0.0047540665,0.0032753795
2459886.231934554,0.0043565035,0.0032763768
2459886.233323444,-0.0015733242,0.0032713448
2459886.2347123343,0.003333807,0.0032754336
2459886.2361012246,-0.0024956465,0.0032687038
2459886.2374901148,-0.00010216236,0.0032713553
2459886.2388790045,4.7445297e-05,0.0032727714
2459886.2402678947,-0.0041480064,0.003270549
2459886.2416567844,0.0036940575,0.003273594
2459886.2430456746,0.0019910336,0.0032776499
2459886.244434565,-0.0013176799,0.0032712584
2459886.245823455,0.0075819492,0.003274021
2459886.2472123452,-0.0037438273,0.0032709276
2459886.248601235,-0.0005225539,0.003268897
2459886.249990125,-4.374981e-05,0.0032746138
2459886.2513790154,0.0014785528,0.0032719392
2459886.2527679056,0.0044716597,0.0032737444
2459886.2541567953,-0.0058267713,0.003269241
2459886.2555456855,0.001983881,0.0032737877
2459886.2569345757,0.0008176565,0.003272301
2459886.2583234655,0.003337264,0.0032772177
2459886.2597123557,0.0031415224,0.003270946
2459886.261101246,0.0018806458,0.003274101
2459886.2624901356,-0.0012547374,0.0032710016
2459886.263879026,0.0017745495,0.0032743998
2459886.265267916,0.003147006,0.003272771
2459886.266656806,0.0017673969,0.0032738415
2459886.268045696,0.0007637739,0.0032733595
2459886.269434586,0.0014966726,0.0032724636
2459886.270823476,-0.0001757741,0.0032733658
2459886.272212366,0.001132369,0.0032734165
2459886.273601256,0.0015864372,0.0032722552
2459886.274990146,0.00207901,0.0032767083
2459886.2763790363,0.0057036877,0.0032748375
2459886.277767926,0.003555894,0.0032756412
2459886.279156816,0.0028014183,0.003272535
2459886.2805457064,0.0012122393,0.0032730582
2459886.281934596,0.0016818047,0.003274488
2459886.2833234863,0.0046988726,0.003274723
2459886.2847123765,0.003991246,0.003273514
2459886.2861012663,0.0031296015,0.0032730384
2459886.2874901565,0.0037862062,0.0032768718
2459886.2888790467,-0.0007932782,0.0032716508
2459886.2902679364,-0.00065141916,0.0032708005
2459886.2916568266,-0.004142523,0.0032689315
2459886.2930457164,0.001073122,0.003274255
2459886.2944346066,-0.0031306148,0.0032731462
2459886.2958234963,0.003924489,0.0032737246
2459886.2972123865,-0.0020646453,0.0032718
2459886.2986012767,-0.002382815,0.003271732
2459886.2999901664,0.0017482042,0.0032743504
2459886.3013790566,0.00516212,0.0032756666
2459886.3027679464,0.0022192001,0.0032740165
2459886.3041568366,-0.0017014742,0.0032771376
2459886.3055457263,0.00027036667,0.003274302
2459886.3069346165,0.00026118755,0.00327315
2459886.3083235063,-0.0024745464,0.0032705888
2459886.3097123965,-0.0046257377,0.003270311
2459886.311101286,0.0035655499,0.00327388
2459886.312490176,0.0058763027,0.0032761134
2459886.313879066,0.00434196,0.0032750769
2459886.315267956,0.0045969486,0.0032756573
2459886.316656846,-0.0030238032,0.0032748391
2459886.318045736,-0.0056689978,0.0032703495
2459886.319434626,-0.004189253,0.003270595
2459886.320823516,0.0005083084,0.0032709802
2459886.322212406,0.0028700829,0.0032721858
2459886.323601296,-0.0026288629,0.003270819
2459886.324990186,0.00012898445,0.0032718587
2459886.3263790756,-0.0033285022,0.0032733192
2459886.327767966,-0.00075519085,0.0032730273
2459886.3291568556,0.004806757,0.0032757518
2459886.330545746,0.00091934204,0.0032704754
2459886.3319346355,-0.004578948,0.0032721788
2459886.3333235257,-0.0070471168,0.003269708
2459886.3347124155,-0.0011892319,0.0032724845
2459886.3361013057,0.0027967691,0.0032736605
2459886.3374901954,0.0037715435,0.0032753833
2459886.338879085,-0.00086939335,0.0032736894
2459886.340267975,-0.0016174316,0.0032707131
2459886.341656865,0.0059968233,0.0032767293
2459886.3430457553,0.0019835234,0.0032755537
2459886.344434645,0.00015473366,0.0032770212
2459886.3458235348,0.005412221,0.003276337
2459886.347212425,-0.0016332865,0.0032745048
2459886.3486013147,-0.003715992,0.0032713339
2459886.3499902044,0.0006890297,0.003274737
2459886.3513790946,-0.00503242,0.0032707548
2459886.3527679844,0.0034298897,0.0032737337
2459886.354156874,0.0006016493,0.003273395
2459886.3555457643,0.0022099018,0.003274466
2459886.356934654,-0.008060753,0.0032690156
2459886.3583235443,0.002583146,0.00327349
2459886.359712434,0.0056465864,0.0032788974
2459886.3611013237,0.0040837526,0.0032770855
2459886.362490214,-6.389618e-05,0.0032760885
2459886.3638791037,-0.0018278956,0.0032696908
2459886.3652679934,-0.0012894869,0.0032715956
2459886.366656883,0.00084877014,0.0032718214
2459886.3680457734,-0.00025504827,0.003272439
2459886.369434663,0.004672885,0.0032770394
2459886.3708235533,0.00094246864,0.0032735823
2459886.372212443,0.0059660673,0.0032742529
2459886.373601333,-0.0033389926,0.003271015
2459886.374990223,-0.0011382103,0.0032737528
2459886.3763791127,-0.002403438,0.0032734086
2459886.3777680025,-0.0067617297,0.0032704335
2459886.379156892,0.0023845434,0.0032746485
2459886.3805457824,0.0050863028,0.0032748422
2459886.381934672,-0.0044150352,0.0032693087
2459886.383323562,-0.0038556457,0.0032688058
2459886.384712452,3.3974648e-05,0.0032729905
2459886.386101342,0.00015747547,0.0032745213
2459886.3874902315,0.004815936,0.003275234
2459886.3888791213,-5.8233738e-05,0.003275506
2459886.390268011,0.0003068447,0.0032755854
2459886.3916569008,-0.0005053282,0.0032739616
2459886.393045791,0.003165841,0.0032715732
2459886.3944346807,-0.0035239458,0.003269119
2459886.3958235704,-0.002553165,0.0032690286
2459886.3972124606,0.0027594566,0.0032747446
2459886.3986013504,0.0021634102,0.0032720685
2459886.39999024,-0.0020359755,0.0032726931
2459886.40137913,-0.0022953153,0.003273782
2459886.4027680196,0.0020372868,0.0032725374
2459886.4041569093,0.0013940334,0.0032749963
2459886.4055457995,0.006044984,0.0032777956
2459886.4069346893,-0.0016652346,0.0032733863
2459886.408323579,0.00073087215,0.0032710994
2459886.4097124687,-0.003998339,0.0032716773
2459886.4111013585,-0.0040242076,0.0032703546
2459886.4124902487,0.0025683641,0.0032708913
2459886.413879138,-0.0057138205,0.0032705301
2459886.415268028,-0.0016547441,0.0032718389
2459886.416656918,-0.0013936162,0.0032720356
2459886.4180458076,-0.0016751289,0.0032707783
2459886.4194346974,0.004773259,0.0032737001
2459886.420823587,0.003955841,0.003274357
2459886.4222124773,0.0013747215,0.00327585
2459886.4236013666,0.00340271,0.0032739958
2459886.424990257,0.0016493797,0.0032730307
2459886.4263791465,0.0012091398,0.00327359
2459886.4277680363,-0.00131464,0.0032720722
2459886.429156926,0.0026664734,0.003275968
2459886.4305458157,0.0044163465,0.0032740661
2459886.4319347055,-0.0026413798,0.0032762333
2459886.433323595,-0.0020278692,0.00327299
2459886.4347124854,0.0001757145,0.003275281
2459886.4361013747,-0.004152894,0.0032709683
2459886.437490265,0.002404809,0.003273919
2459886.4388791546,-0.0050341487,0.00327017
2459886.4402680444,0.0016646385,0.0032731723
2459886.441656934,-0.00025349855,0.003272062
2459886.443045824,-0.0028762817,0.0032699276
2459886.4444347136,0.00018072128,0.0032742722
2459886.4458236033,0.0042966604,0.0032723737
2459886.447212493,-0.0007650256,0.0032716107
2459886.448601383,-0.0039821863,0.003272192
2459886.4499902725,-0.0030047894,0.0032708526
2459886.4513791623,-0.0022250414,0.0032729807
2459886.452768052,0.010037422,0.0032786317
2459886.4541569417,0.0011729002,0.0032722508
2459886.4555458315,0.0011297464,0.0032751006
2459886.456934721,0.0021835566,0.0032749167
2459886.458323611,-0.0029248,0.0032725844
2459886.4597125007,0.0005759001,0.0032760121
2459886.4611013904,0.0036289692,0.0032737127
2459886.46249028,-0.00034314394,0.003269471
2459886.46387917,0.0023530722,0.003274687
2459886.4652680596,0.00032305717,0.0032732869
2459886.4666569494,-0.0019162297,0.0032712172
2459886.468045839,-0.000944674,0.0032718282
2459886.469434729,0.0012087822,0.003270372
2459886.4708236186,0.0024971962,0.003275774
2459886.4722125083,0.0018365383,0.0032745728
2459886.473601398,-0.0009121895,0.0032751707
2459886.474990288,0.0041316748,0.0032730054
2459886.4763791775,-0.0016652942,0.0032752543
2459886.4777680673,0.0024015903,0.0032748273
2459886.479156957,-0.0014363527,0.003271054
2459886.4805458467,0.00454545,0.003274393
2459886.4819347365,-0.0017133355,0.0032685339
2459886.483323626,0.0016658306,0.0032758226
2459886.4847125155,-0.0046327114,0.003269407
2459886.486101405,0.005160928,0.0032742908
2459886.487490295,0.0007067919,0.0032748168
2459886.4888791847,0.0011723042,0.0032741171
2459886.4902680744,-0.0011342168,0.003271966
2459886.491656964,-0.00046300888,0.003273311
2459886.493045854,0.0040432215,0.0032726622
2459886.4944347437,-0.0042774677,0.0032736189
2459886.4958236334,-0.0030800104,0.0032704396
2459886.4972125227,0.0010569096,0.0032745476
2459886.4986014124,0.0073281527,0.0032743122
2459886.499990302,2.2768974e-05,0.0032725227
2459886.501379192,-0.0021266341,0.0032707686
2459886.5027680816,0.0028640032,0.0032737916
2459886.5041569714,0.00059616566,0.0032697308
2459886.505545861,0.0002604723,0.0032767318
2459886.5069347504,-0.0010344982,0.0032703888
2459886.50832364,-0.0020332932,0.0032708293
2459886.50971253,-0.0038776398,0.0032736282
2459886.5111014196,-0.0018885732,0.0032689068
2459886.5124903093,0.0010530949,0.003278027
2459886.5138791986,0.0046229362,0.0032759334
2459886.5152680883,0.0026706457,0.0032740785
2459886.516656978,-0.0027640462,0.0032700093
2459886.518045868,-0.00016075373,0.0032719078
2459886.5194347575,-0.0023225546,0.0032748189
2459886.5208236473,-0.0010068417,0.003271806
2459886.5222125365,0.00029814243,0.003273176
2459886.5236014263,4.87566e-05,0.0032733313
2459886.524990316,-0.00040626526,0.0032722855
2459886.5263792058,-0.0020808578,0.0032696151
2459886.5277680955,-0.0032864213,0.0032708785
2459886.5291569848,-0.0010004044,0.0032759623
2459886.5305458745,-0.0009074807,0.0032729611
2459886.531934764,0.002891779,0.0032752745
2459886.5333236535,0.00021386147,0.0032704538
2459886.5347125432,-0.005567193,0.0032659692
2459886.536101433,0.0021060705,0.0032739872
2459886.5374903227,-0.001979947,0.0032741616
2459886.538879212,-0.0013078451,0.0032717846
2459886.5402681017,-0.0031225085,0.0032763772
2459886.5416569915,0.0034582615,0.0032761262
2459886.543045881,0.0031518936,0.0032740447
2459886.5444347705,0.0037412643,0.0032731972
2459886.54582366,0.00085520744,0.0032724466
2459886.54721255,-0.00066405535,0.003271296
2459886.548601439,-0.0010565519,0.003273016
2459886.549990329,0.0011566877,0.0032740922
2459886.551379218,0.001755476,0.0032726885
2459886.552768108,-0.006878853,0.0032692435
2459886.5541569977,0.0049824715,0.003273185
2459886.5555458874,0.004448533,0.0032725867
2459886.556934777,-0.0033653378,0.0032701895
2459886.5583236665,0.0023940802,0.003273658
2459886.559712556,-0.0011383891,0.0032717155
2459886.5611014455,-0.0008428097,0.0032721248
2459886.562490335,0.0030850172,0.0032737365
2459886.5638792245,-0.0010119677,0.0032715043
2459886.565268114,0.0030146837,0.0032783602
2459886.566657004,-0.0017121434,0.0032705658
2459886.568045893,-0.002813995,0.0032707937
2459886.569434783,-0.0025841594,0.0032701558
2459886.5708236727,-0.0024747252,0.0032733541
2459886.572212562,0.005076766,0.0032774515
2459886.5736014517,0.0038876534,0.003275154
2459886.5749903414,0.005331874,0.0032770087
2459886.5763792307,0.0013109446,0.003271044
2459886.5777681204,0.00022375584,0.00327125
2459886.57915701,0.0007123947,0.0032733243
2459886.5805458995,6.997585e-05,0.0032700263
2459886.581934789,0.0017757416,0.0032735283
2459886.5833236785,0.0026068687,0.0032745558
2459886.584712568,0.005969882,0.0032747106
2459886.5861014575,0.003117919,0.0032747968
2459886.587490347,-0.0013376474,0.0032727474
2459886.588879237,-0.0016165376,0.0032709113
2459886.590268126,-0.0014817715,0.0032719476
2459886.591657016,-0.0023338199,0.0032712603
2459886.593045905,-0.0010167956,0.0032700435
2459886.594434795,0.004407525,0.0032753865
2459886.5958236842,0.00200665,0.0032736652
2459886.597212574,0.0031397343,0.0032758834
2459886.5986014633,-0.0037677288,0.003270199
2459886.599990353,0.0005120039,0.0032724151
2459886.6013792423,0.0060139894,0.0032749542
2459886.602768132,7.522106e-05,0.0032750084
2459886.6041570213,0.0039510727,0.0032763311
2459886.6055459105,-0.0043412447,0.0032715953
2459886.6069348003,0.003853321,0.0032743686
2459886.6083236896,0.0010566711,0.003272486
2459886.6097125793,0.00083100796,0.0032730773
2459886.611101469,-0.0012122989,0.003272915
2459886.6124903583,-0.0001758337,0.0032779875
2459886.613879248,-0.0026878715,0.0032726948
2459886.6152681373,-0.0015279651,0.003271934
2459886.616657027,0.0025342703,0.0032726494
2459886.6180459163,-6.222725e-05,0.0032743716
2459886.6194348056,-0.0026850104,0.003272579
2459886.6208236953,0.0010274649,0.0032774175
2459886.6222125846,0.0016181469,0.0032733402
2459886.6236014743,-0.0012731552,0.003270215
2459886.6249903636,8.058548e-05,0.003272236
2459886.6263792533,0.0033813715,0.0032758163
2459886.6277681426,-0.002762258,0.003274853
2459886.629157032,-0.001314044,0.0032746065
2459886.6305459216,-0.0031763911,0.0032722303
2459886.631934811,0.0045495033,0.0032778524
2459886.6333237006,-0.0047287345,0.0032718352
2459886.63471259,-0.002306044,0.0032725648
2459886.6361014796,-0.0023899078,0.0032707334
2459886.637490369,0.00065016747,0.003274584
2459886.638879258,0.0012190342,0.00327505
2459886.6402681475,-0.00024241209,0.0032753255
2459886.641657037,0.0029952526,0.0032719695
2459886.6430459265,-0.0037856102,0.0032702796
2459886.644434816,0.004204035,0.0032746168
2459886.6458237055,-0.0035396814,0.0032697832
2459886.6472125947,0.0015716553,0.0032742822
2459886.6486014845,0.0008379221,0.0032735846
2459886.6499903738,0.0033578873,0.0032744724
2459886.651379263,0.0014827251,0.0032744394
2459886.6527681528,0.001558423,0.003274393
2459886.654157042,-0.0038827658,0.0032737893
2459886.655545932,0.0032279491,0.0032750294
2459886.656934821,-0.0009263158,0.0032730799
2459886.6583237103,0.00080418587,0.003273113
2459886.6597125996,0.002723217,0.0032748627
2459886.6611014893,-0.0020267963,0.003271078
2459886.6624903786,-0.0009112954,0.0032743667
2459886.663879268,0.0042728186,0.0032752736
2459886.6652681576,-0.0014401078,0.0032730591
2459886.666657047,0.001055479,0.0032732706
2459886.668045936,-0.0029266477,0.003271789
2459886.6694348254,-0.0019844174,0.0032727472
2459886.670823715,0.0010194778,0.003275152
2459886.6722126044,8.499622e-05,0.0032718598
2459886.6736014937,0.0031516552,0.0032756228
2459886.6749903834,0.004431486,0.0032735388
2459886.6763792727,6.914139e-06,0.0032720445
2459886.677768162,2.336502e-05,0.0032751558
2459886.6791570513,-0.0070994496,0.0032715786
2459886.680545941,-0.00031518936,0.0032718857
2459886.68193483,0.007674575,0.00327771
2459886.6833237195,0.002498269,0.0032721811
2459886.684712609,-0.0046026707,0.0032701683
2459886.686101498,0.0009120703,0.003278061
2459886.687490388,-0.0001411438,0.0032737062
2459886.688879277,-0.0009874701,0.0032712913
2459886.6902681664,-0.00358665,0.0032688281
2459886.6916570556,0.0051566362,0.0032771009
2459886.693045945,-0.0020654202,0.0032705832
2459886.6944348346,0.0024472475,0.003269656
2459886.695823724,-0.00048226118,0.0032703008
2459886.697212613,0.0009493828,0.003271308
2459886.6986015025,-0.0009790659,0.0032730142
2459886.6999903917,0.0067880154,0.0032797637
2459886.701379281,-0.0023143888,0.003268567
2459886.7027681707,-0.008104742,0.0032726272
2459886.70415706,0.005404353,0.0032751043
2459886.7055459493,0.0026646852,0.0032736876
2459886.7069348386,-0.0019977689,0.0032723434
2459886.708323728,-0.0020174384,0.003271033
2459886.7097126176,0.0015238523,0.0032720063
2459886.7111015064,-0.005516529,0.003270813
2459886.712490396,-0.0022874475,0.0032746054
2459886.7138792854,0.0044566393,0.0032744135
2459886.7152681747,-0.003391087,0.003270927
2459886.716657064,0.0065865517,0.0032744415
2459886.718045953,-0.0061843395,0.003273043
2459886.7194348425,-0.00047773123,0.0032723371
2459886.7208237317,-0.0010547638,0.0032721476
2459886.7222126215,-0.0020151734,0.0032725823
2459886.7236015103,-0.0041047335,0.0032708864
2459886.7249904,0.0012743473,0.0032718375
2459886.726379289,0.0023299456,0.0032748298
2459886.7277681786,0.001450777,0.0032739795
2459886.729157068,-0.0007405281,0.0032711225
2459886.730545957,0.00095140934,0.0032726896
2459886.7319348464,0.0059872866,0.0032745635
2459886.7333237357,-0.0033220053,0.0032707434
2459886.734712625,0.0016698837,0.0032712112
2459886.736101514,0.00029838085,0.0032752717
2459886.7374904035,0.0036833286,0.0032766773
2459886.7388792927,-0.0007761121,0.0032702086
2459886.740268182,-0.000120818615,0.0032718102
2459886.7416570713,0.0012481213,0.0032767095
2459886.7430459606,0.0024745464,0.003277099
2459886.74443485,-0.00090271235,0.0032726044
2459886.745823739,0.008317471,0.0032767341
2459886.7472126284,0.0027354956,0.0032727136
2459886.748601518,-0.002313137,0.0032729085
2459886.749990407,0.0007585287,0.0032759553
2459886.751379296,0.0015227795,0.0032719795
2459886.7527681855,0.0037032366,0.003277811
2459886.7541570747,0.0028532743,0.0032712806
2459886.755545964,0.0017976761,0.0032742377
2459886.7569348533,0.0021030903,0.0032722522
2459886.7583237425,0.005461931,0.0032780753
2459886.759712632,-0.0038953424,0.0032718347
2459886.761101521,0.0015802383,0.0032744687
2459886.7624904104,0.004835248,0.0032738706
2459886.7638792996,-0.0012957454,0.0032737227
2459886.765268189,0.0042762756,0.003278011
2459886.766657078,0.0014668703,0.0032742396
2459886.7680459674,0.0029684305,0.0032738752
2459886.7694348567,0.0027951002,0.003274888
2459886.770823746,0.0007097721,0.0032725802
2459886.7722126353,0.002552271,0.0032798992
2459886.7736015245,0.0024377108,0.0032762254
2459886.7749904133,-0.0011968613,0.003273594
2459886.7763793026,0.0060819387,0.0032742517
2459886.777768192,0.003094554,0.0032720626
2459886.779157081,0.0038501024,0.003273461
2459886.7805459704,-0.004085183,0.0032722938
2459886.7819348597,-0.0040516853,0.0032709334
2459886.783323749,0.0016196966,0.0032734864
2459886.7847126382,-0.0010663867,0.0032735488
2459886.7861015275,0.0012340546,0.0032750862
2459886.7874904163,0.007572055,0.0032781905
2459886.7888793056,-0.00066286325,0.0032723502
2459886.790268195,0.00037956238,0.0032714624
2459886.791657084,-0.0009005666,0.003270931
2459886.7930459734,0.0019977093,0.0032746703
2459886.7944348627,0.00051021576,0.003274494
2459886.795823752,-0.001691401,0.0032707225
2459886.7972126408,0.0049130917,0.003274518
2459886.79860153,0.0047494173,0.0032759693
2459886.7999904193,0.003435135,0.0032734256
2459886.8013793086,0.0030856133,0.0032751486
2459886.802768198,0.0037618876,0.0032757216
2459886.8041570866,0.0031756163,0.0032740035
2459886.8055459764,0.00010859966,0.0032729765
2459886.806934865,0.0029506683,0.0032774336
2459886.8083237545,0.000102996826,0.0032727984
2459886.8097126437,0.0039908886,0.0032739956
2459886.811101533,4.887581e-06,0.0032750408
2459886.8124904223,0.0016920567,0.0032736196
2459886.813879311,0.0011439323,0.0032768864
2459886.8152682004,-0.0007722378,0.0032735663
2459886.8166570896,0.0032263994,0.0032715637
2459886.818045979,-0.00073605776,0.0032721765
2459886.8194348677,-0.0013106465,0.003274719
2459886.820823757,0.00032949448,0.0032721963
2459886.822212646,-0.0018522739,0.0032728533
2459886.823601535,0.0021401644,0.003274618
2459886.8249904243,7.867813e-06,0.003273396
2459886.8263793136,-0.001088202,0.0032754214
2459886.827768203,-0.001109004,0.0032722258
2459886.8291570917,-0.003681302,0.0032701532
2459886.830545981,0.0023025274,0.003273634
2459886.83193487,-0.0012665391,0.0032741686
2459886.833323759,-0.002763629,0.0032714778
2459886.8347126483,-0.004115522,0.0032694815
2459886.8361015376,0.0044369698,0.0032756925
2459886.837490427,-0.0036394,0.0032696046
2459886.8388793156,-0.0016264915,0.0032724785
2459886.840268205,0.002342701,0.0032756703
2459886.8416570937,-0.0012178421,0.003270069
2459886.843045983,-0.001560092,0.0032716
2459886.8444348723,-0.00040328503,0.0032724352
2459886.8458237615,0.00093984604,0.00327272
2459886.847212651,0.0025829077,0.00327395
2459886.8486015396,-0.002361238,0.0032751146
2459886.849990429,0.0017510653,0.0032748345
2459886.8513793177,0.0012845993,0.003273569
2459886.852768207,-0.002271533,0.0032713045
2459886.854157096,-0.00078463554,0.0032740042
2459886.855545985,0.0012052059,0.0032726347
2459886.8569348743,0.00092184544,0.0032713693
2459886.858323763,0.0034725666,0.0032740724
2459886.8597126524,0.001214385,0.003275255
2459886.8611015417,0.0017794371,0.0032721306
2459886.8624904305,-0.002016604,0.0032725967
2459886.8638793197,-0.005397141,0.0032710677
2459886.865268209,-0.0026046038,0.0032740023
2459886.866657098,0.0013943911,0.0032735358
2459886.868045987,0.0051550865,0.0032733148
2459886.869434876,0.0014027357,0.0032736664
2459886.870823765,0.0025895834,0.003273919
2459886.8722126544,-0.00647825,0.0032677464
2459886.8736015433,0.003032446,0.003274503
2459886.8749904325,-0.0018191934,0.003269892
2459886.8763793213,0.0030241013,0.003275429
2459886.8777682106,0.00032281876,0.0032772732
2459886.8791570994,-0.0011999011,0.0032701383
2459886.8805459887,0.0026074648,0.0032723737
2459886.8819348775,0.0013400316,0.0032748478
2459886.8833237668,0.0025135279,0.0032753525
2459886.8847126556,0.000364542,0.0032717544
2459886.886101545,-0.001393795,0.0032732436
2459886.8874904336,0.0022681952,0.0032716247
2459886.888879323,0.0013995171,0.0032708934
2459886.8902682117,0.0010581017,0.0032735094
2459886.891657101,-0.0005994439,0.003269296
2459886.89304599,0.0032243729,0.0032738014
2459886.894434879,-0.00018185377,0.0032721518
2459886.895823768,0.0050638914,0.0032763882
2459886.897212657,-0.0035706758,0.0032721332
2459886.8986015464,0.0015381575,0.0032749008
2459886.899990435,-3.0994415e-06,0.0032718934
2459886.9013793245,-0.0014933944,0.0032697367
2459886.9027682133,0.0017058849,0.003272816
2459886.904157102,-0.001834333,0.0032714703
2459886.9055459914,0.0031594038,0.0032749113
2459886.90693488,-0.0016399026,0.0032715213
2459886.9083237695,0.0067591667,0.0032768159
2459886.9097126583,0.0008649826,0.003275568
2459886.9111015475,0.0011856556,0.0032730694
2459886.9124904363,0.004287243,0.0032774499
2459886.9138793256,-0.0005558729,0.0032720396
2459886.9152682144,0.0011185408,0.0032734482
2459886.916657103,0.00027811527,0.0032726328
2459886.9180459925,-0.002616465,0.003273558
2459886.9194348813,-0.0006714463,0.0032732286
2459886.9208237706,0.0029705763,0.0032738894
2459886.9222126594,-0.00045257807,0.0032753656
2459886.9236015487,0.0022976398,0.0032742529
2459886.9249904375,0.00086534023,0.0032732822
2459886.9263793263,0.0032651424,0.0032749332
2459886.927768215,-0.0026507974,0.0032706475
2459886.9291571043,0.0047086477,0.003274366
2459886.9305459936,-3.3974648e-05,0.0032764731
2459886.9319348824,0.0014474392,0.0032720445
2459886.933323771,-0.00015568733,0.0032719295
2459886.93471266,0.004605651,0.003277492
2459886.9361015493,-0.0022203922,0.003270298
2459886.937490438,0.00061929226,0.003272023
2459886.9388793274,0.00018811226,0.0032737353
2459886.940268216,3.7550926e-05,0.003273053
2459886.941657105,0.004579425,0.0032727655
2459886.9430459943,0.0031210184,0.0032729695
2459886.944434883,-0.003656149,0.0032686195
2459886.945823772,-0.0007067323,0.003272486
2459886.9472126607,0.0005440712,0.0032743083
2459886.94860155,0.001463294,0.0032783889
2459886.9499904388,-0.00039470196,0.0032735867
2459886.9513793276,2.9087067e-05,0.0032716738
2459886.952768217,0.0021249056,0.0032730189
2459886.9541571056,0.0035061836,0.0032740599
2459886.9555459945,-0.0013872385,0.0032704077
2459886.9569348833,-0.004101634,0.0032714084
2459886.9583237725,-0.0017310381,0.003272836
2459886.9597126613,0.0031408072,0.00327559
2459886.96110155,0.005648732,0.0032762317
2459886.9624904394,0.0058350563,0.0032754343
2459886.963879328,-0.004478991,0.0032717627
2459886.965268217,-0.0036844015,0.0032711308
2459886.966657106,-0.006585777,0.0032711744
2459886.968045995,0.0011142492,0.0032738762
2459886.969434884,0.00068593025,0.0032736976
2459886.9708237727,0.00019979477,0.003271158
2459886.9722126615,0.004513383,0.003275141
2459886.973601551,0.0015021563,0.0032729278
2459886.9749904396,-0.0037196875,0.0032697904
2459886.9763793284,-0.001957357,0.003271606
2459886.977768217,-0.00061160326,0.0032758408
2459886.979157106,-0.0032206774,0.003271819
2459886.9805459953,-0.00012499094,0.0032736617
2459886.981934884,0.0003874302,0.003271011
2459886.983323773,-0.0011744499,0.0032725178
2459886.9847126617,0.0015528202,0.0032728782
2459886.9861015505,0.0033415556,0.0032740165
2459886.98749044,0.002613306,0.0032763907
2459886.9888793286,-0.00018244982,0.0032733981
2459886.9902682174,0.00042653084,0.0032707253
2459886.991657106,0.0009855032,0.0032725637
2459886.993045995,0.0057497025,0.0032783428
2459886.994434884,-0.0024154782,0.0032713562
2459886.9958237726,-0.0077745914,0.0032685827
2459886.997212662,-0.00066292286,0.0032743819
2459886.9986015507,0.0024906397,0.003272315
2459886.9999904395,-0.0010717511,0.0032733616
2459887.0013793283,0.0032869577,0.0032745646
2459887.002768217,-0.00396657,0.00327062
2459887.004157106,-0.002062142,0.0032703902
2459887.0055459947,0.0020625591,0.0032738796
2459887.006934884,-0.0015411973,0.00327202
2459887.008323773,-0.0026644468,0.0032750808
2459887.0097126616,-0.002927363,0.0032710107
2459887.0111015504,0.00078582764,0.0032745132
2459887.012490439,-0.0022246838,0.0032733085
2459887.013879328,-0.0014372468,0.003274053
2459887.015268217,-0.00469923,0.00327011
2459887.0166571056,-0.0028704405,0.003270491
2459887.0180459945,-0.0019838214,0.0032718445
2459887.0194348833,0.0025207996,0.003275909
2459887.020823772,-0.0027068257,0.003270958
2459887.022212661,0.0027103424,0.0032729583
2459887.0236015497,0.0048464537,0.0032752594
2459887.024990439,0.00372231,0.0032752915
2459887.0263793273,-0.0018249154,0.0032727364
2459887.0277682166,-0.0038242936,0.003270316
2459887.0291571054,-2.7775764e-05,0.0032762089
2459887.030545994,-0.0010163188,0.0032714072
2459887.031934883,-9.4771385e-05,0.0032729057
2459887.033323772,-0.004067838,0.0032704065
2459887.0347126606,-0.008391917,0.0032713583
2459887.036101549,0.0012676716,0.0032717711
2459887.037490438,-0.002344966,0.0032714189
2459887.038879327,-0.00036406517,0.00327395
2459887.040268216,0.0017664433,0.0032723746
2459887.0416571046,0.0034216642,0.003273448
2459887.0430459934,-0.0020477176,0.0032728733
2459887.0444348822,0.00037491322,0.0032748096
2459887.0458237706,0.0002529621,0.0032761379
2459887.04721266,-0.0041779876,0.0032720524
2459887.0486015487,-0.0036827922,0.0032718815
2459887.049990437,0.0047718287,0.0032762063
2459887.0513793263,0.0028970242,0.0032744524
2459887.0527682146,-0.0007702112,0.0032736082
2459887.0541571034,-0.0016416311,0.0032728019
2459887.055545992,0.0037519932,0.0032750687
2459887.056934881,-0.002434671,0.0032699194
2459887.05832377,-0.0049018264,0.0032714438
2459887.0597126586,0.0030283928,0.0032758994
2459887.0611015474,0.00045239925,0.0032771234
2459887.0624904362,-0.003424883,0.0032714815
2459887.063879325,0.0015140772,0.0032744124
2459887.065268214,0.00033164024,0.0032735902
2459887.0666571027,-0.006118238,0.0032692414
2459887.068045991,0.0026317835,0.0032745022
2459887.06943488,0.0038608313,0.0032749316
2459887.070823769,0.00076055527,0.003274652
2459887.0722126574,-0.0014637709,0.0032705269
2459887.073601546,0.005241275,0.0032775514
2459887.074990435,0.0014098883,0.0032742016
2459887.076379324,-0.0022582412,0.0032709108
2459887.077768212,-0.0006066561,0.0032713304
2459887.0791571015,0.0017365217,0.0032737565
2459887.0805459903,0.0013359785,0.0032759777
2459887.0819348786,0.0021760464,0.0032728054
2459887.0833237674,0.0014648438,0.0032747583
2459887.084712656,0.0028499365,0.003278179
2459887.086101545,0.00076556206,0.0032740736
2459887.0874904334,0.0014327765,0.0032734044
2459887.088879322,0.0007789135,0.003272463
2459887.090268211,-0.003811121,0.0032712414
2459887.0916571,0.001478076,0.003274216
2459887.0930459886,0.003288269,0.0032758478
2459887.0944348774,0.000121712685,0.0032725006
2459887.095823766,-0.0004094839,0.0032743611
2459887.0972126545,-0.0038799047,0.0032684878
2459887.0986015433,0.0014437437,0.0032719625
2459887.099990432,-0.0011764169,0.0032729513
2459887.101379321,0.00090396404,0.003274702
2459887.1027682098,-0.0025491118,0.0032716016
2459887.104157098,0.0002926588,0.0032726151
2459887.105545987,-0.0018830299,0.003271256
2459887.1069348757,0.004783869,0.0032742063
2459887.1083237645,-0.00070136786,0.0032738536
2459887.109712653,0.0036183596,0.0032747819
2459887.1111015417,-0.0009809136,0.003271367
2459887.1124904305,0.001776576,0.0032726678
2459887.113879319,0.0007724762,0.0032741826
2459887.1152682076,-0.0027778745,0.0032727802
2459887.1166570964,3.0994415e-06,0.0032732883
2459887.1180459852,-0.0031160116,0.0032703471
2459887.1194348736,0.000526309,0.0032749588
2459887.1208237624,0.0038582087,0.0032757402
2459887.122212651,-0.0018101931,0.0032715008
2459887.1236015395,0.0031440258,0.0032740503
2459887.1249904283,0.0006699562,0.0032736678
2459887.126379317,0.004823208,0.0032757514
2459887.127768206,-0.002854824,0.0032706005
2459887.1291570943,0.0028172731,0.0032749537
2459887.130545983,0.0009863377,0.0032705653
2459887.1319348714,0.0017960072,0.0032733085
2459887.1333237602,0.004554391,0.003276081
2459887.134712649,0.0004093647,0.003272564
2459887.136101538,-0.0053904653,0.0032717052
2459887.137490426,-0.001049757,0.0032750815
2459887.138879315,0.0005700588,0.0032727113
2459887.140268204,0.0017979145,0.0032736266
2459887.141657092,-0.0013040304,0.0032703218
2459887.143045981,0.00017726421,0.0032740845
2459887.1444348693,0.0022146702,0.003273847
2459887.145823758,-0.0005289912,0.0032761488
2459887.147212647,-0.003212154,0.003270321
2459887.1486015352,0.0036514997,0.0032738536
2459887.149990424,0.00062441826,0.0032744077
2459887.1513793124,0.0057712793,0.003275137
2459887.152768201,-4.720688e-05,0.00327401
2459887.15415709,-0.0012843609,0.0032696368
2459887.1555459783,-0.0005941391,0.0032723423
2459887.156934867,-0.0026373267,0.0032725933
2459887.1583237555,-0.0021772385,0.0032723476
2459887.1597126443,0.0044722557,0.0032759118
2459887.161101533,-0.005234599,0.0032718815
2459887.1624904214,-0.006143987,0.0032703434
2459887.1638793102,-0.0010426044,0.0032713003
2459887.1652681986,-0.0023439527,0.0032701544
2459887.1666570874,0.0049790144,0.00327585
2459887.1680459757,-0.004080653,0.0032692973
2459887.1694348645,0.00072705746,0.0032758934
2459887.170823753,0.0065877438,0.0032775903
2459887.1722126417,0.0034675598,0.003274423
2459887.17360153,-0.0030096173,0.0032711811
2459887.174990419,-0.0011173487,0.0032762422
2459887.176379307,0.0019785166,0.0032748922
2459887.177768196,-0.004307151,0.0032711404
2459887.179157085,0.0044367313,0.003275305
2459887.180545973,0.006750345,0.0032739525
2459887.181934862,-0.0007504821,0.0032759358
2459887.1833237503,0.0008767843,0.003273416
2459887.184712639,0.0050860643,0.0032741325
2459887.1861015274,0.0029468536,0.0032732317
2459887.187490416,0.005959749,0.0032749875
2459887.1888793046,0.0024322271,0.003273119
2459887.1902681934,-0.002837956,0.0032745223
2459887.1916570817,0.0019830465,0.0032752182
2459887.19304597,0.0047125816,0.0032760317
2459887.194434859,0.00045204163,0.00327328
2459887.195823747,-0.00016349554,0.0032732445
2459887.197212636,-0.0018765926,0.0032693923
2459887.198601525,-0.0019848943,0.0032730878
2459887.199990413,0.0015721321,0.0032728058
2459887.2013793015,0.0046257973,0.003276306
2459887.2027681903,-0.0007633567,0.0032737574
2459887.2041570786,0.0054477453,0.0032767826
2459887.205545967,0.0017014742,0.0032750678
2459887.206934856,-0.005054593,0.0032705655
2459887.208323744,0.0029791594,0.0032730673
2459887.209712633,-0.007188499,0.0032717956
2459887.2111015213,-0.00030845404,0.003271603
2459887.2124904096,-0.002191782,0.0032710352
2459887.2138792984,0.0020532608,0.0032744743
2459887.2152681868,0.0048321486,0.0032741157
2459887.2166570756,-4.762411e-05,0.0032752105
2459887.218045964,0.0021743774,0.0032775986
2459887.2194348522,-0.00096416473,0.0032721057
2459887.220823741,-0.0026851892,0.0032700922
2459887.2222126294,-0.001318872,0.003272189
2459887.223601518,-0.00013566017,0.003275042
2459887.2249904065,-0.0010342002,0.0032737413
2459887.226379295,0.0015405416,0.003273576
2459887.227768183,-0.0026714802,0.003273242
2459887.229157072,0.0037567616,0.0032748422
2459887.2305459604,-0.0019593835,0.0032708226
2459887.2319348487,-0.0022722483,0.0032750606
2459887.2333237375,-5.042553e-05,0.0032723593
2459887.234712626,0.0010374784,0.0032738978
2459887.2361015147,-0.0014952421,0.0032691304
2459887.237490403,0.0036780834,0.0032769563
2459887.2388792913,0.0010148287,0.003274216
2459887.2402681797,0.0022079945,0.0032713874
2459887.2416570685,-0.00096935034,0.0032732373
2459887.243045957,-0.0021899939,0.0032716638
2459887.244434845,0.004766822,0.0032760259
2459887.245823734,-0.00038778782,0.003273649
2459887.2472126223,-0.0014711618,0.0032726794
2459887.2486015107,-0.0009486675,0.0032715613
2459887.249990399,0.00089907646,0.0032720673
2459887.251379288,0.0059275627,0.0032775705
2459887.252768176,0.003380537,0.0032728848
2459887.2541570645,-0.004252374,0.00327088
2459887.2555459533,0.0008095503,0.0032752845
2459887.256934841,-0.0022262335,0.0032707641
2459887.25832373,0.003205061,0.003273295
2459887.2597126183,9.739399e-05,0.0032744373
2459887.2611015067,0.0012947321,0.0032726487
2459887.2624903955,-0.0009101629,0.0032705518
2459887.263879284,-0.0036391616,0.0032741851
2459887.265268172,-0.0021582842,0.003271869
2459887.2666570605,-0.0024459958,0.0032696195
2459887.268045949,0.00031971931,0.003272046
2459887.269434837,-0.0019567609,0.0032738054
2459887.270823726,0.0022283792,0.00327359
2459887.2722126143,-0.001193285,0.003272571
2459887.2736015026,-0.0005031824,0.0032733546
2459887.274990391,-0.0016613007,0.0032707537
2459887.2763792793,-0.003352344,0.0032712813
2459887.277768168,0.0015819073,0.0032755136
2459887.2791570565,0.0002374649,0.00327456
2459887.280545945,-0.0024352074,0.0032690868
2459887.281934833,-0.00042164326,0.0032735066
2459887.2833237215,-0.00052791834,0.003272852
2459887.2847126103,0.00162673,0.0032771672
2459887.286101498,0.0023111105,0.003274716
2459887.287490387,-0.004768431,0.0032711788
2459887.2888792753,0.001064539,0.0032732598
2459887.2902681637,-0.007764995,0.0032686654
2459887.291657052,0.0011099577,0.0032726584
2459887.2930459403,-0.0040158033,0.0032700216
2459887.2944348287,0.00024473667,0.003273036
2459887.295823717,-0.001871109,0.0032724175
2459887.297212606,-0.0024484396,0.0032691353
2459887.2986014937,-0.004620135,0.0032711544
2459887.2999903825,-0.0027121305,0.0032722915
2459887.301379271,-0.0018917322,0.0032698417
2459887.302768159,0.0043503046,0.0032771253
2459887.3041570475,0.00057530403,0.00327202
2459887.305545936,-0.0021172762,0.0032713676
2459887.306934824,0.0025008917,0.003273596
2459887.3083237126,0.0018603802,0.0032733963
2459887.309712601,-0.005488336,0.0032682738
2459887.3111014892,-0.0026040077,0.0032707665
2459887.3124903776,-0.00427109,0.0032739753
2459887.313879266,-0.004163265,0.0032696035
2459887.3152681543,0.0031380653,0.0032723562
2459887.316657043,-0.005587399,0.0032694223
2459887.318045931,-0.0025752783,0.003272934
2459887.3194348197,-0.005217135,0.0032715455
2459887.3208237076,-0.0068889856,0.0032673138
2459887.3222125964,0.0044882298,0.0032742997
2459887.3236014843,-0.0032994747,0.0032709192
2459887.3249903726,-0.0027216673,0.0032696072
2459887.326379261,-0.005013764,0.003269072
2459887.3277681493,-0.0033578277,0.003270932
2459887.329157038,0.0041993856,0.0032754894
2459887.330545926,-0.0053596497,0.0032706615
2459887.331934815,-0.002574563,0.0032712484
2459887.3333237027,0.0013312101,0.0032735558
2459887.334712591,-0.004777968,0.0032694899
2459887.3361014794,-0.0034710765,0.003269126
2459887.3374903677,-0.0035760999,0.0032712952
2459887.338879256,-0.0034137964,0.0032717637
2459887.3402681444,-0.004346788,0.0032679953
2459887.3416570327,0.0013123751,0.0032737132
2459887.343045921,-0.011115432,0.0032669443
2459887.3444348094,-0.0032519698,0.0032690626
2459887.3458236977,-0.0021612048,0.003271071
2459887.347212586,0.0044881105,0.0032750003
2459887.3486014744,-0.0034697056,0.003269503
2459887.3499903628,-0.006480992,0.0032681255
2459887.351379251,-0.005265951,0.0032734107
2459887.352768139,-0.00280118,0.0032686195
2459887.3541570273,-0.0059529543,0.0032729723
2459887.3555459157,-0.002517879,0.0032746885
2459887.356934804,5.9723854e-05,0.003271626
2459887.3583236923,-0.0039300323,0.0032701374
2459887.3597125807,-0.0042899847,0.003270532
2459887.361101469,-0.0030593872,0.003269509
2459887.3624903574,-0.0061430335,0.0032694405
2459887.3638792457,-0.00051152706,0.0032712952
2459887.3652681336,-0.0055207014,0.0032690307
2459887.366657022,-0.0060851574,0.003268644
2459887.3680459103,-0.00605464,0.0032684996
2459887.3694347986,-0.006630361,0.0032682752
2459887.370823687,-0.003337741,0.003270903
2459887.3722125753,-0.0058306456,0.0032694247
2459887.3736014636,-0.008324146,0.0032689972
2459887.3749903515,0.0010043383,0.0032739409
2459887.37637924,-0.0062196255,0.00326897
2459887.377768128,-0.00076693296,0.0032725204
2459887.3791570165,-0.0020923615,0.0032738775
2459887.380545905,-0.0029767156,0.0032693385
2459887.3819347927,-0.0020590425,0.0032718598
2459887.383323681,-0.001141429,0.0032720428
2459887.3847125694,-0.0009524226,0.0032696258
2459887.3861014578,-0.003428936,0.0032728422
2459887.3874903456,0.001450181,0.0032750226
2459887.388879234,0.0008019209,0.0032731954
2459887.3902681223,-0.011720717,0.0032671962
2459887.3916570107,-0.006217599,0.003266609
2459887.393045899,-0.0043184757,0.0032738622
2459887.394434787,8.094311e-05,0.003271428
2459887.395823675,-0.0027552843,0.003270705
2459887.3972125635,-0.0029018521,0.0032700615
2459887.398601452,-0.0056378245,0.0032717334
2459887.3999903398,-0.0002462864,0.0032748398
2459887.401379228,-0.0029744506,0.0032711413
2459887.4027681164,-0.0045573115,0.0032702049
2459887.404157005,-0.009656966,0.003266567
2459887.4055458927,-0.0010270476,0.003273401
2459887.406934781,0.0013400316,0.003273396
2459887.4083236693,0.0022975206,0.00327263
2459887.409712557,-0.0049647093,0.0032697855
2459887.4111014456,-0.00085896254,0.0032710475
2459887.412490334,-0.0033375025,0.003271826
2459887.4138792222,-0.010995567,0.003269761
2459887.41526811,0.0005528927,0.0032757914
2459887.4166569985,-0.005632162,0.0032697562
2459887.418045887,-0.0019720793,0.003269023
2459887.4194347747,-0.0050302744,0.0032717101
2459887.420823663,-0.0005787611,0.003271499
2459887.422212551,-0.0022383928,0.00326958
2459887.423601439,0.0010439157,0.0032714729
2459887.4249903276,-0.007608056,0.0032685897
2459887.426379216,-0.0037799478,0.0032690405
2459887.427768104,-0.011424243,0.0032672812
2459887.429156992,-0.0035530329,0.0032704507
2459887.4305458805,-0.0059102774,0.0032691727
2459887.4319347683,-0.002808392,0.0032711192
2459887.4333236567,-8.261204e-05,0.003274873
2459887.434712545,-0.0020684004,0.003271834
2459887.436101433,0.00035262108,0.0032754834
2459887.437490321,-0.0006272197,0.003277775
2459887.438879209,0.0014206171,0.0032739446
2459887.4402680974,0.0005235672,0.0032738894
2459887.4416569853,-0.0011977553,0.0032709124
2459887.4430458737,-0.0051913857,0.0032739844
2459887.4444347615,-0.0034809709,0.00327193
2459887.44582365,-0.0070134997,0.003266062
2459887.447212538,-2.8669834e-05,0.0032757483
2459887.448601426,-0.0018154383,0.0032720477
2459887.4499903144,-0.0040218234,0.0032678521
2459887.4513792023,-0.002543509,0.0032733502
2459887.4527680906,0.0019521713,0.0032751951
2459887.4541569785,-0.003693223,0.003269974
2459887.455545867,-0.004894197,0.0032703078
2459887.456934755,0.0033031702,0.0032753902
2459887.458323643,-0.0070537925,0.0032693753
2459887.4597125314,-0.009249866,0.0032689339
2459887.4611014193,-0.0052012205,0.0032692468
2459887.4624903076,-0.0009024143,0.0032715267
2459887.4638791955,-0.006142795,0.003272011
2459887.465268084,0.00044178963,0.003273449
2459887.466656972,-0.005844772,0.0032696184
2459887.46804586,-0.0031507015,0.003271189
2459887.469434748,0.0011849403,0.003271789
2459887.4708236363,-0.0017211437,0.0032749933
2459887.472212524,-0.004302323,0.003269513
2459887.4736014125,0.00089108944,0.003275745
2459887.4749903004,-0.0065487623,0.0032694393
2459887.4763791887,-0.003215611,0.0032747162
2459887.4777680766,-0.0037637353,0.003272176
2459887.479156965,-0.0024046302,0.003271736
2459887.480545853,0.001984477,0.003271151
2459887.481934741,-0.0060947537,0.0032686545
2459887.483323629,0.0007582903,0.0032776967
2459887.4847125174,-0.001817584,0.003271228
2459887.486101405,-0.0025870204,0.0032708398
2459887.487490293,-0.003578186,0.0032704866
2459887.4888791814,-0.004538834,0.0032710063
2459887.4902680693,-0.007278681,0.0032695837
2459887.4916569577,-0.0033850074,0.0032694493
2459887.4930458455,-0.0040283203,0.0032711865
2459887.494434734,-0.00014436245,0.003269882
2459887.4958236217,-0.0024026036,0.0032696663
2459887.4972125096,-0.00088757277,0.0032762708
2459887.498601398,0.0014532804,0.003273907
2459887.499990286,-0.005861521,0.0032691539
2459887.501379174,-0.0026208758,0.0032732321
2459887.502768062,-0.0034908652,0.0032712866
2459887.50415695,-0.0071650147,0.003267999
2459887.505545838,-0.0010688305,0.0032717872
2459887.506934726,-0.001181066,0.0032697134
2459887.508323614,-0.0063165426,0.0032707106
2459887.5097125024,0.0037486553,0.00327538
2459887.5111013902,-0.006944418,0.0032692342
2459887.512490278,-0.004225433,0.0032704624
2459887.5138791665,-0.007169187,0.0032700659
2459887.5152680543,-0.001656115,0.0032723106
2459887.516656942,-0.0075513124,0.0032681422
2459887.5180458305,-0.0018296242,0.003272775
2459887.5194347184,-0.0066922307,0.003270445
2459887.5208236068,-0.0069488287,0.0032670542
2459887.5222124946,-0.0010333657,0.003269628
2459887.5236013825,-0.0068858266,0.0032708836
2459887.5249902704,-0.0033832192,0.0032694482
2459887.5263791587,-0.006521046,0.0032695879
2459887.5277680466,-0.0065583587,0.0032682645
2459887.5291569345,-0.004059553,0.0032745725
2459887.530545823,-0.0053569674,0.0032694312
2459887.5319347107,-0.004611671,0.003274012
2459887.5333235986,0.0015915632,0.0032717604
2459887.5347124864,-0.0068877935,0.0032713048
2459887.536101375,-0.008297801,0.0032676186
2459887.5374902626,-0.0026862025,0.0032728498
2459887.5388791505,0.0025315285,0.0032737805
2459887.5402680384,0.003376007,0.0032743218
2459887.5416569267,0.001418829,0.0032741653
2459887.5430458146,-0.0050950646,0.0032711383
2459887.5444347025,0.0011913776,0.0032724054
2459887.5458235904,0.0008006096,0.003276084
2459887.5472124782,0.0008254051,0.003275504
2459887.5486013666,-0.0047216415,0.0032706114
2459887.5499902545,-0.00036287308,0.0032727846
2459887.5513791423,0.0005232096,0.003273274
2459887.5527680307,0.0010211468,0.0032718233
2459887.5541569185,-0.001331389,0.003271723
2459887.5555458064,0.0048378706,0.0032755341
2459887.5569346943,-0.0057110786,0.0032683224
2459887.558323582,-0.0031368136,0.0032709665
2459887.55971247,-0.0048488975,0.003272364
2459887.5611013584,0.004706502,0.0032753842
2459887.562490246,0.0033738613,0.0032730673
2459887.563879134,-0.0063871145,0.003267526
2459887.565268022,0.0015420914,0.0032763479
2459887.56665691,-0.003264308,0.0032724258
2459887.5680457978,0.0012816191,0.0032729788
2459887.5694346856,0.0031306744,0.0032738019
2459887.570823574,0.0060955286,0.0032761586
2459887.572212462,0.001811266,0.003274362
2459887.5736013497,0.0013120174,0.003274288
2459887.5749902376,0.0011575222,0.0032735784
2459887.5763791255,0.0041308403,0.0032765886
2459887.5777680133,0.0002669096,0.0032740477
2459887.579156901,0.0041071177,0.0032735807
2459887.5805457896,7.736683e-05,0.0032726238
2459887.581934677,-0.00045979023,0.0032710761
2459887.5833235653,-0.009130478,0.003267576
2459887.584712453,-0.00023192167,0.0032729192
2459887.586101341,6.687641e-05,0.0032759467
2459887.587490229,-0.00023210049,0.0032725618
2459887.588879117,-0.0004837513,0.0032713783
2459887.5902680047,-0.0030781627,0.00327367
2459887.5916568926,-0.0009613037,0.0032750035
2459887.5930457804,0.0047631264,0.0032761723
2459887.5944346683,0.0002465248,0.0032727353
2459887.595823556,-0.0018749833,0.003273212
2459887.5972124445,-0.005186677,0.003271231
2459887.598601332,-0.0026885867,0.0032750494
2459887.5999902203,0.0018545389,0.0032742699
2459887.6013791077,-0.002781272,0.0032708226
2459887.602767996,0.0028208494,0.0032732666
2459887.6041568834,0.003268838,0.0032751833
2459887.605545772,-0.0031337738,0.0032738154
2459887.6069346596,-0.006342709,0.003269872
2459887.6083235475,0.0024664402,0.0032748093
2459887.6097124354,-0.0015971661,0.0032699117
2459887.6111013233,-0.005996883,0.003270777
2459887.612490211,0.00052678585,0.0032748373
2459887.613879099,0.0002772808,0.003273176
2459887.615267987,-0.0024983287,0.0032741441
2459887.616656875,0.0022271872,0.0032702833
2459887.6180457626,0.007902265,0.0032747597
2459887.6194346505,-0.002085328,0.0032722338
2459887.6208235384,0.0009063482,0.003274558
2459887.6222124263,0.0015662909,0.0032751479
2459887.6236013137,-0.0024537444,0.0032743134
2459887.624990202,-0.0007352233,0.003272936
2459887.6263790894,0.0022964478,0.0032754028
2459887.6277679773,0.0017721653,0.0032734163
2459887.6291568656,0.00053429604,0.0032742172
2459887.630545753,0.0028198957,0.003275556
2459887.631934641,-0.00148803,0.0032704251
2459887.633323529,0.0004683733,0.0032731462
2459887.6347124167,0.0026732683,0.0032741441
2459887.6361013046,-0.0005733371,0.003272442
2459887.6374901924,0.0079633,0.00327777
2459887.6388790803,0.004324436,0.0032754352
2459887.640267968,-0.0036993027,0.0032731323
2459887.641656856,-7.587671e-05,0.0032729844
2459887.6430457435,0.0035005808,0.0032754743
2459887.6444346313,-0.0015316606,0.003272926
2459887.645823519,-0.0026402473,0.0032727106
2459887.647212407,0.00036621094,0.003272518
2459887.648601295,-0.00018996,0.0032727635
2459887.649990183,0.0058612823,0.00327667
2459887.6513790707,0.0032418966,0.0032753693
2459887.6527679586,-0.0051902533,0.0032699232
2459887.6541568465,0.003455162,0.0032742727
2459887.655545734,0.002265215,0.0032724082
2459887.6569346217,-0.002360344,0.003274237
2459887.6583235096,-0.0015343428,0.0032732226
2459887.6597123975,0.0050206184,0.0032754247
2459887.6611012854,0.0010519028,0.0032728384
2459887.662490173,0.0072900057,0.003275542
2459887.6638790607,0.0011790991,0.0032733448
2459887.6652679485,-0.0008895397,0.0032704058
2459887.6666568364,0.0013526678,0.0032755232
2459887.6680457243,-0.003950119,0.0032730545
2459887.669434612,0.0018320084,0.0032722575
2459887.6708235,-0.0013605952,0.0032695134
2459887.6722123874,0.0010133982,0.0032738345
2459887.6736012753,0.0015109777,0.0032720373
2459887.674990163,-0.001776278,0.0032744694
2459887.676379051,0.0020409822,0.0032758967
2459887.6777679385,-0.0007775426,0.0032767754
2459887.6791568263,0.004284382,0.0032775002
2459887.680545714,-8.21352e-05,0.003271228
2459887.6819346016,-0.0041872263,0.003270928
2459887.6833234895,-0.005070865,0.0032675404
2459887.6847123774,0.0036129951,0.0032742575
2459887.6861012653,0.008692741,0.0032748694
2459887.6874901527,0.00059723854,0.00327235
2459887.6888790405,-0.00085145235,0.0032721
2459887.6902679284,0.009694099,0.0032777577
2459887.6916568163,0.0009828806,0.0032749393
2459887.693045704,-4.2438507e-05,0.003272393
2459887.6944345916,0.0029193163,0.0032739108
2459887.6958234794,-0.00060999393,0.0032720186
2459887.697212367,-0.0023023486,0.0032742454
2459887.6986012547,0.0009123087,0.0032746473
2459887.6999901426,-0.002510488,0.0032701872
2459887.7013790305,0.0031353235,0.0032736736
2459887.7027679184,-0.0020166636,0.0032723353
2459887.7041568058,-0.00039821863,0.0032748801
2459887.7055456936,0.0007790327,0.003272656
2459887.706934581,0.007177949,0.0032776338
2459887.708323469,0.0014042854,0.003274313
2459887.7097123563,0.0033245087,0.0032782583
2459887.711101244,-0.0021842122,0.003273957
2459887.712490132,-0.0031383038,0.0032734922
2459887.71387902,0.0016468763,0.0032739767
2459887.7152679074,-0.00025236607,0.0032724726
2459887.7166567952,-0.0013988018,0.0032724212
2459887.718045683,0.002840519,0.0032731902
2459887.7194345705,-0.00044608116,0.0032751113
2459887.7208234584,-0.005888939,0.003268706
2459887.722212346,-0.0056481957,0.003272029
2459887.7236012337,0.001947403,0.003274616
2459887.7249901216,-0.0006302595,0.003275449
2459887.726379009,-0.0036295056,0.0032682694
2459887.727767897,-0.0050720572,0.003270135
2459887.7291567842,0.0012255907,0.003272429
2459887.730545672,0.0018742085,0.0032758105
2459887.7319345595,-0.0037718415,0.0032695658
2459887.7333234474,0.0019561052,0.0032739884
2459887.7347123353,0.0009063482,0.003272354
2459887.7361012227,-0.001370132,0.0032758897
2459887.7374901106,0.0018894672,0.003274344
2459887.738878998,0.0026278496,0.0032766715
2459887.740267886,0.0026282072,0.003276921
2459887.7416567733,0.003015399,0.0032761868
2459887.743045661,-0.0021818876,0.0032746664
2459887.7444345485,-0.0021358132,0.0032724994
2459887.7458234364,0.0003284216,0.0032724387
2459887.7472123243,0.0036951303,0.0032790138
2459887.7486012117,0.0033166409,0.003277625
2459887.7499900996,0.0035505295,0.0032768943
2459887.751378987,-0.0060462356,0.0032692591
2459887.752767875,0.005735874,0.0032740396
2459887.7541567623,-0.003991127,0.0032718056
2459887.75554565,0.004747987,0.0032783672
2459887.7569345376,-0.0015767813,0.0032753015
2459887.7583234254,-0.00425452,0.0032673676
2459887.759712313,-0.00062543154,0.003274379
2459887.7611012002,0.0035277605,0.0032734703
2459887.762490088,8.34465e-05,0.0032741225
2459887.7638789755,0.0035752058,0.0032733039
2459887.7652678634,0.003168106,0.0032751272
2459887.7666567513,-0.0020344853,0.0032685453
2459887.7680456387,0.0011025667,0.0032723178
2459887.7694345266,-0.002436936,0.0032701835
2459887.770823414,-0.002203703,0.0032729013
2459887.7722123014,0.00031971931,0.0032722906
2459887.7736011893,0.0003581047,0.0032742466
2459887.7749900767,-0.0011834502,0.0032712107
2459887.776378964,0.0031119585,0.0032738459
2459887.777767852,-0.00041520596,0.0032729164
2459887.77915674,0.00030696392,0.0032727178
2459887.780545627,-0.0030866861,0.0032725788
2459887.7819345146,-0.0018344522,0.0032708459
2459887.783323402,-0.00033599138,0.0032722943
2459887.78471229,-0.0043612123,0.0032717837
2459887.7861011773,-0.00082200766,0.0032755784
2459887.787490065,0.00025260448,0.0032750745
2459887.7888789526,0.00050902367,0.003271419
2459887.79026784,-0.002518475,0.003271104
2459887.791656728,0.0045460463,0.0032803302
2459887.7930456153,0.0017546415,0.0032731432
2459887.794434503,0.0011616945,0.0032736426
2459887.7958233906,0.0030903816,0.0032750731
2459887.797212278,0.0026415586,0.0032735993
2459887.798601166,-0.0015878081,0.0032719995
2459887.7999900533,-0.00409323,0.003270307
2459887.801378941,0.007452607,0.0032757092
2459887.8027678286,-0.0013346672,0.0032718845
2459887.804156716,-0.004135847,0.0032719288
2459887.8055456034,-0.0002657771,0.0032751926
2459887.8069344913,-0.0020172596,0.003273328
2459887.8083233787,-0.00061130524,0.003273573
2459887.809712266,-0.0032668114,0.0032702256
2459887.811101154,-0.0040712953,0.0032702421
2459887.8124900414,0.0016126633,0.0032735437
2459887.813878929,0.0058660507,0.003274916
2459887.815267816,0.006845832,0.0032771374
2459887.816656704,-0.001507163,0.0032739264
2459887.8180455915,-0.003949821,0.0032717953
2459887.819434479,0.0008267164,0.0032734564
2459887.8208233668,0.001745224,0.0032730442
2459887.822212254,0.002200365,0.0032737707
2459887.8236011416,0.0029382706,0.0032730682
2459887.824990029,-0.0013887286,0.0032719567
2459887.826378917,0.009802818,0.003278498
2459887.8277678043,0.00047290325,0.0032757286
2459887.8291566917,-0.002096951,0.0032761157
2459887.830545579,0.00039052963,0.0032715462
2459887.831934467,-0.0033649802,0.003273539
2459887.8333233544,-0.0044873953,0.0032677955
2459887.834712242,-0.0017209053,0.0032704636
2459887.836101129,0.0020298958,0.0032734256
2459887.8374900166,-0.0033040047,0.0032715655
2459887.8388789045,-0.0015097857,0.003273049
2459887.840267792,0.0017539263,0.0032721118
2459887.8416566793,0.00218153,0.003275506
2459887.8430455667,0.0057752132,0.0032769209
2459887.844434454,-0.003973186,0.0032729704
2459887.845823342,-0.0018274188,0.0032755586
2459887.8472122294,0.0019347668,0.00327366
2459887.848601117,4.9829483e-05,0.0032724924
2459887.849990004,-0.006779611,0.0032715946
2459887.8513788916,-0.004881978,0.0032723781
2459887.8527677795,0.0021368265,0.0032728615
2459887.854156667,-0.0032080412,0.0032709131
2459887.8555455543,-0.0066666603,0.0032683269
2459887.8569344417,-0.00636822,0.003269673
2459887.858323329,-0.0018728375,0.0032702195
2459887.8597122165,-0.003906846,0.00327354
2459887.861101104,-0.006599605,0.0032675578
2459887.8624899914,-0.0067768097,0.0032680873
2459887.863878879,0.0019049644,0.0032744627
2459887.8652677666,-0.00037527084,0.0032757362
2459887.866656654,6.592274e-05,0.00327468
2459887.8680455415,0.0013700724,0.0032753244
2459887.869434429,-0.0061817765,0.0032697564
2459887.8708233163,0.00058496,0.0032738394
2459887.8722122037,-0.0014317632,0.003268693
2459887.873601091,0.0026295185,0.0032729092
2459887.874989979,0.0011879206,0.003274455
2459887.876378866,-0.007153034,0.0032672675
2459887.877767754,-0.0024737716,0.0032719246
2459887.8791566407,-0.0018504262,0.0032738645
2459887.8805455286,0.004024148,0.0032769612
2459887.8819344155,-0.0015938878,0.003273227
2459887.8833233034,-0.0042254925,0.0032692202
2459887.884712191,0.005170107,0.0032764485
2459887.8861010782,0.00092327595,0.0032723085
2459887.8874899657,-0.0010116696,0.0032721001
2459887.888878853,-0.0024378896,0.0032734552
2459887.8902677405,-0.00071406364,0.003272836
2459887.891656628,0.002432704,0.0032737085
2459887.8930455153,0.002764821,0.0032751064
2459887.8944344027,0.0024981499,0.0032725572
2459887.89582329,-0.0060864687,0.003269839
2459887.8972121775,-0.0012512207,0.0032758398
2459887.898601065,-0.00050854683,0.0032740848
2459887.8999899523,0.0012346506,0.0032728508
2459887.9013788397,0.0005315542,0.0032731856
2459887.902767727,-0.004980445,0.0032716098
2459887.9041566146,0.0028754473,0.0032734354
2459887.905545502,-8.904934e-05,0.003272529
2459887.9069343894,-0.00010406971,0.0032723742
2459887.908323277,-0.0009112954,0.0032720568
2459887.909712164,-0.0013947487,0.0032708365
2459887.9111010516,0.0050178766,0.0032782939
2459887.912489939,0.0010399818,0.0032711474
2459887.913878826,-0.001547575,0.003271806
2459887.915267714,-0.0020381808,0.0032749567
2459887.9166566012,0.001339078,0.003272159
2459887.918045488,0.0016970634,0.0032745467
2459887.9194343756,-0.0038443208,0.0032730647
2459887.920823263,0.00055778027,0.003270355
2459887.9222121504,-0.007203877,0.0032713308
2459887.923601038,0.00560236,0.0032749616
2459887.924989925,6.9856644e-05,0.0032729688
2459887.9263788126,0.0011434555,0.0032734757
2459887.9277677,-0.0050762296,0.00327072
2459887.9291565875,0.0008560419,0.0032716424
2459887.9305454744,-0.010582507,0.0032686978
2459887.9319343623,-0.004244864,0.0032709904
2459887.933323249,0.0058481693,0.003278949
2459887.9347121366,0.0019356012,0.003272244
2459887.936101024,-0.0017579198,0.0032716608
2459887.9374899114,0.0014412403,0.0032748478
2459887.938878799,-0.002883613,0.0032704906
2459887.940267686,0.0034815073,0.003274263
2459887.9416565737,-0.003550887,0.0032721981
2459887.9430454606,0.002805233,0.0032738848
2459887.944434348,-0.005583644,0.0032708712
2459887.9458232354,-0.0009266138,0.0032728352
2459887.947212123,0.0030198097,0.0032749476
2459887.9486010103,-0.0047380924,0.0032704547
2459887.949989897,0.0022872686,0.0032737092
2459887.9513787846,0.0051395893,0.0032757812
2459887.952767672,0.0050543547,0.0032741136
2459887.9541565594,0.006943822,0.003274721
2459887.9555454464,-0.004115224,0.0032696677
2459887.956934334,-0.003996134,0.0032722808
2459887.958323221,0.003358841,0.003275666
2459887.9597121086,0.0046116114,0.003275242
2459887.961100996,0.0021942854,0.0032742852
2459887.962489883,-0.0013946295,0.0032704573
2459887.9638787704,-0.00802809,0.0032677408
2459887.965267658,0.000557065,0.0032742128
2459887.966656545,0.00020992756,0.00327214
2459887.968045432,0.00056767464,0.0032745788
2459887.9694343195,0.0028612614,0.0032743812
2459887.970823207,0.0013816357,0.003272439
2459887.9722120943,0.004608631,0.0032763765
2459887.9736009818,0.00038933754,0.0032751702
2459887.9749898687,-0.008244097,0.0032667206
2459887.976378756,-0.00022149086,0.0032733895
2459887.977767643,-0.0013245344,0.0032734596
2459887.9791565305,0.00042295456,0.0032730708
2459887.980545418,0.000874877,0.0032717413
2459887.9819343053,-0.000995338,0.0032778364
2459887.9833231927,-0.001008153,0.0032733157
2459887.9847120796,0.00049877167,0.0032749553
2459887.986100967,0.003698349,0.0032801563
2459887.987489854,-0.00025320053,0.0032717276
2459887.9888787414,0.00049602985,0.003274025
2459887.990267629,-0.0015907884,0.0032717332
2459887.991656516,-0.0005941391,0.0032761386
2459887.993045403,0.0049563646,0.0032736047
2459887.9944342906,-0.0016474724,0.0032695762
2459887.995823178,-0.00014281273,0.0032696486
2459887.997212065,0.00180614,0.0032741812
2459887.9986009523,0.0004440546,0.003271298
2459887.9999898393,0.003658414,0.0032773588
2459888.0013787267,-0.0026994348,0.0032722156
2459888.002767614,0.0023703575,0.0032754738
2459888.004156501,-0.0031254292,0.003272159
2459888.0055453884,0.0021694899,0.0032718075
2459888.006934276,-0.0026937127,0.003271306
2459888.008323163,0.0016633272,0.003277051
2459888.00971205,-0.007908165,0.0032665294
2459888.0111009376,-0.00102216,0.0032738405
2459888.0124898246,0.003417492,0.0032734035
2459888.013878712,0.0018364191,0.0032749008
2459888.015267599,0.0068291426,0.0032768887
2459888.0166564863,0.00014531612,0.0032729153
2459888.0180453737,-0.0022701025,0.0032709874
2459888.0194342607,0.0012917519,0.003271993
2459888.020823148,-0.0014952421,0.0032748638
2459888.022212035,0.0046322346,0.003276141
2459888.0236009224,0.0019636154,0.0032752627
2459888.0249898094,0.005087495,0.0032761337
2459888.026378697,-0.0035287142,0.0032700603
2459888.0277675837,-0.0018113852,0.0032702375
2459888.029156471,-0.0023105145,0.0032705222
2459888.030545358,0.0042892694,0.00327534
2459888.0319342455,0.0022006035,0.0032786927
2459888.0333231324,-0.0033878088,0.003273913
2459888.03471202,0.0010626316,0.0032724596
2459888.036100907,0.004858613,0.0032774527
2459888.037489794,-0.0031405687,0.0032705457
2459888.038878681,0.00051629543,0.0032728359
2459888.0402675685,0.00024747849,0.0032752063
2459888.0416564555,0.001942873,0.0032727122
2459888.043045343,0.0045125484,0.003276087
2459888.04443423,0.00038051605,0.0032729788
2459888.0458231173,0.0023107529,0.0032731197
2459888.0472120047,0.0017149448,0.0032744585
2459888.0486008916,0.001591444,0.0032740561
2459888.0499897785,0.0006941557,0.0032748186
2459888.051378666,-0.0005661845,0.0032744016
2459888.052767553,0.0040136576,0.0032743614
2459888.05415644,0.0011903048,0.0032752734
2459888.0555453273,0.0029358864,0.0032758948
2459888.0569342147,0.0008983612,0.003275639
2459888.0583231016,-0.0048811436,0.0032719322
2459888.059711989,0.0003900528,0.0032709022
2459888.061100876,-0.0041337013,0.0032709735
2459888.062489763,0.0013837814,0.0032724035
2459888.0638786503,-0.0021229386,0.0032748017
2459888.0652675373,-0.0010306835,0.0032729001
2459888.0666564247,0.00079870224,0.0032716817
2459888.0680453116,0.00023126602,0.0032745937
2459888.069434199,0.0024536848,0.0032726529
2459888.070823086,0.0026615858,0.0032760822
2459888.072211973,-0.00226897,0.0032695616
2459888.07360086,0.0015869141,0.0032712454
2459888.0749897473,-7.945299e-05,0.003274895
2459888.076378634,0.00031661987,0.003277621
2459888.0777675216,-0.002095759,0.0032725951
2459888.0791564086,0.0013643503,0.0032770769
2459888.0805452955,0.004933834,0.0032758247
2459888.081934183,0.0017678738,0.003272118
2459888.08332307,0.00095009804,0.0032723218
2459888.084711957,1.1563301e-05,0.0032733004
2459888.086100844,0.0003861189,0.0032720752
2459888.087489731,0.002057314,0.0032735919
2459888.0888786186,-0.002619028,0.0032703797
2459888.0902675055,0.0030229092,0.0032739933
2459888.0916563924,0.00042557716,0.0032738645
2459888.0930452794,-0.00061553717,0.0032724168
2459888.094434167,0.0034989119,0.0032733444
2459888.0958230537,-0.002573073,0.003269935
2459888.0972119407,-0.0049904585,0.0032708268
2459888.098600828,-0.003621161,0.0032742594
2459888.099989715,0.0041419268,0.003274858
2459888.101378602,-0.0075542927,0.0032700857
2459888.102767489,0.005207658,0.0032750063
2459888.1041563763,0.0036135912,0.0032730028
2459888.1055452633,0.000646472,0.00327488
2459888.10693415,-0.0056785345,0.0032679837
2459888.108323037,-0.003250301,0.0032758173
2459888.1097119246,-0.0034846067,0.0032704945
2459888.1111008115,0.002286315,0.00327804
2459888.1124896985,0.00265944,0.0032746347
2459888.113878586,-0.0008352399,0.0032751067
2459888.115267473,0.002084136,0.0032738114
2459888.1166563598,-0.0012375116,0.0032737546
2459888.1180452467,0.0028998852,0.003274517
2459888.1194341336,0.003515005,0.0032778487
2459888.120823021,-0.0030775666,0.003272254
2459888.122211908,-0.0020399094,0.0032710477
2459888.123600795,-0.00053685904,0.0032727844
2459888.124989682,-0.00026106834,0.0032737225
2459888.1263785693,0.0040664673,0.00327448
2459888.1277674558,0.0004698038,0.0032751218
2459888.129156343,0.00016248226,0.003275389
2459888.13054523,0.0017459393,0.0032741302
2459888.131934117,-0.0004220605,0.0032716612
2459888.133323004,-0.0017853975,0.0032735833
2459888.134711891,-0.0014219284,0.0032736755
2459888.1361007784,-0.0028824806,0.0032695988
2459888.1374896653,0.002669096,0.0032729118
2459888.1388785522,0.00073611736,0.0032722019
2459888.140267439,-0.0026040077,0.0032724075
2459888.141656326,-0.002631545,0.0032689152
2459888.1430452135,-0.0018656254,0.003271794
2459888.1444341,0.0023857355,0.0032768736
2459888.1458229874,-0.004058242,0.0032712992
2459888.1472118744,0.0007339716,0.003273296
2459888.1486007613,0.0029591322,0.0032750973
2459888.1499896483,-0.0032030344,0.0032704521
2459888.151378535,0.005562544,0.0032786124
2459888.152767422,0.001281023,0.0032753933
2459888.154156309,-0.0030964017,0.0032690694
2459888.1555451965,-2.3066998e-05,0.0032732743
2459888.156934083,-0.0007811785,0.0032729243
2459888.1583229704,-0.00026071072,0.0032728515
2459888.159711857,-0.002762854,0.003274832
2459888.1611007443,0.00057935715,0.0032744433
2459888.162489631,-0.004075587,0.0032737209
2459888.163878518,-0.004743874,0.003272046
2459888.165267405,-0.0031223297,0.003273224
2459888.166656292,0.00067698956,0.0032700712
2459888.168045179,0.0024398565,0.0032723255
2459888.169434066,-0.0019758344,0.0032736964
2459888.170822953,0.00063693523,0.003275392
2459888.17221184,0.004911661,0.0032751823
2459888.1736007268,0.003410697,0.003275029
2459888.1749896137,0.0019676685,0.0032731753
2459888.1763785006,-0.0005467534,0.0032737607
2459888.1777673876,-0.0056794286,0.003268309
2459888.1791562745,0.0036803484,0.003275111
2459888.1805451615,-0.0062835813,0.0032707108
2459888.1819340484,0.005418539,0.003276405
2459888.1833229354,-0.0005661845,0.003274089
2459888.1847118223,-0.004020095,0.0032718582
2459888.1861007093,0.00065135956,0.0032777234
2459888.187489596,-0.00460732,0.003271708
2459888.188878483,-0.0039417148,0.0032737236
2459888.19026737,-0.00017350912,0.003272167
2459888.191656257,-0.003178537,0.0032687855
2459888.193045144,-0.004589379,0.0032694016
2459888.194434031,0.00022697449,0.0032735441
2459888.195822918,-0.0023406148,0.003272472
2459888.197211805,-0.00594151,0.003270519
2459888.1986006917,0.00065660477,0.003274958
2459888.1999895787,-0.0020611286,0.0032714948
2459888.2013784656,0.0012718439,0.0032756296
2459888.2027673526,-0.00050771236,0.0032741558
2459888.204156239,-0.004876673,0.0032719963
2459888.2055451265,0.003213048,0.0032743227
2459888.2069340134,0.004333973,0.0032737167
2459888.2083229,0.0006811619,0.003275069
2459888.209711787,0.0046750307,0.0032777523
2459888.211100674,0.0078089237,0.0032750396
2459888.2124895607,0.0047347546,0.0032771127
2459888.2138784477,0.0040420294,0.003279743
2459888.2152673346,-0.0070408583,0.0032683276
2459888.2166562215,0.0012046099,0.0032732503
2459888.2180451085,-0.0044584274,0.003271874
2459888.2194339954,0.0003809929,0.00327703
2459888.220822882,-0.005437553,0.003267586
2459888.222211769,-0.00078457594,0.0032725637
2459888.223600656,-0.0007997751,0.0032713318
2459888.2249895427,-0.001571238,0.003275717
2459888.226378429,-0.0037320256,0.0032706764
2459888.2277673166,-0.0008356571,0.0032731723
2459888.2291562036,-0.0016061068,0.0032715884
2459888.23054509,0.0004914999,0.003273803
2459888.231933977,-0.00045388937,0.0032737793
2459888.233322864,-0.0010333657,0.003270163
2459888.234711751,0.0035768747,0.0032739097
2459888.2361006374,-0.0010861754,0.0032712827
2459888.2374895243,0.0028572083,0.0032793435
2459888.2388784112,-0.0008853674,0.003272453
2459888.240267298,0.0020244122,0.0032720051
2459888.241656185,0.0044112206,0.0032719576
2459888.2430450716,-0.0016547441,0.003276912
2459888.2444339585,0.004741192,0.0032769386
2459888.2458228455,0.00035476685,0.0032722102
2459888.2472117324,0.0005017519,0.003272491
2459888.2486006194,-0.0055672526,0.0032732247
2459888.249989506,-0.004927993,0.0032709886
2459888.251378393,-0.0042207837,0.0032689602
2459888.2527672797,0.0064759254,0.0032779812
2459888.2541561667,0.0050325394,0.0032744983
2459888.255545053,-0.0018954873,0.0032719972
2459888.25693394,-0.00622499,0.0032676212
2459888.258322827,0.0014079809,0.0032742673
2459888.2597117135,0.005144477,0.0032751088
2459888.2611006005,-0.00039035082,0.0032746776
2459888.2624894874,-0.0044597983,0.0032716533
2459888.2638783744,0.004524231,0.0032772617
2459888.265267261,-0.0051959753,0.0032732785
2459888.266656148,-0.0020326972,0.003272774
2459888.2680450347,-0.0023050904,0.0032715397
2459888.269433921,0.001164794,0.003274704
2459888.270822808,0.0054448843,0.0032768573
2459888.272211695,-0.0022082925,0.003272656
2459888.273600582,0.0058882236,0.0032769002
2459888.2749894685,0.0020118952,0.0032739697
2459888.2763783555,0.00065362453,0.0032736706
2459888.277767242,-0.0039414167,0.003273423
2459888.279156129,0.0016405582,0.0032748058
2459888.280545016,0.0035113096,0.003274243
2459888.2819339023,0.002590537,0.003271813
2459888.2833227892,0.0043495893,0.0032755022
2459888.284711676,0.0030499697,0.0032739353
2459888.286100563,0.004391551,0.0032761316
2459888.2874894496,0.0013189316,0.0032747486
2459888.2888783365,-0.0032072067,0.0032745309
2459888.290267223,-0.0041064024,0.0032699313
2459888.29165611,0.0026476383,0.003274195
2459888.293044997,-0.0022827983,0.0032726405
2459888.2944338834,0.0056853294,0.003277534
2459888.2958227703,0.0026068687,0.0032764785
2459888.297211657,-0.005208969,0.0032695364
2459888.2986005438,0.0026974678,0.0032719048
2459888.2999894302,0.0007368326,0.0032711416
2459888.301378317,0.0023767948,0.003276122
2459888.302767204,0.00053584576,0.0032729649
2459888.3041560906,-0.0016746521,0.003271971
2459888.3055449775,0.0029082298,0.003274587
2459888.306933864,-0.0001437664,0.0032763404
2459888.308322751,0.0046594143,0.0032768196
2459888.3097116374,-0.003255248,0.0032699849
2459888.3111005244,-0.0029776096,0.003274376
2459888.312489411,-0.0034401417,0.0032745693
2459888.313878298,0.0005096197,0.0032726335
2459888.3152671847,-0.00047796965,0.0032746168
2459888.316656071,0.0015701056,0.0032743316
2459888.318044958,0.0030292273,0.0032742983
2459888.3194338446,0.006275058,0.0032793062
2459888.3208227316,-0.0023351312,0.003273587
2459888.322211618,0.0033187866,0.003275588
2459888.323600505,0.0056625605,0.0032809167
2459888.3249893915,-0.003304243,0.0032728603
2459888.3263782784,-0.0037711859,0.0032722286
2459888.327767165,-0.00018149614,0.0032742799
2459888.3291560514,-0.0029197931,0.00327296
2459888.3305449383,0.0041109324,0.0032765262
2459888.331933825,7.2717667e-06,0.003273461
2459888.3333227118,0.00096321106,0.0032800545
2459888.3347115987,0.0027464628,0.003273154
2459888.336100485,0.0019128323,0.0032724182
2459888.337489372,0.0017524958,0.0032732573
2459888.3388782586,0.002849102,0.0032743488
2459888.340267145,0.00039339066,0.0032749006
2459888.341656032,0.0011576414,0.0032751728
2459888.3430449185,0.0030741692,0.0032752624
2459888.344433805,0.003431201,0.0032756228
2459888.345822692,-0.0015112162,0.003271427
2459888.347211579,0.004113674,0.0032764655
2459888.3486004653,0.0033153296,0.0032743074
2459888.349989352,-0.0019361377,0.0032709814
2459888.3513782388,0.0004711151,0.0032728624
2459888.3527671252,0.0037878752,0.0032766105
2459888.3541560117,-0.004186332,0.003269291
2459888.3555448987,-0.0020143986,0.0032714333
2459888.356933785,0.0013759136,0.0032754964
2459888.358322672,-0.00048977137,0.0032728312
2459888.3597115586,-0.0007557273,0.0032712533
2459888.361100445,0.000646472,0.00327249
2459888.362489332,-0.0039203763,0.0032728673
2459888.3638782185,-0.0016242862,0.0032758676
2459888.365267105,0.001938343,0.0032720696
2459888.366655992,-0.0031488538,0.00327331
2459888.3680448784,0.0016739368,0.0032767146
2459888.3694337653,0.0067522526,0.0032791367
2459888.370822652,0.0062389374,0.0032773719
2459888.3722115383,-0.003199637,0.0032723055
2459888.3736004247,0.0015718937,0.0032769612
2459888.3749893117,0.004054785,0.0032781244
2459888.376378198,0.0007992983,0.0032767402
2459888.3777670846,-0.0032035112,0.0032741488
2459888.3791559716,-0.0013806224,0.0032731793
2459888.380544858,0.0055692196,0.0032776725
2459888.3819337445,0.00310421,0.0032749898
2459888.383322631,-0.0038084388,0.0032722708
2459888.384711518,-0.0027041435,0.0032747781
2459888.3861004044,-0.005505383,0.0032722454
2459888.387489291,0.00011277199,0.0032722729
2459888.388878178,0.0010538101,0.0032719236
2459888.3902670643,-0.0016201735,0.003275461
2459888.391655951,-0.0031163096,0.0032737115
2459888.3930448373,0.0024808645,0.0032750047
2459888.394433724,0.008950591,0.003274989
2459888.3958226107,-0.0012885332,0.0032758361
2459888.397211497,0.0022535324,0.0032781318
2459888.398600384,0.00141716,0.0032753046
2459888.3999892706,-0.005795777,0.0032725495
2459888.401378157,0.0012085438,0.0032726284
2459888.4027670436,0.0054655075,0.0032770985
2459888.4041559305,-0.005364597,0.0032698512
2459888.4055448165,-0.0011112094,0.0032730477
2459888.4069337035,-0.005324602,0.0032707243
2459888.40832259,0.0030713081,0.0032739667
2459888.4097114764,-0.0022348762,0.0032710559
2459888.4111003634,-0.0017980337,0.0032704952
2459888.41248925,-0.00049066544,0.003277145
2459888.4138781363,-0.0037513375,0.0032712056
2459888.415267023,-0.00071156025,0.0032740273
2459888.4166559093,0.0018339157,0.0032733732
2459888.4180447957,0.002665162,0.0032731018
2459888.419433682,-0.0028030276,0.0032729893
2459888.420822569,-0.0017561913,0.0032711888
2459888.4222114556,-0.0035777688,0.003272099
2459888.423600342,-0.0048045516,0.0032694838
2459888.4249892286,0.001496315,0.003275682
2459888.426378115,0.003487587,0.0032746857
2459888.4277670016,0.0017235279,0.0032740894
2459888.4291558885,-0.0003979206,0.0032753407
2459888.4305447745,0.003412962,0.0032771642
2459888.4319336615,-0.008277893,0.003271304
2459888.433322548,-0.0005583763,0.0032737337
2459888.4347114344,0.0038405657,0.0032746824
2459888.436100321,-0.0060868263,0.0032709946
2459888.4374892074,-0.0010917783,0.0032721267
2459888.438878094,0.0005829334,0.0032748496
2459888.4402669803,-0.0024952888,0.0032708915
2459888.441655867,-0.000598371,0.003273078
2459888.4430447537,0.0013198853,0.0032758482
2459888.44443364,-0.0013200641,0.0032736845
2459888.4458225267,0.0010826588,0.0032761188
2459888.447211413,0.00014722347,0.0032741514
2459888.4486002997,0.00017511845,0.0032728964
2459888.449989186,-0.0012625456,0.0032744862
2459888.4513780726,0.0018247366,0.0032750475
2459888.452766959,-0.003633082,0.0032717723
2459888.4541558456,0.0010905266,0.003273998
2459888.455544732,0.003117323,0.003274688
2459888.4569336185,0.003781557,0.0032742845
2459888.458322505,0.0051984787,0.0032752075
2459888.4597113915,-0.00432086,0.0032705606
2459888.461100278,0.0029933453,0.0032751749
2459888.4624891644,0.00094020367,0.0032768568
2459888.463878051,-0.0070956945,0.0032674768
2459888.4652669374,-0.0005132556,0.00327278
2459888.466655824,-0.0009803772,0.0032761483
2459888.4680447103,-0.0018625259,0.0032743067
2459888.469433597,0.0026435852,0.0032745167
2459888.4708224833,-0.0016904473,0.0032769386
2459888.47221137,-0.00082826614,0.003273794
2459888.4736002563,-0.0016771555,0.003269481
2459888.4749891427,0.0015466213,0.0032751188
2459888.476378029,0.0025818348,0.003274086
2459888.4777669157,8.714199e-05,0.0032747423
2459888.479155802,-0.0006389022,0.0032747982
2459888.4805446886,-0.0033797026,0.0032715313
2459888.481933575,0.00091946125,0.0032752235
2459888.4833224616,-0.0031808615,0.003271843
2459888.484711348,-1.9431114e-05,0.003274967
2459888.4861002346,0.0006670952,0.0032712398
2459888.487489121,-0.00018411875,0.0032771532
2459888.488878007,0.003327012,0.0032739362
2459888.4902668935,-0.0011402965,0.0032720328
2459888.49165578,0.00054967403,0.0032750126
2459888.4930446665,0.0053423643,0.0032759719
2459888.494433553,0.00029170513,0.0032777875
2459888.4958224394,-0.0040373206,0.0032709322
2459888.497211326,-0.0012387633,0.00327122
2459888.4986002124,0.0039982796,0.003275081
2459888.499989099,9.179115e-06,0.0032727497
2459888.501377985,-0.0030314326,0.0032738496
2459888.5027668714,-0.0033676028,0.003271933
2459888.504155758,-0.0011957288,0.00327281
2459888.5055446443,0.0009909868,0.0032742855
2459888.506933531,0.0040204525,0.00327512
2459888.5083224173,0.00044715405,0.00327392
2459888.5097113037,-0.00082689524,0.0032718116
2459888.5111001898,-0.0006790757,0.0032723602
2459888.5124890762,-0.0045417547,0.0032728834
2459888.5138779627,0.003899932,0.003274603
2459888.515266849,0.0017652512,0.003272668
2459888.5166557357,-0.0019393563,0.003273046
2459888.518044622,0.002049327,0.003275584
2459888.5194335086,-0.00475049,0.0032693727
2459888.5208223946,-0.0012162924,0.0032723418
2459888.522211281,-0.0018452406,0.0032726005
2459888.5236001676,0.0005670786,0.0032769411
2459888.524989054,0.0046087503,0.0032791216
2459888.52637794,0.0042784214,0.0032751567
2459888.5277668266,6.0796738e-06,0.0032723234
2459888.529155713,-0.00094366074,0.003271104
2459888.5305445995,0.003748417,0.0032753327
2459888.531933486,-0.0050049424,0.0032696242
2459888.533322372,0.003215909,0.0032775064
2459888.5347112585,0.0016540289,0.0032729625
2459888.536100145,0.0030571222,0.0032753383
2459888.537489031,-0.00027382374,0.00327401
2459888.5388779175,-0.0004824996,0.0032724692
2459888.540266804,0.0075206757,0.0032767444
2459888.5416556904,0.0010104179,0.0032750447
2459888.5430445764,-0.00015228987,0.0032763735
2459888.5458223494,-0.00074362755,0.0032760745
2459888.547211236,-0.0024698377,0.003272169
2459888.5486001223,-0.002598226,0.0032740575
2459888.5499890083,0.0045363903,0.0032804215
2459888.551377895,-0.0034471154,0.0032717045
2459888.5541556673,-0.002385497,0.0032718058
2459888.555544554,0.00071144104,0.003275578
2459888.55693344,-0.0020412207,0.0032732817
2459888.5583223263,-0.0008801222,0.003271691
2459888.5597112128,-0.003243506,0.0032754026
2459888.5611000992,-0.0032693148,0.0032738263
2459888.5624889852,0.00039196014,0.003274765
2459888.5638778717,0.0021898746,0.0032761248
2459888.5652667577,0.0018250942,0.0032747702
2459888.566655644,-0.0009665489,0.0032703716
2459888.56804453,-0.0016586185,0.0032734927
2459888.5694334167,-0.0009936094,0.0032749386
2459888.570822303,-0.0011861324,0.0032736287
2459888.572211189,0.003653407,0.0032796236
2459888.5736000757,0.0013177395,0.0032745863
2459888.574988962,-0.0005579591,0.0032708298
2459888.576377848,0.0028990507,0.003275833
2459888.5777667346,0.0005389452,0.0032733744
2459888.579155621,0.00044441223,0.0032757805
2459888.580544507,-0.0022113323,0.0032717565
2459888.5819333936,-0.001460433,0.0032796303
2459888.58332228,0.0017901659,0.0032724782
2459888.584711166,-0.0028719902,0.003272331
2459888.5861000526,0.00043225288,0.0032736748
2459888.5874889386,-0.000490427,0.0032721523
2459888.588877825,-0.0038700104,0.0032734529
2459888.590266711,-0.0008083582,0.0032734235
2459888.5916555976,0.0054425,0.003275342
2459888.593044484,-0.0045805573,0.0032734396
2459888.59443337,-0.00047010183,0.0032748836
2459888.5958222565,-0.0024062395,0.003270429
2459888.5972111425,0.0010393858,0.003274786
2459888.598600029,0.0033494234,0.0032750524
2459888.599988915,-0.0020967126,0.0032705923
2459888.6013778015,-0.0036454797,0.0032709881
2459888.6027666875,0.0007878542,0.0032722424
2459888.604155574,0.0014777184,0.0032740813
2459888.60554446,-0.0015001893,0.0032716228
2459888.606933346,0.004331827,0.003276448
2459888.6083222325,-0.0025729537,0.0032717471
2459888.6097111185,0.0037220716,0.0032794953
2459888.611100005,0.00030124187,0.0032734757
2459888.612488891,0.0025647879,0.003274271
2459888.6138777775,0.00213933,0.0032737588
2459888.615266664,-0.0023583174,0.0032753292
2459888.61665555,-0.0021776557,0.0032713623
2459888.6180444364,-0.0022799969,0.003273476
2459888.6194333225,0.0048098564,0.0032753514
2459888.6208222085,0.002375245,0.0032748724
2459888.622211095,-0.0002078414,0.0032745672
2459888.623599981,-0.0004643798,0.0032718235
2459888.6249888674,0.0013123751,0.003274389
2459888.6263777534,-0.0004248023,0.0032756375
2459888.62776664,0.0004285574,0.0032736198
2459888.629155526,0.0011051893,0.003273818
2459888.630544412,0.0042197704,0.003275424
2459888.6319332984,-0.001940012,0.003276379
2459888.6333221844,-0.0020925403,0.0032725958
2459888.634711071,-0.0027564764,0.0032701828
2459888.636099957,0.0030548573,0.0032780203
2459888.6374888434,-0.0007253289,0.0032700447
2459888.6388777294,0.0054296255,0.0032764466
2459888.6402666154,0.001790762,0.0032740938
2459888.6416555014,-0.0014374852,0.003270922
2459888.643044388,-0.0014846921,0.0032709064
2459888.644433274,-0.00035721064,0.0032705397
2459888.6458221604,7.4625015e-05,0.0032712512
2459888.6472110464,0.0031232834,0.0032748668
2459888.6485999324,0.00019288063,0.003274497
2459888.649988819,-0.0026723742,0.0032733332
2459888.651377705,-0.0010517836,0.003275196
2459888.652766591,-0.0011959076,0.0032711439
2459888.654155477,0.0021759272,0.0032748708
2459888.6555443634,-0.0023912787,0.0032750373
2459888.65693325,4.6491623e-05,0.0032740848
2459888.658322136,0.0053185225,0.0032743989
2459888.659711022,0.0009884834,0.0032739465
2459888.661099908,-0.009519637,0.0032682496
2459888.6624887944,-0.0004912615,0.0032742685
2459888.6638776804,0.00034606457,0.0032754769
2459888.6652665664,0.0026283264,0.003274633
2459888.666655453,-0.0006661415,0.0032724694
2459888.668044339,-0.0016860366,0.0032732636
2459888.669433225,-0.0003784299,0.0032732876
2459888.670822111,-0.0064417124,0.0032685332
2459888.6722109974,-0.005674064,0.003270045
2459888.6735998834,-8.201599e-05,0.003274768
2459888.6749887695,0.0023772717,0.0032741486
2459888.6763776555,-0.0042984486,0.0032721483
2459888.677766542,0.0020358562,0.003276614
2459888.679155428,-0.0003117323,0.0032741518
2459888.680544314,-0.0007933974,0.0032731073
2459888.6819332,-0.0028743744,0.0032702761
2459888.683322086,0.007110715,0.0032765202
2459888.6847109725,-0.0038717985,0.0032710184
2459888.6860998585,0.0047832727,0.0032751227
2459888.6874887445,0.0043604374,0.003276319
2459888.688877631,-1.6510487e-05,0.0032718782
2459888.690266517,0.0024459362,0.003275941
2459888.691655403,0.009445667,0.0032794836
2459888.693044289,0.001378417,0.0032763395
2459888.694433175,0.005817294,0.0032750329
2459888.695822061,0.00056767464,0.0032762592
2459888.6972109475,0.002092123,0.0032771784
2459888.6985998335,0.00036919117,0.0032733846
2459888.6999887195,-0.0002914667,0.0032732012
2459888.7013776056,0.0011142492,0.0032738217
2459888.7027664916,-0.0036896467,0.0032695776
2459888.704155378,-0.0010588765,0.003277095
2459888.7055442636,-0.0025407076,0.0032718382
2459888.70693315,0.004968047,0.0032780578
2459888.708322036,-0.0061995387,0.0032703371
2459888.709710922,0.0006235838,0.0032737188
2459888.711099808,-0.00088375807,0.0032765907
2459888.712488694,0.0036232471,0.0032764976
2459888.7138775806,0.004012704,0.0032756024
2459888.715266466,-0.008237362,0.003271015
2459888.7166553526,0.0005161762,0.0032723045
2459888.7180442386,0.0067414045,0.003275746
2459888.7194331246,0.0014744997,0.0032738508
2459888.7208220107,2.7656555e-05,0.0032729956
2459888.7222108967,0.0025212765,0.003278666
2459888.7235997827,4.529953e-06,0.0032774827
2459888.7249886687,-0.0011082292,0.0032724019
2459888.7263775547,0.0021573305,0.0032723432
2459888.7277664407,-0.001830399,0.003270917
2459888.730544213,0.002215147,0.0032729453
2459888.731933099,-0.003962636,0.0032695844
2459888.733321985,-0.004044473,0.003273232
2459888.7347108712,0.0016614199,0.003275335
2459888.7360997573,0.00082457066,0.003272467
2459888.7374886433,0.004257202,0.0032762722
2459888.7388775293,-0.00645411,0.0032722556
2459888.7402664153,0.0069577694,0.0032801505
2459888.7416553013,0.0049163103,0.0032780555
2459888.7430441873,-0.0010034442,0.003276721
2459888.7444330733,-0.0019655824,0.003275426
2459888.7458219593,0.00086963177,0.003275904
2459888.7472108454,-0.0005071163,0.0032726924
2459888.7485997314,-0.0052723885,0.0032697292
2459888.7499886174,0.0008573532,0.0032724128
2459888.7513775034,0.00032186508,0.0032717052
2459888.7527663894,-0.0030629635,0.003270615
2459888.7541552754,-0.004525602,0.0032701625
2459888.7555441614,0.0040483475,0.0032759102
2459888.7569330474,-0.0030953288,0.003273674
2459888.7583219334,0.0023230314,0.003278638
2459888.7597108195,-0.0022178292,0.003270865
2459888.7610997055,0.0032572746,0.0032756156
2459888.762488591,0.0038375854,0.0032795689
2459888.7638774775,-0.0024653077,0.0032709553
2459888.7652663635,0.001955986,0.003275154
2459888.766655249,0.0033313036,0.003275135
2459888.768044135,-0.006298065,0.0032698866
2459888.769433021,0.004737854,0.003276863
2459888.770821907,-0.0026670694,0.0032718938
2459888.772210793,-0.0038781166,0.003270935
2459888.773599679,0.0013793707,0.0032742962
2459888.774988565,-0.0024328828,0.003273747
2459888.776377451,0.0004400015,0.0032728706
2459888.777766337,0.0005042553,0.003273283
2459888.7791552227,0.0038621426,0.0032753781
2459888.780544109,0.0004862547,0.0032753395
2459888.7819329947,0.0015159845,0.0032713204
2459888.7833218807,0.0012959242,0.0032717332
2459888.7847107667,-0.0024793744,0.003273992
2459888.7860996528,-0.0046929717,0.0032711616
2459888.787488539,0.005085945,0.0032760883
2459888.788877425,0.0022188425,0.0032737001
2459888.790266311,-0.0039536953,0.0032724554
2459888.7916551963,0.009267926,0.0032773213
2459888.7930440824,0.0012301207,0.0032750487
2459888.7944329684,-0.0010078549,0.0032729812
2459888.7958218544,-0.0014152527,0.003275296
2459888.7972107404,0.0023781061,0.0032763418
2459888.7985996264,-0.00018590689,0.0032748568
2459888.7999885124,-0.0032045245,0.003274055
2459888.801377398,-0.0063112974,0.0032715632
2459888.802766284,0.0025314093,0.0032754042
2459888.80415517,-0.0019239783,0.0032740494
2459888.805544056,0.0023070574,0.0032759784
2459888.806932942,0.0021065474,0.0032736766
2459888.8083218276,0.0025838614,0.00327351
2459888.8097107136,-0.0015788078,0.003274858
2459888.8110995996,0.0025539398,0.0032752457
2459888.8124884856,-0.0026121736,0.0032736275
2459888.813877371,-0.0044436455,0.0032715567
2459888.815266257,0.0050982237,0.0032756906
2459888.816655143,-0.002269864,0.003270889
2459888.818044029,9.536743e-06,0.0032794068
2459888.819432915,-0.0008635521,0.003277581
2459888.8208218007,-0.0006004572,0.003273004
2459888.8222106867,0.0026595592,0.0032748193
2459888.8235995723,0.00056779385,0.0032731232
2459888.8249884583,-0.0016953945,0.0032748003
2459888.8263773443,-0.00033974648,0.0032724543
2459888.8277662303,-0.00012201071,0.0032719288
2459888.8291551163,-0.0007160902,0.0032758433
2459888.830544002,-0.0032325983,0.0032738673
2459888.831932888,0.0045388937,0.0032755232
2459888.8333217734,0.0036587715,0.0032749556
2459888.8347106595,0.0011398792,0.0032780855
2459888.8360995455,-0.00407362,0.0032740294
2459888.8374884315,-0.00095641613,0.003274743
2459888.8388773175,0.003532648,0.0032776438
2459888.840266203,0.0008728504,0.0032747132
2459888.841655089,0.0076282024,0.003276203
2459888.8430439746,0.0054467916,0.0032748403
2459888.8444328606,0.0051397085,0.003278174
2459888.845821746,0.0056319237,0.0032768545
2459888.847210632,-0.0008185506,0.0032743367
2459888.848599518,0.0031050444,0.003276392
2459888.849988404,-0.00291574,0.0032724484
2459888.8513772897,0.0019190311,0.0032745167
2459888.8527661758,-0.0022935271,0.00327113
2459888.8555439473,-0.0057265162,0.003269752
2459888.8569328333,-0.002518177,0.0032727884
2459888.858321719,-0.0002978444,0.0032726028
2459888.859710605,-0.0010908842,0.0032722324
2459888.861099491,0.000813365,0.0032720554
2459888.8624883764,0.0020873547,0.0032753395
2459888.8638772625,-0.0016441345,0.003272204
2459888.8694328056,-0.0006762147,0.0032721087
2459888.8708216916,0.0015609264,0.0032746636
2459888.872210577,-0.00039982796,0.0032747725
2459888.873599463,0.0062777996,0.0032745618
2459888.8749883487,0.00330472,0.0032760848
2459888.8763772347,-0.0023201108,0.0032727253
2459888.8777661202,0.005264759,0.0032765511
2459888.8791550063,-0.0012024641,0.0032738368
2459888.880543892,0.0080935955,0.0032775463
2459888.881932778,0.0061370134,0.003276563
2459888.883321664,-0.005349517,0.0032723264
2459888.8847105494,-0.0012479424,0.0032712184
2459888.8860994354,-0.0032692552,0.0032731614
2459888.887488321,-0.0011689663,0.003275135
2459888.888877207,-0.0017251372,0.003274095
2459888.8902660925,0.0019849539,0.003275944
2459888.891654978,-0.0053390265,0.0032694722
2459888.893043864,0.0038208961,0.003275657
2459888.8944327496,0.00020742416,0.0032736268
2459888.8958216356,-3.582239e-05,0.0032761379
2459888.897210521,0.000764966,0.0032764478
2459888.898599407,-0.003303647,0.0032716356
2459888.8999882927,-0.002587378,0.0032718924
2459888.9013771787,-0.0013635755,0.0032708473
2459888.9027660643,-0.00018650293,0.0032732326
2459888.9041549503,0.0025377274,0.0032762075
2459888.905543836,-0.0060016513,0.0032690552
2459888.9069327214,-0.0029058456,0.0032712147
2459888.9083216074,-0.0005130172,0.003275255
2459888.909710493,0.000310421,0.0032742845
2459888.911099379,0.001875639,0.003275836
2459888.9138771505,0.0027745962,0.0032748189
2459888.915266036,-0.0025729537,0.003271425
2459888.9166549216,0.0029634237,0.0032735083
2459888.9180438076,-0.0027241707,0.003271493
2459888.919432693,0.0014727116,0.0032753993
2459888.920821579,0.0014437437,0.0032745432
2459888.9222104647,0.0037902594,0.0032761244
2459888.9235993503,-0.0034749508,0.003276607
2459888.9249882363,0.0077775717,0.0032779714
2459888.926377122,-0.0028480887,0.0032742969
2459888.927766008,-0.0021221638,0.0032731926
2459888.9291548934,0.0017186403,0.0032741406
2459888.930543779,0.0031028986,0.0032780762
2459888.9319326645,0.0023428202,0.0032726915
2459888.9333215505,-0.0031963587,0.0032720643
2459888.9347104365,-0.0022712946,0.0032709278
2459888.936099322,0.00096070766,0.0032743006
2459888.9374882076,-0.00038921833,0.0032777104
2459888.938877093,-0.0011281371,0.0032715595
2459888.940265979,0.0015465021,0.0032759923
2459888.9416548647,0.007259965,0.0032797682
2459888.9430437502,0.00056254864,0.0032748738
2459888.944432636,-0.00406152,0.0032699872
2459888.945821522,0.0016157627,0.0032798548
2459888.9472104074,-0.0015392303,0.0032703187
2459888.948599293,-0.0009612441,0.0032714664
2459888.949988179,0.003478527,0.0032771346
2459888.9513770645,-0.002665341,0.0032706826
2459888.95276595,-0.0036764145,0.0032704035
2459888.9541548355,-0.0056700706,0.0032712372
2459888.9555437216,-0.0059990287,0.003270965
2459888.956932607,-0.008702278,0.0032703576
2459888.9597103787,0.0039395094,0.0032764503
2459888.961099264,0.0015227795,0.0032748813
2459888.9624881498,0.0023560524,0.0032729742
2459888.9638770353,0.0033202171,0.003274178
2459888.9652659213,0.0027736425,0.0032776748
2459888.966654807,-0.002485633,0.0032740086
2459888.9680436924,-0.00015938282,0.0032736857
2459888.969432578,0.00044059753,0.0032740035
2459888.9708214635,-0.0046216846,0.0032746224
2459888.9722103495,-0.00034087896,0.0032763318
2459888.973599235,0.0012149811,0.003275475
2459888.9749881206,0.00312984,0.003273707
2459888.976377006,-0.0045620203,0.0032696538
2459888.9777658917,-0.0029819012,0.003272463
2459888.9791547777,0.0027489662,0.003277288
2459888.9805436633,-0.0042150617,0.003270529
2459888.981932549,-0.0073379874,0.0032699136
2459888.9833214344,-0.006509602,0.0032682968
2459888.98471032,0.0023946762,0.0032749928
2459888.9860992054,-0.0022218823,0.0032732163
2459888.988876977,0.0036164522,0.003275877
2459888.9902658626,-0.003563702,0.003272373
2459888.9930436336,0.0037454367,0.0032770578
2459888.994432519,0.0049140453,0.003275759
2459888.9958214047,-0.0005916357,0.0032739302
2459888.9972102907,0.0027548075,0.0032762615
2459888.9985991763,-5.1498413e-05,0.0032756163
2459888.999988062,-0.0012820363,0.00327257
2459889.0013769474,0.0005668402,0.0032735076
2459889.002765833,-0.0029506087,0.0032726843
2459889.0041547185,-0.0008020997,0.0032742715
2459889.005543604,0.002019167,0.003274646
2459889.0069324896,0.0046298504,0.0032754482
2459889.008321375,-0.0027408004,0.0032747276
2459889.0097102607,0.004340172,0.003274451
2459889.0110991467,0.0021595955,0.0032732713
2459889.0124880318,-0.0014964938,0.003275029
2459889.013876918,-0.0008023977,0.0032724845
2459889.015265803,-0.0019056797,0.003275167
2459889.016654689,-0.0012070537,0.003271106
2459889.018043574,-0.00076138973,0.0032727784
2459889.01943246,0.0013380051,0.0032749544
2459889.0208213455,-0.0040478706,0.0032700005
2459889.022210231,0.0014185905,0.003274013
2459889.0235991166,-0.0019744039,0.003271228
2459889.024988002,-0.0016265512,0.0032739711
2459889.0263768877,-0.0029290915,0.0032701576
2459889.0277657732,0.0017594099,0.0032730915
2459889.029154659,-0.0023140311,0.003273859
2459889.0305435443,0.0015562773,0.0032764466
2459889.03193243,-0.0015178323,0.0032710186
2459889.0333213154,-0.0019493103,0.0032714366
2459889.034710201,-0.00027912855,0.003272714
2459889.0360990865,0.0005249977,0.0032731246
2459889.037487972,0.0013471842,0.0032752303
2459889.0388768576,-0.002366364,0.0032715949
2459889.0402657427,-0.0017408729,0.0032714691
2459889.0416546287,-0.0013863444,0.003270166
2459889.0430435142,-0.00261873,0.0032708142
2459889.0444324,0.0047006607,0.0032742594
2459889.0458212853,0.0021755695,0.0032758703
2459889.0472101704,-0.00089621544,0.0032751402
2459889.048599056,-0.0005880594,0.003273511
2459889.0499879415,-0.0015215278,0.0032732373
2459889.051376827,-0.0014322996,0.0032707143
2459889.0527657126,0.0010432005,0.0032731674
2459889.054154598,-9.286404e-05,0.0032740387
2459889.0555434837,0.0005463362,0.0032731867
2459889.0569323692,-0.005584419,0.0032709006
2459889.058321255,0.0045815706,0.0032762021
2459889.0597101403,0.0020543337,0.0032755116
2459889.062487911,0.0035161972,0.0032761677
2459889.0638767965,-0.000911355,0.0032735153
2459889.065265682,-0.0032595396,0.0032689106
2459889.0666545676,0.00091791153,0.0032747125
2459889.068043453,-0.00011026859,0.003274727
2459889.0708212242,0.0034079552,0.0032762962
2459889.0722101093,-0.0035715103,0.0032732715
2459889.073598995,-0.0009875894,0.0032782606
2459889.0749878804,0.0072852373,0.0032772073
2459889.076376766,0.0039845705,0.0032768815
2459889.0777656515,0.00028014183,0.003275602
2459889.079154537,0.0026464462,0.0032713683
2459889.0805434226,0.00503695,0.0032769705
2459889.0819323077,0.00022399426,0.0032737325
2459889.0833211932,-0.0024800897,0.003271808
2459889.084710079,0.0027647018,0.0032737162
2459889.0860989643,-0.0059140325,0.003268515
2459889.08748785,0.0014926195,0.0032742626
2459889.088876735,0.00086677074,0.0032723714
2459889.0902656205,0.0048570633,0.0032753728
2459889.091654506,-0.00036901236,0.0032767132
2459889.0930433916,-7.677078e-05,0.003272268
2459889.0944322767,-0.007724762,0.0032681928
2459889.095821162,0.005151868,0.0032774445
2459889.0972100478,-0.0016776323,0.0032779125
2459889.0985989333,0.006319642,0.0032785167
2459889.099987819,0.0033119917,0.0032764259
2459889.1027655895,-0.001351893,0.0032746084
2459889.104154475,-0.0063574314,0.00326869
2459889.1055433606,0.01100111,0.003277683
2459889.108321131,-0.005869508,0.0032689979
2459889.1097100168,0.002078414,0.0032730172
2459889.111098902,0.0021922588,0.0032729893
2459889.1124877874,-0.0028440952,0.0032697842
2459889.113876673,0.0040231943,0.0032739544
2459889.1152655585,-0.0069671273,0.0032689027
2459889.1166544436,-2.670288e-05,0.0032751434
2459889.118043329,0.0038452148,0.003273815
2459889.1194322146,0.0053390265,0.0032789286
2459889.1208210997,-0.0033536553,0.0032720347
2459889.1222099853,-0.0017985702,0.0032726692
2459889.1235988704,0.0018289089,0.0032743518
2459889.124987756,-0.0011026859,0.0032725043
2459889.1263766414,-0.0008714199,0.0032726855
2459889.127765527,-0.003844738,0.0032710924
2459889.129154412,-0.0020085573,0.0032693648
2459889.1305432976,0.0071992874,0.003279563
2459889.131932183,0.0029177666,0.0032783328
2459889.1333210682,0.00044727325,0.0032748284
2459889.134709954,0.0010347366,0.0032751656
2459889.136098839,-9.506941e-05,0.003274519
2459889.1374877244,0.0015017986,0.003274524
2459889.13887661,-0.0018555522,0.0032715113
2459889.140265495,0.004503727,0.0032745514
2459889.1416543806,-0.0017486811,0.0032722855
2459889.1430432657,0.0022076368,0.0032752042
2459889.144432151,-0.002858758,0.0032713406
2459889.1458210363,-0.0016592741,0.0032711518
2459889.147209922,-0.0052013993,0.003270389
2459889.1485988074,-0.0019599795,0.0032728047
2459889.1499876925,0.0010085106,0.00327628
2459889.151376578,-0.003260374,0.0032717534
2459889.152765463,-0.003338337,0.0032716
2459889.1555432337,0.0020962954,0.0032746042
2459889.1569321193,-0.0027800798,0.003272671
2459889.1583210044,-0.0021407008,0.003270082
2459889.15970989,0.0012556314,0.0032767544
2459889.1610987755,-0.0016847253,0.0032704675
2459889.1624876605,0.00169909,0.0032767272
2459889.163876546,-0.0034204125,0.0032729853
2459889.165265431,-0.005615413,0.0032724226
2459889.1666543167,-0.0046206117,0.0032713448
2459889.168043202,-0.0026015043,0.0032709443
2459889.1694320873,0.004107356,0.0032778354
2459889.170820973,0.00204432,0.003273833
2459889.172209858,0.002769947,0.003272794
2459889.1735987435,-0.0042116046,0.003269871
2459889.1749876286,-5.5491924e-05,0.0032711364
2459889.1763765137,-0.0053825974,0.003268922
2459889.177765399,0.0004223585,0.0032727376
2459889.1791542843,-0.0010302067,0.0032727697
2459889.18054317,1.0609627e-05,0.0032747628
2459889.181932055,-0.000821054,0.0032717711
2459889.1833209405,0.002628088,0.0032751483
2459889.1847098256,0.0018204451,0.0032758575
2459889.186098711,0.003534913,0.0032742056
2459889.187487596,-0.0040851235,0.0032734189
2459889.190265367,-0.0009573102,0.0032743176
2459889.1930431374,-0.0029401183,0.0032733763
2459889.1944320225,-0.0027456284,0.0032729963
2459889.199987564,-0.0063440204,0.0032698803
2459889.201376449,-0.00048565865,0.0032705944
2459889.2027653344,-0.0016471744,0.0032736547
2459889.2041542195,-0.0040765405,0.003271573
2459889.2055431046,0.00051403046,0.003272797
2459889.20693199,-4.5478344e-05,0.0032729355
2459889.208320875,0.00010895729,0.0032765113
2459889.2097097603,-0.0029920936,0.0032746412
2459889.211098646,0.0029149055,0.0032733402
2459889.212487531,0.001449585,0.003276081
2459889.213876416,0.006252289,0.0032752228
2459889.2152653015,-0.0029657483,0.0032711697
2459889.2166541866,-0.0035057664,0.0032708463
2459889.218043072,0.005371928,0.0032770906
2459889.219431957,0.0007288456,0.0032736682
2459889.2208208423,-0.0017780066,0.0032707732
2459889.2222097274,0.0013524294,0.0032731183
2459889.223598613,0.0046190023,0.0032764524
2459889.224987498,0.0057655573,0.0032752266
2459889.226376383,0.00074243546,0.0032765798
2459889.2277652686,0.0017819405,0.003279568
2459889.2291541537,0.002806902,0.0032760312
2459889.230543039,0.00030517578,0.0032751977
2459889.231931924,0.0030252934,0.0032764398
2459889.2333208094,0.004324794,0.003277135
2459889.2347096945,0.0019168854,0.0032769481
2459889.2360985796,0.003545642,0.003274763
2459889.237487465,0.0021197796,0.0032749602
2459889.23887635,0.0016903877,0.0032737865
2459889.2402652353,-0.0070955157,0.00327135
2459889.2416541204,-0.0016418695,0.0032739593
2459889.243043006,0.0026865005,0.0032759048
2459889.244431891,0.0024746656,0.0032792578
2459889.245820776,0.0058642626,0.003277259
2459889.247209661,0.002041936,0.0032763022
2459889.2485985463,0.0025093555,0.003274272
2459889.249987432,0.0027048588,0.0032754662
2459889.251376317,0.0003284216,0.003274251
2459889.252765202,-0.004557252,0.003272092
2459889.254154087,-0.0007866621,0.0032718536
2459889.2555429726,0.0016444921,0.0032751237
2459889.2569318577,0.004327297,0.003275826
2459889.2583207428,-0.005389631,0.0032742023
2459889.259709628,-0.00030130148,0.0032732752
2459889.261098513,-0.002590716,0.0032724517
2459889.2624873985,-0.0008314848,0.0032692302
2459889.263876283,0.0006952286,0.0032754343
2459889.2652651686,0.0022449493,0.0032761141
2459889.2666540537,-0.0008254647,0.0032728345
2459889.268042939,0.004109621,0.0032785726
2459889.269431824,0.0023435354,0.0032748189
2459889.270820709,0.0058922768,0.0032753395
2459889.2722095945,0.0034276247,0.0032757453
2459889.273598479,-0.0010417104,0.0032742103
2459889.2749873647,-0.0039148927,0.0032735635
2459889.2763762497,0.0045534372,0.0032756575
2459889.277765135,3.0040741e-05,0.0032721017
2459889.27915402,0.002374649,0.00327813
2459889.280542905,-0.0006727576,0.003275057
2459889.2819317905,-0.0030910373,0.003271389
2459889.283320675,-0.0025837421,0.0032717136
2459889.2847095607,0.0035123825,0.0032764736
2459889.2860984453,0.0014464855,0.0032761307
2459889.287487331,-0.0036147237,0.003271862
2459889.288876216,0.0005992651,0.0032712177
2459889.290265101,0.003985405,0.003274862
2459889.291653986,-0.003558755,0.0032728724
2459889.293042871,0.0064530373,0.003279112
2459889.2944317563,0.0044304132,0.0032785586
2459889.2958206413,0.0039685965,0.00327537
2459889.2972095264,0.0057851076,0.0032815272
2459889.2985984115,-0.00025826693,0.0032719315
2459889.2999872966,0.0031358004,0.0032723164
2459889.3013761817,-0.0025268793,0.0032717558
2459889.3027650667,0.002049923,0.003278494
2459889.304153952,0.00045490265,0.003272344
2459889.305542837,0.00029969215,0.0032748713
2459889.306931722,0.0022107363,0.0032755318
2459889.308320607,0.004126787,0.0032780597
2459889.309709492,-0.004373133,0.0032733802
2459889.3110983777,0.0066616535,0.0032782212
2459889.3124872623,-0.0015097857,0.003275322
2459889.313876148,-0.0025619268,0.0032723167
2459889.3152650325,0.0001398325,0.0032756552
2459889.3166539175,0.0001244545,0.0032736426
2459889.3180428026,-0.0031883717,0.003276101
2459889.3194316877,-8.3208084e-05,0.0032721097
2459889.3208205733,-0.0028030276,0.003272593
2459889.322209458,0.0008058548,0.0032759623
2459889.323598343,-3.7372112e-05,0.0032746207
2459889.324987228,-0.0048478246,0.003269823
2459889.326376113,0.0015935898,0.003273409
2459889.327764998,-0.0028181076,0.0032706978
2459889.3291538833,-0.0042822957,0.0032735826
2459889.3305427684,-0.0024713874,0.0032734845
2459889.3319316534,0.0014445782,0.0032760121
2459889.3333205385,-0.003350854,0.0032720452
2459889.3347094236,0.0013018847,0.0032785875
2459889.3360983087,0.0010887384,0.0032735912
2459889.3374871933,0.0004553795,0.0032736359
2459889.3388760784,0.00089120865,0.003273506
2459889.3402649635,-0.0042884946,0.003272036
2459889.3416538485,-0.0020697117,0.0032773116
2459889.3430427336,-0.0035335422,0.0032711308
2459889.3444316187,-0.0016146898,0.0032778075
2459889.345820504,-0.0013325214,0.0032732203
2459889.347209389,0.0009236336,0.0032747283
2459889.348598274,-0.00042188168,0.003271577
2459889.3499871586,0.008265734,0.0032780683
2459889.3513760436,-0.005235195,0.003271626
2459889.3527649287,0.004946351,0.0032771884
2459889.354153814,-0.0018758178,0.0032685301
2459889.355542699,-0.00046658516,0.0032742757
2459889.356931584,-0.0029693246,0.0032730452
2459889.358320469,-0.0069867373,0.003273769
2459889.3597093537,0.002842784,0.0032742058
2459889.3610982387,-0.00054234266,0.0032734296
2459889.362487124,-0.0021594763,0.003273377
2459889.363876009,-0.003996372,0.0032767444
2459889.365264894,0.0038945675,0.0032760708
2459889.3666537786,0.0019102097,0.0032742044
2459889.3680426637,-0.005308032,0.0032713178
2459889.3694315488,-0.003243804,0.00327278
2459889.370820434,-0.002544105,0.0032728182
2459889.3722093184,0.001880765,0.003274924
2459889.3735982035,0.00074636936,0.0032730498
2459889.3749870886,-0.0033541322,0.0032726363
2459889.3763759737,-0.0027231574,0.0032747888
2459889.377764859,0.003697276,0.0032753549
2459889.3791537434,0.0026409626,0.0032749227
2459889.3805426285,0.0034028292,0.0032751905
2459889.3819315135,-0.00040012598,0.0032744675
2459889.3833203986,0.0041589737,0.0032775367
2459889.3847092837,-0.001198113,0.003271252
2459889.3860981683,-0.003851056,0.0032735423
2459889.3874870534,0.0014723539,0.0032756971
2459889.388875938,0.006657243,0.0032802622
2459889.390264823,0.005886674,0.0032764964
2459889.391653708,-0.0042708516,0.0032704647
2459889.3930425933,-0.0008470416,0.0032717006
2459889.394431478,0.0018754005,0.0032760806
2459889.395820363,-0.001824677,0.003278334
2459889.397209248,0.003169775,0.003276699
2459889.3985981327,0.0016980171,0.003276706
2459889.3999870177,0.0021857023,0.0032727465
2459889.401375903,0.008057237,0.0032786971
2459889.402764788,0.0028774738,0.0032753516
2459889.4041536725,-0.0029492974,0.0032721714
2459889.4055425576,0.0002641678,0.0032740918
2459889.4069314427,-0.0033695698,0.003275722
2459889.4083203273,0.0022970438,0.003276328
2459889.4097092124,-0.00027531385,0.0032732321
2459889.411098097,-0.0009317994,0.0032703406
2459889.412486982,7.987022e-06,0.0032707294
2459889.413875867,0.00042700768,0.0032729108
2459889.4152647518,0.0002616644,0.0032766936
2459889.416653637,0.0015804768,0.0032726503
2459889.418042522,-0.00034463406,0.0032715446
2459889.4194314065,0.0010523796,0.0032776392
2459889.4208202916,-0.00019842386,0.003274788
2459889.4222091767,-0.0023092628,0.0032742762
2459889.4235980613,0.001683712,0.0032741264
2459889.4249869464,0.0042989254,0.003274956
2459889.426375831,-0.00089895725,0.0032753502
2459889.638875192,6.830692e-05,0.0032772776
2459889.640264076,-0.0012386441,0.0032760839
2459889.641652961,-0.0032500029,0.0032736228
2459889.6430418454,0.000942111,0.0032755102
2459889.64443073,0.0035620928,0.0032764163
2459889.6458196146,0.00088238716,0.003274258
2459889.6472084993,0.0057891607,0.0032777234
2459889.648597384,-0.0011592507,0.0032758475
2459889.649986268,-0.0037333965,0.0032768976
2459889.6513751526,0.002284646,0.0032779572
2459889.6527640373,0.0010020733,0.003276869
2459889.654152922,0.0018001795,0.0032743334
2459889.6555418065,0.0032391548,0.003278002
2459889.6569306906,0.0011970997,0.0032739406
2459889.6583195752,0.0006223917,0.0032749688
2459889.6597084594,0.008046627,0.003281225
2459889.661097344,-0.00070399046,0.0032739164
2459889.6624862286,0.0013096333,0.0032783987
2459889.6638751132,-0.0056046844,0.003270894
2459889.665263998,0.0010846853,0.0032770708
2459889.666652882,-0.0039652586,0.00327187
2459889.6680417666,-0.0023550391,0.0032750058
2459889.6694306512,0.0028231144,0.0032760536
2459889.670819536,0.0010445118,0.0032750724
2459889.67220842,0.004291892,0.0032802534
2459889.6735973046,0.0014504194,0.0032752885
2459889.674986189,-0.004080057,0.0032725823
2459889.6763750734,0.0022636652,0.0032767528
2459889.677763958,-0.0024123788,0.0032724554
2459889.6791528426,-0.0032836795,0.003273965
2459889.6805417268,-0.0043809414,0.0032713646
2459889.6819306114,0.00080418587,0.0032764343
2459889.683319496,0.0032871962,0.0032775926
2459889.6847083806,-0.0018576384,0.0032754224
2459889.6860972648,-0.0025690794,0.0032734098
2459889.6874861494,-0.00079238415,0.0032752103
2459889.6888750335,0.007259965,0.0032783367
2459889.690263918,0.0054472685,0.003278177
2459889.6916528023,0.0046201944,0.00328054
2459889.693041687,-0.0025502443,0.0032736664
2459889.6944305715,-0.007098913,0.0032728065
2459889.6958194557,0.00033271313,0.0032759353
2459889.6972083403,0.0015627146,0.003277535
2459889.698597225,-0.0006711483,0.0032737546
2459889.699986109,-0.0010336637,0.0032726405
2459889.7013749937,-0.00021398067,0.0032783854
2459889.7027638783,0.0052199364,0.0032777202
2459889.7041527624,-0.005195737,0.0032743877
2459889.705541647,-0.00034719706,0.00327651
2459889.7069305317,-0.004055977,0.003273796
2459889.708319416,0.0010415316,0.0032780939
2459889.7097083004,0.0055599213,0.0032773484
2459889.7110971846,-0.0017439127,0.003274179
2459889.712486069,0.003271222,0.0032788708
2459889.7138749533,-0.00051134825,0.0032783977
2459889.715263838,-2.9802322e-05,0.0032744124
2459889.7166527226,-0.008212507,0.003275237
2459889.7180416067,0.0019989014,0.0032742955
2459889.7194304913,0.003924012,0.003280064
2459889.7208193755,-0.0039010048,0.0032725374
2459889.72220826,-0.0027720332,0.0032751318
2459889.7235971442,0.0007895231,0.0032748354
2459889.724986029,-0.001814425,0.0032739323
2459889.726374913,0.0030715466,0.003279524
2459889.727763797,0.0017915964,0.0032761465
2459889.729152682,-0.006242454,0.003273002
2459889.730541566,0.0028303862,0.0032751667
2459889.7319304505,0.0014097691,0.0032759989
2459889.7333193347,-0.0070647597,0.0032711988
2459889.7347082193,0.0037053823,0.0032769786
2459889.7360971035,-2.9206276e-06,0.0032756352
2459889.737485988,8.666515e-05,0.0032773349
2459889.7388748727,0.004044056,0.003277183
2459889.740263757,-0.0030651093,0.0032738606
2459889.741652641,-6.568432e-05,0.003274367
2459889.7430415256,-0.0009572506,0.0032764275
2459889.7444304097,-0.0061095357,0.0032727912
2459889.745819294,-0.005193472,0.0032727672
2459889.7472081785,0.0041128397,0.003277783
2459889.748597063,-0.0021764636,0.0032733507
2459889.7499859473,4.053116e-05,0.0032749623
2459889.751374832,0.0041923523,0.0032762224
2459889.752763716,0.0015944242,0.0032747942
2459889.7541526,-0.00071930885,0.003278804
2459889.7555414843,0.005908847,0.0032769304
2459889.756930369,-0.005494952,0.0032732384
2459889.758319253,-0.0008453131,0.0032729805
2459889.7597081377,0.004300952,0.003278178
2459889.761097022,0.004443288,0.0032811994
2459889.7624859065,0.00014209747,0.0032740799
2459889.7638747906,0.006342292,0.0032769388
2459889.765263675,-0.0030299425,0.0032728126
2459889.7666525594,-0.0015342832,0.0032735697
2459889.7680414435,0.003888011,0.003276953
2459889.7694303277,0.004140377,0.0032788643
2459889.7708192123,0.0013319254,0.0032771619
2459889.7722080965,0.0006093979,0.0032746324
2459889.773596981,-0.00038301945,0.003277532
2459889.774985865,0.0012803078,0.0032755923
2459889.7763747494,0.0067602396,0.0032781824
2459889.7777636335,0.0014827251,0.0032806622
2459889.779152518,0.0016341209,0.0032809998
2459889.7805414023,0.00025761127,0.0032758364
2459889.7819302864,-0.0026676655,0.0032749495
2459889.783319171,0.00013625622,0.0032744128
2459889.784708055,0.00016152859,0.0032748063
2459889.78609694,-0.0075715184,0.003269645
2459889.787485824,0.0012362003,0.0032747139
2459889.788874708,-0.0015138388,0.0032742901
2459889.7902635923,0.0005481243,0.0032754247
2459889.791652477,-0.002011776,0.0032749798
2459889.793041361,0.005230546,0.0032756291
2459889.794430245,0.0036661625,0.0032780424
2459889.79581913,-0.0048156977,0.0032734792
2459889.797208014,0.0036946535,0.003277418
2459889.798596898,0.0038628578,0.0032758417
2459889.7999857822,0.0042880774,0.0032780168
2459889.8013746664,0.001965046,0.0032773428
2459889.802763551,0.00070130825,0.003273088
2459889.804152435,-0.002909124,0.0032737749
2459889.8055413193,0.00045883656,0.0032757653
2459889.8069302035,-0.001409471,0.0032739327
2459889.808319088,-0.0010027289,0.003274744
2459889.809707972,-0.0007327199,0.0032778878
2459889.8110968564,-0.0027408004,0.0032743728
2459889.8124857405,-0.0021220446,0.0032747218
2459889.8138746247,0.0019749403,0.0032767695
2459889.8152635093,0.0022542477,0.0032777444
2459889.8166523934,-0.0020340085,0.0032774855
2459889.8180412776,0.0009704828,0.0032764443
2459889.8194301617,0.0052708387,0.0032769176
2459889.820819046,0.00031077862,0.0032756065
2459889.82220793,0.0039241314,0.0032797449
2459889.8235968146,-0.000341177,0.0032750736
2459889.824985699,0.003548026,0.0032787551
2459889.826374583,-0.0044615865,0.0032712088
2459889.827763467,0.0013539791,0.0032763863
2459889.8291523512,-0.0003594756,0.0032733462
2459889.830541236,0.0027145147,0.0032764727
2459889.8319301195,-0.0007234216,0.0032754403
2459889.833319004,0.0068461895,0.0032789218
2459889.8347078883,0.00056886673,0.003274605
2459889.8360967725,-0.0039325356,0.0032729888
2459889.8374856566,0.00066125393,0.0032797754
2459889.8388745408,-0.0023075342,0.003270515
2459889.840263425,0.0009828806,0.0032758093
2459889.841652309,-0.002492547,0.0032739188
2459889.8430411937,-0.002060175,0.0032747292
2459889.844430078,0.0022950172,0.0032773183
2459889.845818962,0.0018171072,0.0032785484
2459889.847207846,0.0021098852,0.0032795789
2459889.8485967303,-0.0011666417,0.0032760105
2459889.8499856144,0.00027120113,0.0032759856
2459889.8513744986,0.0023670197,0.0032758072
2459889.8527633827,0.0017898083,0.003277439
2459889.854152267,0.006259799,0.0032788832
2459889.855541151,0.00023400784,0.003276557
2459889.856930035,-0.00016582012,0.0032753085
2459889.8583189193,0.001156807,0.003277086
2459889.8597078035,-0.00025886297,0.0032779053
2459889.8610966876,-0.0018546581,0.0032749441
2459889.8624855718,0.0066171885,0.0032807854
2459889.863874456,0.001871705,0.003280378
2459889.86526334,0.0011159182,0.0032744687
2459889.8666522247,0.00091969967,0.0032735954
2459889.8680411084,-3.8206577e-05,0.0032775304
2459889.869429993,0.0019191504,0.00327754
2459889.8708188767,0.0015233755,0.0032756738
2459889.872207761,0.0020445585,0.0032783428
2459889.873596645,-0.0022169352,0.003275899
2459889.874985529,0.0020703077,0.0032816816
2459889.8763744137,0.0047775507,0.0032759432
2459889.8777632974,0.002037406,0.0032763209
2459889.8791521816,0.00392282,0.0032774766
2459889.8805410657,0.0027991533,0.0032811516
2459889.88192995,-0.0031690598,0.0032749195
2459889.883318834,-0.0037314296,0.0032757767
2459889.884707718,0.002555132,0.0032750007
2459889.8860966023,-0.0005842447,0.0032729881
2459889.8874854865,-0.00486356,0.0032709462
2459889.8888743706,0.0049880743,0.0032829023
2459889.8902632548,0.002699256,0.0032798639
2459889.891652139,0.0067015886,0.0032773472
2459889.893041023,0.00031864643,0.003275096
2459889.894429907,0.0014762878,0.0032758622
2459889.895818791,-0.00072300434,0.0032760098
2459889.897207675,-0.0060581565,0.0032732494
2459889.898596559,0.0018571615,0.0032782108
2459889.8999854433,-0.002091229,0.0032755514
2459889.9013743275,0.0016756058,0.0032767982
2459889.9027632116,0.0035598278,0.0032777577
2459889.904152096,-0.0019423962,0.003274865
2459889.9055409795,-0.0017678738,0.0032732263
2459889.906929864,-0.0016595721,0.0032764887
2459889.9083187478,-0.0027086735,0.003274877
2459889.909707632,0.0013813972,0.0032814143
2459889.911096516,-0.003979981,0.003275343
2459889.9124854,-0.0023975968,0.0032733846
2459889.9138742844,0.003868103,0.0032787703
2459889.915263168,-0.006147206,0.0032744247
2459889.9166520527,-0.0023095012,0.0032763358
2459889.9180409363,-0.00033593178,0.0032742464
2459889.9194298205,0.0062012672,0.0032798247
2459889.9208187046,0.00079882145,0.003275646
2459889.922207589,0.003079772,0.0032759914
2459889.923596473,0.0021426678,0.0032761653
2459889.9249853566,-0.002232492,0.0032742529
2459889.926374241,-0.0014745593,0.003275208
2459889.927763125,0.0004812479,0.0032729513
2459889.929152009,-0.006055236,0.0032760338
2459889.930540893,0.0017111301,0.0032808648
2459889.931929777,-0.001871407,0.0032736836
2459889.933318661,0.0026934147,0.0032773765
2459889.934707545,-0.0042847395,0.0032719818
2459889.9360964294,0.00018262863,0.00327407
2459889.937485313,0.00394392,0.0032784336
2459889.938874197,-0.0013079643,0.0032768168
2459889.9402630813,-0.005007386,0.003274917
2459889.9416519655,-0.0008748174,0.0032707711
2459889.9430408496,-0.0061277747,0.003272328
2459889.9444297333,-0.0010396242,0.003273816
2459889.9458186175,0.0011100769,0.003276234
2459889.947207501,0.00057554245,0.0032738633
2459889.9485963853,-0.00048464537,0.0032745718
2459889.9499852695,0.0057929754,0.0032783684
2459889.9513741536,-0.003694415,0.0032759258
2459889.9527630378,-0.0019506216,0.0032719085
2459889.9541519214,-0.0022978783,0.0032743274
2459889.9555408056,-0.0050197244,0.003272433
2459889.9569296893,0.00021624565,0.0032767109
2459889.9583185734,-0.002527833,0.0032747195
2459889.9597074576,-0.0060429573,0.0032723485
2459889.9610963413,-0.00020551682,0.003275298
2459889.9624852254,0.0061172247,0.0032784285
2459889.9638741096,-0.002477944,0.0032762848
2459889.9652629937,0.0032832623,0.0032775651
2459889.9666518774,-0.002932191,0.003275078
2459889.9680407615,-0.003471911,0.0032746482
2459889.969429645,0.0032060146,0.0032770524
2459889.9708185294,7.605553e-05,0.0032769162
2459889.972207413,-0.0008497834,0.003275737
2459889.973596297,-0.0015347004,0.0032773186
2459889.9749851814,0.0064458847,0.0032823002
2459889.976374065,-0.0011970401,0.003278973
2459889.977762949,0.00030505657,0.0032758117
2459889.9791518333,-0.00078213215,0.0032769905
2459889.980540717,0.0050857067,0.003281015
2459889.981929601,-0.0022823215,0.0032783055
2459889.9833184853,0.003455162,0.0032784024
2459889.984707369,-0.0015193224,0.0032764566
2459889.986096253,0.0059685707,0.0032815973
2459889.987485137,-0.0008856058,0.0032761632
2459889.988874021,-0.0037162304,0.0032747013
2459889.9902629047,-0.0017440319,0.0032750114
2459889.991651789,-0.00063717365,0.0032738633
2459889.993040673,-0.0007060766,0.0032735914
2459889.9944295567,0.0006186962,0.0032778846
2459889.995818441,-0.003158629,0.0032745695
2459889.9972073245,0.00400126,0.0032790077
2459889.9985962086,0.004205823,0.0032786413
2459889.9999850923,-0.0067545176,0.0032704177
2459890.0013739765,-0.004450023,0.0032733826
2459890.00276286,0.002969265,0.0032754394
2459890.0041517443,0.00021803379,0.0032768094
2459890.005540628,0.0029004812,0.0032780732
2459890.006929512,0.0020918846,0.0032784198
2459890.008318396,-0.0025237203,0.003275902
2459890.00970728,0.00053346157,0.003275565
2459890.0110961637,-0.0032624006,0.00327379
2459890.012485048,-0.002262354,0.003277039
2459890.0138739315,-0.00094145536,0.0032794932
2459890.0152628156,0.00285542,0.0032766343
2459890.0166516993,-0.004106641,0.0032712028
2459890.0180405835,-0.0013297796,0.0032793449
2459890.019429467,0.0038926601,0.0032783262
2459890.020818351,0.0045330524,0.0032769646
2459890.022207235,0.004816413,0.003277638
2459890.0235961187,-0.0034191608,0.0032727825
2459890.024985003,-0.0059893727,0.0032739753
2459890.026373887,0.0039122105,0.0032751707
2459890.0277627707,-0.0022811294,0.0032743686
2459890.0291516543,-0.00085896254,0.0032765998
2459890.0305405385,0.0009021759,0.003277594
2459890.031929422,-0.00069731474,0.0032782913
2459890.033318306,-0.0010896921,0.0032755756
2459890.03470719,0.0006504059,0.003277352
2459890.0360960737,-0.0001988411,0.003275141
2459890.037484958,0.002085209,0.00327874
2459890.0388738415,0.001152873,0.0032745295
2459890.040262725,0.0016930103,0.003275174
2459890.0416516094,0.0005748272,0.003277104
2459890.043040493,0.0023087263,0.0032774045
2459890.044429377,-0.0011737943,0.0032748524
2459890.045818261,-0.002307117,0.0032748147
2459890.0472071446,0.00266397,0.0032770804
2459890.0485960287,0.0023627281,0.003277588
2459890.0499849124,0.0023165941,0.0032778378
2459890.0513737965,-0.001070857,0.0032755076
2459890.05276268,0.0017715693,0.0032780601
2459890.054151564,-0.00261873,0.0032764887
2459890.0555404476,0.0011523962,0.0032781593
2459890.0569293317,-0.00010675192,0.0032755546
2459890.0583182154,-0.0031331778,0.0032741984
2459890.059707099,0.0014704466,0.0032738505
2459890.0610959833,-0.0011238456,0.003275924
2459890.062484867,0.0007253885,0.0032759947
2459890.0638737506,0.004329324,0.0032756925
2459890.0652626343,-4.7147274e-05,0.0032757027
2459890.0666515185,0.004748583,0.0032779614
2459890.068040402,-0.0011044741,0.003276119
2459890.069429286,0.0034679174,0.0032782594
2459890.07081817,-0.00016373396,0.0032745502
2459890.0722070537,0.0011945963,0.0032787288
2459890.0735959373,0.004826665,0.0032783474
2459890.074984821,0.0051082373,0.003281333
2459890.076373705,0.0047820807,0.0032771525
2459890.077762589,-0.0031246543,0.0032737155
2459890.0791514725,0.0029006004,0.0032765283
2459890.0805403567,0.006716609,0.0032806983
2459890.0819292404,-0.00238204,0.0032735327
2459890.083318124,-0.0014186502,0.0032764098
2459890.0847070077,-0.0008677244,0.0032752547
2459890.086095892,0.0015819073,0.0032770555
2459890.087484775,-0.0021422505,0.0032746552
2459890.0888736593,-0.0001296401,0.00327503
2459890.090262543,0.004509568,0.003277969
2459890.0916514266,0.0044088364,0.0032745562
2459890.093040311,-0.008643091,0.003272232
2459890.0944291945,0.006831765,0.0032788129
2459890.095818078,0.00018799305,0.0032760324
2459890.097206962,0.004254818,0.0032755306
2459890.0985958455,-0.0030070543,0.003272771
2459890.099984729,0.0018612146,0.0032762017
2459890.1013736133,0.0034863949,0.003276807
2459890.102762497,0.00053083897,0.0032754892
2459890.1041513807,-0.00520581,0.003273275
2459890.1055402644,-0.0025852323,0.0032757851
2459890.106929148,0.0063078403,0.0032806182
2459890.1083180318,-0.0021663308,0.0032774296
2459890.1097069154,-0.003335178,0.0032764673
2459890.1110957996,-0.007579088,0.0032742126
2459890.1124846833,0.0003515482,0.00327689
2459890.113873567,-0.0006825924,0.003275953
2459890.1152624507,-0.00044596195,0.003279357
2459890.1166513343,-0.0014553666,0.0032737316
2459890.118040218,-0.001444459,0.0032761244
2459890.1194291017,0.0019805431,0.0032782932
2459890.1208179854,0.0011831522,0.003276459
2459890.122206869,0.0031328201,0.0032808394
2459890.123595753,-0.0077058077,0.0032706019
2459890.124984637,-0.0010589957,0.003274409
2459890.1263735206,0.0053625107,0.0032799472
2459890.1277624043,0.0038052797,0.003278283
2459890.129151288,0.0031547546,0.0032783397
2459890.1305401716,0.0023247004,0.0032762801
2459890.1319290553,0.0025143623,0.003278911
2459890.133317939,0.0024565458,0.0032795942
2459890.1347068227,-0.0067361593,0.0032713471
2459890.1360957064,-0.0028877258,0.0032769302
2459890.13748459,-0.003461361,0.003273073
2459890.1388734737,-0.00030446053,0.0032765442
2459890.1402623574,0.005432725,0.0032809803
2459890.141651241,0.004517317,0.0032792324
2459890.143040125,0.0077114105,0.0032801644
2459890.1444290085,-0.00021082163,0.0032779747
2459890.145817892,-0.0030539632,0.0032751819
2459890.147206776,-0.0030958652,0.0032741532
2459890.1485956595,-0.00097465515,0.0032749064
2459890.149984543,0.0030082464,0.0032799784
2459890.151373427,0.0016334057,0.0032797365
2459890.1527623106,0.003850937,0.003278089
2459890.1541511943,0.0009276867,0.0032762028
2459890.155540078,0.0014346838,0.0032800792
2459890.1569289616,0.004376173,0.003281796
2459890.1583178453,-0.001580894,0.003274273
2459890.159706729,0.0021240711,0.0032768906
2459890.1610956127,-0.002664864,0.0032748894
2459890.1624844964,-0.00024914742,0.0032749882
2459890.16387338,0.0027656555,0.00327802
2459890.1652622637,0.0019751787,0.0032771607
2459890.1666511474,0.004027128,0.0032793228
2459890.168040031,0.005868435,0.0032779602
2459890.169428915,0.004012108,0.0032788576
2459890.170817798,0.000385046,0.003276542
2459890.1722066817,-0.0006406307,0.0032777623
2459890.1735955654,0.0069959164,0.0032796492
2459890.174984449,0.0028709173,0.0032779083
2459890.1763733327,-0.0044180155,0.0032783137
2459890.1777622164,-0.0027240515,0.0032736105
2459890.1791511,-0.0013097525,0.003277308
2459890.180539984,0.0048857927,0.0032780585
2459890.1819288675,-0.0006843209,0.003277733
2459890.1833177507,0.00314188,0.0032794687
2459890.1847066344,-0.002780676,0.0032735635
2459890.186095518,0.00014448166,0.0032760203
2459890.1874844017,-0.0010870099,0.0032801093
2459890.1888732854,-0.00013911724,0.0032765747
2459890.190262169,-0.002893269,0.0032760457
2459890.191651053,0.00029599667,0.003277348
2459890.193039936,-0.0027125478,0.0032743113
2459890.1944288197,-0.0017092228,0.0032749851
2459890.1958177034,0.00025570393,0.0032780217
2459890.197206587,-0.0039128065,0.00327507
2459890.1985954707,0.009177804,0.0032838879
2459890.1999843544,-0.0017774701,0.0032743749
2459890.201373238,-0.0044540763,0.0032736803
2459890.2027621213,0.0023686886,0.0032784021
2459890.204151005,0.00073587894,0.0032781542
2459890.2055398887,0.003532648,0.003278334
2459890.2069287724,-0.0061766505,0.0032758138
2459890.208317656,0.004640579,0.0032812902
2459890.2097065393,0.005060792,0.003279883
2459890.211095423,-0.0012311339,0.0032753558
2459890.2124843067,-0.0031215549,0.0032753022
2459890.2138731903,-0.0016584396,0.0032741034
2459890.2152620736,-0.002154529,0.0032752627
2459890.2166509572,0.003889203,0.003277471
2459890.2180398405,-0.0013950467,0.0032731479
2459890.219428724,0.0038375854,0.0032788082
2459890.220817608,0.0010532141,0.0032760487
2459890.2222064915,0.0025687218,0.003278666
2459890.223595375,0.0045833588,0.0032808105
2459890.2249842584,0.001429081,0.0032755835
2459890.226373142,-0.0022859573,0.0032761164
2459890.227762026,0.0028389692,0.003276552
2459890.229150909,-0.003024459,0.0032744755
2459890.2305397927,0.0023745298,0.0032813572
2459890.2319286764,-0.0027231574,0.003272551
2459890.23331756,0.005737543,0.003280369
2459890.2347064433,0.001131177,0.0032760638
2459890.236095327,-0.0045437813,0.0032739807
2459890.23748421,7.6174736e-05,0.003276148
2459890.238873094,0.0033472776,0.0032760827
2459890.2402619775,-0.0029090643,0.0032724245
2459890.241650861,0.0018364191,0.0032763625
2459890.2430397444,-0.0049088597,0.0032731427
2459890.244428628,0.002234459,0.003276633
2459890.245817512,0.0020076036,0.0032786157
2459890.247206395,0.0040301085,0.0032802098
2459890.2485952787,0.0045479536,0.0032784513
2459890.249984162,0.01044333,0.0032822522
2459890.2513730456,0.0005440712,0.0032770606
2459890.2527619293,-0.0060222745,0.0032748224
2459890.2541508125,0.004179597,0.0032772762
2459890.255539696,0.0017935038,0.003277015
2459890.2569285794,-0.0009818673,0.0032749623
2459890.258317463,0.0008803606,0.0032756177
2459890.2597063463,-0.0041918755,0.0032767248
2459890.26109523,0.0026425123,0.0032801584
2459890.2624841137,0.0018577576,0.0032776769
2459890.263872997,0.0035026073,0.0032782978
2459890.2652618806,0.0005015135,0.0032766587
2459890.266650764,0.0007041693,0.003277693
2459890.2680396475,-0.0010861754,0.003273498
2459890.269428531,0.001947999,0.0032792503
2459890.2708174144,-0.0016404986,0.0032758797
2459890.272206298,0.0013725758,0.0032771113
2459890.2735951813,-0.0009506345,0.0032754897
2459890.274984065,0.0029389858,0.0032826622
2459890.276372948,9.727478e-05,0.0032775998
2459890.277761832,-0.0007766485,0.0032758233
2459890.279150715,0.002953887,0.0032778203
2459890.280539599,0.00082600117,0.0032759218
2459890.281928482,-0.001562953,0.0032753842
2459890.2833173657,0.0027227402,0.0032766361
2459890.2847062494,0.008136749,0.0032809924
2459890.2860951326,-0.002726674,0.0032723714
2459890.2874840163,0.00017023087,0.003277461
2459890.2888728995,-0.0056583285,0.0032732973
2459890.290261783,-0.00047069788,0.0032743744
2459890.2916506664,0.0019506216,0.003279113
2459890.2930395496,0.004800439,0.0032803
2459890.2944284333,-0.00022113323,0.00327538
2459890.2958173165,0.003952265,0.0032772599
2459890.2972062,0.0051677227,0.0032807754
2459890.2985950834,0.0030281544,0.0032788492
2459890.299983967,-0.0028714538,0.0032741977
2459890.3013728503,0.00036096573,0.0032757635
2459890.302761734,0.0015289783,0.0032766429
2459890.304150617,-5.0127506e-05,0.0032776399
2459890.3055395004,-0.0033794045,0.0032774014
2459890.306928384,-0.0014389753,0.0032752363
2459890.3083172673,0.00044727325,0.0032776545
2459890.309706151,-0.0062658787,0.0032747714
2459890.3110950342,0.0013999939,0.003277695
2459890.312483918,-0.0033800006,0.0032761842
2459890.313872801,-0.0037608147,0.0032773593
2459890.3152616844,0.00012814999,0.003275168
2459890.316650568,0.0011814833,0.0032763374
2459890.3180394513,0.005071759,0.0032838082
2459890.319428335,0.0039134026,0.0032789602
2459890.320817218,0.004872203,0.0032758596
2459890.3222061014,0.0077472925,0.003280741
2459890.3235949846,0.0013422966,0.0032758384
2459890.3249838683,0.0013052225,0.0032790997
2459890.326372752,0.0031096935,0.0032828494
2459890.327761635,0.00084507465,0.003276051
2459890.3291505184,0.00050342083,0.003275633
2459890.3305394016,0.0026248693,0.0032783824
2459890.3319282853,-0.0008778572,0.0032770722
2459890.3333171685,-0.0020256042,0.003273552
2459890.3347060517,0.0005643368,0.0032794357
2459890.336094935,-0.0035991073,0.0032729667
2459890.3374838186,0.0026580095,0.0032791204
2459890.338872702,0.002424121,0.0032808245
2459890.340261585,0.0032777786,0.0032796895
2459890.3416504688,0.0020219088,0.0032766429
2459890.343039352,-0.0007792115,0.0032745737
2459890.3444282357,0.0019687414,0.00327784
2459890.345817119,0.00013554096,0.0032776836
2459890.347206002,0.00010895729,0.003275238
2459890.348594886,0.0006877184,0.003276823
2459890.3499837685,0.0049364567,0.0032781076
2459890.351372652,0.0016360283,0.0032785316
2459890.3527615354,-0.0045853853,0.003274069
2459890.3541504187,0.003066659,0.0032783835
2459890.355539302,0.0044636726,0.0032809223
2459890.3569281856,0.000621438,0.0032799651
2459890.358317069,-0.0014443994,0.003276197
2459890.359705952,0.0015733242,0.0032766818
2459890.3610948357,0.0041521788,0.0032811193
2459890.362483719,-0.0002488494,0.00327536
2459890.363872602,0.00014603138,0.0032727749
2459890.3652614853,0.00023043156,0.00327519
2459890.3666503686,-0.0013594627,0.0032764883
2459890.368039252,-0.0026770234,0.003278401
2459890.3694281355,0.0027122498,0.0032788992
2459890.3708170187,0.0029159784,0.0032786506
2459890.372205902,0.0026390553,0.0032795847
2459890.373594785,0.0062098503,0.0032765828
2459890.3749836683,-0.0053182244,0.0032727246
2459890.376372552,0.0073902607,0.0032843137
2459890.377761435,0.001360774,0.003278473
2459890.3791503184,-0.0028699636,0.00327606
2459890.3805392017,0.003363967,0.003284765
2459890.381928085,0.0027656555,0.0032811551
2459890.3833169686,0.0008587837,0.0032767563
2459890.384705852,0.0019469261,0.0032771814
2459890.386094735,0.0023750067,0.0032790198
2459890.387483618,-0.0058073997,0.0032732042
2459890.3888725014,0.0052102804,0.003277771
2459890.3902613847,0.006721616,0.0032802862
2459890.391650268,0.0016974211,0.0032767376
2459890.3930391516,-0.0011868477,0.0032759283
2459890.3944280343,-0.0039241314,0.0032750862
2459890.395816918,0.00030696392,0.0032769258
2459890.397205801,-0.0008838773,0.0032781735
2459890.3985946844,-0.00059366226,0.0032740035
2459890.3999835677,-0.0015754104,0.0032792443
2459890.401372451,0.0053277016,0.0032815228
2459890.402761334,-0.00021743774,0.003276074
2459890.4041502173,-0.0026543736,0.003275426
2459890.4055391005,0.0019638538,0.003279693
2459890.4069279837,-0.0019803643,0.0032760678
2459890.408316867,0.004867673,0.0032841756
2459890.40970575,0.005996704,0.0032783237
2459890.4110946334,0.0028198957,0.0032795882
2459890.412483517,0.005744338,0.0032805768
2459890.4138724,0.004193306,0.0032823456
2459890.4152612835,0.0009135008,0.0032769425
2459890.4166501663,0.0011383295,0.0032787977
2459890.41803905,0.003663659,0.0032799789
2459890.4194279327,0.0045274496,0.003279397
2459890.4208168164,0.0009125471,0.0032766545
2459890.422205699,0.0031478405,0.003281692
2459890.423594583,0.008146167,0.0032816988
2459890.424983466,-0.0049951077,0.003272796
2459890.426372349,0.0025525093,0.003278702
2459890.4277612325,-0.0022889972,0.0032761472
2459890.4291501152,0.0020451546,0.0032759858
2459890.430538999,-0.0028847456,0.0032765442
2459890.4319278817,0.0038144588,0.0032795288
2459890.433316765,-0.004312098,0.0032747842
2459890.4347056486,-0.0020324588,0.0032766422
2459890.4360945313,0.002039075,0.0032808585
2459890.4374834145,0.000121831894,0.0032749167
2459890.4388722978,-0.0015037656,0.0032776864
2459890.440261181,0.0016690493,0.0032785246
2459890.441650064,-0.00034862757,0.0032759171
2459890.4430389474,0.0031377077,0.003281008
2459890.4444278306,0.0017185211,0.0032792662
2459890.445816714,-0.0051203966,0.0032746827
2459890.447205597,-0.00491637,0.0032742035
2459890.4485944803,0.00031769276,0.0032784485
2459890.4499833635,-0.0017505288,0.003276024
2459890.4513722463,0.00020647049,0.003276511
2459890.4527611295,-0.0038548112,0.0032763558
2459890.4541500127,-0.00045865774,0.0032781085
2459890.455538896,-0.0055769086,0.0032719483
2459890.456927779,0.0019881725,0.0032803018
2459890.4583166623,-0.00048947334,0.0032737167
2459890.4597055456,0.0023571253,0.00328073
2459890.461094429,0.006257534,0.0032819107
2459890.462483312,0.005279422,0.0032788594
2459890.4638721948,-0.0010619164,0.0032746925
2459890.465261078,-0.0009783506,0.0032785141
2459890.466649961,-0.003129959,0.0032789572
2459890.4680388444,0.003535509,0.0032785248
2459890.4694277276,0.004434705,0.0032776394
2459890.4708166104,-0.0036322474,0.0032766934
2459890.472205494,0.002024293,0.003280664
2459890.473594377,0.0017951727,0.0032769095
2459890.47498326,-0.00076007843,0.0032800562
2459890.4763721433,8.356571e-05,0.0032772976
2459890.4777610265,-0.0031149387,0.0032734156
2459890.4791499097,-0.003277719,0.003274956
2459890.4805387924,0.0028665066,0.00327612
2459890.4819276757,-0.0042173266,0.0032753504
2459890.483316559,0.0020217896,0.003279492
2459890.484705442,-0.0013035536,0.003276258
2459890.486094325,0.004596591,0.0032793495
2459890.487483208,-0.0018503666,0.0032786867
2459890.4888720913,0.0011757612,0.0032827444
2459890.4902609745,-0.001824379,0.0032783025
2459890.4916498577,0.0021299124,0.003279028
2459890.4930387405,0.003596425,0.0032792427
2459890.4944276237,0.0028665066,0.0032767598
2459890.4958165064,0.010748029,0.0032845158
2459890.4972053897,-0.0038374662,0.0032761027
2459890.498594273,-0.0038873553,0.00327797
2459890.499983156,0.0021461248,0.0032782431
2459890.5013720393,0.0047004223,0.0032786836
2459890.502760922,-0.0038015246,0.0032748636
2459890.5041498053,0.0083630085,0.0032823265
2459890.5055386885,0.001868248,0.0032762266
2459890.5069275713,0.00055384636,0.0032779337
2459890.5083164545,0.0008453131,0.0032746536
2459890.5097053377,-0.0030027032,0.0032764655
2459890.511094221,-0.003945589,0.003275119
2459890.5124831037,-0.0041689873,0.003274745
2459890.513871987,0.0018370152,0.003278908
2459890.5152608696,0.003745079,0.0032784946
2459890.516649753,0.0019496679,0.003278863
2459890.518038636,0.0008317232,0.003275208
2459890.519427519,-0.0005308986,0.003274368
2459890.520816402,-0.00026619434,0.0032774685
2459890.5222052853,0.0030841827,0.003278317
2459890.5235941685,0.0031301975,0.0032799165
2459890.5249830512,-0.0014782548,0.0032774603
2459890.5263719345,0.003088951,0.0032775155
2459890.527760817,0.004650712,0.0032797914
2459890.5291497004,0.0027155876,0.003281553
2459890.5305385836,-0.0016150475,0.0032770813
2459890.5319274664,-0.0005592704,0.0032768317
2459890.5333163496,0.00036919117,0.003278203
2459890.5347052324,0.00070250034,0.0032750515
2459890.5360941156,-0.0049756765,0.0032738452
2459890.5374829983,0.0015579462,0.0032767872
2459890.5388718816,0.0003105402,0.003276969
2459890.540260765,-0.0013154149,0.003274687
2459890.5416496475,-0.0008612871,0.0032761465
2459890.5430385307,0.0029928684,0.0032776196
2459890.5444274135,0.00025510788,0.0032772992
2459890.5458162967,-0.0047237873,0.0032778897
2459890.5472051795,0.00079774857,0.0032779607
2459890.5485940627,-2.1457672e-06,0.003277571
2459890.5499829454,-0.00066941977,0.0032771446
2459890.5513718287,-0.0027385354,0.0032789523
2459890.552760712,0.011822939,0.003282264
2459890.5541495946,-0.0005565882,0.003276115
2459890.555538478,-0.0033384562,0.0032764212
2459890.5569273606,-0.0026606321,0.0032774897
2459890.558316244,0.000441432,0.0032773898
2459890.5597051266,-2.8729439e-05,0.0032784545
2459890.56109401,-0.0013139844,0.003281691
2459890.5624828925,0.0001347065,0.0032761823
2459890.5638717758,0.0018320084,0.0032771656
2459890.5652606585,0.0011864901,0.0032783344
2459890.5666495417,0.0032496452,0.0032773882
2459890.5680384245,-0.0011702776,0.0032770224
2459890.569427307,0.0036027431,0.0032813735
2459890.5708161904,0.0068963766,0.0032793693
2459890.572205073,-0.0011104345,0.0032808164
2459890.5735939564,0.00045883656,0.003276225
2459890.5749828396,-0.0016700029,0.0032777088
2459890.5763717224,0.000119924545,0.003280197
2459890.577760605,-0.00041538477,0.0032769775
2459890.5791494884,0.00041019917,0.0032801062
2459890.580538371,0.0032243729,0.0032793903
2459890.581927254,0.008461952,0.003281753
2459890.583316137,-1.8537045e-05,0.0032773006
2459890.5847050203,-0.0017294884,0.0032752298
2459890.586093903,0.0021692514,0.0032829451
2459890.587482786,-0.0008428097,0.0032784818
2459890.588871669,0.0017358065,0.0032767837
2459890.590260552,0.0032368898,0.0032821943
2459890.5916494345,7.271767e-05,0.003277309
2459890.5930383177,0.00032281876,0.003277887
2459890.5944272005,0.003629446,0.0032784175
2459890.5958160837,-0.004541993,0.0032802178
2459890.5972049665,0.0026044846,0.0032802734
2459890.598593849,0.0009173155,0.003279381
2459890.5999827324,-0.00040501356,0.0032749788
2459890.601371615,-0.0051866174,0.0032733928
2459890.602760498,-0.0011828542,0.0032757476
2459890.604149381,0.00034594536,0.003278005
2459890.605538264,-0.004853666,0.0032753397
2459890.606927147,-0.0069428086,0.003273531
2459890.60831603,0.0015892982,0.003277714
2459890.6097049126,0.004738927,0.003277872
2459890.6110937954,0.0026078224,0.003283151
2459890.6124826786,0.002644658,0.0032775265
2459890.6138715614,0.0028517246,0.003280029
2459890.615260444,0.004922509,0.0032806501
2459890.6166493273,0.0008238554,0.0032777353
2459890.61803821,0.0010297298,0.0032778317
2459890.619427093,-0.00802207,0.003271739
2459890.6208159756,0.002652049,0.0032781116
2459890.622204859,0.0024861097,0.0032812427
2459890.6235937416,-0.0047816634,0.0032746815
2459890.6249826243,-0.0005297065,0.0032754145
2459890.6263715075,0.00025057793,0.003275976
2459890.6277603903,0.0015268326,0.0032768836
2459890.629149273,0.0018723011,0.0032794925
2459890.630538156,-0.0025624633,0.003276348
2459890.631927039,-0.00010347366,0.0032776939
2459890.6333159218,0.0037943125,0.0032797991
2459890.6347048045,0.0018364191,0.0032776908
2459890.6360936873,-0.005411744,0.0032757274
2459890.6374825705,0.006419182,0.0032861824
2459890.6388714532,0.0022883415,0.0032769036
2459890.640260336,-0.00064367056,0.003278866
2459890.6416492187,0.0015087128,0.0032795146
2459890.6430381015,-0.0009713769,0.0032745202
2459890.6444269847,0.0007158518,0.0032801863
2459890.6458158675,0.00041651726,0.0032769386
2459890.64720475,-0.0015423894,0.003278309
2459890.648593633,0.0018651485,0.0032793987
2459890.6499825157,0.007725954,0.0032808313
2459890.651371399,0.0011248589,0.0032832944
2459890.6527602817,-0.0016719699,0.003276683
2459890.6541491644,-0.0011819601,0.0032746466
2459890.655538047,-0.003482461,0.003275538
2459890.65692693,-0.00025087595,0.0032762664
2459890.658315813,0.0018187761,0.0032772638
2459890.6597046955,0.0018358231,0.0032768347
2459890.6610935787,0.00031745434,0.0032766792
2459890.6624824614,0.0017579794,0.0032776091
2459890.663871344,0.005136609,0.0032873
2459890.665260227,0.0062514544,0.0032820494
2459890.6666491097,0.0019413233,0.003277185
2459890.6680379924,-0.0020897388,0.003275118
2459890.669426875,-0.0011419058,0.0032779737
2459890.6708157584,0.0043114424,0.0032823542
2459890.6722046407,0.0011916161,0.0032771137
2459890.673593524,0.0007876158,0.0032777076
2459890.6749824067,0.00073599815,0.0032795945
2459890.6763712894,0.0032416582,0.0032794995
2459890.677760172,-0.002951324,0.0032739183
2459890.679149055,-0.0012562871,0.0032736969
2459890.6805379377,0.0002219677,0.003274639
2459890.6819268204,-0.0015045404,0.0032767013
2459890.683315703,0.0071612597,0.0032849154
2459890.684704586,0.0021470785,0.0032768263
2459890.6860934687,-0.0021874309,0.0032757279
2459890.6874823514,-0.0026128292,0.0032756054
2459890.688871234,0.0005364418,0.0032805086
2459890.6902601174,-0.001116097,0.0032760946
2459890.6916489997,0.004725814,0.003280531
2459890.693037883,0.0022140741,0.0032771803
2459890.694426765,0.00017559528,0.0032795812
2459890.6958156484,0.002065301,0.0032770943
2459890.6972045307,-0.0029819012,0.0032762967
2459890.6985934135,0.0041941404,0.0032818273
2459890.699982296,-0.00041478872,0.0032778098
2459890.701371179,0.0074356794,0.0032807996
2459890.702760062,0.0013040304,0.0032761004
2459890.7041489445,0.0011798143,0.003275976
2459890.705537827,0.0025463104,0.0032799053
2459890.70692671,-0.0011776686,0.0032767777
2459890.7083155927,-0.00015419722,0.0032770464
2459890.7097044755,0.002404213,0.003278916
2459890.711093358,-0.0029440522,0.0032745863
2459890.712482241,0.004437566,0.003278424
2459890.7138711237,-0.0010553002,0.003277849
2459890.7152600065,0.0013734102,0.0032774548
2459890.7166488892,0.00037491322,0.0032773074
2459890.718037772,-0.0004709959,0.0032761518
2459890.7194266547,-0.0054546595,0.003276834
2459890.7208155375,0.0009313822,0.0032765355
2459890.7222044202,0.0044152737,0.0032796122
2459890.723593303,0.00054872036,0.0032779602
2459890.7249821858,0.0033050776,0.003278277
2459890.726371068,-0.0047366023,0.0032746592
2459890.727759951,0.0033322573,0.0032802322
2459890.7291488335,-0.0006325841,0.0032762869
2459890.7305377163,0.0026607513,0.0032777104
2459890.731926599,-0.001904726,0.0032774843
2459890.733315482,-0.0022811294,0.003275931
2459890.7347043646,-5.4061413e-05,0.0032783176
2459890.736093247,0.00047552586,0.0032786797
2459890.73748213,0.00420475,0.003279864
2459890.7388710123,-0.0024603605,0.0032743884
2459890.740259895,0.0034877062,0.0032781616
2459890.741648778,-0.0018513799,0.0032757404
2459890.7430376606,0.0012338161,0.0032772657
2459890.7444265434,-0.0041231513,0.003277631
2459890.7458154256,-0.0046622753,0.0032729162
2459890.7472043084,-0.0021461248,0.0032753684
2459890.748593191,0.004369974,0.0032796997
2459890.749982074,0.00053977966,0.0032784254
2459890.7513709567,-0.000869751,0.0032762878
2459890.7527598394,0.0042897463,0.0032783153
2459890.7541487217,0.0017796755,0.003277177
2459890.7555376044,0.002961874,0.0032777512
2459890.756926487,-0.0012874603,0.00327673
2459890.75831537,-0.00205338,0.0032765812
2459890.7597042527,-0.0017601252,0.0032751078
2459890.761093135,0.0036708117,0.0032787058
2459890.7624820177,-0.0032314658,0.0032749895
2459890.7638709005,-0.0020859241,0.0032755649
2459890.7652597832,-8.2433224e-05,0.0032775973
2459890.7666486655,0.0027105808,0.0032764825
2459890.7680375483,0.0007761717,0.0032753723
2459890.769426431,-0.000121474266,0.0032731201
2459890.7708153133,0.00016748905,0.0032774468
2459890.772204196,-0.00021588802,0.0032768964
2459890.773593079,-0.00087690353,0.0032782904
2459890.7749819616,-0.0013648272,0.0032755956
2459890.7763708443,-0.004192531,0.003274164
2459890.7777597266,-0.008113384,0.0032716398
2459890.7791486094,-0.00024074316,0.0032777865
2459890.7805374917,-0.001427412,0.0032784033
2459890.7819263744,4.6491623e-06,0.003277457
2459890.783315257,-0.0108834505,0.0032710636
2459890.78470414,-0.002629757,0.003274916
2459890.786093022,0.0005605221,0.0032773803
2459890.787481905,0.0035710335,0.0032781763
2459890.7888707877,0.0048497915,0.0032819335
2459890.79025967,-0.0015055537,0.003275819
2459890.7916485528,0.004503131,0.0032804005
2459890.793037435,0.0037773848,0.003276336
2459890.794426318,0.003207326,0.0032785048
2459890.7958152005,0.0011775494,0.0032790704
2459890.7972040833,0.0012266636,0.0032791588
2459890.7985929656,-0.0023296475,0.0032761663
2459890.7999818483,0.0002156496,0.0032781437
2459890.801370731,0.0024966002,0.0032788976
2459890.8027596134,0.0010278225,0.0032787558
2459890.804148496,-0.0027829409,0.0032763563
2459890.8055373784,0.0016752481,0.0032780645
2459890.806926261,0.00080382824,0.0032764089
2459890.808315144,0.0047676563,0.003282278
2459890.809704026,0.0023425817,0.0032782892
2459890.811092909,0.0025137663,0.0032776862
2459890.8124817912,0.0005335808,0.0032824893
2459890.813870674,0.0013077259,0.0032764086
2459890.8152595563,-0.002363503,0.0032773688
2459890.816648439,-0.0025442243,0.0032759125
2459890.8180373213,-0.0014054179,0.0032754845
2459890.819426204,0.00097596645,0.0032766121
2459890.820815087,-0.00071781874,0.0032769653
2459890.822203969,0.0015915632,0.0032791686
2459890.823592852,0.00126338,0.0032755323
2459890.824981734,0.0031871796,0.0032789907
2459890.826370617,0.0055104494,0.0032805554
2459890.827759499,-0.0011257529,0.0032753267
2459890.829148382,-0.005385995,0.0032737888
2459890.8305372647,-0.0019279122,0.0032785337
2459890.831926147,0.0027145147,0.0032791102
2459890.8333150297,0.0055674314,0.003279927
2459890.834703912,-0.0017297864,0.0032769272
2459890.836092795,0.0014013052,0.0032796713
2459890.837481677,-0.001116395,0.0032768766
2459890.8388705594,0.00075399876,0.0032775248
2459890.840259442,-0.0022469163,0.0032752717
2459890.8416483244,0.002292037,0.003278666
2459890.843037207,-0.0013805628,0.0032802843
2459890.8444260894,0.0016387701,0.0032780373
2459890.845814972,0.00571692,0.0032831621
2459890.8472038545,-0.0019408464,0.0032784818
2459890.848592737,-0.0017399788,0.003277472
2459890.8499816195,-0.005226791,0.0032772273
2459890.8513705023,0.0043115616,0.0032788855
2459890.8527593846,0.00019073486,0.0032812217
2459890.854148267,0.002498269,0.003279593
2459890.8555371496,-0.002773285,0.0032749008
2459890.856926032,0.004435897,0.0032811863
2459890.8583149146,0.0061707497,0.003281837
2459890.859703797,-0.0034541488,0.0032770166
2459890.8610926797,-0.0026922822,0.0032740624
2459890.862481562,-0.0006170869,0.003277926
2459890.8638704442,-0.0027470589,0.0032760892
2459890.865259327,0.00313735,0.0032805828
2459890.8666482093,0.0023399591,0.0032794294
2459890.868037092,0.0007121563,0.0032801337
2459890.8694259743,0.0020281076,0.003278371
2459890.8708148566,0.0054205656,0.00328156
2459890.8722037394,0.0011659861,0.0032778087
2459890.8735926216,0.0029287338,0.003278462
2459890.8749815044,-0.002249539,0.00327655
2459890.8763703867,0.0017331839,0.0032811796
2459890.877759269,-0.0025723577,0.003274778
2459890.8791481513,0.004691124,0.0032813156
2459890.880537034,0.00093090534,0.003277815
2459890.8819259163,0.002371192,0.0032816732
2459890.8833147986,-0.005174756,0.0032738154
2459890.8847036813,0.0023657084,0.0032777593
2459890.8860925636,0.0027068853,0.0032815218
2459890.8874814464,0.0016703606,0.0032785027
2459890.8888703287,0.0031518936,0.0032808566
2459890.890259211,6.592274e-05,0.0032781207
2459890.8916480932,-0.0055056214,0.0032753737
2459890.893036976,0.0035027266,0.003280171
2459890.8944258583,0.0025362968,0.0032803637
2459890.8958147406,-0.0020240545,0.0032769968
2459890.8972036233,0.0030413866,0.003276128
2459890.8985925056,0.003659606,0.0032796913
2459890.899981388,0.0038419962,0.0032837696
2459890.90137027,-0.0031389594,0.0032774913
2459890.902759153,0.003015995,0.0032772704
2459890.904148035,-0.004583001,0.0032752422
2459890.9055369175,0.00296247,0.0032775756
2459890.9069258,-0.001462996,0.0032765823
2459890.908314682,0.00045132637,0.0032775344
2459890.909703565,0.0046396255,0.003279083
2459890.911092447,-0.0006880164,0.0032802224
2459890.9124813294,-0.0076639056,0.003275975
2459890.9138702117,0.00026142597,0.0032772024
2459890.9152590944,0.0027273893,0.0032786042
2459890.9166479767,0.0007046461,0.0032783311
2459890.918036859,0.0009428263,0.003278923
2459890.9194257413,0.0015791655,0.0032804983
2459890.9208146236,-0.007060766,0.0032732275
2459890.9222035063,-0.003530383,0.0032755956
2459890.923592388,0.0040260553,0.0032811046
2459890.924981271,0.00096309185,0.0032781556
2459890.926370153,0.0009765625,0.003278703
2459890.9277590355,0.0013257265,0.0032807195
2459890.9291479182,0.0014570951,0.0032783581
2459890.9305368,0.0012936592,0.0032779768
2459890.931925683,-0.00037044287,0.003276956
2459890.933314565,-0.0035023093,0.0032796275
2459890.9347034474,-0.0031177402,0.0032759667
2459890.9360923297,-4.8339367e-05,0.0032801863
2459890.937481212,0.0003976822,0.0032779272
2459890.9388700947,-0.0018365383,0.003281212
2459890.9402589765,-0.0028390884,0.0032791733
2459890.9416478593,0.0023334026,0.0032814639
2459890.9430367416,-0.0032647848,0.0032749425
2459890.944425624,-0.0003182292,0.0032764215
2459890.945814506,-0.0037987828,0.0032805973
2459890.9472033884,-0.0038121939,0.0032809116
2459890.9485922707,-0.0038238764,0.0032766184
2459890.949981153,0.0020416975,0.003279097
2459890.9513700353,0.0008587837,0.0032763581
2459890.9527589176,-0.005531907,0.0032757716
2459890.9541478,0.0030463934,0.0032802452
2459890.955536682,-0.0027958155,0.0032771996
2459890.9569255644,-0.0044485927,0.0032765751
2459890.958314447,0.000898242,0.0032772666
2459890.9597033295,-0.0010980368,0.0032774785
2459890.961092212,-0.003029883,0.0032744631
2459890.962481094,0.0006380081,0.0032793158
2459890.9638699763,0.001558423,0.0032792392
2459890.9652588586,-0.00046873093,0.0032782082
2459890.966647741,0.003918886,0.0032783248
2459890.968036623,0.0015934706,0.0032840876
2459890.9694255055,0.005894661,0.003280391
2459890.970814388,-0.00078845024,0.0032785963
2459890.97220327,0.0054534674,0.0032811947
2459890.9735921524,-0.0029022098,0.0032777782
2459890.9749810346,0.0026398897,0.003281247
2459890.976369917,0.00050616264,0.0032776643
2459890.977758799,-0.0011239052,0.0032770007
2459890.9791476815,-0.0030032396,0.0032758324
2459890.980536564,0.006596923,0.0032816988
2459890.981925446,0.0011012554,0.0032781053
2459890.9833143284,0.0043588877,0.003279398
2459890.98470321,0.0055550337,0.0032813905
2459890.986092093,0.004634261,0.0032822746
2459890.9874809748,0.0010740757,0.0032820667
2459890.988869857,-0.0027080774,0.0032753225
2459890.99025874,-0.0012834668,0.0032759423
2459890.9916476216,-0.0012027621,0.0032824262
2459890.993036504,-0.0053323507,0.0032751295
2459890.994425386,0.0013147593,0.0032800986
2459890.9958142685,-0.0053070784,0.003277477
2459890.9972031508,-0.001968205,0.0032775577
2459890.998592033,-0.0052993894,0.0032765884
2459890.999980915,-0.006914437,0.0032762028
2459891.0013697976,0.0038734674,0.003281216
2459891.00275868,0.00014305115,0.0032801458
2459891.0041475617,0.0036165714,0.0032814553
2459891.005536444,-0.008924544,0.0032753407
2459891.0069253263,-0.0016534328,0.0032774499
2459891.0083142086,0.0012004375,0.0032792322
2459891.009703091,-0.0070124865,0.0032747376
2459891.011091973,-0.00095558167,0.003277811
2459891.0124808555,0.0009325743,0.0032804904
2459891.0138697373,-0.005018413,0.0032756026
2459891.0152586196,0.0030872822,0.0032839659
2459891.016647502,0.005609274,0.003281715
2459891.018036384,-3.1650066e-05,0.0032824678
2459891.0194252664,-0.004203737,0.0032752235
2459891.0208141487,0.004842043,0.0032803759
2459891.022203031,0.0013058186,0.003280108
2459891.023591913,0.0037292242,0.0032795188
2459891.024980795,0.0010920763,0.0032769234
2459891.0263696774,0.00085663795,0.0032787626
2459891.0277585597,0.0010976791,0.0032809773
2459891.0291474415,0.0006506443,0.0032797214
2459891.030536324,-0.0018345118,0.0032765942
2459891.031925206,-3.027916e-05,0.0032767742
2459891.0333140884,-0.0035966635,0.0032764398
2459891.0347029706,0.00070369244,0.0032770345
2459891.0360918525,0.00017118454,0.0032787034
2459891.0374807348,-0.0002734661,0.003282205
2459891.038869617,-0.0026029348,0.0032769423
2459891.0402584993,0.0010508299,0.0032785805
2459891.041647381,-0.002900362,0.0032769027
2459891.0430362634,-0.0008460283,0.003277571
2459891.0444251457,-0.0023978949,0.0032783158
2459891.0458140275,0.0007407665,0.0032803768
2459891.04720291,0.003494978,0.0032800708
2459891.048591792,0.0043797493,0.003280382
2459891.0499806744,0.0049631596,0.0032822208
2459891.051369556,-0.0024918914,0.0032768364
2459891.0527584385,-0.0009749532,0.0032777835
2459891.054147321,-0.00092077255,0.003278826
2459891.0555362026,0.00023686886,0.0032790515
2459891.056925085,0.0015916824,0.0032826287
2459891.058313967,0.0074572563,0.0032850483
2459891.0597028495,0.000995636,0.0032799405
2459891.0610917313,-0.0022041798,0.0032755672
2459891.0624806136,0.0015864372,0.0032785675
2459891.0638694954,0.0035057068,0.0032803263
2459891.0652583777,0.0025172234,0.003279763
2459891.06664726,0.0031186342,0.0032801914
2459891.068036142,0.0018017292,0.003280481
2459891.069425024,-0.00103724,0.003278133
2459891.0708139064,0.005203843,0.0032837284
2459891.0722027887,0.002849698,0.00328198
2459891.0735916705,-0.0028147697,0.0032761488
2459891.074980553,-0.006916225,0.0032757076
2459891.076369435,-0.0029679537,0.0032759982
2459891.077758317,0.00027930737,0.0032793835
2459891.079147199,-0.0036667585,0.003278483
2459891.080536081,0.0019779205,0.0032798739
2459891.0819249633,-0.0020521283,0.0032775102
2459891.083313845,-0.00092083216,0.003276641
2459891.0847027274,-0.0030970573,0.0032773502
2459891.0860916097,-0.0021775365,0.0032785104
2459891.0874804915,-0.0028929114,0.003279097
2459891.088869374,0.0035065413,0.0032832124
2459891.0902582556,-0.0029162169,0.0032749833
2459891.091647138,-0.0020626187,0.0032788445
2459891.0930360197,-0.0037358403,0.0032799398
2459891.094424902,-0.0021871328,0.0032794531
2459891.095813784,0.0026694536,0.0032794392
2459891.097202666,0.00011694431,0.0032787607
2459891.0985915484,-0.0032365322,0.0032761663
2459891.09998043,0.0013924837,0.0032798068
2459891.1013693125,0.002639532,0.003280567
2459891.1027581943,-0.0051574707,0.0032762208
2459891.1041470766,0.002487421,0.003281446
2459891.1055359584,0.003188014,0.0032816853
2459891.1069248407,5.6028366e-05,0.003281589
2459891.1083137225,0.0011922121,0.003281535
2459891.109702605,0.0001475811,0.0032828986
2459891.1110914866,0.0041846037,0.0032802904
2459891.112480369,0.0026299953,0.0032797954
2459891.1138692508,0.0047460794,0.0032839833
2459891.1152581326,-3.0577183e-05,0.0032812904
2459891.116647015,0.0027734041,0.0032807575
2459891.1180358967,-0.0029796958,0.0032789314
2459891.119424779,-0.0075238347,0.003274584
2459891.1208136613,0.0016870499,0.003280932
2459891.122202543,-0.0037316084,0.003276677
2459891.123591425,-0.0052359104,0.003274723
2459891.124980307,0.0003796816,0.003280268
2459891.126369189,-0.00069725513,0.0032801752
2459891.127758071,-2.8669834e-05,0.003279673
2459891.129146953,0.003624916,0.0032807742
2459891.1305358354,0.00029480457,0.00328151
2459891.131924717,-2.9325485e-05,0.0032774399
2459891.133313599,-0.0046129227,0.0032753355
2459891.1347024813,0.0020959377,0.0032827968
2459891.136091363,0.0011434555,0.0032817689
2459891.137480245,-0.0018443465,0.0032795342
2459891.1388691273,0.0047357082,0.0032838513
2459891.1402580095,0.001376152,0.0032820217
2459891.1416468914,0.00044548512,0.0032804797
2459891.143035773,-0.00060880184,0.0032798448
2459891.144424655,-7.1406364e-05,0.003279203
2459891.1458135373,-0.0034219027,0.0032744028
2459891.147202419,-0.0003068447,0.0032791577
2459891.1485913014,-0.0005142689,0.003277868
2459891.149980183,0.0020546913,0.003280712
2459891.151369065,-0.0025373697,0.0032806224
2459891.1527579473,-0.0052990913,0.003275744
2459891.154146829,-0.0007881522,0.003281572
2459891.155535711,0.004889965,0.0032838453
2459891.156924593,0.007675767,0.0032846662
2459891.158313475,0.0034606457,0.0032802313
2459891.159702357,0.0019659996,0.0032795996
2459891.1610912387,-0.003967166,0.0032773286
2459891.162480121,-0.0014511943,0.0032796965
2459891.163869003,0.0029925108,0.0032811058
2459891.165257885,0.0035060644,0.0032817558
2459891.166646767,0.003664136,0.00328254
2459891.1680356488,-0.0011510253,0.0032811342
2459891.1694245306,0.0009351969,0.0032762308
2459891.1708134124,0.0043337345,0.0032845754
2459891.1722022947,0.0017453432,0.0032837046
2459891.1735911765,-0.001224041,0.0032794243
2459891.1749800583,0.0039099455,0.00328168
2459891.17636894,-0.0033108592,0.0032771719
2459891.1777578224,-0.0014195442,0.0032790778
2459891.1791467043,-0.0013980865,0.0032781588
2459891.180535586,0.0016089678,0.003279267
2459891.181924468,0.0021469593,0.0032801412
2459891.18331335,0.00081145763,0.003278821
2459891.184702232,0.0012868643,0.0032780864
2459891.186091114,-0.0008856654,0.0032781905
2459891.1874799957,0.0014683008,0.0032810727
2459891.1888688775,-8.434057e-05,0.0032786217
2459891.1902577598,-0.00021249056,0.0032797952
2459891.1916466416,0.007362008,0.003281861
2459891.1930355234,0.004381776,0.003282133
2459891.1944244057,0.0028499365,0.0032812064
2459891.195813287,0.0020397902,0.0032794208
2459891.1972021693,0.0030920506,0.0032817158
2459891.198591051,0.0012567043,0.0032794287
2459891.199979933,-0.0033063889,0.0032818976
2459891.201368815,-0.0005401373,0.0032806932
2459891.2027576966,-0.0003091097,0.0032798902
2459891.204146579,0.0050702095,0.0032811638
2459891.2055354607,-0.0011743903,0.0032773684
2459891.2069243426,-0.00479877,0.0032748585
2459891.2083132244,-0.00035601854,0.0032792732
2459891.209702106,-8.845329e-05,0.0032796713
2459891.211090988,0.0018687248,0.0032816685
2459891.21247987,0.003723979,0.0032796762
2459891.2138687517,0.0025467873,0.0032821603
2459891.2152576335,-0.004665792,0.0032785446
2459891.2166465158,-0.0074649453,0.0032790557
2459891.2180353976,0.005497694,0.0032809698
2459891.2194242794,-0.0039651394,0.0032783672
2459891.220813161,-0.005942166,0.003277553
2459891.222202043,-0.0022776723,0.0032788096
2459891.223590925,0.0013897419,0.0032843025
2459891.2249798067,-0.0009486675,0.0032792175
2459891.2263686885,0.00037789345,0.003279988
2459891.2277575703,-0.0041240454,0.0032788203
2459891.229146452,1.2874603e-05,0.0032808818
2459891.230535334,-0.0016384125,0.0032786613
2459891.231924216,-0.0008226037,0.0032793363
2459891.2333130976,-0.0013044477,0.0032777842
2459891.2347019794,0.001185894,0.0032804362
2459891.2360908617,-0.003163278,0.0032791526
2459891.237479743,0.004626274,0.003287009
2459891.2388686254,7.033348e-06,0.0032794543
2459891.2402575067,0.00042188168,0.0032788704
2459891.241646389,0.006409526,0.0032843621
2459891.2430352704,-0.0014484525,0.0032816997
2459891.2444241527,0.008790612,0.0032804143
2459891.245813034,0.00077831745,0.0032814592
2459891.2472019163,-0.0046833754,0.0032753677
2459891.248590798,-0.0044012666,0.0032760554
2459891.2499796795,-0.0019909143,0.0032773856
2459891.2513685618,0.0038275719,0.0032860572
2459891.252757443,0.0014394522,0.0032784082
2459891.254146325,0.0067458153,0.003282619
2459891.2555352068,-0.00015538931,0.0032803696
2459891.2569240886,0.0040141344,0.003280926
2459891.2583129704,0.0073834658,0.0032864744
2459891.259701852,-6.341934e-05,0.0032814036
2459891.261090734,-0.0023693442,0.0032796813
2459891.262479616,0.0010824203,0.0032805954
2459891.2638684977,0.0015192032,0.0032798802
2459891.2652573795,7.855892e-05,0.0032787127
2459891.2666462613,-0.007320404,0.003279807
2459891.268035143,0.0073595047,0.0032846183
2459891.269424025,-0.00041598082,0.0032794902
2459891.270812907,-0.0016855597,0.0032830941
2459891.272201788,0.0018459558,0.0032809426
2459891.27359067,-0.00071042776,0.0032800883
2459891.274979552,0.0020991564,0.0032836527
2459891.2763684336,-0.004244268,0.0032748627
2459891.2777573154,0.0023429394,0.0032798692
2459891.2791461973,-0.0069084167,0.0032755914
2459891.280535079,0.0008034706,0.0032793176
2459891.281923961,-0.0009803772,0.0032796813
2459891.2833128427,0.0024865866,0.003283564
2459891.284701724,0.0019177198,0.0032822797
2459891.286090606,0.0009175539,0.0032805882
2459891.2874794877,3.373623e-05,0.0032819281
2459891.2888683695,0.002289772,0.0032801712
2459891.2902572514,0.00027441978,0.0032773463
2459891.2916461327,-0.004261315,0.0032781663
2459891.2930350145,-0.009380102,0.0032762848
2459891.2944238964,-0.0047837496,0.003278895
2459891.295812778,-0.0037033558,0.0032808816
2459891.29720166,0.0021847486,0.003279395
2459891.298590542,0.0018210411,0.0032791656
2459891.2999794236,0.0022346973,0.0032812918
2459891.301368305,0.0005376339,0.0032809856
2459891.302757187,0.0039657354,0.003282389
2459891.3041460686,0.0039248466,0.003281113
2459891.3055349505,0.0009173155,0.003278248
2459891.306923832,0.0061217546,0.0032830785
2459891.3083127136,-0.0032415986,0.0032790762
2459891.3097015955,0.0011674166,0.003280988
2459891.3110904773,0.004625559,0.0032806457
2459891.3124793586,0.00025331974,0.0032782406
2459891.3138682405,-0.0029848814,0.003277197
2459891.3152571223,0.0019305944,0.0032813554
2459891.3166460036,0.004718542,0.003280162
2459891.3180348855,-0.0025532246,0.0032787835
2459891.3194237673,5.0663948e-05,0.0032819102
2459891.320812649,0.0044380426,0.0032842616
2459891.322201531,-0.0038828254,0.003277118
2459891.3235904123,0.0032738447,0.0032810026
2459891.324979294,-0.00019407272,0.0032804764
2459891.3263681754,-4.8041344e-05,0.003283074
2459891.3277570573,-0.0027182698,0.0032767856
2459891.329145939,-0.0016661882,0.0032766794
2459891.330534821,0.0035814047,0.003281426
2459891.3319237023,0.002096653,0.0032799693
2459891.333312584,-0.0014514923,0.0032780992
2459891.334701466,0.0053982735,0.003282152
2459891.3360903473,0.0030635595,0.0032803544
2459891.337479229,0.0017650127,0.0032815998
2459891.3388681104,0.0035452843,0.003286525
2459891.3402569923,0.0024210215,0.0032786147
2459891.341645874,-0.0001052022,0.0032796948
2459891.3430347554,0.0009484291,0.003279068
2459891.3444236373,0.0014920235,0.0032791884
2459891.345812519,-0.0049008727,0.0032752885
2459891.3472014004,-0.002526641,0.0032771796
2459891.3485902823,0.0031710863,0.0032787537
2459891.349979164,0.0042836666,0.0032830297
2459891.3513680454,0.002747178,0.003282338
2459891.3527569273,-0.0016608834,0.003277968
2459891.354145809,0.0031324625,0.0032831177
2459891.3555346904,-0.0009955168,0.0032785255
2459891.3569235723,0.0025279522,0.0032787186
2459891.3583124536,-0.0015715361,0.00328064
2459891.3597013354,0.0046024323,0.003281142
2459891.361090217,0.005799532,0.003281868
2459891.3624790986,0.0022888184,0.0032804275
2459891.36386798,0.0065573454,0.0032852204
2459891.365256862,0.002290845,0.0032798604
2459891.3666457436,-0.0016184449,0.003279515
2459891.368034625,0.0036107302,0.0032832453
2459891.369423507,0.001912713,0.0032795663
2459891.370812388,0.0006246567,0.0032797572
2459891.37220127,0.0015788078,0.0032798273
2459891.3735901513,0.0015796423,0.003281933
2459891.374979033,-0.0020617247,0.0032814685
2459891.3763679145,-0.0018500686,0.0032796303
2459891.3777567963,3.0636787e-05,0.0032817489
2459891.3791456777,-0.00571084,0.0032807305
2459891.3805345595,0.0007170439,0.0032847633
2459891.381923441,-0.0010556579,0.003279488
2459891.383312322,4.553795e-05,0.0032840462
2459891.384701204,-0.0069921613,0.003279441
2459891.386090086,0.0011826754,0.0032790974
2459891.387478967,0.00094783306,0.0032787933
2459891.388867849,0.005320072,0.0032830667
2459891.3902567304,-0.0012430549,0.0032779651
2459891.391645612,-0.0010553598,0.003280841
2459891.3930344936,0.0003581047,0.0032789027
2459891.394423375,-0.0016149879,0.0032778743
2459891.3958122567,0.0004981756,0.0032793514
2459891.397201138,-0.0011070371,0.003281863
2459891.39859002,-0.004098296,0.0032783702
2459891.3999789013,-0.002528131,0.0032772773
2459891.401367783,6.0796738e-06,0.0032811468
2459891.4027566644,-0.0031194687,0.0032795034
2459891.404145546,-0.0014958978,0.003279688
2459891.4055344276,0.003301978,0.0032806557
2459891.406923309,-0.0010737181,0.0032791588
2459891.408312191,-0.0022925138,0.003277679
2459891.409701072,0.0015832186,0.0032808997
2459891.411089954,0.00041639805,0.0032796478
2459891.4124788353,0.00021147728,0.003278887
2459891.4138677167,0.0025287867,0.003280003
2459891.415256598,-0.001214087,0.0032787067
2459891.41664548,-0.0047958493,0.003277715
2459891.418034361,-0.00038832426,0.0032787316
2459891.419423243,-0.0033878088,0.0032783416
2459891.4208121244,0.0031704903,0.0032800997
2459891.4222010057,-0.001411736,0.003279095
2459891.4235898876,-0.0005592704,0.0032792764
2459891.424978769,-0.002889514,0.0032784534
2459891.4263676503,-0.0025696158,0.0032797758
2459891.4277565316,-0.0046086907,0.0032785283
2459891.4291454135,-0.003425777,0.0032782936
2459891.430534295,0.005319953,0.0032852683
2459891.431923176,0.0017335415,0.0032825212
2459891.433312058,-0.0043331385,0.003280651
2459891.4347009393,-0.0005043149,0.0032788806
2459891.4360898207,-0.00075405836,0.0032823966
2459891.437478702,-0.0023585558,0.003278807
2459891.438867584,-0.0025753975,0.0032805628
2459891.440256465,-0.0032548904,0.0032782443
2459891.4416453466,0.0011216402,0.0032817558
2459891.4430342284,-0.003353417,0.003275823
2459891.4444231098,0.001529932,0.0032801786
2459891.445811991,0.000551939,0.0032828315
2459891.4472008725,9.88245e-05,0.0032839305
2459891.4485897543,0.0006238222,0.0032803216
2459891.4499786356,0.0005553961,0.0032801589
2459891.451367517,0.002277851,0.0032804047
2459891.452756399,0.006217599,0.0032848124
2459891.45414528,0.004316807,0.0032870357
2459891.4555341615,0.00050246716,0.0032801258
2459891.456923043,-0.0045799613,0.0032785565
2459891.4583119242,-0.0053773522,0.003277756
2459891.4597008056,0.0012010336,0.0032803325
2459891.4610896874,-0.0026759505,0.0032800029
2459891.462478569,-0.004605055,0.0032809654
2459891.46386745,0.0023174286,0.0032832592
2459891.4652563315,0.005348325,0.0032853417
2459891.466645213,-0.0010581017,0.0032788038
2459891.4680340947,0.0032502413,0.003283715
2459891.469422976,-0.0067605376,0.0032789288
2459891.4708118574,0.0015016794,0.003282318
2459891.4722007387,0.0020477772,0.0032844455
2459891.47358962,0.0011796951,0.003281511
2459891.474978502,-0.002702713,0.0032779872
2459891.476367383,-0.0031243563,0.0032795114
2459891.4777562646,5.4597855e-05,0.0032817216
2459891.479145146,0.0009769201,0.0032823842
2459891.4805340273,-0.00087720156,0.0032810185
2459891.4819229087,0.0020523071,0.003279618
2459891.48331179,0.0011211634,0.0032827638
2459891.484700672,-0.0018333197,0.003278996
2459891.4860895528,0.0002514124,0.0032829628
2459891.4874784346,0.0032070875,0.0032800932
2459891.4888673155,-0.001860559,0.0032790431
2459891.4902561973,-0.0020501018,0.0032801237
2459891.4916450786,0.0057302713,0.0032848767
2459891.49303396,0.003502369,0.0032830406
2459891.4944228414,0.0055145025,0.0032843333
2459891.4958117227,-0.0009750128,0.003278932
2459891.497200604,0.006215334,0.0032834297
2459891.4985894854,0.0033999681,0.003281533
2459891.499978367,0.0009355545,0.0032801165
2459891.501367248,-0.00097084045,0.0032818313
2459891.5027561295,0.0046286583,0.003283769
2459891.5041450113,-0.003476441,0.003279918
2459891.505533892,0.0030350685,0.0032822131
2459891.506922774,0.0027554035,0.0032845626
2459891.508311655,-0.0035997033,0.0032801675
2459891.5097005367,0.0014981031,0.0032806003
2459891.5110894176,-0.0018327236,0.0032784385
2459891.5124782994,-0.0029400587,0.0032797584
2459891.513867181,0.002597928,0.0032847354
2459891.5152560617,-0.004022479,0.00328243
2459891.5166449435,0.0011487007,0.003282311
2459891.5180338244,-0.0045366883,0.0032818965
2459891.519422706,-0.0033649802,0.0032771267
2459891.520811587,-0.0022146106,0.003278867
2459891.5222004685,0.002625823,0.003280204
2459891.52358935,0.0010370016,0.0032801647
2459891.524978231,-0.0030568242,0.0032783695
2459891.526367113,0.0014415979,0.0032821298
2459891.527755994,-0.00069880486,0.0032823377
2459891.5291448752,-0.0027355552,0.0032802857
2459891.5305337566,0.0007829666,0.003280536
2459891.531922638,-0.00014525652,0.003281961
2459891.5333115193,-0.0035220385,0.0032812294
2459891.5347004007,-0.0076922774,0.0032776555
2459891.536089282,-0.0041564107,0.0032781265
2459891.5374781634,-0.0011497736,0.003279903
2459891.5388670447,0.0051498413,0.0032832234
2459891.5402559256,0.0016430616,0.0032809847
2459891.5416448074,0.0003119707,0.0032815386
2459891.5430336883,-0.00627923,0.0032784254
2459891.5444225697,-0.005920112,0.0032779095
2459891.545811451,0.00038194656,0.0032781686
2459891.5472003324,-0.0018492341,0.0032782564
2459891.5485892138,-0.0010055304,0.003279361
2459891.549978095,0.00034165382,0.0032826504
2459891.5513669765,0.0017814636,0.003287013
2459891.5527558574,0.0052224398,0.0032848557
2459891.5541447387,-0.0005415082,0.0032833184
2459891.55553362,7.1167946e-05,0.003284315
2459891.5569225014,-0.00022172928,0.003284496
2459891.558311383,-7.867813e-05,0.0032818061
2459891.559700264,6.532669e-05,0.003280016
2459891.5610891455,-0.0048335195,0.0032786434
2459891.5624780264,-0.004507184,0.0032808683
2459891.5638669077,-0.0015045404,0.0032811572
2459891.565255789,0.0035346746,0.003283356
2459891.5666446704,0.0041525364,0.0032860204
2459891.568033552,0.0006557703,0.0032813712
2459891.5694224327,-9.6321106e-05,0.0032813933
2459891.570811314,-0.0006016493,0.003279586
2459891.5722001954,0.0055817366,0.0032836474
2459891.5735890768,0.00051522255,0.0032818813
2459891.5749779576,-0.0019399524,0.0032810383
2459891.576366839,-0.0023636222,0.0032796666
2459891.5777557204,-0.0020837784,0.003282268
2459891.5791446017,0.0028333664,0.0032830674
2459891.580533483,-0.00459671,0.0032839207
2459891.581922364,0.0030863285,0.0032825004
2459891.5833112453,0.00027108192,0.0032812608
2459891.5847001267,0.0029786825,0.00328134
2459891.586089008,-0.0022672415,0.0032791737
2459891.587477889,-0.002761364,0.0032810506
2459891.5888667703,-0.0033823848,0.0032770436
2459891.5902556516,0.0009120703,0.0032833456
2459891.5916445325,0.00025343895,0.0032814872
2459891.593033414,-0.0048629045,0.0032801412
2459891.594422295,-0.0006707907,0.0032796664
2459891.5958111766,-0.0050418973,0.0032763598
2459891.5972000575,-0.0008485317,0.003279266
2459891.598588939,0.006069064,0.0032820066
2459891.59997782,-0.002403438,0.0032813065
2459891.601366701,-0.0037990212,0.003278465
2459891.6027555824,-0.006633103,0.0032787304
2459891.604144464,-0.0014366508,0.0032835072
2459891.6055333447,-0.0010542274,0.0032823826
2459891.606922226,-0.0026668906,0.0032805996
2459891.6083111074,0.0030648708,0.0032859345
2459891.6096999883,-0.0032039285,0.0032813016
2459891.6110888696,0.001495719,0.0032852995
2459891.612477751,0.0001193285,0.0032829524
2459891.613866632,0.0015169382,0.0032819465
2459891.615255513,-0.0023557544,0.0032808331
2459891.616644394,-0.00021725893,0.0032785747
2459891.6180332755,0.0024592876,0.0032811374
2459891.6194221564,-0.0012408495,0.0032817512
2459891.6208110377,0.0022217035,0.0032837105
2459891.622199919,-0.0036292076,0.003279388
2459891.6235888,-0.005859852,0.0032770692
2459891.6249776813,-0.00034171343,0.0032804515
2459891.626366562,-0.0024586916,0.0032814082
2459891.6277554436,0.0011336803,0.0032819184
2459891.629144325,0.0023589134,0.0032872048
2459891.630533206,0.0015764236,0.0032840748
2459891.631922087,0.0007081032,0.003279479
2459891.633310968,-0.00030106306,0.0032812497
2459891.6346998494,-0.0011095405,0.0032795828
2459891.6360887303,-0.00028324127,0.00328307
2459891.6374776117,-0.001216054,0.0032786664
2459891.6388664925,0.0008569956,0.0032841538
2459891.640255374,0.004547119,0.0032821933
2459891.641644255,-0.0013041496,0.0032832513
2459891.643033136,0.00040650368,0.0032845591
2459891.6444220175,-0.0015414953,0.003282028
2459891.6458108984,-0.0039589405,0.0032794157
2459891.6471997797,-0.0007531643,0.003281219
2459891.6485886606,-0.0040274262,0.0032788354
2459891.649977542,0.0029622316,0.0032839328
2459891.651366423,-0.0005763173,0.003281294
2459891.6527553042,0.001455307,0.003282554
2459891.654144185,0.00023925304,0.0032840818
2459891.6555330665,-0.0054166317,0.0032775959
2459891.6569219474,0.0040489435,0.0032800334
2459891.6583108283,0.0005296469,0.0032797377
2459891.6596997096,0.00037693977,0.003280518
2459891.6610885905,0.0027031898,0.0032802692
2459891.662477472,-0.0035201907,0.0032797104
2459891.663866353,-0.0009226203,0.0032791144
2459891.665255234,-0.0034000278,0.0032814238
2459891.666644115,-0.0042419434,0.0032830308
2459891.6680329964,-0.0024609566,0.0032811924
2459891.6694218772,-0.0044463277,0.0032788771
2459891.670810758,-0.004009187,0.0032810334
2459891.6721996395,0.00040829182,0.0032820213
2459891.6735885204,-0.001162231,0.0032778066
2459891.6749774017,0.0012885332,0.0032840718
2459891.6763662826,0.0013209581,0.0032822837
2459891.677755164,0.0062817335,0.0032847978
2459891.679144045,0.0050325394,0.003286604
2459891.6805329258,0.0026080608,0.0032835465
2459891.681921807,0.00041151047,0.0032880825
2459891.683310688,-0.00011116266,0.003280287
2459891.684699569,0.0009691715,0.0032839214
2459891.6860884503,-0.002395928,0.003279568
2459891.687477331,-0.0011914372,0.0032806061
2459891.6888662125,0.004197955,0.0032839044
2459891.6902550934,-0.00015431643,0.0032805852
2459891.6916439743,-0.004197359,0.0032786895
2459891.693032855,-0.006922841,0.0032787095
2459891.6944217365,-0.0011637211,0.003284453
2459891.6958106174,0.0014824867,0.0032825784
2459891.697199499,-0.0029652715,0.0032803665
2459891.6985883797,0.0003927946,0.0032832024
2459891.6999772605,0.006415367,0.0032886912
2459891.701366142,-0.0038047433,0.0032778739
2459891.702755023,0.00046634674,0.0032812408
2459891.7041439037,-0.0013481975,0.0032797116
2459891.7055327846,0.00094366074,0.0032830855
2459891.706921666,-0.004151404,0.0032805486
2459891.708310547,0.004459858,0.0032855165
2459891.7096994277,-0.00020962954,0.0032818932
2459891.711088309,-0.0016080141,0.003281504
2459891.71247719,-0.0022616982,0.003285322
2459891.713866071,0.00030994415,0.0032836068
2459891.7152549517,0.0030441284,0.0032846949
2459891.7166438326,-0.0016541481,0.0032840858
2459891.718032714,9.346008e-05,0.0032822425
2459891.719421595,0.0041526556,0.003283024
2459891.7208104758,0.0024086237,0.0032821903
2459891.7221993566,-0.0038415194,0.0032821489
2459891.723588238,0.001185298,0.0032835281
2459891.724977119,0.0032362938,0.0032844222
2459891.726366,-0.000631094,0.0032805325
2459891.7277548807,0.0056717396,0.0032838383
2459891.7291437616,0.0053088665,0.0032851011
2459891.730532643,0.0034846067,0.0032835233
2459891.731921524,0.0043382645,0.0032812303
2459891.7333104047,-0.0009739995,0.0032807658
2459891.7346992856,-0.0010964274,0.0032822338
2459891.7360881665,-0.0019230247,0.0032816303
2459891.7374770474,-0.0065103173,0.0032810709
2459891.7388659287,-0.0037891865,0.0032786194
2459891.7402548096,-0.0019014478,0.0032783865
2459891.7416436905,0.0066530704,0.0032865629
2459891.7430325714,0.00082182884,0.0032819533
2459891.7444214523,0.00042700768,0.003282042
2459891.7458103336,0.003317833,0.0032842376
2459891.747199214,-0.0044217706,0.003277113
2459891.7485880954,-0.0045043826,0.0032803328
2459891.7499769763,0.002326727,0.0032833186
2459891.751365857,-0.0039229393,0.0032827633
2459891.752754738,0.0031256676,0.003283787
2459891.754143619,-0.0009797812,0.0032829067
2459891.7555325,0.0024313927,0.0032836585
2459891.7569213808,0.0040723085,0.0032843568
2459891.758310262,-0.0013310313,0.0032817982
2459891.7596991425,0.0010792017,0.0032820727
2459891.761088024,0.00096189976,0.0032839298
2459891.762476905,0.0020794868,0.0032858383
2459891.7638657857,0.0021333694,0.0032833552
2459891.7652546666,-0.0005027652,0.00328034
2459891.7666435475,0.003376007,0.003285254
2459891.7680324283,0.0017501116,0.003281972
2459891.769421309,0.00043189526,0.0032823049
2459891.77081019,-0.0024458766,0.0032794261
2459891.772199071,-0.0044092536,0.0032784175
2459891.773587952,0.0054266453,0.0032861198
2459891.774976833,0.004302025,0.0032839708
2459891.7763657137,-0.0017513037,0.003281611
2459891.7777545946,-0.004479885,0.0032789675
2459891.7791434755,-0.0038186312,0.0032824804
2459891.7805323564,-0.0020982027,0.0032784261
2459891.7819212377,-0.005288124,0.0032801144
2459891.783310118,0.0022194386,0.0032842627
2459891.784698999,0.0050827265,0.003281785
2459891.78608788,-0.00029814243,0.0032847023
2459891.787476761,-0.001072526,0.003281381
2459891.7888656417,0.0012857914,0.0032811528
2459891.7902545226,0.00085508823,0.0032819593
2459891.7916434035,0.0074602365,0.003287392
2459891.7930322844,-0.0031907558,0.0032796322
2459891.7944211653,-0.0017373562,0.0032816036
2459891.795810046,-0.0027002692,0.0032807519
2459891.797198927,-0.005293131,0.0032773344
2459891.798587808,0.0007505417,0.003284219
2459891.799976689,-0.0014694929,0.0032826893
2459891.8013655697,-0.00012040138,0.0032843575
2459891.8027544506,-0.003146708,0.0032815484
2459891.8041433315,0.00084006786,0.0032832462
2459891.805532212,0.0026876926,0.0032890255
2459891.8069210933,0.0004632473,0.0032796012
2459891.8083099737,-0.00223881,0.0032807365
2459891.8096988546,-0.001478672,0.0032805267
2459891.8110877355,-0.0013108253,0.003284243
2459891.8124766164,-0.0012869835,0.0032840173
2459891.8138654972,-0.00034326315,0.003283592
2459891.815254378,-0.0013179779,0.0032839705
2459891.816643259,-0.0055245757,0.00328046
2459891.8180321394,0.0057080984,0.0032884462
2459891.819421021,-0.0032722354,0.0032807994
2459891.820809901,0.0037304163,0.0032846397
2459891.822198782,0.0015039444,0.0032820525
2459891.823587663,-0.00075143576,0.0032815677
2459891.824976544,0.0034358501,0.0032836646
2459891.826365425,0.0022940636,0.0032865298
2459891.827754305,-0.00478822,0.0032840748
2459891.829143186,0.0009405613,0.0032853347
2459891.830532067,-0.00022429228,0.0032820795
2459891.831920948,0.000987649,0.0032833426
2459891.833309829,0.0001872778,0.0032809414
2459891.8346987097,-0.004864037,0.00328087
2459891.8360875905,-0.0029961467,0.0032807242
2459891.837476471,0.0056960583,0.0032841414
2459891.838865352,-0.00014525652,0.003282734
2459891.8402542328,-0.003689766,0.0032806385
2459891.8416431136,0.0049390793,0.003285803
2459891.843031994,0.0010558367,0.0032821093
2459891.844420875,-0.002666533,0.003281346
2459891.845809756,-0.0054498315,0.0032794022
2459891.8471986367,0.004796624,0.0032853065
2459891.8485875176,0.0016475916,0.0032837174
2459891.849976398,-0.0017040968,0.0032829132
2459891.851365279,0.001123786,0.0032836401
2459891.8527541594,-0.00418067,0.0032816888
2459891.8541430403,-0.0027495027,0.0032796073
2459891.855531921,-0.0036449432,0.0032790978
2459891.856920802,0.0064725876,0.0032876641
2459891.858309683,0.0034224987,0.0032841268
2459891.8596985633,-0.0018908381,0.0032834392
2459891.8610874442,0.002673149,0.0032846746
2459891.8624763247,-0.0009151697,0.0032801575
2459891.8638652056,-8.422136e-05,0.0032781584
2459891.8652540864,-0.002239406,0.003278431
2459891.8666429673,0.0031977892,0.0032861447
2459891.868031848,-0.0010784268,0.003280076
2459891.8694207286,-0.0025469065,0.0032798927
2459891.8708096095,-0.0018604994,0.0032792315
2459891.87219849,0.00066661835,0.0032839237
2459891.873587371,-0.0013899803,0.0032788701
2459891.8749762513,-0.0039975643,0.0032778792
2459891.876365132,0.004734516,0.003283209
2459891.877754013,0.007371545,0.0032832138
2459891.879142894,0.004294634,0.0032818606
2459891.8805317744,0.0013240576,0.0032778056
2459891.8819206553,-0.0022704005,0.0032776957
2459891.883309536,-0.007299185,0.0032749218
2459891.8846984166,-0.0017623901,0.0032753616
2459891.8860872975,-0.0051013827,0.0032736522
2459891.887476178,-0.001706779,0.0032764773
2459891.888865059,0.0018062592,0.0032780294
2459891.8902539397,-0.0058757067,0.0032727856
2459891.89164282,-0.0008068681,0.0032774045
2459891.893031701,-0.0027945638,0.003274323
2459891.8944205814,-0.0013496876,0.0032727008
2459891.8958094623,-0.0055195093,0.0032727784
2459891.8971983427,-0.0014548302,0.003273534
2459891.8985872236,0.0015692711,0.0032774552
2459891.8999761045,0.0044112206,0.0032767563
2459891.901364985,-0.003617227,0.0032711497
2459891.902753866,-0.0036334991,0.0032717087
2459891.9041427462,-0.0034514666,0.003274734
2459891.905531627,0.0007804632,0.0032746308
2459891.9069205076,0.0036358833,0.0032786694
2459891.9083093884,-0.00015854836,0.0032733148
2459891.909698269,-0.00015068054,0.0032758666
2459891.9110871498,-0.0007659197,0.0032767577
2459891.9124760306,-0.0039626956,0.0032726096
2459891.913864911,0.001369834,0.0032755497
2459891.9152537915,-0.00067055225,0.0032737972
2459891.9166426724,-0.004109144,0.0032777255
2459891.918031553,0.0107399225,0.0032837512
2459891.9194204337,-0.002063036,0.0032722873
2459891.920809314,-0.0022937655,0.0032715665
2459891.922198195,-0.0011680722,0.003273684
2459891.9235870754,-0.003680408,0.0032739714
2459891.9249759563,-0.00080901384,0.0032725625
2459891.9263648367,0.00046777725,0.003274182
2459891.9277537176,-0.0032756329,0.0032723877
2459891.929142598,0.00073862076,0.0032759984
2459891.930531479,-0.0030050278,0.0032728696
2459891.9319203594,-8.1300735e-05,0.0032760624
2459891.93330924,0.004815817,0.003277743
2459891.9346981207,0.00028276443,0.0032774666
2459891.936087001,-0.0009474158,0.0032759188
2459891.937475882,-0.00036364794,0.0032786091
2459891.9388647624,-0.00087171793,0.0032742675
2459891.9402536433,0.0043251514,0.003276843
2459891.9416425237,-0.00097310543,0.0032784063
2459891.943031404,0.0010524988,0.0032729493
2459891.944420285,-0.00701946,0.0032722615
2459891.9458091655,0.0035014153,0.003274796
2459891.9471980464,-0.0025579333,0.0032727725
2459891.948586927,-0.001674056,0.0032751146
2459891.949975807,0.001060009,0.0032767784
2459891.9513646876,-0.003640592,0.0032709904
2459891.9527535685,-0.00045228004,0.003274584
2459891.9541424494,0.001670599,0.0032741744
2459891.95553133,0.00020873547,0.003273374
2459891.9569202103,0.0018613338,0.0032757148
2459891.9583090907,0.0013976097,0.003273576
2459891.9596979716,0.0014250278,0.0032753453
2459891.961086852,-0.00037008524,0.0032709336
2459891.9624757324,-0.00333786,0.003270825
2459891.9638646133,0.00029957294,0.0032758424
2459891.9652534937,0.0034271479,0.003275131
2459891.9666423746,0.00091564655,0.0032762086
2459891.968031255,0.0018230677,0.003277324
2459891.9694201355,-0.002861619,0.003272357
2459891.970809016,-0.004236698,0.0032730785
2459891.972197897,0.0003373623,0.0032781956
2459891.973586777,-0.0025878549,0.0032715441
2459891.9749756576,-0.003694117,0.0032707206
2459891.9763645385,0.0008147955,0.0032739006
2459891.977753419,0.0033397675,0.0032762238
2459891.9791422994,-0.004828453,0.0032745504
2459891.98053118,0.0013443232,0.0032745644
2459891.9819200602,-0.0009281039,0.0032763258
2459891.9833089407,0.0020364523,0.0032766121
2459891.9846978216,-0.0031574965,0.0032735923
2459891.986086702,-0.00597924,0.0032733132
2459891.9874755824,0.0031180382,0.0032753788
2459891.9888644633,0.004684806,0.003277038
2459891.9902533437,0.0013897419,0.003277336
2459891.991642224,0.00022888184,0.0032757192
2459891.9930311046,-0.0072770715,0.0032714629
2459891.994419985,-0.005849302,0.0032722591
2459891.995808866,-0.0012186766,0.003276154
2459891.9971977463,0.0046081543,0.0032767463
2459891.9985866267,-0.0033022165,0.0032738629
2459891.999975507,-0.0009691715,0.0032749232
2459892.0013643876,-0.0002669692,0.003275181
2459892.002753268,-0.002053976,0.003274963
2459892.004142149,0.003112197,0.0032764105
2459892.0055310293,-0.0018082261,0.0032770056
2459892.0069199097,-0.0014831424,0.0032725919
2459892.00830879,-0.0024681687,0.0032758582
2459892.0096976706,-0.0022019148,0.003273049
2459892.0110865515,-0.00046730042,0.0032761807
2459892.0124754314,-0.0006120205,0.0032797167
2459892.0138643123,0.003012538,0.0032768426
2459892.0152531927,-0.0004608035,0.0032735995
2459892.016642073,-0.002088964,0.0032786904
2459892.0180309536,0.0003117323,0.0032787551
2459892.019419834,-0.002456069,0.0032753956
2459892.020808715,-0.005369365,0.0032748373
2459892.022197595,0.0003966093,0.0032763877
2459892.0235864758,-0.0006609559,0.0032778203
2459892.0249753557,0.0010011196,0.0032772678
2459892.0263642366,-0.003635168,0.0032741006
2459892.027753117,-0.005312741,0.0032793055
2459892.0291419975,-0.00053817034,0.0032752967
2459892.030530878,-0.006065607,0.0032745604
2459892.0319197583,-0.002879262,0.0032796308
2459892.0333086387,0.0005337,0.0032843386
2459892.034697519,0.0005465746,0.003279297
2459892.0360863996,-0.0020266771,0.003278948
2459892.03747528,0.0014079809,0.0032810995
2459892.0388641604,0.0012277365,0.0032807316
2459892.040253041,-0.0052553415,0.0032776953
2459892.0416419213,-0.0033252835,0.0032819782
2459892.0430308017,-0.0033786297,0.0032796003
2459892.044419682,0.0002310276,0.0032842497
2459892.0458085625,-0.0011566877,0.0032815903
2459892.047197443,-0.00253433,0.0032798066
2459892.0485863234,-0.00011217594,0.0032827174
2459892.0499752043,0.0040813684,0.0032855703
2459892.0513640842,1.0371208e-05,0.0032841733
2459892.0527529647,0.005042076,0.0032868304
2459892.054141845,-0.0041108727,0.003280848
2459892.0555307255,0.0017590523,0.0032867622
2459892.056919606,-0.004641831,0.0032815451
2459892.0583084864,0.0026866198,0.0032849924
2459892.059697367,-0.0047037005,0.0032815472
2459892.061086247,-0.0017818213,0.0032823577
2459892.0624751276,0.0019671917,0.0032842746
2459892.063864008,-0.0015076995,0.003282691
2459892.0652528885,-0.00086671114,0.0032875268
2459892.066641769,-0.0012629032,0.0032852716
2459892.0680306493,0.00048935413,0.0032853144
2459892.0694195298,0.0028434992,0.0032870732
2459892.07080841,0.0015865564,0.003284428
2459892.0721972906,-0.002098322,0.0032858388
2459892.0735861706,3.2544136e-05,0.0032841659
2459892.0749750515,-0.002702713,0.0032850697
2459892.0763639314,0.0034788847,0.0032865284
2459892.077752812,0.002018571,0.0032849938
2459892.0791416923,0.00042152405,0.0032866437
2459892.0805305727,0.0031154156,0.0032857407
2459892.081919453,-0.0057705045,0.0032807102
2459892.0833083335,-0.004995048,0.0032820085
2459892.084697214,-0.0061407685,0.0032853908
2459892.086086094,0.007172823,0.003287912
2459892.0874749743,0.0012731552,0.0032861256
2459892.0888638548,0.00070106983,0.00328353
2459892.090252735,-0.002179563,0.0032842194
2459892.0916416156,0.0032606125,0.0032855822
2459892.093030496,-0.0019865036,0.003282846
2459892.0944193765,0.0041537285,0.003286207
2459892.0958082564,-0.006996274,0.0032794196
2459892.097197137,0.004832387,0.0032895724
2459892.0985860173,0.0035260916,0.0032851505
2459892.0999748977,-0.0019561648,0.0032835458
2459892.1013637776,0.00048720837,0.0032856048
2459892.102752658,0.0040391684,0.0032880406
2459892.1041415385,1.3589859e-05,0.0032830408
2459892.105530419,0.0016123056,0.003288097
2459892.1069192993,0.00147295,0.0032834376
2459892.1083081793,0.002218604,0.0032866346
2459892.1096970597,-0.00096714497,0.0032885522
2459892.11108594,0.0042797327,0.0032889412
2459892.1124748206,-0.0045749545,0.0032807156
2459892.113863701,0.0022755861,0.0032856583
2459892.115252581,-0.003384471,0.0032803107
2459892.1166414614,-0.0021522641,0.003285686
2459892.118030342,0.0011218786,0.0032841621
2459892.119419222,-0.002149582,0.0032840488
2459892.120808102,-0.0044986606,0.0032807798
2459892.1221969826,0.0012818575,0.0032877463
2459892.1235858626,-0.0047333837,0.0032813405
2459892.124974743,0.00081157684,0.003286671
2459892.1263636234,0.0031938553,0.0032860374
2459892.127752504,0.0012972355,0.0032850627
2459892.1291413843,0.0026208162,0.0032870662
2459892.130530264,0.002337575,0.0032876423
2459892.1319191447,-0.0027804375,0.0032828876
2459892.1333080246,0.002244711,0.0032878334
2459892.134696905,-0.002408743,0.0032843065
2459892.1360857855,-0.0015575886,0.0032858497
2459892.1374746654,-0.004650414,0.0032805873
2459892.138863546,0.00010216236,0.0032839717
2459892.1402524263,0.0030764341,0.0032868865
2459892.1416413067,0.0020356178,0.0032857968
2459892.1430301866,-0.00047796965,0.0032870763
2459892.144419067,0.0025584698,0.0032871405
2459892.1458079475,-0.006412506,0.0032798946
2459892.1471968275,0.0007072687,0.0032844706
2459892.148585708,-0.0017154217,0.0032832667
2459892.149974588,-0.0019888282,0.0032843628
2459892.1513634683,-0.0029446483,0.0032836786
2459892.152752348,0.00035881996,0.00328552
2459892.1541412286,-0.00027924776,0.0032851163
2459892.1555301086,0.004395485,0.0032880919
2459892.156918989,0.004963398,0.0032878013
2459892.1583078695,0.002194643,0.0032880437
2459892.1596967494,-0.0014588237,0.0032848392
2459892.16108563,-0.0026211739,0.003282414
2459892.16247451,-0.00017124414,0.003285175
2459892.16386339,-0.00489527,0.0032821698
2459892.16525227,-0.0035223365,0.0032807242
2459892.1666411506,-0.0002449751,0.003284667
2459892.168030031,0.0018950701,0.0032846397
2459892.169418911,0.0041018724,0.003285678
2459892.1708077914,0.0035008192,0.003289969
2459892.1721966714,0.0063353777,0.0032930216
2459892.173585552,-0.0019376874,0.0032855978
2459892.1749744317,-0.005294502,0.0032825717
2459892.176363312,-0.0005221963,0.003283854
2459892.1777521926,0.00242877,0.0032866632
2459892.1791410726,0.00045609474,0.003287861
2459892.180529953,0.0034018755,0.0032866476
2459892.181918833,-0.0001513958,0.0032858101
2459892.1833077134,-0.0032285452,0.003282518
2459892.1846965933,-0.0021672845,0.003281385
2459892.1860854737,-9.691715e-05,0.0032848427
2459892.1874743537,-0.0038523674,0.0032828688
2459892.1888632337,-0.0012946129,0.0032877778
2459892.190252114,-0.0026720762,0.0032835442
2459892.191640994,-0.007552147,0.0032816625
2459892.1930298745,-0.0030973554,0.0032848208
2459892.1944187544,-0.00457716,0.0032850371
2459892.195807635,-0.00016182661,0.003285895
2459892.197196515,-0.003043592,0.0032852304
2459892.1985853952,-0.0061634183,0.0032832392
2459892.199974275,0.002396822,0.0032918039
2459892.201363155,0.0016826391,0.0032876695
2459892.2027520356,0.00323236,0.0032880863
2459892.2041409155,-0.0007266998,0.0032838113
2459892.205529796,-0.0014978647,0.0032877799
2459892.206918676,-0.0009905696,0.0032874919
2459892.208307556,0.0019496679,0.0032872858
2459892.2096964363,-0.0012637973,0.003283024
2459892.2110853163,0.006029606,0.0032903887
2459892.2124741967,-0.0005349517,0.0032855496
2459892.2138630766,0.0009795427,0.0032861207
2459892.2152519566,-0.0016533732,0.003286654
2459892.216640837,-0.0027572513,0.0032846127
2459892.218029717,-0.0012862086,0.0032851615
2459892.219418597,-0.0018872619,0.0032839708
2459892.2208074774,-0.0046572685,0.003280536
2459892.2221963573,0.0041766167,0.0032913967
2459892.2235852373,0.0014203787,0.0032840106
2459892.2249741177,0.0022189617,0.0032888795
2459892.2263629977,-0.00700897,0.0032807344
2459892.227751878,0.0004298687,0.003286974
2459892.229140758,-0.00073730946,0.0032855573
2459892.230529638,-0.0015562177,0.0032870865
2459892.2319185184,-0.0002786517,0.0032851733
2459892.2333073984,0.004163742,0.0032886353
2459892.2346962783,0.0014224052,0.0032877547
2459892.2360851583,0.0038856268,0.003287774
2459892.2374740387,-0.00046432018,0.0032869272
2459892.2388629187,0.0010815859,0.0032850883
2459892.2402517986,-0.0051175356,0.0032831659
2459892.241640679,0.0003876686,0.0032863107
2459892.243029559,-0.0026370883,0.0032829132
2459892.244418439,0.0033046007,0.0032862443
2459892.245807319,-1.4603138e-05,0.0032861799
2459892.2471961994,-0.0036826134,0.003284969
2459892.248585079,-0.0028517246,0.0032851219
2459892.2499739593,-0.00251019,0.0032825875
2459892.2513628392,-0.0011570454,0.003285114
2459892.252751719,-0.0054503083,0.0032827628
2459892.2541405996,0.00050807,0.0032849368
2459892.2555294796,0.00093126297,0.0032870038
2459892.2569183595,-0.0037647486,0.0032864385
2459892.2583072395,0.0025820732,0.003287528
2459892.2596961195,-0.0027948022,0.0032856034
2459892.2610849994,-0.0037064552,0.0032848853
2459892.26247388,-0.00010198355,0.0032882313
2459892.26386276,0.0036861897,0.0032865547
2459892.2652516398,0.0020934343,0.0032856017
2459892.2666405197,0.0059837103,0.0032879207
2459892.2680293997,0.0051465034,0.0032882297
2459892.26941828,-0.0031978488,0.0032851186
2459892.27080716,-0.0009535551,0.0032864218
2459892.27219604,-0.0015323162,0.0032852248
2459892.27358492,-0.0023146272,0.0032849803
2459892.2749738,-0.0037105083,0.0032849084
2459892.2763626804,-0.0053370595,0.0032840734
2459892.27775156,8.869171e-05,0.0032848024
2459892.2791404403,0.00077331066,0.003287815
2459892.2805293202,0.00051665306,0.0032874232
2459892.2819182,0.004932761,0.0032909545
2459892.28330708,0.004126787,0.003292224
2459892.28469596,0.0029178858,0.00328847
2459892.28608484,-0.0004426837,0.0032880735
2459892.28747372,-0.004742086,0.0032858378
2459892.2888626005,0.00017631054,0.0032843477
2459892.29025148,-0.00087982416,0.0032857293
2459892.2916403604,-0.0042503476,0.0032862364
2459892.29302924,-0.002362609,0.003283146
2459892.2944181203,0.0016720295,0.00328618
2459892.2958070002,0.0061142445,0.0032892586
2459892.29719588,-0.0067393184,0.0032833554
2459892.29858476,0.0016063452,0.0032896535
2459892.29997364,0.00040912628,0.0032848204
2459892.30136252,-0.006662905,0.0032850376
2459892.3027514,0.008201718,0.0032876933
2459892.30414028,-0.0043240786,0.0032869424
2459892.30552916,-0.0008122325,0.0032859968
2459892.30691804,-0.005045593,0.003289771
2459892.30830692,-0.0014873147,0.0032906858
2459892.3096958,0.004776001,0.0032886774
2459892.31108468,-0.0023036003,0.0032854748
2459892.3124735598,-0.0023918152,0.0032846539
2459892.3138624397,0.0008214712,0.003284649
2459892.3152513197,0.002179265,0.0032880737
2459892.3166401996,-0.00013536215,0.003286227
2459892.3180290796,-0.002079606,0.003285816
2459892.3194179595,-0.0023427606,0.0032846876
2459892.3208068395,-0.005670309,0.0032857999
2459892.3221957195,-0.0058817267,0.003281815
2459892.3235845994,-0.0019292235,0.003287912
2459892.3249734794,0.0016585588,0.0032913294
2459892.3263623593,-0.0008648634,0.0032872772
2459892.3277512393,-0.0022600293,0.0032866008
2459892.3291401193,-0.0021756291,0.0032851999
2459892.330528999,0.005838275,0.0032895983
2459892.3319178787,-0.0037590861,0.003287721
2459892.333306759,-0.004236102,0.0032837794
2459892.3346956386,-0.0017738342,0.0032855552
2459892.3360845186,0.00238204,0.003289168
2459892.3374733985,0.0005723238,0.0032878357
2459892.3388622785,0.00057446957,0.0032860925
2459892.3402511585,-0.003847003,0.0032857915
2459892.3416400384,0.0030463934,0.0032897196
2459892.3430289184,-0.0044578314,0.0032820962
2459892.344417798,0.00012934208,0.0032856765
2459892.3458066783,-0.0030189753,0.0032853202
2459892.347195558,-0.0044593215,0.0032880022
2459892.3485844377,-0.0045673847,0.0032868385
2459892.3499733177,-0.0009827614,0.003285692
2459892.3513621977,-0.0026399493,0.0032854674
2459892.3527510776,-0.0022618175,0.0032867684
2459892.3541399576,-0.00042712688,0.0032896001
2459892.3555288375,0.00278306,0.0032907128
2459892.356917717,-0.00072199106,0.0032864262
2459892.358306597,0.0023372173,0.0032895464
2459892.359695477,-0.0025654435,0.0032867594
2459892.361084357,-0.0004184842,0.0032853582
2459892.362473237,-0.0021950603,0.003285892
2459892.3638621164,0.00047814846,0.0032878069
2459892.3652509963,-0.003204167,0.0032839447
2459892.3666398763,-0.0013586283,0.0032856443
2459892.368028756,-0.004431069,0.0032849514
2459892.3694176357,-0.0015220046,0.0032867668
2459892.3708065157,-0.00041896105,0.0032912064
2459892.3721953956,-0.0013677478,0.0032864602
2459892.3735842756,-0.005789399,0.0032809994
2459892.3749731556,0.0007092953,0.0032864723
2459892.376362035,-0.005444646,0.0032846085
2459892.377750915,0.0008432865,0.0032882062
2459892.379139795,0.00094401836,0.003286794
2459892.380528675,-0.00506711,0.0032836618
2459892.381917555,0.0019004345,0.0032909056
2459892.3833064344,-0.002246797,0.0032870562
2459892.3846953143,-0.00010198355,0.00328832
2459892.386084194,-0.00027126074,0.0032871456
2459892.387473074,0.002333641,0.003288547
2459892.3888619537,0.0067380667,0.003294537
2459892.3902508337,0.0014979839,0.0032899561
2459892.3916397137,-0.009937406,0.0032829775
2459892.393028593,-0.0037156343,0.0032859882
2459892.394417473,-0.0037440658,0.003288817
2459892.3958063526,-0.0011911392,0.0032916842
2459892.3971952326,0.0035620928,0.0032884951
2459892.3985841125,-0.0023053288,0.003285369
2459892.399972992,0.007384062,0.0032899992
2459892.401361872,-0.008122325,0.003282502
2459892.402750752,-0.00086158514,0.0032883864
2459892.404139632,0.0014303923,0.0032866392
2459892.4055285114,-0.0033849478,0.003288017
2459892.4069173913,-0.003213346,0.0032883089
2459892.408306271,-0.00080025196,0.0032872336
2459892.409695151,0.0022126436,0.003289379
2459892.4110840303,0.0013427734,0.0032888814
2459892.4124729102,0.0011775494,0.0032886113
2459892.41386179,-0.0017561913,0.0032853389
2459892.4152506697,-1.9490719e-05,0.0032891918
2459892.4166395497,0.0019973516,0.003287757
2459892.418028429,0.0011155605,0.003290946
2459892.419417309,0.0010851622,0.0032913845
2459892.420806189,-0.0055211782,0.0032844048
2459892.4221950686,-0.009722233,0.0032829426
2459892.4235839485,-0.00029987097,0.003288912
2459892.424972828,-0.00013744831,0.0032883696
2459892.426361708,0.0036228895,0.0032925138
2459892.427750588,-0.0094136,0.0032837032
2459892.4291394674,-0.0055938363,0.0032850301
2459892.4305283474,-0.004795015,0.0032873598
2459892.431917227,-0.0008676052,0.0032879515
2459892.433306107,-0.0005722046,0.0032895026
2459892.4346949863,-0.004593134,0.0032846397
2459892.4360838663,-0.00029838085,0.003287127
2459892.437472746,-0.0063221455,0.0032842343
2459892.4388616257,0.0053317547,0.0032893054
2459892.440250505,-0.0042283535,0.0032861822
2459892.441639385,-0.005540669,0.0032850332
2459892.4430282647,0.00048935413,0.0032865873
2459892.4444171446,-0.002189815,0.00328618
2459892.4458060246,-0.007400334,0.0032837256
2459892.447194904,0.0039924383,0.0032915545
2459892.448583784,-0.0031251311,0.0032858746
2459892.4499726635,0.002315998,0.0032897925
2459892.451361543,0.0038805008,0.0032902015
2459892.452750423,-0.005744338,0.0032851815
2459892.4541393025,-0.0030648112,0.003287131
2459892.4555281824,-0.00070250034,0.0032908034
2459892.456917062,0.0024125576,0.0032888565
2459892.458305942,0.0010308027,0.0032901764
2459892.4596948214,-0.00081408024,0.0032887543
2459892.4610837013,-0.004332483,0.003285173
2459892.462472581,-0.0058637857,0.0032879403
2459892.4638614603,-0.0018438697,0.0032867356
2459892.46525034,-0.0026937723,0.0032903063
2459892.46663922,-0.0014508963,0.003287398
2459892.4680280997,-0.004314244,0.0032858916
2459892.4694169792,-0.00156492,0.0032873647
2459892.4708058587,-0.0012995601,0.0032857922
2459892.4721947387,-0.004910648,0.0032844907
2459892.473583618,-0.0035418868,0.0032873575
2459892.4749724977,-0.0016676188,0.003287702
2459892.4763613776,-0.0014927983,0.0032874637
2459892.477750257,-0.00035852194,0.0032904379
2459892.479139137,0.006054044,0.003291959
2459892.4805280166,-0.0011687875,0.003287297
2459892.481916896,0.00042700768,0.003288178
2459892.483305776,-0.0003016591,0.003292317
2459892.4846946555,0.00044858456,0.0032924567
2459892.486083535,0.0045263767,0.0032907329
2459892.487472415,-0.0054320693,0.0032839568
2459892.4888612945,-0.0040392876,0.003284878
2459892.490250174,0.004571438,0.0032891454
2459892.4916390534,-0.002892673,0.0032886623
2459892.4930279334,-0.005559683,0.0032852455
2459892.494416813,-6.3955784e-05,0.0032917373
2459892.495805693,-0.0056286454,0.0032850043
2459892.4971945724,-0.00025850534,0.003291297
2459892.498583452,-0.0022076368,0.0032872811
2459892.499972332,-0.0030617714,0.0032860427
2459892.5013612113,-0.0023568869,0.003286932
2459892.502750091,-0.0011931658,0.0032869228
2459892.5041389703,0.00071656704,0.0032870022
2459892.5055278502,0.0003681183,0.0032896188
2459892.5069167293,-0.002163589,0.0032885876
2459892.508305609,-0.00018531084,0.003287438
2459892.5096944887,-0.00074374676,0.003290574
2459892.511083368,-0.00219661,0.0032880371
2459892.512472248,-0.001604557,0.0032873442
2459892.5138611277,0.00096845627,0.00329183
2459892.515250007,-0.0027000308,0.0032870276
2459892.5166388866,-0.0029144883,0.0032859212
2459892.5180277666,-0.0029152632,0.0032861358
2459892.519416646,0.0040916204,0.003290156
2459892.5208055256,0.00332129,0.0032919783
2459892.522194405,-0.0025945306,0.0032878283
2459892.5235832846,-0.00026071072,0.0032868832
2459892.5249721645,-0.004453838,0.0032888642
2459892.526361044,0.0034228563,0.0032923468
2459892.5277499235,-0.0046856403,0.0032891433
2459892.529138803,-0.0033632517,0.0032836052
2459892.5305276825,-0.005661726,0.003288401
2459892.5319165625,0.002150774,0.0032878136
2459892.5333054415,-0.0013405681,0.0032880881
2459892.5346943215,0.0024763346,0.0032933915
2459892.536083201,-0.0065918565,0.003285824
2459892.5374720804,-0.0036076903,0.0032870865
2459892.53886096,0.0017217398,0.0032890777
2459892.5402498394,-0.0005424619,0.0032865652
2459892.5416387194,0.0071070194,0.0032939531
2459892.5430275984,-0.0005479455,0.003294936
2459892.5444164784,0.006965518,0.003294171
2459892.545805358,0.00023937225,0.003289106
2459892.5471942374,-0.004691839,0.0032889657
2459892.548583117,0.0067403316,0.0032925773
2459892.5499719963,-0.0024068356,0.0032879626
2459892.551360876,-0.0020874143,0.0032892255
2459892.5527497553,-0.004673302,0.0032870467
2459892.554138635,-0.0067652464,0.0032841973
2459892.5555275143,0.004609585,0.003293185
2459892.556916394,0.0013767481,0.0032909217
2459892.5583052733,0.000243783,0.0032922928
2459892.5596941533,-0.0032839775,0.0032875498
2459892.5610830323,-0.0012797117,0.0032873258
2459892.5624719122,-0.0008046031,0.003287745
2459892.5638607917,0.0072300434,0.00329519
2459892.565249671,-0.0024471283,0.0032909126
2459892.5666385507,-0.0016717911,0.0032899317
2459892.56802743,0.0020200014,0.0032914602
2459892.5694163097,-0.001101315,0.0032916514
2459892.5708051887,-0.00484848,0.0032872683
2459892.5721940687,-0.0031878948,0.0032888092
2459892.573582948,-0.004278302,0.0032888611
2459892.5749718277,0.0011680126,0.0032892388
2459892.576360707,-0.0034676194,0.0032856683
2459892.5777495867,-0.002364099,0.0032864846
2459892.579138466,0.0015672445,0.0032930516
2459892.580527345,0.00060498714,0.0032880486
2459892.581916225,-0.004415989,0.0032861943
2459892.583305104,-0.003535211,0.0032891084
2459892.5846939837,-0.0039404035,0.0032885335
2459892.5860828636,-0.0033350587,0.0032875699
2459892.5874717426,0.00092339516,0.0032898614
2459892.588860622,0.0011147261,0.0032888541
2459892.5902495016,-0.0028340816,0.0032869624
2459892.591638381,0.0014622211,0.0032931361
2459892.5930272606,0.0061028004,0.0032952137
2459892.59441614,0.0034809113,0.003290541
2459892.5958050196,-0.002544701,0.003287591
2459892.597193899,0.002689004,0.0032914493
2459892.5985827786,-0.002011001,0.0032909536
2459892.599971658,0.00085139275,0.003292976
2459892.6013605376,-0.0014218688,0.0032923503
2459892.6027494166,0.0016869307,0.0032908714
2459892.604138296,0.0021414757,0.0032905156
2459892.6055271756,0.0030829906,0.0032961702
2459892.606916055,0.005499482,0.003298276
2459892.6083049346,-0.0014429688,0.0032921857
2459892.609693814,0.0009987354,0.0032963792
2459892.6110826936,-0.0019887686,0.0032940693
2459892.6124715726,-0.004753709,0.0032885822
2459892.613860452,0.0030792952,0.0032920472
2459892.6152493316,0.0017787218,0.0032914763
2459892.616638211,0.0036627054,0.0032920898
2459892.6180270906,-0.0057468414,0.0032865503
2459892.61941597,-0.0048912764,0.0032872956
2459892.6208048495,-0.0005220771,0.0032903412
2459892.6221937286,-0.0067370534,0.0032884497
2459892.623582608,0.002406478,0.0032909885
2459892.6249714876,-0.00054103136,0.0032915478
2459892.626360367,0.0025131702,0.0032942046
2459892.6277492465,-0.005691588,0.0032873056
2459892.6291381256,0.0031507015,0.0032927245
2459892.630527005,-0.0029875636,0.0032898085
2459892.6319158846,0.0054836273,0.003296435
2459892.633304764,-0.00091820955,0.0032887848
2459892.634693643,-0.0031002164,0.0032887252
2459892.6360825226,-0.005214691,0.00328957
2459892.637471402,0.0027662516,0.003290756
2459892.6388602816,0.0059919357,0.0032933792
2459892.6402491606,-0.0030160546,0.0032929082
2459892.64163804,-0.0071429014,0.0032893745
2459892.6430269196,0.00088715553,0.0032905387
2459892.6444157986,-0.0032314658,0.0032889117
2459892.645804678,0.0025303364,0.0032930877
2459892.6471935576,-0.0013334155,0.0032906285
2459892.648582437,0.00026369095,0.0032887005
2459892.6499713166,0.002080202,0.0032919666
2459892.6513601956,-0.0008970499,0.003287922
2459892.652749075,9.071827e-05,0.0032932272
2459892.654137954,-0.002765298,0.0032909487
2459892.6555268336,0.0005209446,0.0032905359
2459892.656915713,0.0036278963,0.003293832
2459892.658304592,-0.0016390085,0.0032906083
2459892.6596934716,-0.0022022128,0.003290548
2459892.661082351,-0.0024837852,0.0032907855
2459892.6624712306,-0.0026141405,0.0032915035
2459892.6638601096,0.0027265549,0.0032912553
2459892.665248989,-0.00012904406,0.0032907561
2459892.666637868,-0.003356576,0.0032906078
2459892.6680267476,-0.0020817518,0.0032908306
2459892.669415627,0.0042654276,0.0032951962
2459892.670804506,-0.003086865,0.003288253
2459892.6721933857,0.004533887,0.0032981336
2459892.6735822647,-0.0032842755,0.0032927569
2459892.674971144,0.0007184744,0.0032946598
2459892.6763600237,0.0007176399,0.0032943923
2459892.6777489027,0.00026857853,0.0032927918
2459892.679137782,-0.00051790476,0.0032904474
2459892.680526661,-0.00083476305,0.0032948116
2459892.6819155407,0.00057661533,0.0032909499
2459892.68330442,0.003373742,0.0032950034
2459892.6846932992,-0.00044071674,0.0032914388
2459892.6860821787,-0.0005297661,0.0032915825
2459892.6874710578,0.00022113323,0.0032925187
2459892.6888599372,0.0027979612,0.0032907932
2459892.6902488163,-0.0014395118,0.003295867
2459892.6916376958,-0.0034496784,0.00328999
2459892.693026575,0.0010082722,0.0032943403
2459892.6944154543,-0.0011010766,0.003290528
2459892.6958043333,0.0020582676,0.0032925652
2459892.697193213,0.00054454803,0.0032939636
2459892.698582092,-0.005290687,0.0032901112
2459892.6999709713,-0.00056272745,0.0032915631
2459892.701359851,0.0011974573,0.0032937247
2459892.70274873,-0.002645135,0.0032910574
2459892.7041376093,-0.0039131045,0.0032903561
2459892.7055264884,0.001411438,0.0032934109
2459892.706915368,-0.0009460449,0.0032915531
2459892.708304247,0.0009763241,0.0032954495
2459892.7096931264,-0.002060771,0.0032907657
2459892.7110820054,0.0045472383,0.003296029
2459892.7124708844,-0.0012007952,0.003293684
2459892.713859764,-0.004526198,0.0032889477
2459892.715248643,0.0022331476,0.0032936765
2459892.7166375224,-0.004000962,0.0032920395
2459892.7180264015,-0.0006890297,0.003294492
2459892.719415281,0.0025767088,0.003295237
2459892.72080416,0.0043330193,0.0032951927
2459892.7221930395,0.0024980307,0.0032957857
2459892.7235819185,0.0056061745,0.0032960162
2459892.7249707975,0.004242897,0.0032962458
2459892.726359677,-0.0011533499,0.0032932751
2459892.727748556,-0.005621314,0.0032930877
2459892.7291374356,-0.001141429,0.003291605
2459892.7305263146,0.004655719,0.0032967865
2459892.7319151936,-0.0010864735,0.0032916549
2459892.733304073,0.0018568039,0.003292808
2459892.734692952,0.003397584,0.0032971117
2459892.7360818316,0.005928874,0.0032964083
2459892.7374707107,0.0012851954,0.0032929003
2459892.7388595897,-0.001406014,0.0032934225
2459892.7402484687,0.0042067766,0.0032976756
2459892.741637348,0.0015934706,0.0032947287
2459892.743026227,0.0029819012,0.0032927422
2459892.7444151067,0.003463149,0.0032943662
2459892.7458039857,0.00074625015,0.0032934616
2459892.747192865,-0.005504489,0.0032910758
2459892.7485817443,-0.0047742724,0.0032882914
2459892.7499706233,0.0006341934,0.0032932775
2459892.7513595023,-0.004072964,0.003291321
2459892.7527483813,0.0064584017,0.0032961979
2459892.754137261,0.00022399426,0.0032931636
2459892.75552614,0.006655097,0.0032974149
2459892.756915019,0.00076556206,0.0032932498
2459892.7583038984,6.3180923e-06,0.003296422
2459892.7596927774,-0.00094127655,0.0032924197
2459892.7610816564,0.006853342,0.0032960712
2459892.7624705355,-0.0004968047,0.0032938276
2459892.763859415,-0.002096653,0.003289308
2459892.765248294,-0.0051368475,0.0032904393
2459892.766637173,-0.0015208721,0.0032958142
2459892.7680260525,0.00052011013,0.0032956146
2459892.7694149315,0.0017170906,0.0032951739
2459892.7708038106,0.0018436909,0.0032929752
2459892.7721926896,-0.0044175982,0.0032928933
2459892.7735815686,-0.006909013,0.0032903343
2459892.7749704476,-0.004288435,0.0032919848
2459892.776359327,0.00015258789,0.0032959937
2459892.777748206,0.0012214184,0.0032946714
2459892.779137085,0.00029587746,0.0032939666
2459892.7805259647,-0.0010783672,0.0032928078
2459892.7819148437,-0.00037240982,0.0032935191
2459892.7833037227,-0.0025886297,0.0032893056
2459892.7846926018,-0.0055266023,0.0032899769
2459892.786081481,-0.00063169,0.0032921177
2459892.7874703603,0.0006004572,0.0032916018
2459892.788859239,-0.0010341406,0.003292897
2459892.7902481183,-0.0011633635,0.0032956824
2459892.7916369974,-0.0032699704,0.0032923175
2459892.7930258764,0.00075387955,0.003294387
2459892.7944147554,-0.0015826821,0.003291014
2459892.7958036344,-5.030632e-05,0.0032965615
2459892.7971925135,-0.00036394596,0.003294283
2459892.798581393,-0.004878819,0.0032913608
2459892.799970272,-0.00059616566,0.0032954006
2459892.801359151,-0.0016465187,0.003294258
2459892.80274803,0.0013221502,0.0032927704
2459892.804136909,-0.0019872189,0.0032934814
2459892.805525788,-0.0023504496,0.0032952898
2459892.806914667,-0.0017855763,0.0032939827
2459892.808303546,0.00033295155,0.003293707
2459892.8096924257,-0.0023894906,0.0032934162
2459892.811081304,-0.00021618605,0.003293064
2459892.8124701837,-0.0011729002,0.003296545
2459892.8138590623,0.0021823645,0.0032941843
2459892.8152479418,-0.001866579,0.0032938833
2459892.816636821,-0.004065573,0.0032930956
2459892.8180257,0.0018942356,0.003295367
2459892.819414579,0.0019823313,0.0032964917
2459892.820803458,-0.00080269575,0.0032974246
2459892.822192337,-1.40070915e-05,0.0032968384
2459892.823581216,0.0007894039,0.0032947245
2459892.824970095,0.0045324564,0.0032955825
2459892.826358974,0.0043092966,0.0033008582
2459892.827747853,0.0007869005,0.0032962577
2459892.829136732,-0.0023242831,0.00329328
2459892.830525611,-0.0010029674,0.0032958097
2459892.83191449,-0.0002900958,0.0032953678
2459892.833303369,0.0014884472,0.0032982596
2459892.834692248,0.0059173107,0.0033012351
2459892.836081127,-0.0013942122,0.0033010985
2459892.837470006,-0.0015553832,0.0032921927
2459892.838858885,-0.00040829182,0.0032938323
2459892.8402477643,0.0032769442,0.0032983318
2459892.8416366433,-0.0026037693,0.0032923692
2459892.8430255223,0.003639102,0.0032973038
2459892.8444144013,0.0034725666,0.0032977858
2459892.8458032804,-0.0036098957,0.003294834
2459892.8471921594,-0.002203405,0.003295077
2459892.848581038,0.0016863346,0.0032988586
2459892.849969917,6.568432e-05,0.0032949348
2459892.8513587965,-0.0019230247,0.0032944893
2459892.852747675,-0.001904428,0.0032956458
2459892.854136554,0.0016639233,0.0032964016
2459892.855525433,0.00020563602,0.0032949334
2459892.856914312,0.0008751154,0.0032987446
2459892.858303191,0.0057104826,0.0033004063
2459892.85969207,-0.00091689825,0.0032937285
2459892.8610809487,0.001450181,0.003296705
2459892.862469828,-0.0029195547,0.0032974784
2459892.8638587072,0.0010935068,0.003298193
2459892.865247586,0.00064504147,0.0032975003
2459892.866636465,0.00015974045,0.0032954223
2459892.868025344,-0.0019124746,0.0032963627
2459892.869414223,-0.0029736161,0.0032946658
2459892.8708031015,-0.0067270994,0.003293328
2459892.872191981,-0.0052714944,0.0032948419
2459892.87358086,-0.001097858,0.0032966323
2459892.8749697385,-0.0033969283,0.0032956456
2459892.8763586176,-0.0035645962,0.003296981
2459892.8777474966,0.0011087656,0.0032978742
2459892.8791363756,0.0026955605,0.0032983178
2459892.880525254,-0.0027579665,0.00329416
2459892.881914133,-0.0018778443,0.003296867
2459892.8833030122,-0.006571889,0.0032922209
2459892.8846918913,-0.00041401386,0.0032968444
2459892.8860807703,-0.005888045,0.0032949843
2459892.887469649,0.0006443262,0.0032981262
2459892.888858528,-0.0077370405,0.0032917373
2459892.890247407,0.0031317472,0.0032987287
2459892.891636286,-0.0011191368,0.0032969022
2459892.8930251645,-0.0018916726,0.0032959487
2459892.8944140435,0.0034953356,0.0032975834
2459892.8958029225,-0.004963875,0.003295002
2459892.8971918016,0.0018675327,0.0032983338
2459892.8985806806,0.0020719767,0.0032993641
2459892.899969559,0.0017778873,0.0032989427
2459892.901358438,-0.0010350943,0.0032966833
2459892.9027473168,-0.00022667646,0.0032978593
2459892.904136196,0.0012593269,0.0032977804
2459892.905525075,0.0028715134,0.0032992892
2459892.906913954,-0.0010983348,0.003299148
2459892.908302833,0.0012665987,0.0032984589
2459892.9096917114,-0.00046741962,0.003298144
2459892.9110805904,-0.0049351454,0.0032942728
2459892.912469469,0.0018662214,0.0033034892
2459892.913858348,0.002856493,0.0033025949
2459892.915247227,-0.0028665662,0.0032953983
2459892.9166361056,-0.002839446,0.0032969764
2459892.9180249847,-0.00033026934,0.0032979173
2459892.9194138637,0.0015730858,0.0032998584
2459892.9208027427,0.0005146265,0.0032984065
2459892.9221916213,0.00018954277,0.0032989127
2459892.9235805003,0.004201889,0.0033004084
2459892.924969379,0.0006430149,0.0032970214
2459892.926358258,0.0025752783,0.003300545
2459892.927747137,0.0023133755,0.0032988589
2459892.9291360155,-0.0036729574,0.0032950258
2459892.9305248945,0.00040471554,0.003297872
2459892.931913773,0.0026345253,0.0033003385
2459892.933302652,-0.0025577545,0.003299749
2459892.9346915307,-0.009026051,0.0032936535
2459892.9360804097,-0.0004042387,0.0032999995
2459892.9374692887,0.0022617579,0.0032980589
2459892.9388581673,-0.0017068982,0.0032981564
2459892.9402470463,-0.00086545944,0.003297888
2459892.941635925,-0.00038951635,0.0032958526
2459892.943024804,9.6440315e-05,0.0033024675
2459892.9444136824,0.004226446,0.0033005928
2459892.9458025615,-0.004272759,0.0032952619
2459892.9471914405,-0.003140092,0.003298533
2459892.948580319,0.002705574,0.0032991974
2459892.949969198,-0.005471468,0.0032969245
2459892.9513580767,-0.0010468364,0.0033005767
2459892.9527469557,-0.0049421787,0.0032970249
2459892.9541358342,-0.00091969967,0.0032975825
2459892.9555247133,0.0023382902,0.003302429
2459892.956913592,0.0023614168,0.0033004517
2459892.958302471,-0.0022420883,0.0033003476
2459892.95969135,0.00021636486,0.0032992358
2459892.9610802284,-0.0023855567,0.0032972156
2459892.9624691075,0.0006854534,0.003299374
2459892.963857986,-0.00012207031,0.0033009131
2459892.9652468646,0.0044407845,0.0033010694
2459892.9666357436,-0.0044341087,0.003298222
2459892.968024622,0.008164644,0.0033043362
2459892.969413501,-0.0024451017,0.0032990996
2459892.97080238,0.0022536516,0.0033029565
2459892.972191259,-4.863739e-05,0.0032976943
2459892.9735801374,0.0015569925,0.0033014754
2459892.9749690164,-0.0046551228,0.0032978188
2459892.976357895,-0.0027766824,0.0032986668
2459892.9777467735,0.0016576052,0.0033031562
2459892.9791356525,-0.0012309551,0.0032980898
2459892.980524531,0.0038946867,0.0033030908
2459892.98191341,-0.0027570724,0.0032986582
2459892.9833022887,0.0010919571,0.0033034715
2459892.9846911677,0.00051653385,0.0033002528
2459892.9860800463,0.0011936426,0.0033060992
2459892.987468925,-0.0012162328,0.003300825
2459892.9888578034,0.00014746189,0.003299947
2459892.9902466824,0.0045679808,0.0033013506
2459892.9916355615,-0.0022606254,0.0033014459
2459892.99302444,-0.0023664236,0.003300642
2459892.9944133186,0.0021238327,0.0033015774
2459892.995802197,-0.004759729,0.0032967739
2459892.997191076,0.0026897192,0.0033014338
2459892.9985799547,-0.0030784607,0.003298825
2459892.9999688333,0.003077507,0.0033049001
2459893.0013577123,0.0051578283,0.0033039937
2459893.002746591,-0.005025327,0.0032980854
2459893.00413547,0.0006761551,0.0033017094
2459893.0055243485,0.0017080307,0.0033031986
2459893.006913227,-0.0033777952,0.0033009367
2459893.0083021056,0.00033915043,0.0033016903
2459893.0096909846,0.0052415133,0.0033047334
2459893.011079863,-0.0014904141,0.003301811
2459893.0124687417,0.0034456253,0.0033033413
2459893.013857621,0.0009855032,0.0033028112
2459893.0152464993,-0.0043563843,0.0032991616
2459893.016635378,-0.0020162463,0.003299655
2459893.0180242565,0.00510633,0.0033041036
2459893.0194131355,-0.0008829832,0.003301673
2459893.020802014,-0.00016582012,0.003302323
2459893.0221908926,0.0017100573,0.0032998954
2459893.0235797716,0.0030978918,0.003304773
2459893.02496865,-0.009715021,0.0032961925
2459893.0263575288,-0.0074156523,0.0032982735
2459893.0277464073,0.0027492046,0.0033020868
2459893.029135286,0.0027205944,0.0033080585
2459893.0305241644,-0.0007349849,0.0032998067
2459893.0319130435,-0.00131917,0.0033057714
2459893.033301922,0.0010194778,0.0033023825
2459893.0346908006,-0.0011749268,0.0033004934
2459893.036079679,0.0016223192,0.0033031867
2459893.0374685577,-0.0037042499,0.0032999807
2459893.0388574367,-0.0014525056,0.0033030817
2459893.0402463153,0.0034040213,0.0033048533
2459893.041635194,0.0010495186,0.0033035967
2459893.0430240724,-0.0048145056,0.0033040065
2459893.044412951,0.0027234554,0.0033032184
2459893.04580183,-0.0007801056,0.0033010857
2459893.0471907086,0.004260063,0.0033067274
2459893.048579587,-0.001614511,0.0033041423
2459893.0499684657,-0.0010602474,0.00330428
2459893.0513573443,-0.005527675,0.0033013797
2459893.052746223,0.003106594,0.003303701
2459893.0541351014,-0.0053468347,0.0033017332
2459893.0555239804,-0.0036135316,0.0033004268
2459893.056912859,0.0023366213,0.0033055865
2459893.0583017375,0.0030156374,0.0033043602
2459893.059690616,-0.0006350279,0.003303249
2459893.0610794947,0.0032353401,0.0033071896
2459893.062468373,-0.0014470816,0.0033034275
2459893.063857252,-0.0033496618,0.0032988857
2459893.0652461303,-0.009535253,0.0033004212
2459893.066635009,-0.004344344,0.003300052
2459893.0680238875,-0.00499326,0.0033014053
2459893.069412766,0.0016121864,0.0033062692
2459893.070801645,-0.0027359724,0.0033054783
2459893.072190523,-0.0013746023,0.0033048894
2459893.073579402,0.0025247335,0.0033064932
2459893.0749682803,0.000100016594,0.0033046058
2459893.0763571593,-0.002126515,0.0033021849
2459893.077746038,0.0032440424,0.0033090264
2459893.0791349164,-1.1086464e-05,0.0033030114
2459893.080523795,-0.0011481643,0.0033006829
2459893.0819126735,0.0001809597,0.0033046724
2459893.083301552,-0.0053285956,0.0033023315
2459893.0846904307,0.00029313564,0.0033064869
2459893.086079309,-0.007101536,0.0033005485
2459893.087468188,-0.004242778,0.0033040016
2459893.0888570664,-0.0020828843,0.0033019783
2459893.090245945,0.007387638,0.003312018
2459893.0916348235,-0.0032926798,0.003303103
2459893.093023702,-0.00038141012,0.0033040042
2459893.09441258,-0.00097346306,0.0033031942
2459893.095801459,-0.006294489,0.0033011304
2459893.0971903377,-0.004476011,0.0033046256
2459893.098579216,-0.0029200315,0.0033032203
2459893.099968095,-0.00046914816,0.0033028384
2459893.101356973,-0.0021386147,0.003303305
2459893.1027458515,-0.006844163,0.0033026217
2459893.10413473,-0.001039505,0.0033059453
2459893.1055236086,-0.000523448,0.0033037425
2459893.106912487,-0.006225586,0.0033009471
2459893.1083013657,-0.0038571358,0.0033023315
2459893.1096902443,0.0010704994,0.00330403
2459893.111079123,-0.0018994212,0.0033029255
2459893.1124680014,-0.005071461,0.0033024766
2459893.1138568795,-0.004005909,0.0033027835
2459893.115245758,-0.0009815097,0.003307436
2459893.1166346367,-0.0065634847,0.0033029604
2459893.118023515,-0.006012976,0.0033015613
2459893.119412394,-0.00032180548,0.0033044997
2459893.1208012723,-0.0025746822,0.0033013525
2459893.122190151,0.0043820143,0.0033070785
2459893.123579029,-0.006791353,0.003303068
2459893.124967908,-0.0013516545,0.0033038221
2459893.126356786,-0.007882953,0.0033011357
2459893.1277456647,0.0004938841,0.0033054599
2459893.1291345432,0.002109766,0.003305581
2459893.130523422,0.0020200014,0.0033091393
2459893.1319123004,-0.007886946,0.0033045916
2459893.1333011785,-0.007805288,0.0033030633
2459893.134690057,-0.008764446,0.0033027434
2459893.1360789356,-0.005489409,0.0033037998
2459893.137467814,-0.007546425,0.0033015918
2459893.1388566922,-0.0058794618,0.0033040475
2459893.140245571,0.0017787218,0.0033092059
2459893.1416344494,-0.007370591,0.0033039649
2459893.143023328,-0.002558589,0.003303976
2459893.1444122065,-8.8214874e-05,0.0033046922
2459893.1458010846,-0.007941544,0.0033024286
2459893.147189963,-0.005239904,0.003302717
2459893.1485788417,-0.0032085776,0.0033037479
2459893.1499677203,-0.009272456,0.00330527
2459893.151356599,-0.0038903356,0.0033018722
2459893.152745477,-0.006477535,0.003306855
2459893.1541343555,-0.0025199652,0.0033064443
2459893.1555232336,-0.0066883564,0.0033036403
2459893.156912112,-0.007127881,0.0033066527
2459893.1583009907,-0.0015262961,0.0033067416
2459893.1596898693,0.0007317066,0.003308912
2459893.161078748,-0.005551636,0.0033038221
2459893.162467626,-0.002681017,0.00330892
2459893.1638565045,0.0014009476,0.003307518
2459893.1652453826,-0.003332615,0.0033058848
2459893.166634261,-0.010974228,0.0033001564
2459893.1680231397,0.004613161,0.003311362
2459893.1694120183,-0.004822612,0.0033044608
2459893.1708008964,-0.0059669614,0.0033045653
2459893.172189775,-0.002306521,0.0033062766
2459893.1735786535,-0.009557605,0.0033016326
2459893.1749675316,-0.0046350956,0.0033037786
2459893.17635641,-0.0029828548,0.003306063
2459893.1777452882,-0.003276527,0.0033042235
2459893.179134167,-0.006516874,0.003308515
2459893.180523045,-0.0046575665,0.0033046233
2459893.1819119235,-0.00229913,0.0033067428
2459893.183300802,-0.0039928555,0.003306255
2459893.18468968,-0.0050951242,0.0033034123
2459893.1860785587,-0.0036606789,0.0033059188
2459893.1874674372,-0.0035205483,0.0033055334
2459893.1888563153,-0.003968656,0.0033111158
2459893.190245194,-0.0018453598,0.0033091437
2459893.191634072,-0.006079018,0.0033053495
2459893.1930229506,-0.0038667917,0.0033060322
2459893.194411829,-0.0017502308,0.003309162
2459893.195800707,-0.0016228557,0.003307384
2459893.197189586,-0.0068424344,0.0033037753
2459893.198578464,-0.0028265715,0.0033079928
2459893.1999673424,-0.0035228133,0.0033076105
2459893.2013562205,-0.0038603544,0.003305365
2459893.202745099,-0.004666209,0.003307846
2459893.204133977,-0.005183637,0.003303751
2459893.2055228557,-0.0010653734,0.0033088257
2459893.206911734,-0.005948186,0.0033061914
2459893.2083006124,-0.009844482,0.003303019
2459893.2096894905,-0.008647442,0.0033022973
2459893.211078369,-0.0012541413,0.0033109693
2459893.212467247,-0.0029420257,0.003308963
2459893.2138561257,0.00066816807,0.0033090026
2459893.2152450043,-0.009855509,0.0033040391
2459893.2166338824,-0.003447473,0.0033080487
2459893.218022761,8.523464e-05,0.003311823
2459893.219411639,-0.0023050904,0.0033113284
2459893.220800517,-0.0015208721,0.0033134047
2459893.2221893957,-0.007373333,0.0033075176
2459893.223578274,-0.0023140311,0.003307431
2459893.224967152,-0.0005027652,0.003312115
2459893.2263560304,-0.0003553033,0.003310785
2459893.227744909,-0.003219068,0.0033100913
2459893.229133787,-0.0034045577,0.0033088063
2459893.2305226657,-0.007955551,0.0033045027
2459893.2319115438,-0.0004386902,0.0033099644
2459893.233300422,-0.003992021,0.0033090718
2459893.2346893,-0.0034308434,0.0033074566
2459893.2360781785,-0.0069562793,0.003309361
2459893.237467057,-0.006176889,0.0033078832
2459893.238855935,-0.0028339624,0.003310946
2459893.2402448133,-0.004517913,0.0033072683
2459893.2416336914,-0.005445957,0.0033058294
2459893.24302257,-0.001175046,0.0033107405
2459893.244411448,-0.0018780828,0.0033124893
2459893.2458003266,-0.006718397,0.0033079153
2459893.2471892047,-0.0033572316,0.003313756
2459893.248578083,-0.0067400336,0.003307973
2459893.2499669613,-0.00349164,0.0033088888
2459893.2513558394,-0.0054432154,0.0033080266
2459893.252744718,-0.0044751763,0.0033085907
2459893.254133596,-0.0034632683,0.0033089572
2459893.255522474,0.0040305853,0.0033141612
2459893.2569113523,-0.007916272,0.003309231
2459893.258300231,-0.009942532,0.0033072354
2459893.259689109,-0.0031805634,0.003311063
2459893.261077987,-0.0014964938,0.0033102205
2459893.2624668656,-0.0013735294,0.0033126073
2459893.2638557437,-0.004563391,0.0033079253
2459893.265244622,0.0025871992,0.0033125684
2459893.2666335,-0.0023967028,0.003311518
2459893.2680223784,-0.0029117465,0.0033102054
2459893.2694112565,-0.0072015524,0.0033075865
2459893.2708001346,-0.0042772293,0.0033090562
2459893.272189013,0.0010023117,0.0033155957
2459893.2735778913,0.0029598475,0.003314618
2459893.2749667694,-0.0047752857,0.0033108932
2459893.2763556475,-0.005537331,0.0033125435
2459893.277744526,-0.0015660524,0.003312672
2459893.279133404,-0.008440614,0.0033083372
2459893.2805222822,-0.0040968657,0.0033104199
2459893.2819111603,-0.002942443,0.003311537
2459893.2833000384,-0.0006251335,0.0033137242
2459893.284688917,-0.0022966862,0.003315425
2459893.286077795,-0.0030047297,0.0033141472
2459893.287466673,-0.006998539,0.0033110403
2459893.2888555513,0.0032515526,0.0033165517
2459893.2902444294,0.0024774075,0.003314046
2459893.291633308,-0.0017005205,0.0033133214
2459893.293022186,-0.003354907,0.0033161435
2459893.294411064,-0.0026860833,0.0033117614
2459893.295799942,-0.0035330653,0.0033118587
2459893.2971888203,-0.0068446994,0.00331296
2459893.2985776984,-0.004555106,0.0033128047
2459893.299966577,0.0048633814,0.0033178858
2459893.301355455,-0.0058234334,0.0033139824
2459893.302744333,-0.004211724,0.0033122855
2459893.3041332113,-0.0066539645,0.003315307
2459893.3055220894,-0.007252693,0.0033092373
2459893.3069109675,-0.00067174435,0.0033144227
2459893.3082998456,-0.005321443,0.0033119516
2459893.3096887236,-0.0052160025,0.003313124
2459893.311077602,-0.0008684993,0.0033142972
2459893.3124664803,-0.0023844242,0.003312399
2459893.3138553584,9.62019e-05,0.003313556
2459893.3152442365,-0.00063472986,0.00331489
2459893.3166331146,-0.0014085174,0.0033140345
2459893.3180219927,-0.0017541051,0.0033129281
2459893.319410871,-0.0006353855,0.00331482
2459893.320799749,-0.0019661784,0.0033145996
2459893.322188627,-0.007179439,0.003312536
2459893.323577505,-0.00622499,0.003312853
2459893.324966383,-0.004604161,0.0033142937
2459893.3263552613,-0.00425452,0.0033181545
2459893.3277441394,-0.0096796155,0.003308914
2459893.3291330175,-0.001157403,0.003316036
2459893.3305218956,-0.001121223,0.0033146462
2459893.3319107736,-0.002292633,0.0033136576
2459893.333299652,0.004570842,0.0033212285
2459893.33468853,-0.0013427138,0.0033166194
2459893.3360774084,-0.0034302473,0.0033135987
2459893.337466286,-0.002545774,0.003316637
2459893.338855164,-0.0021389127,0.0033158842
2459893.340244042,-0.005562842,0.0033137163
2459893.3416329203,0.0013796091,0.0033186148
2459893.343021799,0.0007250309,0.003317984
2459893.3444106765,0.005689144,0.0033204975
2459893.3457995546,0.0026797056,0.003318664
2459893.3471884327,-0.004724145,0.003314202
2459893.348577311,-0.00027692318,0.0033172905
2459893.349966189,0.0050058365,0.0033179757
2459893.351355067,0.0014847517,0.003314867
2459893.352743945,0.0032048225,0.0033173393
2459893.354132823,0.00084221363,0.003317624
2459893.3555217013,0.0023869276,0.0033179151
2459893.3569105794,0.00092220306,0.0033145114
2459893.3582994575,-0.0031583905,0.003315424
2459893.359688335,-0.005717039,0.0033152997
2459893.3610772137,0.0019102097,0.0033208143
2459893.3624660913,0.0004172325,0.0033189366
2459893.3638549694,-0.0038909316,0.0033140574
2459893.3652438475,0.005207181,0.0033202523
2459893.3666327256,-0.0017498136,0.003317366
2459893.3680216037,0.003545642,0.0033206579
2459893.369410482,-0.0032849312,0.0033165365
2459893.37079936,0.0031594038,0.0033200192
2459893.3721882375,-0.0024938583,0.003316643
2459893.3735771156,-0.002169609,0.0033158069
2459893.3749659937,0.0001680851,0.0033185806
2459893.376354872,0.00089228153,0.00332062
2459893.37774375,0.0022827387,0.0033189382
2459893.379132628,0.0035786629,0.0033203843
2459893.380521506,0.00067973137,0.0033227887
2459893.3819103837,-0.0005002022,0.0033175426
2459893.383299262,-0.004592657,0.0033180916
2459893.38468814,0.001090765,0.0033232383
2459893.386077018,1.1563301e-05,0.003318014
2459893.387465896,-0.0014326572,0.0033175782
2459893.3888547737,-0.0023168921,0.0033190548
2459893.390243652,-0.00033044815,0.003316916
2459893.39163253,0.00022923946,0.003319719
2459893.393021408,0.00096440315,0.0033208947
2459893.3944102856,-0.00050997734,0.003317075
2459893.3957991637,0.0017496347,0.0033194819
2459893.397188042,-0.0021564364,0.0033190735
2459893.39857692,0.003006339,0.003322396
2459893.399965798,-0.0031626225,0.0033187987
2459893.4013546756,-0.00087684393,0.0033213384
2459893.4027435537,0.0040673018,0.003325027
2459893.4041324314,0.004998684,0.0033210213
2459893.4055213095,-0.0003386736,0.0033198572
2459893.4069101876,-0.0026733875,0.0033170774
2459893.4082990657,-0.0011224151,0.0033197755
2459893.4096879438,-0.0012874007,0.003320695
2459893.4110768214,-0.0035973787,0.0033187275
2459893.4124656995,0.00012564659,0.0033222246
2459893.413854577,-0.0008724928,0.003322738
2459893.415243455,0.0016043186,0.003322478
2459893.4166323333,0.00057554245,0.0033192707
2459893.4180212114,-0.0044611096,0.0033219743
2459893.419410089,0.0042841434,0.003322006
2459893.420798967,0.0021170378,0.0033230167
2459893.422187845,0.0013757944,0.0033208674
2459893.423576723,-0.0032042265,0.0033198406
2459893.424965601,0.0012388229,0.0033227198
2459893.4263544786,-0.002520442,0.00331929
2459893.4277433567,-0.0019908547,0.0033237454
2459893.429132235,0.0029411316,0.003322289
2459893.4305211124,0.0006172657,0.0033213648
2459893.4319099905,0.001581192,0.0033218807
2459893.433298868,0.004250407,0.0033222907
2459893.434687746,-0.0024662614,0.00332314
2459893.4360766243,-0.0039949417,0.0033222183
2459893.437465502,0.0011341572,0.003321879
2459893.43885438,-7.8082085e-06,0.0033218865
2459893.440243258,0.006159425,0.0033271983
2459893.441632136,-0.0034743547,0.0033239345
2459893.443021014,0.005918145,0.0033239615
2459893.4444098915,-0.00293082,0.0033217329
2459893.4457987696,-0.00285542,0.003320251
2459893.447187647,-0.0014190078,0.0033232768
2459893.4485765253,-0.0004171133,0.003324326
2459893.449965403,-0.00029051304,0.0033212975
2459893.451354281,0.00042414665,0.003323404
2459893.4527431587,-0.0040161014,0.003320675
2459893.454132037,-0.0014297366,0.0033229494
2459893.4555209144,0.003904581,0.0033257923
2459893.4569097925,0.002351284,0.0033252088
2459893.45829867,0.0010402203,0.0033247364
2459893.459687548,-0.0011436939,0.00332218
2459893.4610764263,-0.0016392469,0.00332315
2459893.462465304,0.0030249357,0.003324484
2459893.463854182,0.0003633499,0.0033203717
2459893.4652430597,0.00091421604,0.0033218286
2459893.466631938,-0.00055629015,0.0033210306
2459893.4680208154,-0.00042128563,0.003320923
2459893.469409693,0.0027544498,0.0033263096
2459893.470798571,0.00039052963,0.003323055
2459893.4721874488,0.00050771236,0.0033278447
2459893.473576327,0.0030761957,0.003329169
2459893.4749652045,0.0028526783,0.0033253836
2459893.4763540826,-0.00080633163,0.0033245392
2459893.47774296,0.004975915,0.003327459
2459893.4791318383,0.0027360916,0.003325794
2459893.480520716,-0.004004538,0.0033219345
2459893.4819095936,-0.00409323,0.0033236882
2459893.4832984717,0.0018525124,0.0033261857
2459893.4846873493,-0.00026768446,0.0033258838
2459893.4860762274,0.003988743,0.0033291487
2459893.487465105,0.0008702278,0.0033261948
2459893.4888539826,0.0047945976,0.0033283944
2459893.4902428607,-0.0049830675,0.0033221403
2459893.4916317384,0.0037572384,0.0033300999
2459893.4930206165,0.0035880804,0.0033271334
2459893.494409494,-0.0030167103,0.0033241187
2459893.4957983717,-0.00053429604,0.0033252493
2459893.4971872494,-0.002138555,0.0033241867
2459893.4985761275,0.00044310093,0.003328098
2459893.499965005,0.000723958,0.0033284621
2459893.501353883,0.00089502335,0.0033269466
2459893.502742761,0.0032253265,0.003327577
2459893.5041316384,-0.0011764169,0.0033254304
2459893.5055205165,0.0039567947,0.0033287625
2459893.506909394,0.00046777725,0.0033287038
2459893.508298272,-0.0017719865,0.0033265606
2459893.5096871494,0.00073361397,0.0033270482
2459893.5110760275,0.0021303892,0.0033291548
2459893.512464905,-0.00011450052,0.0033255003
2459893.513853783,-0.00092691183,0.003325562
2459893.515242661,-0.0031991005,0.0033246009
2459893.5166315385,-0.00043809414,0.0033266228
2459893.518020416,0.0039055347,0.0033328542
2459893.519409294,0.00052702427,0.0033294768
2459893.520798172,0.00039219856,0.0033274367
2459893.5221870495,0.003377676,0.0033308032
2459893.523575927,-0.002551496,0.0033253154
2459893.524964805,-0.004125178,0.0033231354
2459893.526353683,-0.00037759542,0.0033273615
2459893.5277425605,-0.0023753047,0.0033264128
2459893.529131438,0.00031518936,0.0033273697
2459893.5305203157,0.001000762,0.0033314552
2459893.5319091934,0.0066273212,0.0033298843
2459893.5332980715,-0.0041972995,0.0033280402
2459893.534686949,0.0021204948,0.003331736
2459893.5360758267,0.0032634735,0.003330887
2459893.5374647044,-0.0065206885,0.003322842
2459893.538853582,0.006639242,0.0033309767
2459893.54024246,0.0029882193,0.0033299031
2459893.5416313377,-0.0006019473,0.0033265196
2459893.5430202154,0.00016021729,0.0033283608
2459893.544409093,0.0011652708,0.0033279082
2459893.5457979706,-0.0030415654,0.0033271287
2459893.5471868487,0.0036445856,0.0033318445
2459893.548575726,-0.0017679334,0.0033286936
2459893.549964604,-0.000102460384,0.0033274845
2459893.5513534816,-2.002716e-05,0.0033291404
2459893.552742359,0.0028231144,0.0033329446
2459893.554131237,0.0028127432,0.0033329513
2459893.5555201145,0.006881118,0.0033333781
2459893.556908992,0.0008584261,0.0033300647
2459893.5582978697,-0.0035684109,0.0033320237
2459893.559686748,0.002043128,0.0033272367
2459893.561075625,0.0058568716,0.0033329378
2459893.562464503,-0.0009176731,0.00332906
2459893.5638533807,0.000197649,0.0033299022
2459893.5652422584,0.0022779703,0.0033317173
2459893.566631136,0.0019910336,0.0033312882
2459893.5680200136,-0.0033054352,0.0033306177
2459893.5694088913,0.00051665306,0.0033316258
2459893.570797769,-0.000243783,0.003331427
2459893.5721866465,0.0032727718,0.0033309595
2459893.573575524,-0.0029088259,0.0033274472
2459893.574964402,0.0016307831,0.0033333194
2459893.5763532794,0.005579829,0.0033326964
2459893.577742157,-0.0013930202,0.0033293942
2459893.5791310347,-0.0016518235,0.0033307788
2459893.5805199123,-0.0030336976,0.0033310896
2459893.58190879,-0.00023251772,0.003332347
2459893.5832976676,-0.0014194846,0.0033322342
2459893.584686545,0.0068638325,0.003338397
2459893.586075423,0.00022006035,0.0033317062
2459893.5874643004,0.0028393269,0.0033343236
2459893.588853178,0.0021246672,0.0033349856
2459893.5902420557,0.0022563934,0.0033323527
2459893.5916309333,-0.003546536,0.0033303562
2459893.593019811,0.0050742626,0.0033338661
2459893.5944086886,-0.0012071729,0.003332816
2459893.595797566,0.002696395,0.0033380745
2459893.597186444,0.00092327595,0.003332964
2459893.5985753215,-0.004032612,0.0033326105
2459893.599964199,0.0023094416,0.0033336335
2459893.6013530768,0.002820015,0.0033356284
2459893.602741954,-9.983778e-05,0.003331627
2459893.604130832,0.0013457537,0.0033318067
2459893.605519709,-0.002958715,0.003331377
2459893.606908587,0.0016465187,0.0033364573
2459893.6082974644,0.0017341375,0.0033379386
2459893.609686342,0.0012352467,0.0033363567
2459893.6110752197,-0.0016644597,0.0033334373
2459893.6124640973,-0.00046372414,0.0033378357
2459893.613852975,0.0031372309,0.0033332512
2459893.615241852,0.0060071945,0.0033347267
2459893.61663073,-0.0024080276,0.0033361898
2459893.6180196074,-0.0023221374,0.0033334135
2459893.619408485,-0.000972569,0.0033359341
2459893.6207973626,0.00047814846,0.00333425
2459893.6221862403,-0.0016520619,0.0033356103
2459893.623575118,0.0019664764,0.0033369958
2459893.624963995,-0.0030125976,0.0033337895
2459893.6263528727,-0.00041496754,0.0033325371
2459893.6277417503,-0.0017402768,0.0033320496
2459893.629130628,-0.0003068447,0.0033348424
2459893.6305195056,0.0037318468,0.0033386105
2459893.631908383,-0.0028998852,0.003332842
2459893.633297261,0.0027503967,0.0033347055
2459893.634686138,-0.008731604,0.0033347134
2459893.6360750156,0.0014277697,0.0033370377
2459893.6374638933,0.00088977814,0.0033366415
2459893.638852771,-0.0017696023,0.0033355718
2459893.640241648,0.0034503937,0.0033365532
2459893.6416305257,-0.0016889572,0.0033351502
2459893.6430194033,-0.0035512447,0.0033390396
2459893.6444082805,0.0009726286,0.003336796
2459893.645797158,0.0018850565,0.0033381253
2459893.6471860358,-0.0026167035,0.0033340256
2459893.6485749134,-0.0048010945,0.0033339644
2459893.6499637906,-0.0013583302,0.0033338277
2459893.651352668,-0.006518662,0.0033358864
2459893.652741546,-0.0070645213,0.0033350918
2459893.6541304234,0.0011484623,0.0033368915
2459893.6555193006,0.00030004978,0.0033388073
2459893.6569081782,0.0019321442,0.0033375695
2459893.658297056,0.0037462711,0.0033396927
2459893.659685933,-0.0048685074,0.0033365125
2459893.6610748107,3.8146973e-05,0.0033417991
2459893.6624636883,-0.00180614,0.0033355479
2459893.6638525655,-0.0006748438,0.0033394904
2459893.665241443,0.003166914,0.0033384047
2459893.6666303207,0.00072824955,0.003337364
2459893.6680191983,0.0022046566,0.003339614
2459893.6694080755,0.002310276,0.0033398902
2459893.670796953,-0.0040708184,0.003339558
2459893.6721858303,2.2649765e-06,0.0033380608
2459893.673574708,0.001070261,0.0033386527
2459893.6749635856,-0.004773557,0.0033382291
2459893.6763524627,-5.4121017e-05,0.0033391926
2459893.6777413404,-0.006442845,0.0033357434
2459893.6791302175,-0.0010107756,0.0033391877
2459893.680519095,0.0009037256,0.003341799
2459893.6819079723,-0.0014992952,0.0033377884
2459893.68329685,-0.0018473864,0.0033379702
2459893.6846857276,-0.0034837723,0.0033371877
2459893.6860746047,0.004184723,0.0033403158
2459893.6874634824,-0.0023620129,0.003335835
2459893.6888523595,-0.0032253265,0.003337269
2459893.690241237,-0.0023707747,0.0033392059
2459893.6916301143,0.00063729286,0.0033418364
2459893.693018992,0.0019347668,0.0033420068
2459893.694407869,-0.0019709468,0.003338674
2459893.6957967468,-0.0036566854,0.0033387654
2459893.6971856244,-0.0072175264,0.0033382855
2459893.6985745016,-0.0019469857,0.003340223
2459893.699963379,0.00018131733,0.0033446255
2459893.7013522564,0.0052626133,0.003342548
2459893.702741134,0.002522111,0.003343913
2459893.704130011,-0.0021404028,0.003341476
2459893.705518889,-0.003182292,0.003340071
2459893.7069077664,0.00057530403,0.003338667
2459893.7082966436,0.0010219812,0.0033424553
2459893.7096855207,-0.0016878247,0.0033456755
2459893.7110743984,-0.005939305,0.0033404676
2459893.7124632755,-0.0019615889,0.003343538
2459893.713852153,-0.0012900829,0.0033430487
2459893.7152410303,0.0014131069,0.0033435219
2459893.7166299075,0.0010352135,0.003343716
2459893.718018785,0.0021202564,0.0033425048
2459893.7194076627,0.0013332367,0.0033434625
2459893.72079654,-0.0006866455,0.003340245
2459893.722185417,0.000500679,0.0033430895
2459893.7235742947,-0.00453192,0.0033423074
2459893.724963172,0.0056083202,0.0033457563
2459893.726352049,0.00455606,0.0033450415
2459893.7277409267,0.00030505657,0.0033434343
2459893.7291298043,-0.00065362453,0.0033439093
2459893.7305186815,6.3061714e-05,0.003344605
2459893.7319075586,-0.0006697178,0.0033428061
2459893.733296436,-0.0023609996,0.0033397195
2459893.7346853134,0.007909775,0.0033475189
2459893.7360741906,0.0011123419,0.0033404715
2459893.737463068,-0.003040254,0.0033405172
2459893.7388519454,-0.0034320354,0.0033443638
2459893.7402408225,0.0071269274,0.0033473212
2459893.7416297,0.000308156,0.003345595
2459893.7430185773,0.0017848015,0.0033433957
2459893.744407455,0.0040004253,0.0033482844
2459893.745796332,0.0028471947,0.00334538
2459893.7471852093,0.005271673,0.0033471894
2459893.7485740865,-0.00282228,0.003344003
2459893.749962964,0.001283288,0.0033428809
2459893.7513518413,0.0032420158,0.0033488325
2459893.7527407184,0.0016169548,0.003345512
2459893.754129596,-0.0030379891,0.0033431451
2459893.755518473,-0.002188921,0.0033456488
2459893.7569073504,0.0007171631,0.003349552
2459893.7582962275,0.0045256615,0.0033476928
2459893.759685105,0.0013362169,0.003347006
2459893.7610739823,0.004060626,0.0033509634
2459893.7624628595,-0.004420638,0.003346832
2459893.763851737,0.0019743443,0.0033490628
2459893.7652406143,0.002040267,0.003349129
2459893.7666294915,-0.005815208,0.0033443759
2459893.7680183686,0.00090920925,0.0033511133
2459893.7694072463,-0.0011122823,0.0033470422
2459893.7707961234,0.00069606304,0.0033489962
2459893.7721850006,0.0019695759,0.00334765
2459893.7735738778,-0.0049908757,0.0033469042
2459893.774962755,0.002223134,0.0033477629
2459893.7763516326,-0.0031987429,0.003346971
2459893.7777405097,0.0046161413,0.0033536965
2459893.779129387,0.0015799999,0.003349517
2459893.780518264,0.0026474,0.0033481233
2459893.781907141,-0.00083470345,0.0033485154
2459893.783296019,4.8041344e-05,0.0033488474
2459893.784684896,0.008885741,0.0033535666
2459893.786073773,0.00023710728,0.0033489421
2459893.7874626503,-0.0043334365,0.003346987
2459893.7888515275,-0.0035158992,0.0033458248
2459893.7902404047,-0.00043809414,0.0033509687
2459893.791629282,-0.00030207634,0.003350931
2459893.7930181595,-0.0058894753,0.0033451403
2459893.7944070366,-0.0013729334,0.0033520826
2459893.795795914,-0.004097402,0.0033471317
2459893.797184791,-0.0015256405,0.0033503806
2459893.798573668,0.0029000044,0.0033524178
2459893.7999625453,0.005564451,0.0033552786
2459893.8013514224,0.002197504,0.0033514467
2459893.8027403,0.00555408,0.003354496
2459893.804129177,-0.00019574165,0.0033515089
2459893.8055180544,0.00096940994,0.0033496027
2459893.8069069316,0.0035824776,0.0033533634
2459893.8082958087,-0.009350538,0.0033512907
2459893.809684686,0.0007170439,0.0033523885
2459893.811073563,-0.003490448,0.003351493
2459893.81246244,0.0034525394,0.0033545468
2459893.8138513174,-0.0040262938,0.00334921
2459893.8152401946,0.00017464161,0.0033542023
2459893.8166290717,0.0030715466,0.0033557997
2459893.818017949,0.0012733936,0.003352943
2459893.819406826,-0.00183177,0.0033536342
2459893.820795703,0.0030069351,0.0033535482
2459893.8221845804,-0.00032389164,0.0033537168
2459893.8235734575,-0.0041980147,0.0033525594
2459893.8249623347,0.0035057068,0.003354493
2459893.826351212,0.009000421,0.0033572863
2459893.827740089,0.0006340742,0.0033537261
2459893.829128966,0.0019264221,0.0033584263
2459893.8305178434,-0.0019706488,0.0033543252
2459893.8319067205,-0.0012987256,0.0033539042
2459893.8332955977,-0.0033832788,0.0033551995
2459893.834684475,0.0016027689,0.003354913
2459893.836073352,-0.0036193728,0.003352557
2459893.837462229,-0.0013259649,0.0033554428
2459893.8388511064,0.0031738281,0.0033576952
2459893.8402399835,0.0042874813,0.0033583257
2459893.8416288607,-0.0022195578,0.003352112
2459893.843017738,-0.0005018711,0.0033561205
2459893.8444066145,0.0037994385,0.003357778
2459893.8457954917,0.0026230812,0.0033554754
2459893.8471843693,-0.0022503138,0.0033531303
2459893.848573246,-0.0039278865,0.0033542113
2459893.849962123,0.0004557371,0.0033542276
2459893.8513510004,-0.005951345,0.0033546698
2459893.8527398775,0.0012949705,0.0033591038
2459893.8541287547,-0.0016024113,0.003355472
2459893.855517632,0.005243659,0.0033604396
2459893.856906509,-0.0022501945,0.0033602905
2459893.8582953857,-0.0015462637,0.0033571299
2459893.859684263,0.0023366213,0.003360162
2459893.86107314,0.0037113428,0.0033580137
2459893.862462017,-0.0006430745,0.0033568342
2459893.8638508944,-0.0019148588,0.0033569229
2459893.8652397715,0.0057382584,0.0033636086
2459893.8666286487,0.0023794174,0.003359551
2459893.8680175254,0.0002579689,0.003360643
2459893.8694064026,0.001701951,0.0033580505
2459893.8707952797,-0.0028689504,0.0033600116
2459893.872184157,0.0019946098,0.0033596389
2459893.8735730336,0.0008840561,0.0033581238
2459893.874961911,-0.001388073,0.0033603963
2459893.876350788,-0.001488626,0.0033581306
2459893.877739665,0.00062453747,0.0033604994
2459893.8791285423,0.0021697283,0.0033602873
2459893.880517419,0.0061730146,0.0033648384
2459893.881906296,0.00081026554,0.0033637194
2459893.8832951733,0.003365159,0.0033629835
2459893.8846840505,0.0027891397,0.0033594281
2459893.886072927,-0.0022175312,0.003360768
2459893.8874618043,-0.000104129314,0.0033606302
2459893.8888506815,0.001516223,0.0033613036
2459893.8902395586,0.0047063828,0.0033632554
2459893.891628436,-0.0034989119,0.0033586328
2459893.8930173125,-0.00038605928,0.0033635253
2459893.8944061897,0.0037084818,0.0033643998
2459893.8957950664,0.0056165457,0.0033647378
2459893.8971839435,-0.0012204647,0.003360407
2459893.8985728207,-0.0024102926,0.0033648063
2459893.899961698,0.0031301975,0.003365061
2459893.901350575,0.0014562607,0.0033626882
2459893.9027394517,0.0041633844,0.003368874
2459893.904128329,0.002022028,0.0033624708
2459893.9055172056,-0.004416764,0.0033625562
2459893.9069060828,-0.0022494197,0.0033651488
2459893.9082949595,-3.4570694e-05,0.0033652075
2459893.9096838366,0.0029813051,0.0033636047
2459893.911072714,4.7683716e-05,0.003363794
2459893.912461591,0.0027205944,0.0033655365
2459893.9138504677,-0.0009006262,0.0033660096
2459893.915239345,0.0003273487,0.0033660086
2459893.916628222,0.0009598732,0.0033646105
2459893.9180170987,-0.0024369955,0.0033634098
2459893.919405976,-0.003819406,0.003361216
2459893.920794853,0.001324296,0.0033689532
2459893.9221837297,0.0036876202,0.0033689202
2459893.923572607,0.00253129,0.003369449
2459893.9249614836,0.00041794777,0.0033652715
2459893.9263503607,-0.00064247847,0.0033690333
2459893.9277392374,-0.003795147,0.0033636878
2459893.9291281146,-0.0031638145,0.0033639777
2459893.9305169918,0.0013668537,0.0033674703
2459893.9319058685,0.0028549433,0.0033677353
2459893.9332947456,0.003893137,0.0033703742
2459893.9346836223,-0.00076276064,0.003364954
2459893.9360724995,-0.0032693148,0.0033632098
2459893.937461376,-0.00030207634,0.003370572
2459893.9388502534,0.005753517,0.0033721179
2459893.94023913,0.003587842,0.0033714576
2459893.941628007,-0.0020558834,0.0033665372
2459893.943016884,0.001227498,0.0033711442
2459893.944405761,0.0019019842,0.0033710345
2459893.945794638,-0.0028660297,0.0033688464
2459893.9471835145,0.0006803274,0.0033681665
2459893.9485723916,0.0019658804,0.0033715698
2459893.9499612683,-0.0016488433,0.0033701614
2459893.9513501455,0.005536914,0.0033744979
2459893.9527390227,-0.00029438734,0.0033683674
2459893.9541278994,0.0027053356,0.0033721896
2459893.9555167765,-0.003429532,0.0033686724
2459893.9569056532,0.0023989677,0.0033722222
2459893.95829453,0.0014897585,0.003373554
2459893.959683407,0.003664732,0.0033732255
2459893.961072284,-0.004668534,0.003368481
2459893.9624611605,0.00069642067,0.0033707577
2459893.9638500377,0.0027424097,0.003370964
2459893.965238915,0.007514715,0.00337702
2459893.9666277915,-0.007426083,0.003370887
2459893.968016668,0.0022518635,0.0033727188
2459893.9694055454,-0.006123066,0.0033694839
2459893.970794422,0.0026817322,0.0033726946
2459893.972183299,0.0020686388,0.00337538
2459893.973572176,-0.0038368106,0.0033671223
2459893.9749610526,-0.005954623,0.0033707991
2459893.97634993,-0.00084906816,0.0033749673
2459893.9777388065,-0.0007340908,0.0033712345
2459893.979127683,0.0054535866,0.0033765961
2459893.9805165604,0.002636075,0.0033744383
2459893.981905437,-0.0024074316,0.003374357
2459893.983294314,-0.0016716123,0.0033741049
2459893.984683191,0.000116467476,0.0033783412
2459893.9860720676,0.0008584261,0.0033760404
2459893.9874609443,0.00031256676,0.0033734941
2459893.9888498215,-0.002106011,0.0033739512
2459893.990238698,0.0072199106,0.003378471
2459893.991627575,0.0045831203,0.0033787217
2459893.993016452,0.003194809,0.003376235
2459893.9944053288,0.003335476,0.0033780835
2459893.9957942055,0.0012760162,0.0033786718
2459893.9971830826,-0.002491951,0.00337489
2459893.9985719593,-0.0021377802,0.0033743859
2459893.999960836,0.006731868,0.0033819424
2459894.0013497127,-0.0013287663,0.0033782923
2459894.00273859,0.003525138,0.0033766525
2459894.004127466,0.0043970346,0.003379788
2459894.0055163433,-0.00212878,0.0033776695
2459894.00690522,0.005295038,0.0033780972
2459894.0082940967,-0.0013136864,0.003377696
2459894.009682974,-0.0030299425,0.0033780786
2459894.0110718505,-0.002972424,0.003379174
2459894.0124607272,0.0009784698,0.0033772998
2459894.013849604,0.0040450096,0.0033809557
2459894.015238481,-0.001824081,0.0033790953
2459894.016627358,-0.0019364953,0.003381074
2459894.0180162345,-0.0017511845,0.0033786993
2459894.019405111,-0.0013372302,0.0033799424
2459894.020793988,0.00028705597,0.0033830835
2459894.022182865,0.0002812147,0.0033821077
2459894.0235717413,0.0034013987,0.0033809382
2459894.0249606185,0.002136469,0.0033802306
2459894.026349495,0.0019153357,0.003380366
2459894.027738372,0.001773715,0.0033833766
2459894.0291272486,0.00070750713,0.0033826844
2459894.0305161253,0.0050201416,0.0033868465
2459894.0319050024,-0.0033785105,0.003378972
2459894.0332938787,-0.004393995,0.0033792264
2459894.034682756,0.0017238855,0.0033820202
2459894.0360716325,-0.0021958947,0.0033832404
2459894.037460509,-0.0010231733,0.0033817678
2459894.038849386,-0.0017942786,0.0033818074
2459894.0402382626,0.0006533861,0.0033807848
2459894.0416271393,0.0007455349,0.0033840016
2459894.043016016,0.000680089,0.003384269
2459894.044404893,0.003541112,0.0033851552
2459894.0457937694,-0.00089263916,0.0033832605
2459894.0471826466,0.0027076006,0.0033838723
2459894.0485715233,0.0030823946,0.0033859755
2459894.0499604,-0.0028654933,0.0033821298
2459894.0513492767,-7.0929527e-06,0.0033851904
2459894.0527381534,0.0021094084,0.0033860758
2459894.05412703,0.0035532713,0.003387221
2459894.055515907,-0.0023165941,0.0033870232
2459894.0569047835,-0.0024576783,0.0033855392
2459894.05829366,0.0041741133,0.003388204
2459894.059682537,0.004541874,0.0033912582
2459894.0610714136,-0.0066001415,0.003384392
2459894.0624602903,-0.00491333,0.0033853522
2459894.063849167,0.004422307,0.003386398
2459894.0652380437,-0.0033609867,0.003383231
2459894.0666269204,0.0005341768,0.0033890982
2459894.068015797,0.00739944,0.0033910032
2459894.0694046738,0.0029824972,0.0033886652
2459894.0707935505,0.0024131536,0.0033897643
2459894.072182427,-0.00038808584,0.0033866116
2459894.073571304,-0.0022533536,0.0033876763
2459894.0749601806,-0.003374517,0.0033862884
2459894.0763490573,-0.0014235377,0.0033871748
2459894.0777379335,0.00041997433,0.003387509
2459894.0791268107,0.00017464161,0.0033875192
2459894.0805156874,0.0051050186,0.0033924172
2459894.0819045636,-0.00036090612,0.0033874027
2459894.0832934403,-0.0028552413,0.0033904847
2459894.084682317,0.0042022467,0.0033955397
2459894.0860711937,0.0011242628,0.0033908612
2459894.0874600704,-0.0018162131,0.0033903536
2459894.088848947,-0.005176842,0.0033887303
2459894.090237824,0.00306499,0.0033904843
2459894.0916267005,0.0029759407,0.003392642
2459894.093015577,-0.0039460063,0.003388043
2459894.0944044534,0.00023639202,0.0033950314
2459894.09579333,-0.0023476481,0.0033913548
2459894.097182207,0.0062024593,0.0033939765
2459894.0985710835,-0.00103724,0.00339181
2459894.09995996,0.0040034056,0.0033946396
2459894.101348837,-0.0033934116,0.0033926386
2459894.1027377136,-0.0046081543,0.0033883853
2459894.10412659,0.0026872158,0.0033930787
2459894.1055154665,-0.009498179,0.0033938522
2459894.1069043432,-0.00035107136,0.0033944396
2459894.10829322,-0.0014117956,0.003393339
2459894.109682096,-0.00069099665,0.0033922198
2459894.111070973,0.00052011013,0.0033963057
2459894.1124598496,0.004338026,0.0033975618
2459894.1138487263,-0.004129708,0.0033909562
2459894.115237603,0.0007869005,0.0033961746
2459894.116626479,-0.00017607212,0.0033942708
2459894.118015356,0.0051897764,0.003395567
2459894.1194042326,0.008210182,0.0033957937
2459894.1207931093,-0.00013631582,0.0033953039
2459894.1221819855,-0.00031381845,0.003395307
2459894.123570862,-0.00013899803,0.0033956266
2459894.124959739,-0.0029007196,0.0033939234
2459894.1263486156,-3.0696392e-05,0.0033957714
2459894.1277374923,-0.0032977462,0.0033930372
2459894.1291263686,0.00016248226,0.0033951448
2459894.1305152453,-0.0033641458,0.0033938012
2459894.1319041215,0.0038949251,0.0033973826
2459894.133292998,-0.0009415746,0.0033993118
2459894.134681875,0.0032595396,0.0033977327
2459894.1360707516,0.002886176,0.0034042306
2459894.1374596283,-0.00082343817,0.0034011325
2459894.1388485045,0.0053550005,0.0034004084
2459894.140237381,-0.0021134615,0.0033986957
2459894.1416262574,0.004559517,0.003403016
2459894.143015134,-0.0032464862,0.0033964915
2459894.144404011,0.0037379265,0.0034003768
2459894.145792887,0.004823804,0.0033986024
2459894.147181764,0.0029338598,0.0034016054
2459894.1485706405,-0.0016605854,0.0033989558
2459894.1499595167,0.0008698702,0.0034008345
2459894.1513483934,0.004129529,0.0034011824
2459894.15273727,-0.00025582314,0.0034034925
2459894.1541261463,-0.0029201508,0.0033981353
2459894.155515023,-0.004371941,0.0033986717
2459894.1569038997,-0.0022047162,0.003399639
2459894.158292776,-0.0025430918,0.0034013533
2459894.1596816527,0.0011183023,0.0034003698
2459894.161070529,0.004541874,0.0034032355
2459894.1624594056,-0.0028509498,0.0033997078
2459894.163848282,-0.0032069087,0.0034004583
2459894.1652371585,0.008477569,0.0034085016
2459894.1666260352,0.0023357868,0.0034022508
2459894.1680149115,-0.0043537617,0.0033977816
2459894.169403788,-0.0007687807,0.00340227
2459894.1707926644,0.0023572445,0.0034041116
2459894.172181541,0.0004799366,0.0034028955
2459894.1735704173,-0.00046545267,0.003404998
2459894.174959294,-0.0013394356,0.003399042
2459894.1763481703,0.0014672279,0.0034039726
2459894.177737047,-0.0073013306,0.003398311
2459894.179125923,-0.0001488924,0.0034029451
2459894.1805148,0.0042961836,0.00340292
2459894.181903676,0.0030804873,0.0034035393
2459894.183292553,-0.0019027591,0.0034040005
2459894.184681429,-0.003936529,0.0034012173
2459894.1860703053,-0.0018920302,0.00340162
2459894.187459182,-0.00035446882,0.0034032846
2459894.1888480587,-0.0042150617,0.0034019218
2459894.190236935,0.0015165806,0.0034044327
2459894.1916258116,0.004892826,0.0034048369
2459894.193014688,3.0636787e-05,0.0034046231
2459894.194403564,-0.0030876398,0.0034054006
2459894.195792441,0.001398921,0.0034118264
2459894.197181317,-0.0013658404,0.0034056895
2459894.1985701937,-0.0045166016,0.003401671
2459894.19995907,0.002044797,0.0034052196
2459894.2013479467,-0.005122006,0.003402147
2459894.202736823,0.0010920763,0.0034065614
2459894.204125699,0.0058404207,0.0034105137
2459894.205514576,-0.003642559,0.003406176
2459894.206903452,-0.00085783005,0.0034080476
2459894.2082923288,-0.0032401085,0.0034048988
2459894.209681205,-0.0014880896,0.0034111873
2459894.211070081,-0.0043818355,0.0034072446
2459894.2124589575,0.00334692,0.0034110842
2459894.213847834,-0.007772863,0.003405193
2459894.2152367104,-0.00078493357,0.0034084842
2459894.216625587,0.00038158894,0.003406794
2459894.2180144633,0.00022292137,0.0034102993
2459894.2194033395,0.0008262396,0.0034061212
2459894.2207922162,0.0045878887,0.003412226
2459894.2221810925,-0.00381279,0.0034110765
2459894.2235699687,-0.0034230351,0.0034068036
2459894.224958845,-0.0037676692,0.0034092863
2459894.2263477216,-0.0045847297,0.003409028
2459894.227736598,0.007783413,0.0034117012
2459894.229125474,-0.0052755475,0.003405145
2459894.230514351,0.004063487,0.0034128253
2459894.231903227,0.0036643744,0.0034124653
2459894.2332921033,0.006527424,0.0034153466
2459894.2346809795,0.0020741224,0.0034112155
2459894.236069856,-0.007478833,0.003406593
2459894.2374587324,0.0051089525,0.0034140476
2459894.2388476087,-6.276369e-05,0.0034137883
2459894.240236485,-0.0031258464,0.0034095403
2459894.2416253616,-0.0032447577,0.0034103713
2459894.243014238,0.0005235672,0.0034150546
2459894.244403114,0.0030164719,0.0034157047
2459894.245791991,-0.0050745606,0.0034093752
2459894.247180867,0.00062417984,0.0034108658
2459894.2485697432,-0.0017911792,0.0034100993
2459894.2499586195,0.001512289,0.0034168265
2459894.2513474957,0.0010789633,0.0034139198
2459894.2527363724,0.0022630692,0.0034126067
2459894.2541252486,0.0012159348,0.0034164828
2459894.255514125,0.004912257,0.0034158682
2459894.256903001,-0.0001232028,0.0034127308
2459894.2582918773,-0.0017809868,0.0034114819
2459894.2596807536,0.0021278858,0.0034127932
2459894.2610696303,-0.0033245683,0.0034105817
2459894.2624585065,0.0012933016,0.0034166195
2459894.2638473827,0.0027711391,0.003412855
2459894.265236259,-0.00015330315,0.0034131114
2459894.266625135,0.003664732,0.00341455
2459894.2680140114,-0.003006816,0.0034122847
2459894.2694028877,-0.0036509037,0.0034155652
2459894.270791764,0.00022673607,0.0034139697
2459894.27218064,0.0019809008,0.0034153948
2459894.273569517,0.0039964914,0.0034155673
2459894.274958393,-0.0026761293,0.003415111
2459894.2763472693,0.0044625998,0.0034203823
2459894.2777361455,-0.003047824,0.0034149343
2459894.279125022,-0.0014470816,0.0034143175
2459894.280513898,0.0034868717,0.0034165108
2459894.2819027742,0.00606215,0.0034168307
2459894.2832916505,-0.0076633096,0.0034155021
2459894.2846805267,0.0014431477,0.0034209976
2459894.286069403,-0.0035040379,0.0034123505
2459894.287458279,-0.00038540363,0.003415832
2459894.2888471554,0.002359748,0.0034175531
2459894.2902360316,-0.0037795901,0.003414105
2459894.291624908,0.002425909,0.003415891
2459894.293013784,0.0024315119,0.003423518
2459894.294402661,0.0005556345,0.003418868
2459894.2957915366,-0.0007545352,0.0034163808
2459894.2971804133,0.00015830994,0.0034163606
2459894.298569289,0.0042994022,0.0034183832
2459894.2999581657,-0.0021645427,0.0034186076
2459894.3013470415,0.00024986267,0.003420476
2459894.3027359177,-0.0019870996,0.0034165648
2459894.304124794,-4.5657158e-05,0.0034162765
2459894.30551367,-0.00094920397,0.0034194144
2459894.3069025464,0.002350688,0.0034197706
2459894.3082914227,0.007625699,0.0034241232
2459894.309680299,0.006294608,0.0034253504
2459894.311069175,-0.00044727325,0.0034161333
2459894.3124580514,-0.0013049245,0.0034177497
2459894.3138469276,0.0024182796,0.0034213306
2459894.315235804,0.0013256073,0.0034201257
2459894.31662468,-0.001118958,0.0034165988
2459894.3180135563,-0.000870049,0.0034176589
2459894.3194024325,0.0030813217,0.0034224733
2459894.3207913083,-0.004773557,0.0034183448
2459894.3221801845,0.00042557716,0.0034191746
2459894.323569061,0.0040334463,0.0034199608
2459894.324957937,0.0029257536,0.0034218847
2459894.3263468132,-0.0008048415,0.0034200614
2459894.3277356895,-0.00037366152,0.003418821
2459894.3291245657,0.0034176111,0.0034213273
2459894.3305134415,0.003054738,0.0034212326
2459894.331902318,0.0065506697,0.0034226794
2459894.333291194,0.0026074648,0.0034231842
2459894.33468007,0.00053679943,0.003419436
2459894.3360689464,0.0006994009,0.0034192866
2459894.3374578226,0.0050444603,0.0034236761
2459894.338846699,-0.0050380826,0.0034168768
2459894.3402355746,0.0013793707,0.0034227392
2459894.341624451,-0.0030044913,0.0034196337
2459894.343013327,-0.0018966198,0.003421254
2459894.3444022033,-0.002070427,0.0034204961
2459894.345791079,0.008145452,0.00342608
2459894.3471799553,0.0019258261,0.0034225225
2459894.3485688316,0.000116586685,0.0034219255
2459894.349957708,-0.0015721321,0.0034224454
2459894.351346584,0.00222826,0.0034204319
2459894.35273546,0.0058466196,0.0034259146
2459894.354124336,0.00090515614,0.0034253206
2459894.3555132123,0.0006018877,0.0034204877
2459894.3569020885,0.0032348633,0.0034233567
2459894.3582909647,0.0072615147,0.0034264699
2459894.3596798405,-0.006092787,0.00341797
2459894.3610687167,0.00260365,0.0034231604
2459894.3624575925,-0.0017504096,0.00342042
2459894.3638464687,-0.0012123585,0.0034217895
2459894.365235345,-0.0004490018,0.00342303
2459894.366624221,0.0031701326,0.003425219
2459894.368013097,-0.004272759,0.0034193713
2459894.369401973,0.003476739,0.0034228128
2459894.3707908494,0.0001578331,0.0034222456
2459894.372179725,0.0007259846,0.0034221318
2459894.3735686014,0.0012540817,0.0034239409
2459894.3749574777,-0.00031411648,0.0034200838
2459894.3763463534,0.00063693523,0.0034257236
2459894.3777352297,0.0068643093,0.0034265744
2459894.379124106,0.004266262,0.003424008
2459894.380512982,-0.0016650558,0.0034243448
2459894.381901858,-0.0025135875,0.0034240219
2459894.383290734,-0.0011004806,0.0034229578
2459894.38467961,0.005485177,0.0034231695
2459894.386068486,0.0014439821,0.0034240605
2459894.387457362,0.0005645752,0.0034234505
2459894.388846238,0.004325509,0.0034294636
2459894.3902351144,-0.0014868975,0.0034230216
2459894.39162399,0.007671237,0.0034297397
2459894.3930128664,-0.0032513738,0.003426321
2459894.394401742,0.004732132,0.0034262547
2459894.3957906184,-0.0039463043,0.0034231606
2459894.397179494,-0.0037145615,0.0034214128
2459894.3985683704,0.004920602,0.0034244708
2459894.399957246,0.0006598234,0.003424602
2459894.4013461224,0.0018957853,0.0034270557
2459894.4027349986,0.00048565865,0.0034259972
2459894.4041238744,0.0036537647,0.0034268273
2459894.4055127506,-0.001126349,0.0034214742
2459894.4069016264,0.0045787096,0.003427008
2459894.4082905026,0.002216816,0.0034273567
2459894.4096793784,0.0027991533,0.0034249648
2459894.4110682546,0.0025656223,0.0034258494
2459894.4124571304,0.0008351803,0.0034275798
2459894.4138460066,0.0045615435,0.0034264699
2459894.4152348824,-0.0014423728,0.003423245
2459894.4166237586,0.0041154623,0.0034257183
2459894.4180126344,-0.00066554546,0.00342532
2459894.41940151,-0.0007199645,0.0034250775
2459894.4207903864,-0.001232624,0.0034233017
2459894.4221792626,0.00295794,0.0034283195
2459894.4235681384,0.002661109,0.0034263663
2459894.4249570146,0.0040004253,0.0034297814
2459894.4263458904,0.007367134,0.0034278198
2459894.427734766,0.001137495,0.0034267816
2459894.4291236424,0.0007697344,0.0034252494
2459894.430512518,-0.0014816523,0.0034242198
2459894.431901394,-0.0030523539,0.00342371
2459894.43329027,-0.0013032556,0.0034270824
2459894.4346791464,-0.0036731362,0.0034213916
2459894.436068022,-0.0027051568,0.0034236377
2459894.437456898,0.0040136576,0.0034256305
2459894.4388457737,-0.0024725199,0.0034232181
2459894.44023465,-0.0018229485,0.0034233523
2459894.4416235257,-0.0007529259,0.0034291155
2459894.443012402,0.0018993616,0.0034246873
2459894.4444012777,0.0022774935,0.0034277283
2459894.4457901535,0.004943013,0.0034280913
2459894.4471790297,0.0046213865,0.0034257034
2459894.4485679055,-0.0024684072,0.003422924
2459894.449956781,-0.00035500526,0.0034241972
2459894.451345657,-0.004168391,0.0034215215
2459894.452734533,-0.00059580803,0.0034266524
2459894.4541234095,-0.0006271601,0.0034258517
2459894.455512285,0.0017927885,0.0034262612
2459894.456901161,-0.0018444657,0.0034264792
2459894.458290037,-0.00016951561,0.003424074
2459894.459678913,-0.0014493465,0.0034251614
2459894.461067789,-0.0020005703,0.0034242854
2459894.4624566645,-0.0014969707,0.0034254515
2459894.4638455403,-0.003921926,0.0034235914
2459894.4652344165,-0.00023549795,0.0034253693
2459894.4666232923,0.0030232668,0.0034284464
2459894.468012168,-0.0005531311,0.0034273048
2459894.4694010443,0.00062966347,0.0034244019
2459894.4707899196,-0.00078320503,0.0034250868
2459894.472178796,-0.00059759617,0.0034263087
2459894.4735676716,0.005603671,0.0034273376
2459894.4749565474,0.0025675297,0.0034258731
2459894.4763454236,0.00519228,0.0034292585
2459894.4777342994,0.0024074316,0.003425491
2459894.479123175,0.000341177,0.0034242577
2459894.480512051,0.0031214952,0.0034276277
2459894.4819009267,0.004450083,0.0034262333
2459894.4832898024,0.0036942959,0.0034274096
2459894.4846786787,-0.001368165,0.003423906
2459894.4860675544,-0.0017309785,0.0034198333
2459894.48745643,0.00035130978,0.0034283777
2459894.488845306,0.0023684502,0.0034270734
2459894.4902341818,0.0011081696,0.0034235565
2459894.491623058,0.0006057024,0.0034275171
2459894.4930119333,-0.001119554,0.0034240838
2459894.4944008095,-0.00585258,0.0034212654
2459894.4957896853,-0.00056034327,0.0034234012
2459894.497178561,-0.003153503,0.0034264158
2459894.498567437,-0.004122257,0.003422015
2459894.4999563126,0.00393641,0.0034286578
2459894.501345189,0.0058181286,0.0034265474
2459894.502734064,7.104874e-05,0.0034257253
2459894.5041229404,0.006567359,0.003428066
2459894.5055118157,-0.003146708,0.0034218691
2459894.506900692,-0.0006210804,0.0034307956
2459894.5082895677,-0.0015326142,0.0034258156
2459894.5096784434,0.003224492,0.0034244389
2459894.511067319,0.0009459257,0.0034231162
2459894.512456195,0.0032365322,0.003426083
2459894.5138450707,-0.0031288862,0.0034211692
2459894.5152339465,0.0069328547,0.0034281935
2459894.5166228223,0.0028146505,0.0034275893
2459894.518011698,0.0012239218,0.0034265458
2459894.519400574,-0.0012682676,0.0034243134
2459894.5207894496,0.0016458035,0.0034250177
2459894.5221783253,0.0041134357,0.003424713
2459894.523567201,0.0003336668,0.00342597
2459894.524956077,0.004324913,0.00342769
2459894.5263449526,0.0032089949,0.003424572
2459894.5277338284,0.0019779205,0.0034228133
2459894.529122704,0.005805135,0.0034239583
2459894.53051158,0.0050599575,0.0034284105
2459894.5319004557,-0.005084336,0.0034209737
2459894.5332893315,0.0013033152,0.0034242459
2459894.5346782072,0.0015897751,0.0034224452
2459894.536067083,-0.0019001961,0.003421422
2459894.537455959,0.0054858923,0.0034255327
2459894.5388448345,0.00079357624,0.0034241409
2459894.5402337103,-0.00018179417,0.003420304
2459894.541622586,0.0032775402,0.003425479
2459894.543011462,-0.0015836954,0.0034220617
2459894.5444003376,-6.777048e-05,0.0034246624
2459894.5457892134,0.0028589964,0.00342488
2459894.5471780887,-0.00031512976,0.0034210337
2459894.5485669645,0.00013911724,0.0034204533
2459894.54995584,-0.0020346045,0.0034243532
2459894.551344716,-0.0012446046,0.0034204666
2459894.5527335918,0.0038368702,0.0034208272
2459894.5541224675,-0.0032482743,0.0034176435
2459894.5555113433,-5.173683e-05,0.003420401
2459894.5569002186,-0.0025853515,0.003419754
2459894.558289095,0.0034565926,0.003422555
2459894.55967797,0.0021276474,0.0034223045
2459894.561066846,0.0055167675,0.0034237194
2459894.5624557217,-0.0013175011,0.0034203767
2459894.5638445974,0.0010213852,0.003422549
2459894.565233473,-0.0017317533,0.0034195252
2459894.5666223485,0.0053641796,0.0034228247
2459894.5680112243,0.0077927113,0.00342466
2459894.5694001,0.0035418272,0.0034272547
2459894.570788976,0.0032314062,0.0034238845
2459894.5721778516,-0.00059366226,0.0034220861
2459894.573566727,0.004339576,0.0034236708
2459894.5749556026,0.0023534298,0.003420922
2459894.5763444784,-0.0054315925,0.003421274
2459894.577733354,0.0021338463,0.003421034
2459894.5791222295,0.0010982752,0.0034197392
2459894.5805111052,-0.0026758313,0.0034213876
2459894.581899981,-0.0050016046,0.003416985
2459894.583288857,0.0073239803,0.0034252096
2459894.5846777325,-0.0022576451,0.0034168358
2459894.586066608,-0.00027823448,0.0034208067
2459894.5874554836,0.0017826557,0.0034193213
2459894.5888443594,0.0022357702,0.0034228405
2459894.590233235,0.0040932894,0.0034216037
2459894.5916221105,-0.00023311377,0.0034217937
2459894.593010986,-0.0046212673,0.0034158935
2459894.594399862,-0.0018395782,0.0034174705
2459894.5957887373,0.0011751652,0.0034182565
2459894.597177613,0.007871032,0.003424177
2459894.598566489,0.0026929379,0.0034170437
2459894.599955364,0.0011565685,0.0034181625
2459894.60134424,0.0022289753,0.0034196128
2459894.6027331157,-0.0012998581,0.0034178644
2459894.6041219914,0.0036504269,0.0034201571
2459894.6055108667,0.0054159164,0.0034194603
2459894.6068997425,0.00083100796,0.0034207702
2459894.608288618,-0.0033320785,0.003414307
2459894.6096774936,0.009501934,0.0034210782
2459894.611066369,0.000906229,0.0034178956
2459894.6124552446,0.00024807453,0.0034161154
2459894.61384412,-0.00491935,0.0034125177
2459894.6152329957,-0.0012782216,0.0034182763
2459894.6166218715,-0.00039947033,0.0034145622
2459894.618010747,9.679794e-05,0.0034169115
2459894.6193996225,-0.009871721,0.0034108653
2459894.6207884983,-0.0010544658,0.0034211546
2459894.6221773736,0.0047397614,0.0034169334
2459894.6235662494,-0.00038921833,0.003413396
2459894.6249551247,0.003031373,0.0034174698
2459894.6263440005,0.0029287338,0.0034160027
2459894.6277328758,0.00083458424,0.0034153885
2459894.6291217515,-0.002118051,0.0034135745
2459894.630510627,-0.004572332,0.0034104101
2459894.6318995026,-0.0077632666,0.003411248
2459894.633288378,0.006870389,0.0034189417
2459894.6346772537,-0.0014966726,0.003412732
2459894.6360661294,-0.0059592724,0.0034114446
2459894.6374550047,0.0023310184,0.0034144933
2459894.6388438805,0.0025764704,0.0034153957
2459894.640232756,-0.0062271357,0.003410482
2459894.6416216316,-0.0019202828,0.0034139312
2459894.643010507,0.0045785904,0.0034145883
2459894.6443993826,-0.000823915,0.00341347
2459894.645788258,0.005562067,0.0034153264
2459894.6471771337,0.0009497404,0.0034099764
2459894.648566009,0.0015684366,0.003411399
2459894.6499548843,-0.001740694,0.0034074646
2459894.65134376,0.002147317,0.003413083
2459894.6527326354,0.00091171265,0.0034111454
2459894.654121511,-0.0014235377,0.0034113452
2459894.6555103865,-0.0058739185,0.0034111165
2459894.656899262,0.0026721954,0.0034088602
2459894.6582881375,-0.0007722378,0.0034086125
2459894.659677013,-0.0030614138,0.0034089983
2459894.6610658886,0.0090453625,0.003415718
2459894.662454764,-0.0019446015,0.0034087258
2459894.6638436397,-0.008018911,0.003407188
2459894.665232515,0.0017898083,0.0034102232
2459894.6666213903,-0.0006071925,0.00341288
2459894.668010266,-0.002772212,0.0034089878
2459894.6693991413,0.0013256073,0.0034111666
2459894.670788017,0.004593253,0.0034114323
2459894.6721768924,0.0006965399,0.0034101685
2459894.6735657677,0.0025277138,0.0034102513
2459894.674954643,0.004154682,0.0034101906
2459894.677732394,-0.0039007068,0.0034112816
2459894.6791212694,-0.0013788342,0.0034100746
2459894.680510145,0.004267931,0.0034085102
2459894.6818990204,0.006156683,0.003408558
2459894.683287896,-0.0071994066,0.003402387
2459894.6846767715,0.00058972836,0.0034061274
2459894.686065647,-0.0018516779,0.0034074723
2459894.687454522,-0.00025331974,0.0034073493
2459894.688843398,0.0021131039,0.0034106069
2459894.690232273,-0.0018737912,0.0034092139
2459894.6916211485,0.0001283884,0.0034081084
2459894.693010024,0.002208352,0.0034082867
2459894.694398899,0.0037722588,0.0034090676
2459894.695787775,0.0026624203,0.003408867
2459894.69717665,-0.0024222732,0.0034067337
2459894.6985655255,0.0043406487,0.0034053144
2459894.6999544012,0.0015697479,0.003408802
2459894.7013432765,0.001773119,0.0034076993
2459894.702732152,-0.0057807565,0.0034029973
2459894.704121027,-0.000690341,0.0034050539
2459894.7055099024,-0.00092953444,0.0034079691
2459894.7068987777,0.0008519888,0.003404458
2459894.7082876535,-0.0026647449,0.0034048671
2459894.709676529,0.0027067661,0.003404999
2459894.711065404,0.0016988516,0.0034068206
2459894.71245428,0.004605174,0.003407396
2459894.7138431547,-0.0020745993,0.00340589
2459894.7152320305,0.0030047894,0.0034024792
2459894.716620906,0.0052620173,0.0034048976
2459894.718009781,-0.003122151,0.0034022152
2459894.7193986564,0.0004696846,0.0034077803
2459894.7207875317,-0.0004441738,0.0034034455
2459894.7221764075,0.00468266,0.003406176
2459894.7235652823,-0.0039283633,0.0033992743
2459894.724954158,-0.0039177537,0.0034004692
2459894.7263430334,0.0008678436,0.0034007786
2459894.7277319087,0.00011134148,0.0034023563
2459894.729120784,0.0019557476,0.0034023304
2459894.7305096593,0.001283288,0.0034018145
2459894.7318985346,0.0010690689,0.0034027519
2459894.73328741,-0.00487715,0.003401785
2459894.734676285,0.0011379719,0.0034022916
2459894.7360651605,-0.00024086237,0.00340085
2459894.737454036,0.001093626,0.0034002345
2459894.738842911,-0.0013968349,0.00339889
2459894.740231787,0.00033402443,0.00340257
2459894.7416206617,-0.0059369802,0.0033975227
2459894.7430095375,-0.0027656555,0.0033983968
2459894.7443984128,0.00361979,0.00340311
2459894.745787288,-0.0024812818,0.0033992112
2459894.7471761634,0.007840157,0.0034040306
2459894.748565038,-0.0028870106,0.003399541
2459894.749953914,0.0035051107,0.0033993341
2459894.751342789,-0.0029357076,0.0033952007
2459894.7527316646,0.0027731657,0.0034005316
2459894.75412054,0.0030231476,0.0033991828
2459894.755509415,0.00012087822,0.0033998631
2459894.7568982905,0.00095427036,0.0033997234
2459894.7582871653,0.002917409,0.0033984366
2459894.759676041,-0.0058018565,0.003395245
2459894.761064916,0.00030481815,0.0033977649
2459894.762453791,1.0609627e-05,0.0033968985
2459894.7638426665,-0.00063985586,0.0033968496
2459894.765231542,-0.001031816,0.0033974217
2459894.766620417,-0.00044125319,0.003398105
2459894.7680092924,-0.002316773,0.0033962505
2459894.7693981677,0.00195992,0.0033963732
2459894.770787043,-0.0007467866,0.0033942263
2459894.7721759183,-9.679794e-05,0.0033982117
2459894.7735647936,-0.006204307,0.0033939003
2459894.774953669,-0.0021188855,0.003394465
2459894.7763425442,0.000441432,0.0033988168
2459894.777731419,0.0061477423,0.0033971637
2459894.7791202944,0.0008893013,0.0033976808
2459894.7805091697,-0.0034522414,0.0033924966
2459894.781898045,-0.0006185174,0.0033954065
2459894.7832869203,-0.0019773245,0.0033953805
2459894.7846757956,-0.0004723668,0.0033928934
2459894.786064671,0.00081706047,0.0033965858
2459894.7874535457,-0.00043213367,0.0033937767
2459894.788842421,0.000495553,0.0033965001
2459894.7902312963,0.0027823448,0.0033959309
2459894.7916201716,0.0028957129,0.003393547
2459894.793009047,0.0036638975,0.0033950054
2459894.794397922,-0.00017303228,0.0033917136
2459894.795786797,-0.0007483363,0.0033949201
2459894.7971756724,-0.0010666847,0.003390258
2459894.7985645477,-0.0018185973,0.0033950105
2459894.799953423,-0.0010150671,0.0033937597
2459894.8013422983,0.002678275,0.003396247
2459894.802731173,-0.0016632676,0.0033923134
2459894.8041200484,-0.0006753206,0.0033918184
2459894.8055089237,-0.0039865375,0.003391609
2459894.8068977986,-0.002454877,0.003389046
2459894.808286674,0.0009784698,0.0033928675
2459894.809675549,0.003055811,0.003391698
2459894.8110644245,-0.007966459,0.0033875697
2459894.8124532993,0.0047136545,0.0033957835
2459894.8138421746,-0.00649637,0.0033861024
2459894.81523105,-0.0039135218,0.0033885709
2459894.816619925,0.0012061596,0.0033910952
2459894.8180088005,0.0014688969,0.003391612
2459894.8193976753,0.0038489103,0.0033912198
2459894.8207865506,-0.0006301403,0.0033910363
2459894.8221754255,0.001666069,0.0033905993
2459894.823564301,-0.0030263662,0.0033902712
2459894.824953176,0.004383564,0.0033927434
2459894.826342051,0.0017082691,0.0033911576
2459894.827730926,0.0026291609,0.0033918438
2459894.8291198015,0.004143119,0.0033898852
2459894.8305086764,0.0028150082,0.0033901236
2459894.8318975517,0.0016684532,0.003390235
2459894.833286427,0.0034542084,0.0033921339
2459894.834675302,0.0010943413,0.0033912053
2459894.836064177,0.0034772158,0.0033896458
2459894.837453052,0.006767869,0.003392338
2459894.8388419272,0.0028893948,0.00339175
2459894.8402308025,0.002923131,0.0033886933
2459894.8416196774,-0.0040646195,0.003385272
2459894.8430085527,-5.173683e-05,0.003387236
2459894.8443974275,-0.00015032291,0.003384713
2459894.845786303,-0.0031449795,0.0033850514
2459894.8471751777,-0.0019780993,0.0033854884
2459894.848564053,0.0035130978,0.0033890165
2459894.8499529283,-0.003654182,0.0033847957
2459894.851341803,0.00368464,0.003393261
2459894.8527306784,0.005322933,0.003391593
2459894.854119553,-0.0047970414,0.003385343
2459894.8555084285,0.0008158684,0.003391761
2459894.8568973034,0.0040216446,0.003388126
2459894.8582861787,0.002135396,0.003387831
2459894.8596750535,0.004419565,0.0033874467
2459894.861063929,-0.005143285,0.0033833557
2459894.862452804,0.0027017593,0.0033850833
2459894.863841679,0.0062072277,0.00338903
2459894.8652305542,0.004385829,0.003389415
2459894.866619429,-0.0014505386,0.0033855494
2459894.868008304,-0.0006828308,0.0033845399
2459894.869397179,-0.005461991,0.0033833934
2459894.870786054,-0.0030815005,0.0033801876
2459894.8721749294,0.0011293888,0.0033871594
2459894.873563804,-0.0047391653,0.0033789857
2459894.8749526795,0.0011408329,0.0033842726
2459894.8763415543,-0.0042829514,0.003384495
2459894.8777304296,-0.0034832954,0.0033821845
2459894.8791193045,0.007326007,0.0033885206
2459894.8805081793,-0.0005582571,0.0033813776
2459894.8818970546,0.0073239803,0.0033858253
2459894.8832859294,0.0010330677,0.0033823284
2459894.8846748048,0.0028631687,0.003383841
2459894.8860636796,0.0001540184,0.0033839846
2459894.887452555,0.0006444454,0.003382759
2459894.8888414297,-0.0002155304,0.0033810064
2459894.8902303046,0.0049088,0.0033850088
2459894.8916191794,-0.002491355,0.0033810344
2459894.8930080547,-0.0009991527,0.0033805522
2459894.8943969295,0.004585266,0.0033864717
2459894.895785805,-0.0025202632,0.0033810183
2459894.8971746797,-0.0020940304,0.0033803666
2459894.8985635545,0.0014138222,0.0033811273
2459894.89995243,0.0057952404,0.0033834693
2459894.9013413046,0.001830101,0.0033804774
2459894.9027301795,-0.0061118007,0.0033757705
2459894.904119055,0.0004593134,0.0033814285
2459894.9055079296,-0.0022149086,0.0033766313
2459894.9068968045,-0.0022180676,0.0033773833
2459894.9082856793,6.151199e-05,0.0033804746
2459894.9096745546,0.0025324821,0.0033793338
2459894.9110634294,0.0046231747,0.0033820802
2459894.9124523043,-0.0001835823,0.00337738
2459894.9138411796,0.0006287098,0.003375957
2459894.9152300544,0.0035632849,0.0033825794
2459894.9166189292,0.0037010908,0.0033807275
2459894.918007804,0.0017315149,0.003380541
2459894.9193966794,0.0015636683,0.0033789703
2459894.920785554,0.0017279387,0.0033767985
2459894.922174429,0.0028328896,0.0033795722
2459894.923563304,0.00027775764,0.0033803862
2459894.924952179,0.0033591986,0.0033809564
2459894.926341054,-0.0013519526,0.003376763
2459894.927729929,-0.00094628334,0.0033784532
2459894.9291188037,-0.0019043684,0.0033772003
2459894.9305076785,-0.007852614,0.0033738883
2459894.931896554,0.0001142025,0.0033788285
2459894.9332854287,0.00068950653,0.0033778867
2459894.9346743035,-0.0018967986,0.0033770748
2459894.9360631783,0.0036474466,0.0033819603
2459894.937452053,0.006871462,0.0033780641
2459894.9388409285,-0.0058868527,0.003373207
2459894.9402298033,0.00089013577,0.0033764539
2459894.941618678,-0.0012571216,0.0033757144
2459894.943007553,0.0059599876,0.0033791258
2459894.944396428,0.0054256916,0.0033785363
2459894.9457853027,0.0050815344,0.0033761002
2459894.9471741775,0.0021950006,0.0033774094
2459894.948563053,0.0016655922,0.0033761933
2459894.949951927,0.0025949478,0.0033748955
2459894.9513408025,-0.0031829476,0.0033718734
2459894.9527296773,0.00094103813,0.0033759119
2459894.954118552,0.0033539534,0.0033754387
2459894.955507427,0.0011122227,0.0033765084
2459894.956896302,0.004823923,0.0033752637
2459894.9582851767,0.0027178526,0.0033745926
2459894.9596740515,-0.002684772,0.0033744727
2459894.9610629263,0.0029000044,0.0033753677
2459894.962451801,0.004365325,0.0033775913
2459894.963840676,-0.001163125,0.0033735111
2459894.965229551,0.0011445284,0.0033743938
2459894.9666184257,-0.0022279024,0.003370201
2459894.968007301,-0.00030106306,0.003373399
2459894.9693961754,-3.5762787e-07,0.0033728154
2459894.9707850507,0.0056991577,0.0033753337
2459894.972173925,-0.0003567934,0.0033717626
2459894.9735628003,0.0020546913,0.0033733547
2459894.9749516747,-0.0033006072,0.0033703328
2459894.97634055,-0.0015051365,0.0033746795
2459894.977729425,0.0028122663,0.0033718788
2459894.979118299,0.0020070076,0.003373197
2459894.9805071745,6.687641e-05,0.0033707297
2459894.981896049,-0.00048220158,0.0033731752
2459894.9832849237,0.00060117245,0.0033725004
2459894.9846737985,-0.0029267073,0.0033690655
2459894.9860626734,0.0024417639,0.0033705477
2459894.987451548,0.00062584877,0.0033696266
2459894.988840423,-0.004974723,0.0033687179
2459894.990229298,0.0030395985,0.0033715763
2459894.9916181727,-0.00502491,0.0033664415
2459894.9930070476,-0.0033424497,0.0033666142
2459894.9943959224,0.0026477575,0.0033712185
2459894.9971736716,-0.00095903873,0.0033673244
2459894.998562547,0.0018402338,0.0033702818
2459894.9999514217,0.0006053448,0.0033687272
2459895.001340296,-0.0017032623,0.0033669167
2459895.002729171,0.0041172504,0.0033737277
2459895.004118046,0.002743125,0.0033680242
2459895.0055069206,0.0067368746,0.0033713186
2459895.0068957955,0.0020017624,0.0033714864
2459895.0082846703,-0.0029246807,0.0033674806
2459895.009673545,-0.0064222813,0.0033652484
2459895.0110624195,-8.8870525e-05,0.0033639858
2459895.0124512943,0.0008523464,0.003366568
2459895.013840169,0.0021333694,0.0033697211
2459895.015229044,0.00036251545,0.0033681833
2459895.0166179184,0.0013504028,0.0033689258
2459895.018006793,-0.00172925,0.0033662212
2459895.019395668,0.0014333725,0.0033684864
2459895.020784543,0.0038746595,0.003365882
2459895.0221734177,-0.0015829802,0.0033667479
2459895.0235622926,-0.002152443,0.003365953
2459895.024951167,-0.002366364,0.0033663951
2459895.026340042,-0.00062191486,0.0033672233
2459895.0277289166,-0.0024841428,0.003363115
2459895.029117791,-0.004328072,0.0033623448
2459895.030506666,-0.004125476,0.0033632554
2459895.0318955407,-0.0021150708,0.0033639
2459895.0332844155,0.0016179085,0.0033668038
2459895.0346732903,0.0026904345,0.003367496
2459895.0360621647,-5.853176e-05,0.0033642482
2459895.0374510395,0.0022426844,0.003367113
2459895.0388399144,-0.0005620122,0.003362572
2459895.040228789,-0.00089389086,0.0033633069
2459895.0416176636,-0.0038694143,0.0033632563
2459895.0430065384,0.006623745,0.0033693095
2459895.0443954132,0.0048475266,0.003367721
2459895.0457842876,0.0014836788,0.0033644717
2459895.0471731625,-0.001156807,0.0033644598
2459895.048562037,0.001675725,0.0033665164
2459895.0499509117,0.005176544,0.0033647201
2459895.0513397865,0.0015361309,0.0033613376
2459895.0527286613,-0.0043857694,0.003359307
2459895.0541175357,0.0011161566,0.0033650901
2459895.0555064105,-0.002147317,0.0033596535
2459895.0568952854,-0.0021278262,0.0033621995
2459895.0582841597,0.0009034872,0.0033648303
2459895.0596730346,-0.0022435188,0.0033604119
2459895.061061909,0.0006235838,0.0033652154
2459895.062450784,0.0016704798,0.0033624533
2459895.0638396586,0.0010033846,0.003362807
2459895.065228533,-0.0055903792,0.0033608442
2459895.066617408,-0.0024518967,0.0033586205
2459895.068006282,-0.0012081861,0.0033612663
2459895.069395157,0.0012711287,0.0033621294
2459895.0707840314,0.006338358,0.003364394
2459895.0721729062,0.0043982267,0.0033645134
2459895.0735617806,-0.00029438734,0.0033613679
2459895.0749506555,0.0022865534,0.003362945
2459895.0763395303,0.0048075914,0.0033655695
2459895.0777284047,0.00064349174,0.0033603834
2459895.0791172795,0.001983881,0.003362028
2459895.080506154,-0.003675282,0.0033584407
2459895.0818950287,0.0011380911,0.0033601073
2459895.083283903,0.0026916265,0.0033610715
2459895.084672778,-0.00034558773,0.0033578544
2459895.0860616527,-0.0011687875,0.0033610822
2459895.087450527,0.002440691,0.0033622957
2459895.088839402,0.0010300875,0.003362631
2459895.0902282763,-0.006058395,0.003357056
2459895.0916171507,-0.002113998,0.003355779
2459895.0930060255,0.0028241873,0.0033593874
2459895.0943949,0.0022740364,0.0033573569
2459895.0957837747,0.0059330463,0.0033607387
2459895.097172649,-0.0005233288,0.0033627818
2459895.098561524,-0.004490435,0.0033552954
2459895.0999503983,4.6133995e-05,0.0033566353
2459895.101339273,0.0007542372,0.0033556698
2459895.1027281475,-0.0011569858,0.0033551718
2459895.104117022,-0.0018350482,0.003356103
2459895.1055058967,0.0037329197,0.0033602866
2459895.106894771,0.0024975538,0.0033578929
2459895.108283646,-0.0012215972,0.0033594915
2459895.1096725203,2.7775764e-05,0.003358513
2459895.111061395,-0.0005314946,0.0033565639
2459895.1124502695,0.003001213,0.0033580987
2459895.113839144,-0.0019394755,0.0033557392
2459895.1152280183,-0.0014758706,0.0033550824
2459895.116616893,0.005804181,0.003360321
2459895.118005768,0.0029230118,0.0033586172
2459895.1193946423,0.0040791035,0.0033586042
2459895.1207835167,0.002449274,0.0033563056
2459895.122172391,0.0024262667,0.003357764
2459895.123561266,-0.0022360086,0.0033570458
2459895.1249501402,0.003177762,0.0033586342
2459895.1263390146,-0.008938491,0.0033513748
2459895.1277278895,0.00023126602,0.0033569143
2459895.129116764,0.0050917864,0.0033593937
2459895.130505638,-0.004502356,0.003355035
2459895.131894513,0.002536893,0.0033567029
2459895.1332833874,0.0017873049,0.0033561608
2459895.134672262,-0.0026865005,0.0033543145
2459895.1360611366,0.007987499,0.0033580195
2459895.137450011,0.0026084185,0.003355327
2459895.1388388854,0.0018473864,0.0033586565
2459895.1402277597,-0.005423486,0.003351942
2459895.141616634,0.0020000935,0.0033551424
2459895.143005509,0.0040450096,0.003353605
2459895.1443943833,-0.0012657642,0.0033538109
2459895.1457832577,0.0052723885,0.0033558877
2459895.147172132,-0.0026416779,0.003354438
2459895.148561007,-0.0035130382,0.0033521808
2459895.1499498812,0.002006054,0.003355204
2459895.1513387556,-0.002191186,0.0033505482
2459895.1527276305,-0.00310421,0.003354341
2459895.1541165044,-0.0005555153,0.003352318
2459895.155505379,0.004560232,0.0033548002
2459895.1568942536,0.0018554926,0.0033542772
2459895.158283128,-0.0008996725,0.0033547478
2459895.159672003,-0.000826776,0.0033525997
2459895.161060877,-0.004373193,0.0033491538
2459895.1624497515,0.00016772747,0.0033523627
2459895.163838626,-0.0007250309,0.0033529738
2459895.1652275003,0.009877443,0.0033537697
2459895.1666163746,0.005932331,0.0033549112
2459895.168005249,0.0018693209,0.0033550279
2459895.1693941234,-0.0035447478,0.0033500951
2459895.170782998,0.001816392,0.003352807
2459895.1721718726,0.0032188892,0.0033566162
2459895.173560747,0.0011986494,0.0033507503
2459895.1749496213,-0.00053077936,0.0033499717
2459895.1763384957,-0.0005799532,0.0033508644
2459895.17772737,0.001475811,0.0033494264
2459895.1791162444,0.0059432983,0.003354157
2459895.180505119,0.0001039505,0.0033480162
2459895.1818939936,0.0028057098,0.003350609
2459895.1832828675,0.0012030602,0.0033509668
2459895.1846717424,0.0035829544,0.0033527887
2459895.1860606167,0.005327344,0.0033530393
2459895.187449491,0.0015333891,0.0033520544
2459895.1888383655,0.0025875568,0.0033532032
2459895.19022724,-0.0003733039,0.0033490064
2459895.191616114,-0.0023020506,0.003350744
2459895.1930049886,0.0022654533,0.0033489943
2459895.194393863,0.0043742657,0.0033515126
2459895.1957827373,0.0013738871,0.0033517543
2459895.1971716117,0.0028318167,0.0033492036
2459895.198560486,0.0018125772,0.003349632
2459895.1999493605,-0.0053482056,0.0033448408
2459895.201338235,-0.0016207695,0.0033471307
2459895.202727109,-0.0060367584,0.003346653
2459895.2041159836,-0.006485939,0.0033455554
2459895.205504858,0.0027002096,0.0033493857
2459895.2068937323,0.0014425516,0.003347004
2459895.2082826067,0.0014002323,0.00335286
2459895.209671481,0.0006608963,0.0033485396
2459895.2110603554,-0.0009865165,0.003345783
2459895.21244923,0.0035214424,0.0033474779
2459895.213838104,-0.0007016659,0.003349658
2459895.2152269785,0.005194068,0.0033484465
2459895.216615853,0.004181862,0.0033487221
2459895.218004727,-0.0044412017,0.0033454094
2459895.219393601,0.003170967,0.003348428
2459895.2207824755,0.003363967,0.003345701
2459895.22217135,0.00030481815,0.0033455775
2459895.2235602243,0.002693653,0.0033500982
2459895.2249490987,0.00557673,0.0033490926
2459895.226337973,0.0027109385,0.0033477412
2459895.2277268474,0.0029509068,0.003344273
2459895.229115722,0.0009268522,0.0033481133
2459895.2305045957,0.006644964,0.0033486257
2459895.23189347,0.00076282024,0.0033450257
2459895.2332823444,-0.006662309,0.003342105
2459895.234671219,-0.0011076331,0.003345311
2459895.236060093,-0.0012536049,0.003346533
2459895.2374489675,-0.0022064447,0.0033423398
2459895.238837842,0.0016022921,0.0033459063
2459895.240226716,0.00248909,0.0033491235
2459895.24161559,-0.0061419606,0.0033419917
2459895.2430044645,0.005051017,0.0033452003
2459895.244393339,-0.000928998,0.003343965
2459895.2457822133,0.0028890371,0.0033436446
2459895.247171087,0.003816247,0.003345196
2459895.2485599616,-0.0034714937,0.003344382
2459895.249948836,0.003117323,0.003343863
2459895.2513377103,-0.0036122203,0.0033428867
2459895.252726584,-0.0028859973,0.003344568
2459895.2541154586,0.0014822483,0.0033433288
2459895.255504333,-0.00297302,0.00334544
2459895.2568932073,0.0013049841,0.003344464
2459895.2582820817,0.003950715,0.0033454294
2459895.2596709556,-0.0005109906,0.0033444024
2459895.26105983,-0.004306853,0.003345227
2459895.2624487043,0.0020668507,0.0033436776
2459895.2638375787,-0.0015768409,0.0033391758
2459895.2652264526,-0.0046728253,0.0033410273
2459895.266615327,0.0016641617,0.00334275
2459895.2680042014,-0.0011001229,0.003340874
2459895.2693930753,0.0029361248,0.0033428613
2459895.2707819496,0.0008223057,0.0033432592
2459895.272170824,0.0051232576,0.0033450094
2459895.2735596984,0.0008794069,0.003341061
2459895.2749485723,0.0020735264,0.003345609
2459895.2763374466,0.0022113323,0.0033414487
2459895.277726321,0.0011396408,0.0033415963
2459895.279115195,-0.006717086,0.0033365267
2459895.2805040693,0.0036255121,0.0033442322
2459895.281892943,-0.00349164,0.0033395404
2459895.2832818176,-0.002088666,0.0033426797
2459895.284670692,0.0002399683,0.003339083
2459895.286059566,0.0033794641,0.0033443524
2459895.28744844,-0.003222108,0.0033424543
2459895.2888373146,0.0018429756,0.0033404874
2459895.2902261885,-0.0021665096,0.0033387688
2459895.291615063,0.0037282705,0.0033422257
2459895.293003937,0.0037175417,0.0033386669
2459895.294392811,0.0012015104,0.0033408639
2459895.2957816855,-0.0009971857,0.0033402713
2459895.2971705594,-0.0028283596,0.0033395032
2459895.298559434,-0.00048434734,0.0033409372
2459895.299948308,0.0045951605,0.0033407668
2459895.301337182,0.004990101,0.0033402413
2459895.3027260564,-0.0069132447,0.0033339667
2459895.3041149303,0.002252698,0.0033396715
2459895.3055038047,-0.0015647411,0.0033376787
2459895.3068926786,0.0040848255,0.0033396317
2459895.308281553,-0.001599133,0.003338918
2459895.3096704273,0.0023001432,0.0033407272
2459895.3110593013,0.0010815859,0.0033376392
2459895.312448175,0.0009071827,0.003338542
2459895.3138370495,-0.0006708503,0.0033385558
2459895.3152259234,-0.0025197268,0.003337205
2459895.316614798,-0.0030207634,0.003337527
2459895.3180036717,-0.00075787306,0.0033395127
2459895.319392546,0.0020211935,0.0033399998
2459895.32078142,0.00179708,0.00333844
2459895.3221702944,-0.00015985966,0.0033378098
2459895.3235591683,-0.00013613701,0.003339108
2459895.3249480426,0.004306197,0.0033406597
2459895.3263369165,-0.0006260276,0.0033407789
2459895.327725791,0.002822876,0.0033375793
2459895.329114665,-0.0026738048,0.003337602
2459895.330503539,0.0036513805,0.0033381325
2459895.331892413,-0.00597775,0.0033340745
2459895.333281287,-0.0019459724,0.0033342629
2459895.3346701614,0.0047477484,0.0033383397
2459895.3360590353,-0.0009878874,0.0033396874
2459895.3374479096,0.00018918514,0.003338355
2459895.3388367835,0.0068632364,0.0033386867
2459895.340225658,0.0025429726,0.003337399
2459895.341614532,-0.0007019639,0.0033363034
2459895.3430034057,0.007885814,0.003339844
2459895.34439228,-0.0015493631,0.003336623
2459895.345781154,-0.0012261271,0.0033341248
2459895.3471700284,1.9907951e-05,0.0033340654
2459895.3485589023,0.005223155,0.0033367903
2459895.349947776,0.004049301,0.0033396408
2459895.35133665,-0.0016133189,0.0033356664
2459895.3527255245,-0.00014060736,0.0033370447
2459895.3541143984,0.0009878874,0.0033361386
2459895.3555032723,0.0010387897,0.0033346182
2459895.3568921466,-0.003019154,0.0033329914
2459895.3582810205,-0.0065830946,0.0033315367
2459895.359669895,0.004198432,0.0033374825
2459895.361058769,-0.002857864,0.003331884
2459895.3624476427,-0.002898395,0.003333924
2459895.363836517,0.0021258593,0.0033344957
2459895.365225391,0.00043284893,0.0033346694
2459895.366614265,-0.0005429983,0.0033341746
2459895.368003139,-0.0025309324,0.0033304647
2459895.369392013,-0.002643764,0.003334346
2459895.370780887,-0.0053482056,0.0033357623
2459895.372169761,0.0032545328,0.003335977
2459895.3735586354,0.006783724,0.0033359083
2459895.3749475093,-0.004437089,0.0033350596
2459895.376336383,0.004469037,0.0033357944
2459895.377725257,-0.005453646,0.0033299408
2459895.3791141314,-0.0022922158,0.0033313301
2459895.380503005,0.00061166286,0.0033328047
2459895.3818918793,0.003000617,0.0033329583
2459895.383280753,1.347065e-05,0.003335054
2459895.384669627,0.0027632713,0.0033331912
2459895.3860585014,0.00061511993,0.003332268
2459895.3874473753,0.0048185587,0.003332796
2459895.3888362492,-0.00089895725,0.0033357649
2459895.390225123,-0.0033983588,0.0033316845
2459895.391613997,0.0020834208,0.0033308377
2459895.393002871,0.0013157129,0.003333733
2459895.3943917453,-0.0007349849,0.0033338016
2459895.3957806192,5.4597855e-05,0.0033315662
2459895.397169493,0.0014311075,0.0033343069
2459895.398558367,-0.0031867027,0.0033306722
2459895.399947241,-0.002244711,0.003331522
2459895.4013361153,0.0031123161,0.0033319283
2459895.4027249888,0.0032833815,0.0033324216
2459895.404113863,0.0059016943,0.0033329446
2459895.405502737,-0.0074374676,0.0033279094
2459895.406891611,-0.0063780546,0.0033300198
2459895.408280485,-0.0020270348,0.003325937
2459895.4096693587,0.0060002804,0.0033330393
2459895.411058233,0.0026370287,0.003331941
2459895.4124471066,0.0002808571,0.0033305518
2459895.413835981,0.00030767918,0.0033312568
2459895.4152248544,0.0032829046,0.0033332654
2459895.4166137287,-0.00024688244,0.0033300512
2459895.4180026026,-0.003126502,0.0033254586
2459895.4193914765,0.0025279522,0.0033328673
2459895.4207803505,-0.0038006306,0.0033283946
2459895.4221692244,0.0008946657,0.0033302398
2459895.4235580983,0.0022406578,0.0033299976
2459895.424946972,0.008592725,0.0033350768
2459895.426335846,0.0046292543,0.0033297208
2459895.4277247204,-0.001547575,0.0033271215
2459895.429113594,-0.0020325184,0.0033275094
2459895.4305024683,0.0010256767,0.0033261564
2459895.4318913417,-0.007163763,0.0033269704
2459895.433280216,0.003608942,0.0033291187
2459895.4346690895,-0.0019420981,0.0033242847
2459895.4360579634,-0.0003274083,0.0033291185
2459895.437446838,-0.0041056275,0.0033239028
2459895.438835711,0.0047414303,0.003332091
2459895.4402245856,0.004578948,0.0033307304
2459895.441613459,0.0032372475,0.003333366
2459895.4430023334,-0.0021930337,0.0033272519
2459895.444391207,-0.0010002851,0.0033262398
2459895.4457800807,-0.005066216,0.0033245063
2459895.4471689546,0.0005788803,0.0033286377
2459895.4485578286,0.001420021,0.003326379
2459895.4499467025,-0.0006598234,0.003325832
2459895.4513355764,-0.0016897321,0.0033257746
2459895.4527244503,0.0038495064,0.0033311544
2459895.454113324,0.0006227493,0.0033264721
2459895.455502198,-0.00050741434,0.0033273408
2459895.456891072,-0.002894044,0.003325708
2459895.458279946,0.0016953945,0.0033243052
2459895.45966882,0.0023025274,0.0033296945
2459895.4610576937,-0.0005546212,0.0033282842
2459895.4624465676,-0.0049559474,0.0033266344
2459895.463835441,-0.0005134344,0.0033272225
2459895.465224315,0.0014687777,0.0033276412
2459895.466613189,0.0015525818,0.003325561
2459895.4680020628,-0.0012565851,0.0033248544
2459895.4693909367,-0.0003451109,0.0033257208
2459895.4707798106,0.00022625923,0.003326617
2459895.4721686845,-0.0021011233,0.0033243464
2459895.4735575584,-0.0010303855,0.003323239
2459895.4749464323,-0.002843976,0.0033233715
2459895.4763353057,0.0026789904,0.0033265492
2459895.4777241796,0.0014609098,0.0033246523
2459895.4791130535,0.0022484064,0.0033252225
2459895.4805019274,-0.0037491918,0.0033243676
2459895.4818908013,0.0028072596,0.0033296312
2459895.483279675,-0.0025705695,0.003323311
2459895.4846685487,0.0061820745,0.0033290228
2459895.4860574226,0.0013750792,0.003325488
2459895.4874462965,-0.005814135,0.0033221915
2459895.4888351704,-0.0017786622,0.0033234935
2459895.4902240443,-0.0002040863,0.003328267
2459895.491612918,-0.005420208,0.0033224304
2459895.4930017916,0.00078451633,0.0033247625
2459895.4943906656,0.0025548935,0.0033244204
2459895.4957795395,0.0039459467,0.0033277564
2459895.4971684134,-0.008311808,0.003320827
2459895.498557287,1.3947487e-05,0.0033253962
2459895.4999461607,-2.9802322e-07,0.003323718
2459895.5013350346,0.0024212599,0.0033246768
2459895.502723908,-0.0017513037,0.0033222411
2459895.504112782,0.0030494928,0.0033262896
2459895.505501656,-0.00022763014,0.0033220933
2459895.5068905298,0.0019676685,0.003324244
2459895.508279403,0.0032821894,0.0033233908
2459895.509668277,0.0021042824,0.003323736
2459895.511057151,0.0001398325,0.0033223354
2459895.512446025,0.0013350248,0.00332609
2459895.5138348984,0.00061297417,0.0033205822
2459895.5152237723,-0.0009448528,0.00332019
2459895.516612646,0.0017063618,0.0033246544
2459895.5180015196,0.00146842,0.0033230844
2459895.5193903935,0.0025514364,0.003324275
2459895.520779267,-0.0019738078,0.0033224851
2459895.522168141,0.0042716265,0.003323856
2459895.5235570148,-0.0016467571,0.0033222649
2459895.5249458887,-0.006688714,0.003320157
2459895.5263347626,3.874302e-05,0.0033227454
2459895.527723636,0.0024855137,0.0033231669
2459895.52911251,0.0011094809,0.0033197142
2459895.5305013834,0.00080537796,0.0033234044
2459895.5318902573,-0.0020539165,0.00331886
2459895.533279131,0.0053333044,0.003323244
2459895.5346680046,0.00045883656,0.0033206958
2459895.5360568785,0.004886985,0.003325605
2459895.537445752,-0.0003350377,0.0033216479
2459895.538834626,-0.00533849,0.0033223263
2459895.5402234993,-0.00226444,0.0033203398
2459895.541612373,0.00315094,0.003321821
2459895.543001247,0.0016899109,0.0033218376
2459895.5443901205,0.005356908,0.0033295632
2459895.5457789944,0.0039325953,0.0033218262
2459895.5471678684,0.0028429031,0.0033252516
2459895.548556742,0.0038781166,0.003322258
2459895.5499456157,-0.0037225485,0.0033198362
2459895.551334489,-0.0002759099,0.003320551
2459895.552723363,-0.0016897321,0.0033190046
2459895.5541122365,0.0003234148,0.003320882
2459895.5555011104,0.0026595592,0.0033204707
2459895.556889984,0.0022518635,0.0033202737
2459895.5582788577,-0.00028514862,0.003317881
2459895.559667731,-0.0047311187,0.0033206956
2459895.561056605,-0.0023328066,0.0033170527
2459895.5624454785,0.00091946125,0.0033184846
2459895.5638343524,0.0033661127,0.0033240065
2459895.5652232263,0.0027327538,0.0033210937
2459895.5666120998,8.940697e-06,0.0033216397
2459895.5680009737,8.177757e-05,0.0033204483
2459895.569389847,-0.003299296,0.0033161717
2459895.570778721,0.0001502037,0.0033232437
2459895.5721675945,-0.005396545,0.0033168134
2459895.5735564684,0.0006238222,0.00332047
2459895.574945342,0.00085806847,0.0033181424
2459895.5763342157,-0.00337106,0.0033170367
2459895.577723089,-0.00044554472,0.003321263
2459895.5791119626,0.0024559498,0.0033178916
2459895.5805008365,-0.00012201071,0.0033194346
2459895.58188971,0.00066435337,0.003318459
2459895.583278584,0.0012989044,0.003318418
2459895.5846674573,0.0019413233,0.0033204665
2459895.586056331,0.0012190342,0.0033192479
2459895.5874452046,0.0040404797,0.0033198544
2459895.5888340785,0.0010236502,0.0033187114
2459895.590222952,0.00050985813,0.0033165705
2459895.5916118254,0.00084650517,0.0033183515
2459895.5930006993,-0.0043228865,0.0033173813
2459895.5943895727,-0.0021996498,0.00331784
2459895.5957784466,-0.0037314296,0.0033147782
2459895.59716732,0.0023298264,0.003324545
2459895.5985561935,0.0005071163,0.0033182462
2459895.5999450674,0.0022598505,0.0033202872
2459895.601333941,-0.0011523366,0.0033158702
2459895.602722815,-0.0076063275,0.0033135447
2459895.604111688,0.0038757324,0.0033172527
2459895.6055005617,-0.0035297275,0.0033136243
2459895.606889435,-0.0006945729,0.0033143568
2459895.608278309,0.0006135702,0.003317073
2459895.609667183,0.0017324686,0.0033183799
2459895.6110560563,0.0030223131,0.0033187158
2459895.61244493,-0.0022996664,0.0033162555
2459895.613833803,0.0036028624,0.0033188367
2459895.615222677,-0.00594908,0.0033139817
2459895.6166115506,-0.0010319948,0.0033160595
2459895.618000424,-0.0011659861,0.0033165186
2459895.619389298,0.0026500225,0.0033191773
2459895.6207781713,0.0029426813,0.0033174295
2459895.6221670453,0.005491376,0.003318564
2459895.6235559187,-0.0038173795,0.0033136308
2459895.624944792,-0.0012527108,0.0033171303
2459895.6263336656,0.003814578,0.003317268
2459895.6277225395,-0.0032109022,0.003314456
2459895.629111413,-0.0001707077,0.0033157626
2459895.6305002864,-0.0040920377,0.0033106143
2459895.6318891603,-0.0047198534,0.0033111842
2459895.6332780337,-0.0023372173,0.003314751
2459895.634666907,-0.0032417774,0.0033130085
2459895.6360557806,-0.0013096333,0.003312404
2459895.6374446545,-0.0048996806,0.0033137142
2459895.638833528,-0.005547464,0.0033121435
2459895.6402224014,-0.003938079,0.003312544
2459895.641611275,0.0021948814,0.0033143556
2459895.6430001482,0.0004698038,0.0033135416
2459895.644389022,0.0020577908,0.0033147277
2459895.6457778956,0.0002450943,0.0033180462
2459895.647166769,0.0027456284,0.0033174094
2459895.6485556425,5.0783157e-05,0.0033169577
2459895.6499445164,0.00046253204,0.003312274
2459895.65133339,-0.0073928237,0.0033107488
2459895.6527222632,-0.001801312,0.0033137526
2459895.6541111367,-0.0020985007,0.0033117766
2459895.65550001,-0.0056892633,0.0033093817
2459895.656888884,0.0008074045,0.0033172208
2459895.6582777575,-0.001688838,0.0033147512
2459895.659666631,0.0010823011,0.0033146248
2459895.6610555043,0.0024689436,0.0033149652
2459895.662444378,0.0013329983,0.0033161093
2459895.6638332517,0.004912734,0.0033174918
2459895.665222125,-0.00051254034,0.0033130848
2459895.6666109986,0.005100131,0.0033174255
2459895.667999872,-0.0015173554,0.0033119346
2459895.6693887454,-0.0010168552,0.0033135596
2459895.670777619,0.00036406517,0.0033109079
2459895.6721664923,0.0007272959,0.0033134772
2459895.673555366,0.0021766424,0.0033170169
2459895.6749442397,-0.004616797,0.0033094026
2459895.676333113,0.0017707348,0.0033141484
2459895.6777219865,-0.0041481256,0.0033105926
2459895.67911086,-0.0025323033,0.0033129395
2459895.6804997334,-0.0005632043,0.0033110408
2459895.681888607,-0.00070774555,0.0033083113
2459895.683277481,-0.004452586,0.003308682
2459895.6846663537,0.0033442974,0.003313094
2459895.6860552276,-0.002967596,0.0033108355
2459895.687444101,0.00046801567,0.0033124774
2459895.6888329745,-0.0031305552,0.0033090098
2459895.690221848,0.0025019646,0.003313194
2459895.6916107214,0.0037761927,0.003314808
2459895.692999595,-0.0008673668,0.0033133428
2459895.6943884683,-0.0008763075,0.003312504
2459895.6957773417,0.0036057234,0.0033124867
2459895.697166215,0.0002373457,0.003313939
2459895.6985550886,0.003046751,0.0033128485
2459895.699943962,0.0027713776,0.0033121365
2459895.7013328355,0.0023050308,0.0033118217
2459895.702721709,-0.006080866,0.0033085127
2459895.704110583,0.0024210215,0.003311676
2459895.7054994563,0.0001540184,0.0033096094
2459895.7068883297,-0.002317071,0.0033081085
2459895.708277203,0.0021332502,0.0033114862
2459895.709666076,0.0040006638,0.0033105055
2459895.71105495,-0.00026482344,0.003310416
2459895.712443823,-0.0007228255,0.0033098955
2459895.713832697,0.0008511543,0.003309655
2459895.7152215703,0.0006363392,0.0033100357
2459895.716610444,-0.0023497343,0.0033089034
2459895.717999317,-0.0014823079,0.0033091784
2459895.7193881907,-0.0016118884,0.0033111013
2459895.720777064,-0.0027587414,0.0033079924
2459895.722165937,-0.0002206564,0.0033077253
2459895.723554811,-0.0038574338,0.003308225
2459895.724943684,0.0016261339,0.003310541
2459895.726332558,-0.006159842,0.0033054668
2459895.7277214313,0.0016207695,0.0033136883
2459895.7291103043,-0.0026071668,0.0033116392
2459895.730499178,0.0022364855,0.0033111703
2459895.731888051,0.001845479,0.0033100068
2459895.7332769246,0.00038266182,0.0033101859
2459895.734665798,-0.00017809868,0.003306397
2459895.7360546715,0.0025776625,0.0033093859
2459895.737443545,-0.0010572076,0.0033071379
2459895.7388324183,0.0037374496,0.003311592
2459895.740221292,-0.003429532,0.0033076317
2459895.741610165,0.0005608797,0.003309415
2459895.7429990387,0.0017232895,0.0033108646
2459895.744387912,0.0005565882,0.0033104152
2459895.7457767855,0.00032138824,0.0033093663
2459895.747165659,-0.001357615,0.0033076715
2459895.7485545324,-0.0024056435,0.0033053558
2459895.749943406,0.0035312176,0.0033103693
2459895.751332279,-0.00183177,0.003309528
2459895.7527211523,0.00061380863,0.0033056082
2459895.7541100257,-0.008346736,0.0033032352
2459895.755498899,0.00045371056,0.0033113183
2459895.7568877726,-0.0019000173,0.0033095041
2459895.758276646,0.005302906,0.0033075335
2459895.7596655195,-0.006199062,0.0033067313
2459895.761054393,0.002118349,0.003310501
2459895.7624432663,0.00031459332,0.0033102864
2459895.7638321393,-0.0010400414,0.0033069493
2459895.7652210128,0.0015667677,0.0033076687
2459895.766609886,0.00786984,0.0033119484
2459895.7679987596,-0.00029736757,0.0033059672
2459895.769387633,-7.4625015e-05,0.00330616
2459895.7707765065,-0.0009765625,0.0033062908
2459895.77216538,0.0031534433,0.0033099607
2459895.773554253,-0.005227387,0.0033023544
2459895.7749431264,0.00031340122,0.0033071425
2459895.776332,-0.0011495948,0.0033062312
2459895.7777208732,-0.005183637,0.0033038487
2459895.7791097467,0.0021551847,0.003308009
2459895.7804986197,-0.00054752827,0.0033089889
2459895.781887493,0.0034359694,0.0033079085
2459895.7832763665,-0.0011160374,0.0033041502
2459895.78466524,0.00044834614,0.003311134
2459895.786054113,-0.00011301041,0.003306525
2459895.7874429864,-0.0067367554,0.0033055223
2459895.78883186,-0.0014420152,0.0033054678
2459895.7902207333,-0.0015600324,0.0033078562
2459895.7916096067,-8.249283e-05,0.003305783
2459895.79299848,1.5735626e-05,0.003305294
2459895.7943873536,-0.0007947087,0.0033059828
2459895.7957762266,0.0014939308,0.0033072373
2459895.7971651,-0.008554041,0.003298743
2459895.7985539734,-0.002568543,0.003307876
2459895.7999428464,-0.006339729,0.003301537
2459895.80133172,0.0005264282,0.0033063658
2459895.8027205933,0.0026171207,0.003306012
2459895.8041094667,0.00033032894,0.0033093018
2459895.8054983397,-0.00043970346,0.003304842
2459895.806887213,0.00066673756,0.0033072683
2459895.8082760866,-0.0014404655,0.0033062303
2459895.80966496,0.0013344288,0.0033048757
2459895.8110538335,-0.005790293,0.003300757
2459895.8124427064,-0.0047798157,0.0033047237
2459895.81383158,0.0030237436,0.0033120713
2459895.8152204533,0.0014663935,0.0033078352
2459895.8166093268,0.004752636,0.003307538
2459895.8179981997,0.0011194944,0.003306414
2459895.819387073,0.00042414665,0.003305451
2459895.820775946,-0.00022637844,0.0033070468
2459895.8221648196,0.004365921,0.0033058352
2459895.823553693,-0.004322052,0.0033002796
2459895.8249425665,-0.0015520453,0.0033026182
2459895.82633144,0.0012203455,0.0033050862
2459895.827720313,-0.0012940168,0.0033025104
2459895.8291091863,-0.0034086704,0.003302161
2459895.8304980593,-0.00070756674,0.003302515
2459895.8318869327,0.003586769,0.003307472
2459895.833275806,-0.004386544,0.0032992396
2459895.834664679,0.0010924339,0.003304726
2459895.8360535526,0.0018684864,0.003305721
2459895.837442426,-0.0009306073,0.0033013707
2459895.8388312995,0.0045665503,0.0033063872
2459895.8402201724,0.0012285709,0.003303987
2459895.841609046,0.0019447803,0.0033055563
2459895.8429979193,0.0012508631,0.0033034848
2459895.8443867923,-0.0016054511,0.0033061458
2459895.8457756657,-0.006605327,0.0032988759
2459895.8471645387,0.0059336424,0.0033074296
2459895.848553412,-0.0022822022,0.0033037572
2459895.8499422856,-0.004722953,0.0033020764
2459895.8513311585,0.002665639,0.0033049956
2459895.852720032,0.002441883,0.0033063896
2459895.8541089054,0.0015859604,0.0033036508
2459895.855497779,-0.003424883,0.0032990996
2459895.856886652,0.00064349174,0.003303948
2459895.8582755253,0.0030913353,0.003302302
2459895.8596643982,0.0014857054,0.0033052496
2459895.8610532717,-0.0013723373,0.0032999238
2459895.8624421447,0.0017459393,0.0033055285
2459895.863831018,0.0049996376,0.0033056538
2459895.8652198915,-0.0073310137,0.0032996302
2459895.8666087645,0.0005323887,0.003301191
2459895.867997638,-0.002678275,0.0033034675
2459895.869386511,-0.0032158494,0.0033015702
2459895.8707753844,0.00030696392,0.0033010114
2459895.8721642573,0.00065362453,0.0033044368
2459895.873553131,0.0026019812,0.0033023716
2459895.874942004,0.0036098957,0.0033032466
2459895.876330877,-0.0038853288,0.0033000081
2459895.8777197506,0.0021615028,0.0033060247
2459895.8791086236,-0.0017450452,0.003300658
2459895.880497497,-0.002984345,0.0033012817
2459895.8818863705,0.0025417805,0.0033041546
2459895.8832752435,-0.007481396,0.0032966023
2459895.884664117,0.0002683401,0.0033004694
2459895.88605299,-0.0037226677,0.0032987057
2459895.8874418633,0.002020359,0.0033040394
2459895.8888307363,0.0057764053,0.003306201
2459895.8902196097,0.0030382872,0.0033016533
2459895.8916084827,-0.00845176,0.003297899
2459895.892997356,-0.0045602918,0.0033031674
2459895.894386229,-2.0444393e-05,0.0033049553
2459895.8957751025,0.005977869,0.0033058063
2459895.897163976,-0.0010467172,0.0033042242
2459895.898552849,-0.0018765926,0.003300939
2459895.8999417224,-0.0026581287,0.0033014042
2459895.9013305954,0.0022687912,0.0033031194
2459895.902719469,-0.00059205294,0.0033010743
2459895.904108342,-0.0026746392,0.0032984316
2459895.905497215,-0.0015262365,0.0032991471
2459895.9068860887,-0.0024592876,0.003299131
2459895.9082749616,-0.0024918914,0.0032995443
2459895.909663835,-0.0008260608,0.0033024712
2459895.911052708,-0.007668078,0.0032942253
2459895.9124415815,-0.0025302768,0.0033028016
2459895.9138304545,-0.0034481883,0.0032971008
2459895.915219328,-0.0014364719,0.0033008782
2459895.916608201,-0.0027945042,0.003299481
2459895.9179970743,-0.00508976,0.0032972933
2459895.9193859473,0.0020098686,0.0032992216
2459895.9207748203,-0.0032708049,0.003299507
2459895.9221636937,-0.0011223555,0.003300914
2459895.9235525667,-0.0060593486,0.0033002521
2459895.92494144,-0.0007932782,0.0032980372
2459895.926330313,0.0061849356,0.0033050566
2459895.9277191865,0.0056786537,0.0033060322
2459895.92910806,0.0030299425,0.003302337
2459895.930496933,-0.007479906,0.0032965054
2459895.9318858064,0.00256145,0.003300511
2459895.9332746794,-0.00091969967,0.0033032817
2459895.9346635523,-0.004565358,0.0032986344
2459895.9360524258,0.0012835264,0.003299424
2459895.9374412987,0.0026341677,0.0033033728
2459895.938830172,0.0007773638,0.0033028119
2459895.940219045,-0.00069755316,0.0033016326
2459895.9416079186,-0.0052198768,0.0032997706
2459895.9429967916,0.0011593103,0.0033026694
2459895.944385665,-0.0037055016,0.0033027194
2459895.945774538,-0.005991876,0.0033005767
2459895.9471634114,-0.0009166002,0.0033037455
2459895.9485522844,-0.0014179349,0.003308726
2459895.9499411574,-0.0045847893,0.003300146
2459895.951330031,-0.00175488,0.003306807
2459895.952718904,0.0015201569,0.0033070557
2459895.954107777,0.0011228323,0.0033090555
2459895.95549665,0.002579093,0.0033097048
2459895.9568855236,-0.0023834705,0.0033066182
2459895.9582743966,-0.004554391,0.0033067835
2459895.9596632696,0.0008556843,0.003311937
2459895.961052143,0.00021123886,0.0033102084
2459895.962441016,0.0032168627,0.0033117249
2459895.9638298894,-0.005005598,0.0033105758
2459895.9652187624,-0.003906846,0.0033092785
2459895.966607636,0.0039584637,0.0033189943
2459895.967996509,0.00022113323,0.003313876
2459895.969385382,-0.0013087392,0.0033140844
2459895.9707742548,0.001863718,0.0033211499
2459895.972163128,0.0025418997,0.003322429
2459895.9735520016,-0.000721097,0.0033191412
2459895.9749408746,-0.0032569766,0.0033195312
2459895.9763297476,0.0066640377,0.0033295813
2459895.977718621,-0.0021739006,0.0033236167
2459895.979107494,0.0020176172,0.003325035
2459895.980496367,0.0006426573,0.0033345458
2459895.9818852404,0.0007889271,0.0033286524
2459895.9832741134,0.004100561,0.0033347968
2459895.984662987,0.0058825016,0.0033368682
2459895.98605186,0.00021922588,0.0033352256
2459895.987440733,-0.0026052594,0.003333768
2459895.988829606,-0.004761994,0.0033348694
2459895.990218479,-0.008064032,0.0033400883
2459895.9916073526,9.894371e-06,0.0033401994
2459895.9929962256,0.0074522495,0.0033488972
2459895.9943850986,0.0029761791,0.003351598
2459895.995773972,0.003377676,0.003353227
2459895.997162845,0.0002515316,0.0033527713
2459895.9985517184,-0.0032433271,0.0033528744
2459895.9999405914,-0.003313601,0.0033552768
2459896.0013294644,-0.004999876,0.0033606475
2459896.0027183373,0.002952218,0.0033619383
2459896.004107211,-0.0014519095,0.0033644536
2459896.0054960838,-0.0030085444,0.0033676971
2459896.0068849567,-0.00427109,0.0033669218
2459896.00827383,-0.0020369291,0.0033700056
2459896.009662703,-0.0015970469,0.0033749484
2459896.0110515766,0.0021117926,0.0033790173
2459896.0124404496,-0.0009468794,0.0033814092
2459896.0138293225,-0.0045270324,0.0033825177
2459896.015218196,-0.004475713,0.0033852353
2459896.016607069,0.0014177561,0.0033948782
2459896.0179959424,-0.0009433031,0.0033956168
2459896.0193848154,-0.004480481,0.0033974596
2459896.0207736883,0.0018568039,0.0034047554
2459896.0221625613,-0.00017404556,0.0034079195
2459896.0235514347,-0.00220716,0.0034069577
2459896.0249403077,-0.0007196069,0.0034140816
2459896.0263291807,-9.4771385e-05,0.003417869
2459896.027718054,-0.00094509125,0.0034171846
2459896.029106927,0.00043678284,0.0034259937
2459896.0304958,0.00079607964,0.0034324082
2459896.0318846735,0.008405924,0.0034393452
2459896.0332735465,-0.010380805,0.0034317973
2459896.0346624195,0.00061929226,0.0034442293
2459896.036051293,0.0026407242,0.0034501397
2459896.037440166,-0.0038958788,0.0034485962
2459896.038829039,-0.0056464076,0.0034528098
2459896.0402179123,-0.0034649372,0.0034569153
2459896.0416067853,0.001175046,0.0034675265
2459896.0429956582,-0.0076038837,0.003466938
2459896.044384531,-0.0026471019,0.0034725151
2459896.0457734047,-0.006768346,0.0034769732
2459896.0471622776,0.0015100241,0.00348288
2459896.0485511506,0.001437664,0.0034878498
2459896.049940024,-0.0023815632,0.0034931558
2459896.051328897,-0.0031929612,0.0034931414
2459896.05271777,-0.00086671114,0.003503184
2459896.0541066434,0.0034586191,0.0035103492
2459896.0554955164,-0.0024063587,0.003511538
2459896.05688439,0.00036478043,0.0035207164
2459896.058273263,0.0011787415,0.0035214513
2459897.0082625067,-0.0017920136,0.0037882233
2459897.0096513797,-0.0001630187,0.0037866428
2459897.011040253,-0.006323695,0.0037815226
2459897.012429126,0.00039494038,0.003780773
2459897.0138179995,0.0011392832,0.0037811666
2459897.0152068725,0.004045248,0.0037783263
2459897.016595746,0.0005617142,0.0037744916
2459897.0179846194,-0.0008300543,0.003774451
2459897.0193734923,-0.0053023696,0.0037700306
2459897.020762366,0.0023497343,0.0037699887
2459897.0221512388,-0.003074944,0.0037664508
2459897.023540112,0.0004925728,0.0037661954
2459897.024928985,0.002716422,0.0037662145
2459897.0263178586,0.008049488,0.0037627101
2459897.027706732,-0.0061555505,0.003756398
2459897.029095605,0.0068194866,0.003760298
2459897.0304844785,0.00046765804,0.003756115
2459897.0318733514,0.003252387,0.0037556153
2459897.033262225,0.0029318333,0.0037528747
2459897.034651098,0.00612545,0.0037544502
2459897.0360399713,0.00095140934,0.0037513832
2459897.0374288443,-0.006588042,0.003743881
2459897.0388177177,0.0012719631,0.003747193
2459897.040206591,-0.0019139647,0.003743637
2459897.041595464,0.0007724762,0.003743256
2459897.0429843375,-0.0017014742,0.003738761
2459897.0443732105,0.0058790445,0.003746413
2459897.045762084,0.0043030977,0.0037372117
2459897.047150957,0.0030971766,0.0037376662
2459897.0485398304,0.0060721636,0.0037377898
2459897.049928704,0.003302455,0.0037346117
2459897.051317577,-0.000361979,0.0037338065
2459897.05270645,-0.0010421276,0.0037289718
2459897.054095323,-0.0024282932,0.0037268694
2459897.0554841966,-0.0010748506,0.0037263557
2459897.0568730696,-0.001783073,0.0037271979
2459897.058261943,0.00417912,0.0037239634
2459897.059650816,0.0068694353,0.0037260663
2459897.0610396895,-0.0017747879,0.0037206789
2459897.0624285624,0.00049996376,0.0037177464
2459897.063817436,0.0046333075,0.0037201182
2459897.065206309,-0.0039829016,0.0037154383
2459897.0665951823,0.0024200678,0.0037180418
2459897.0679840553,0.00418818,0.0037135906
2459897.0693729287,-0.0014736652,0.0037111412
2459897.0707618017,0.0011335611,0.0037133768
2459897.072150675,-0.007946849,0.0037062212
2459897.073539548,0.007188201,0.0037114392
2459897.0749284215,0.0014674664,0.003708829
2459897.0763172945,0.0007454157,0.0037075689
2459897.077706168,-3.796816e-05,0.003705055
2459897.079095041,0.0026720762,0.0037057656
2459897.0804839144,0.004285574,0.0037027635
2459897.081872788,-0.0051436424,0.0036969678
2459897.0832616608,0.000118255615,0.0036982724
2459897.084650534,-0.0014742017,0.0036946663
2459897.086039407,0.0015980005,0.003693905
2459897.0874282806,0.0016701221,0.003689943
2459897.0888171536,-0.0038528442,0.0036872816
2459897.090206027,0.00095665455,0.0036870139
2459897.0915949,-0.002257049,0.0036841587
2459897.0929837734,-0.0031322837,0.0036819768
2459897.094372647,-0.00044345856,0.0036785787
2459897.09576152,-0.001232028,0.0036772583
2459897.0971503933,-0.002190113,0.0036761845
2459897.0985392663,-0.0011133552,0.0036742622
2459897.0999281397,-0.004440129,0.003670551
2459897.1013170127,0.0028990507,0.0036735018
2459897.102705886,0.008637786,0.0036733767
2459897.104094759,0.0035424232,0.0036704869
2459897.1054836325,0.0033876896,0.0036625748
2459897.1068725055,0.0015617609,0.0036654451
2459897.1082613785,-0.0020232797,0.003659161
2459897.109650252,-0.0030736923,0.0036591117
2459897.111039125,0.0066975355,0.0036594912
2459897.1124279983,-0.002207458,0.0036521317
2459897.113816872,-0.0007542968,0.0036522092
2459897.1152057447,0.0043592453,0.0036527005
2459897.116594618,0.0033802986,0.0036516266
2459897.117983491,0.0033640862,0.0036500096
2459897.1193723646,0.0058580637,0.0036481405
2459897.1207612376,0.0035156012,0.0036486315
2459897.122150111,0.0037511587,0.0036427479
2459897.123538984,-0.00078475475,0.0036442757
2459897.1249278574,-0.0022351742,0.0036392093
2459897.1263167304,0.0015383959,0.0036368805
2459897.127705604,0.006360054,0.0036362533
2459897.129094477,0.0021402836,0.0036384764
2459897.1304833503,0.0002875328,0.0036319208
2459897.131872223,0.0021656752,0.0036311152
2459897.133261096,0.0012325048,0.0036282851
2459897.1346499696,0.0028918982,0.0036249738
2459897.136038843,0.0019090176,0.003625348
2459897.137427716,0.0008893013,0.0036239782
2459897.1388165895,-0.002131462,0.003620933
2459897.1402054625,-0.0023568869,0.003617028
2459897.141594336,-0.003371656,0.003617824
2459897.142983209,0.0058888197,0.0036213119
2459897.1443720823,0.0029087067,0.0036160431
2459897.1457609553,-0.003617525,0.0036116536
2459897.1471498287,-0.0021594167,0.0036105493
2459897.1485387017,0.0037361383,0.003612607
2459897.1499275747,0.004603505,0.0036108245
2459897.151316448,-0.002835691,0.0036040102
2459897.152705321,0.0003373623,0.0036050007
2459897.1540941945,0.0025931597,0.0036072985
2459897.1554830675,0.009968758,0.0036079506
2459897.156871941,-0.004348576,0.0036020144
2459897.1582608144,0.0030341148,0.00360389
2459897.1596496874,-0.0039455295,0.003599706
2459897.1610385603,0.0021111965,0.0036013476
2459897.1624274338,0.0006121397,0.0035983268
2459897.1638163067,-0.0038825274,0.0035938097
2459897.16520518,-0.00020468235,0.0035919477
2459897.166594053,0.00199306,0.003595889
2459897.1679829266,0.0009977818,0.0035924837
2459897.1693717996,0.0021908283,0.0035923026
2459897.170760673,0.004212141,0.0035964956
2459897.172149546,-0.0042929053,0.0035894366
2459897.1735384194,0.0014998913,0.0035894667
2459897.1749272924,0.0047409534,0.0035907275
2459897.1763161654,-0.0020628572,0.0035877095
2459897.177705039,-0.001999855,0.0035896997
2459897.179093912,0.0020575523,0.003587367
2459897.180482785,0.0030041933,0.0035880161
2459897.181871658,0.005907178,0.003585883
2459897.1832605316,-0.0037078857,0.0035834573
2459897.1846494046,-0.0077655315,0.0035779434
2459897.186038278,0.0021954775,0.0035833914
2459897.187427151,0.00014793873,0.0035834247
2459897.188816024,-0.0029281378,0.003583118
2459897.1902048974,0.0017325878,0.0035831886
2459897.1915937704,0.0015351772,0.0035796943
2459897.192982644,0.0031305552,0.0035803085
2459897.194371517,0.0012844801,0.00357965
2459897.1957603903,0.0010308027,0.0035767895
2459897.197149263,-0.0061711073,0.0035763504
2459897.1985381367,-0.004065156,0.0035740123
2459897.1999270096,-7.802248e-05,0.0035765313
2459897.2013158826,-0.0011621714,0.0035760147
2459897.202704756,-0.0013154149,0.0035776962
2459897.204093629,-0.0016596317,0.0035728433
2459897.2054825025,-0.00033026934,0.0035731122
2459897.2068713754,0.004713416,0.003576682
2459897.208260249,0.0027939081,0.0035769665
2459897.209649122,0.0017973185,0.0035738433
2459897.211037995,0.0040091276,0.0035741273
2459897.2124268683,-0.0029010177,0.003572417
2459897.2138157412,0.0011957884,0.0035734274
2459897.2152046147,-0.0006594658,0.0035689292
2459897.2165934877,-0.006172776,0.0035687024
2459897.217982361,-0.0011079907,0.0035709464
2459897.219371234,0.0018161535,0.003570413
2459897.220760107,0.00097596645,0.0035696528
2459897.2221489805,0.00080513954,0.0035688588
2459897.2235378535,-0.0020090342,0.0035665953
2459897.224926727,0.0023397207,0.0035678416
2459897.2263156,0.0019904375,0.0035663282
2459897.227704473,0.000736475,0.0035659205
2459897.2290933463,-0.005467415,0.0035633629
2459897.2304822193,-0.0001989007,0.0035649547
2459897.2318710927,-0.0019737482,0.003562351
2459897.2332599657,-0.0016686916,0.0035629312
2459897.234648839,-0.001157999,0.003562145
2459897.236037712,0.00030219555,0.003559505
2459897.237426585,-0.001177609,0.0035595119
2459897.238815458,0.0013746023,0.0035615456
2459897.2402043315,0.0031918287,0.003563476
2459897.241593205,-0.0016646981,0.003557012
2459897.242982078,-0.0007917881,0.0035575435
2459897.244370951,-0.0023144484,0.003554842
2459897.245759824,0.00051891804,0.00355657
2459897.2471486973,0.0017166138,0.003556416
2459897.2485375702,0.0029226542,0.0035575514
2459897.2499264437,0.0017796755,0.0035566613
2459897.2513153167,0.0015808344,0.0035570408
2459897.2527041896,0.0020902157,0.0035548394
2459897.254093063,-0.0054939985,0.0035530564
2459897.255481936,0.0023001432,0.0035519633
2459897.2568708095,-0.0033393502,0.0035512005
2459897.2582596825,-0.0026100874,0.0035523474
2459897.2596485554,0.00012028217,0.0035516017
2459897.2610374284,-0.00026285648,0.0035496252
2459897.262426302,-0.0035229325,0.0035451488
2459897.2638151753,-0.0023320913,0.0035473327
2459897.2652040482,-0.0012541413,0.003546434
2459897.266592921,-0.00041413307,0.003547421
2459897.267981794,-0.0014275908,0.0035468233
2459897.2693706676,-0.005072534,0.0035444337
2459897.2707595406,0.0009520054,0.0035518764
2459897.2721484136,-0.007389486,0.0035454307
2459897.273537287,0.0013056993,0.0035438675
2459897.27492616,2.2888184e-05,0.0035449273
2459897.2763150334,-0.00020682812,0.0035430766
2459897.2777039064,0.0011739731,0.0035469683
2459897.2790927794,-0.0009933114,0.0035418721
2459897.2804816524,0.0048704147,0.003543774
2459897.281870526,-0.0006765723,0.003541265
2459897.283259399,-0.0023683906,0.003538269
2459897.284648272,-0.0002848506,0.0035402207
2459897.286037145,0.00020194054,0.0035403238
2459897.287426018,0.0033730268,0.0035383108
2459897.2888148916,0.0031971931,0.003537378
2459897.2902037646,0.0017870665,0.0035392556
2459897.2915926375,0.0032811165,0.0035387417
2459897.2929815105,-0.0033112764,0.0035374775
2459897.294370384,-0.0006634593,0.003537479
2459897.295759257,-2.515316e-05,0.0035364907
2459897.29714813,-0.007017076,0.003531267
2459897.2985370033,0.0013377666,0.0035376104
2459897.2999258763,0.0024353266,0.0035341328
2459897.3013147498,0.0010834932,0.003535965
2459897.3027036227,0.0028694868,0.0035339464
2459897.3040924957,-0.0043028593,0.0035343305
2459897.305481369,0.002638936,0.0035307193
2459897.306870242,0.0004799366,0.0035283375
2459897.308259115,-0.0009020567,0.0035288017
2459897.309647988,0.0041781664,0.0035322732
2459897.3110368615,0.0003927946,0.0035298448
2459897.3124257345,0.0037226677,0.0035302169
2459897.3138146074,-0.003661096,0.0035248795
2459897.3152034804,-0.0021000504,0.003528508
2459897.316592354,0.006590843,0.003530317
2459897.317981227,0.0034719706,0.003528965
2459897.3193701,0.0024912357,0.0035281333
2459897.3207589732,0.0074270964,0.0035291717
2459897.322147846,-0.0050608516,0.003521402
2459897.323536719,-0.0018479824,0.0035229384
2459897.324925592,-0.0012891889,0.003522326
2459897.3263144656,0.0049111843,0.0035246578
2459897.3277033386,-0.005318165,0.0035191826
2459897.3290922116,0.00075018406,0.0035195083
2459897.330481085,0.001175642,0.003518242
2459897.331869958,0.0003899336,0.0035182333
2459897.333258831,0.0019745827,0.0035203733
2459897.334647704,0.005276799,0.0035222417
2459897.3360365774,0.0022383928,0.00351867
2459897.3374254503,-0.0013038516,0.00351466
2459897.3388143233,-0.00075376034,0.0035148687
2459897.3402031967,-0.0062072873,0.0035096789
2459897.3415920697,-0.008514345,0.0035085988
2459897.3429809427,0.002447009,0.0035141886
2459897.3443698157,-0.0019561052,0.0035102703
2459897.345758689,-0.0047237873,0.0035089713
2459897.347147562,0.004943371,0.0035130612
2459897.348536435,-0.0015024543,0.0035091236
2459897.349925308,0.0020747185,0.0035125422
2459897.351314181,-0.0075932145,0.0035031487
2459897.3527030544,0.0010217428,0.0035062938
2459897.3540919274,-0.0017075539,0.0035058483
2459897.3554808004,0.002043128,0.0035064225
2459897.3568696734,-0.0023117661,0.0035030704
2459897.358258547,-0.0018917322,0.0035025056
2459897.35964742,-0.0060581565,0.003500454
2459897.3610362927,0.00078547,0.0034999815
2459897.362425166,0.00527215,0.003505237
2459897.363814039,0.0032036304,0.0034973104
2459897.365202912,0.00014567375,0.0034983535
2459897.366591785,-0.00025594234,0.0034995365
2459897.367980658,-0.0015673041,0.0034954082
2459897.3693695315,0.0015268326,0.0034957526
2459897.3707584045,-0.0011643171,0.003493339
2459897.3721472775,9.226799e-05,0.0034946424
2459897.3735361504,-0.0008472204,0.0034937414
2459897.374925024,0.000926733,0.0034918436
2459897.3763138964,0.00052559376,0.0034905293
2459897.37770277,-0.00090384483,0.0034920692
2459897.379091643,0.0012503862,0.0034913297
2459897.380480516,-0.0002322793,0.0034902734
2459897.381869389,0.0009075403,0.0034877295
2459897.383258262,-0.0025231838,0.0034849087
2459897.384647135,0.0007067919,0.0034853157
2459897.386036008,0.0051469803,0.0034848847
2459897.387424881,0.0035886765,0.0034879483
2459897.388813754,0.00810349,0.0034853106
2459897.3902026275,-0.0011163354,0.0034811136
2459897.3915915005,-0.0006723404,0.0034800114
2459897.3929803735,0.00393188,0.0034828954
2459897.3943692464,0.00059723854,0.0034797809
2459897.3957581194,-0.0005129576,0.00348089
2459897.397146993,0.0014804602,0.0034791448
2459897.3985358654,0.0003708601,0.0034776444
2459897.399924739,0.0006556511,0.0034769159
2459897.401313612,0.009689331,0.0034797357
2459897.4027024847,0.0009264946,0.0034725065
2459897.404091358,0.0019593239,0.0034721335
2459897.4054802307,-0.000610888,0.003472471
2459897.406869104,-0.004682839,0.0034684257
2459897.408257977,-0.0030118227,0.0034697775
2459897.40964685,8.6188316e-05,0.003469522
2459897.411035723,0.002624631,0.0034697538
2459897.412424596,-0.00041168928,0.0034670345
2459897.4138134695,-0.00030219555,0.0034670916
2459897.4152023424,0.008305788,0.0034703498
2459897.4165912154,-0.002187252,0.0034649428
2459897.4179800884,0.005113244,0.003470465
2459897.4193689614,-0.002605319,0.0034637456
2459897.4207578343,-0.004104078,0.003463087
2459897.4221467073,-0.0040504932,0.0034625595
2459897.4235355807,0.004205346,0.0034686115
2459897.4249244537,-0.0013698936,0.003462197
2459897.4263133267,0.004319668,0.0034649293
2459897.4277021997,0.004239917,0.003460238
2459897.4290910726,0.00065279007,0.0034606943
2459897.4304799456,-0.0025750995,0.0034581323
2459897.4318688186,-0.0014326572,0.0034579383
2459897.433257692,0.0038677454,0.0034599523
2459897.4346465645,-0.00054985285,0.0034557148
2459897.436035438,-0.0017514825,0.0034575218
2459897.437424311,-0.0013620257,0.0034554305
2459897.438813184,-0.00031131506,0.0034543711
2459897.440202057,-0.004009187,0.0034521376
2459897.44159093,0.0018378496,0.0034557076
2459897.442979803,-0.0011050105,0.0034551523
2459897.444368676,-0.001870513,0.0034541085
2459897.4457575493,0.0057725906,0.0034558256
2459897.4471464218,0.001971364,0.003454537
2459897.448535295,-0.00033593178,0.003453452
2459897.4499241677,0.0013605356,0.0034522186
2459897.451313041,0.0013686419,0.0034509203
2459897.452701914,0.006605506,0.0034538629
2459897.454090787,0.0014672279,0.0034503634
2459897.45547966,-0.0036580563,0.0034479192
2459897.456868533,-0.0012369156,0.003446357
2459897.458257406,0.0015534163,0.003448435
2459897.459646279,0.0017505884,0.00345054
2459897.461035152,0.004871607,0.003450148
2459897.462424025,0.003931999,0.0034503788
2459897.463812898,-0.007181525,0.0034432155
2459897.465201771,-0.0054035187,0.0034435089
2459897.466590644,0.00090134144,0.0034461562
2459897.4679795173,0.0004966259,0.0034445187
2459897.4693683903,0.0010780096,0.0034448614
2459897.4707572632,0.00085937977,0.0034462223
2459897.472146136,-0.0010874271,0.0034434004
2459897.473535009,-0.0020045638,0.0034422886
2459897.474923882,-0.00038796663,0.0034435662
2459897.476312755,-0.0006098747,0.0034427242
2459897.477701628,0.0046948195,0.0034419773
2459897.479090501,0.0077211857,0.0034448889
2459897.480479374,0.00069105625,0.0034422686
2459897.481868247,-0.0016303062,0.0034396013
2459897.48325712,0.003851533,0.0034414346
2459897.484645993,-0.0065651536,0.0034360378
2459897.486034866,-0.0023179054,0.0034371938
2459897.487423739,0.00078713894,0.003439363
2459897.488812612,0.0040483475,0.0034396474
2459897.490201485,0.0012638569,0.003437707
2459897.491590358,-0.0023027658,0.00343938
2459897.492979231,0.0025875568,0.0034388697
2459897.494368104,0.0019718409,0.0034396586
2459897.495756977,0.0014660358,0.003436962
2459897.4971458497,0.0048582554,0.003438363
2459897.4985347227,-0.001512289,0.0034336261
2459897.4999235957,-0.00019454956,0.0034348196
2459897.5013124687,-0.0011709929,0.003433313
2459897.5027013416,0.00049221516,0.0034369878
2459897.5040902146,0.0005816221,0.00343532
2459897.5054790876,-0.00712198,0.003429272
2459897.5068679606,-0.0010823607,0.0034342557
2459897.5082568335,0.0014202595,0.0034307272
2459897.5096457065,0.0013145208,0.0034361193
2459897.5110345795,0.0021954775,0.0034320885
2459897.5124234525,-0.001904726,0.0034327705
2459897.5138123254,0.0030452013,0.0034337977
2459897.5152011984,-0.0029844642,0.0034298701
2459897.5165900714,-0.0033515096,0.0034270415
2459897.5179789444,-0.0011976361,0.0034300643
2459897.5193678173,-0.001990199,0.0034282007
2459897.5207566903,0.001175642,0.0034304727
2459897.5221455633,0.003297329,0.0034370618
2459897.5235344362,-0.0014160275,0.0034271027
2459897.524923309,-0.00024163723,0.0034273579
2459897.526312182,-0.001729846,0.003427955
2459897.527701055,-0.00407511,0.00342632
2459897.529089928,0.0028182268,0.0034293963
2459897.530478801,-0.004006207,0.0034245008
2459897.531867674,-0.0020744205,0.003424255
2459897.533256547,0.0067454576,0.003431009
2459897.53464542,-0.0026351213,0.00342722
2459897.5360342925,-0.004761219,0.0034231162
2459897.5374231655,-0.004437983,0.0034241222
2459897.5388120385,-0.004637778,0.0034238694
2459897.5402009115,-0.003807366,0.0034235814
2459897.5415897844,0.00025045872,0.003423957
2459897.5429786574,0.0070706606,0.0034277975
2459897.5443675304,0.0017576218,0.0034259344
2459897.5457564034,0.0024596453,0.0034269635
2459897.5471452763,-0.0061968565,0.0034177452
2459897.5485341493,-0.0017068982,0.0034202037
2459897.5499230223,0.00083839893,0.0034222885
2459897.5513118953,-0.001945436,0.0034231038
2459897.552700768,-0.0004886389,0.0034241641
2459897.554089641,0.00046658516,0.003423056
2459897.5554785137,0.0055788755,0.0034259984
2459897.5568673867,0.0019824505,0.0034234852
2459897.5582562597,0.011208892,0.0034260328
2459897.5596451326,-0.0015728474,0.003420468
2459897.5610340056,0.008713126,0.0034237744
2459897.5624228786,-0.0017349124,0.0034213078
2459897.5638117515,-0.0025285482,0.0034167343
2459897.565200624,0.0041490793,0.0034210922
2459897.5665894975,0.0041006804,0.0034245308
2459897.56797837,0.0046253204,0.0034207676
2459897.569367243,-0.00021028519,0.0034186672
2459897.570756116,0.004233122,0.0034212652
2459897.572144989,-0.00081944466,0.0034184107
2459897.573533862,0.0013291836,0.0034178875
2459897.574922735,0.002826929,0.0034168903
2459897.576311608,-0.0011815429,0.0034186002
2459897.5777004804,0.004896164,0.003420875
2459897.5790893533,0.0029166937,0.0034147026
2459897.5804782263,0.0035847425,0.0034148525
2459897.5818670993,0.0064555407,0.0034187988
2459897.5832559722,0.003913641,0.0034170027
2459897.584644845,0.0014886856,0.003420408
2459897.586033718,-0.00354141,0.0034127005
2459897.5874225907,-0.004851818,0.0034133857
2459897.5888114637,0.0023885965,0.0034132479
2459897.5902003367,0.0030368567,0.003415616
2459897.5915892096,0.00094389915,0.0034154048
2459897.592978082,-0.0047023892,0.0034082506
2459897.594366955,0.0058146715,0.0034146472
2459897.5957558285,-0.001937747,0.0034093736
2459897.597144701,-0.00029063225,0.00341133
2459897.598533574,0.0009175539,0.0034089326
2459897.599922447,0.0015579462,0.0034111426
2459897.60131132,0.00057303905,0.0034120902
2459897.6027001925,0.0011413097,0.0034085012
2459897.6040890655,-0.0027923584,0.0034100441
2459897.6054779384,-0.000628531,0.0034059493
2459897.6068668114,-0.0024107099,0.0034054245
2459897.6082556844,0.00464952,0.0034107587
2459897.609644557,-0.0034826994,0.0034037307
2459897.61103343,0.0029857159,0.0034097668
2459897.612422303,0.00037121773,0.0034087964
2459897.613811176,0.0024886131,0.0034063407
2459897.615200049,0.0010499954,0.0034046841
2459897.6165889213,0.0012148619,0.0034059312
2459897.6179777943,0.004294753,0.0034061002
2459897.6193666672,0.0040608644,0.0034052725
2459897.62075554,-0.004534662,0.0034055659
2459897.6221444127,-0.0018533468,0.0034008196
2459897.6235332857,-0.0016272664,0.0034016578
2459897.6249221587,0.0029525757,0.0034038138
2459897.6263110316,0.0018080473,0.0034037798
2459897.6276999046,0.0029557943,0.003401722
2459897.629088777,0.0037286282,0.0034034739
2459897.63047765,0.004618168,0.0034004184
2459897.631866523,0.0016492605,0.0034004939
2459897.633255396,0.0036927462,0.0034020422
2459897.6346442685,-0.0028654933,0.0033977334
2459897.6360331415,-0.00035071373,0.0034003654
2459897.6374220145,-0.0042294264,0.0033956247
2459897.638810887,-0.0009494424,0.0033946806
2459897.64019976,-0.00057309866,0.0033957416
2459897.641588633,-0.0005681515,0.0033956922
2459897.642977506,0.0022723675,0.0034012129
2459897.6443663784,-0.00012493134,0.003399167
2459897.6457552514,0.0027103424,0.0033988282
2459897.6471441244,-0.0025167465,0.0033947674
2459897.648532997,0.00051915646,0.0033949807
2459897.64992187,-0.00075125694,0.0033949346
2459897.651310743,-0.0021646023,0.0033935795
2459897.652699616,0.004205227,0.0033979488
2459897.6540884883,-0.0012238026,0.0033935648
2459897.6554773613,0.0034838915,0.0033970047
2459897.656866234,1.5258789e-05,0.0033931332
2459897.658255107,-0.00033164024,0.0033943623
2459897.6596439797,-0.007780671,0.0033913807
2459897.6610328527,0.0027947426,0.0033946452
2459897.6624217257,-0.0007457137,0.0033919227
2459897.663810598,-0.0008356571,0.003392553
2459897.665199471,-0.008345008,0.0033906428
2459897.6665883437,0.0039442778,0.0033930913
2459897.6679772167,-0.00013631582,0.0033901706
2459897.6693660896,-0.0013850927,0.003389815
2459897.670754962,0.004676342,0.0033925
2459897.672143835,-0.0038172603,0.0033898624
2459897.673532708,-0.0019507408,0.0033904533
2459897.674921581,-0.0009858012,0.0033897397
2459897.6763104536,-0.0035734773,0.0033893802
2459897.6776993265,0.00096929073,0.0033894142
2459897.6790881995,-2.6345253e-05,0.0033895576
2459897.680477072,-0.00019204617,0.0033862928
2459897.681865945,-0.004244685,0.0033852563
2459897.6832548175,-0.0050317645,0.0033841014
2459897.6846436905,-0.005666852,0.0033842996
2459897.6860325634,-0.0023838282,0.0033844202
2459897.687421436,0.000954628,0.0033866914
2459897.688810309,-0.0020674467,0.0033843138
2459897.690199182,-0.00014078617,0.0033841254
2459897.6915880544,-0.0020413995,0.003384136
2459897.6929769274,0.0054508448,0.003387684
2459897.6943658004,-4.10676e-05,0.0033874682
2459897.695754673,-0.002208352,0.003382568
2459897.697143546,2.0742416e-05,0.0033855068
2459897.6985324183,-0.0036020875,0.003382254
2459897.6999212913,0.0040330887,0.0033849906
2459897.7013101643,0.0040985346,0.0033868712
2459897.702699037,0.006257534,0.003387483
2459897.70408791,-0.004253924,0.0033829038
2459897.7054767823,0.0029683113,0.003384568
2459897.7068656553,-0.0006739497,0.0033835606
2459897.7082545278,-0.003301084,0.0033822348
2459897.7096434007,0.0013824701,0.00338679
2459897.7110322737,-0.0021458268,0.003383072
2459897.712421146,0.0068819523,0.0033842146
2459897.713810019,0.0014424324,0.003385808
2459897.7151988917,-0.000967443,0.0033807193
2459897.7165877647,0.0069988966,0.0033849762
2459897.717976637,0.0037648678,0.0033813997
2459897.71936551,-0.0060698986,0.0033806874
2459897.7207543827,-0.0051146746,0.0033778152
2459897.7221432556,0.0010560751,0.0033790134
2459897.7235321286,-0.0021721125,0.0033768173
2459897.724921001,-0.0018033385,0.0033789936
2459897.726309874,-0.004409373,0.0033768592
2459897.7276987466,0.0040340424,0.0033804164
2459897.7290876196,0.0038685799,0.0033807023
2459897.730476492,-0.001223743,0.0033768553
2459897.731865365,-0.0027376413,0.0033777766
2459897.733254238,-0.0007908344,0.0033804458
2459897.7346431105,-0.0042156577,0.003378966
2459897.7360319835,-0.0013477802,0.0033779775
2459897.737420856,-0.0058062077,0.0033759063
2459897.738809729,-0.0017288923,0.0033726725
2459897.7401986015,-0.0008199811,0.0033762846
2459897.7415874745,-0.0067126155,0.003371837
2459897.742976347,0.0013685226,0.0033753412
2459897.74436522,0.0011534691,0.0033753165
2459897.7457540925,-0.0009454489,0.0033730767
2459897.7471429654,-0.0037063956,0.0033732723
2459897.748531838,0.0065551996,0.0033780478
2459897.7499207105,0.003448248,0.0033769382
2459897.7513095834,-0.0024086237,0.003375118
2459897.752698456,0.003142953,0.0033774385
2459897.754087329,-0.0050806403,0.0033724853
2459897.755476202,0.00013673306,0.0033746234
2459897.7568650744,2.9206276e-05,0.003374026
2459897.7582539474,0.004397869,0.0033772239
2459897.75964282,-0.0005826354,0.0033712706
2459897.761031693,0.0018850565,0.0033761195
2459897.7624205654,0.0056374073,0.0033755268
2459897.763809438,-0.00061172247,0.0033757053
2459897.765198311,0.004090309,0.0033753084
2459897.7665871833,-0.000116825104,0.0033754564
2459897.7679760563,-0.0050973296,0.0033700515
2459897.769364929,-0.0025057197,0.0033727097
2459897.770753802,-0.0008646846,0.003374415
2459897.7721426743,0.0008664131,0.0033753687
2459897.7735315473,0.0035202503,0.0033739803
2459897.77492042,-0.0047776103,0.0033701744
2459897.7763092923,0.0031865835,0.0033743158
2459897.7776981653,-0.00088238716,0.003370324
2459897.779087038,0.0011559725,0.0033708478
2459897.7804759108,-0.0066103935,0.003370132
2459897.7818647833,3.2186508e-05,0.0033731044
2459897.7832536562,0.0036411285,0.0033712687
2459897.7846425287,-0.0035960078,0.0033691162
2459897.7860314013,-0.0058817267,0.0033660552
2459897.787420274,-0.0017017722,0.0033728927
2459897.7888091467,0.0016950369,0.0033706224
2459897.7901980197,0.001333952,0.0033735456
2459897.791586892,-0.0007751584,0.0033700808
2459897.792975765,-0.0052440166,0.0033687225
2459897.7943646377,0.0028487444,0.0033706427
2459897.79575351,0.00014042854,0.0033694159
2459897.797142383,-0.00044095516,0.0033674843
2459897.7985312557,-0.0022540092,0.003367835
2459897.7999201287,0.002259016,0.0033712839
2459897.801309001,0.0037244558,0.003370178
2459897.8026978737,0.000700593,0.0033707733
2459897.804086746,-0.00056004524,0.0033674692
2459897.805475619,0.0021277666,0.0033689039
2459897.8068644917,0.0031183958,0.0033707148
2459897.8082533646,-0.0011322498,0.0033667216
2459897.809642237,-0.0014067888,0.0033685323
2459897.8110311097,0.001429677,0.0033681467
2459897.8124199826,-0.0029016137,0.0033654522
2459897.813808855,0.0012937784,0.0033686059
2459897.8151977276,-0.007335186,0.003361289
2459897.8165866,-0.0031146407,0.0033657667
2459897.817975473,0.0008816719,0.0033657996
2459897.819364346,0.0050450563,0.0033705072
2459897.8207532186,0.0043740273,0.0033683176
2459897.822142091,0.0036395788,0.0033680638
2459897.8235309636,0.0022839308,0.0033659954
2459897.8249198366,0.0006144047,0.0033656766
2459897.826308709,-0.005206287,0.0033655048
2459897.8276975816,-0.0006880164,0.003364529
2459897.8290864546,0.00033009052,0.0033641523
2459897.830475327,-0.00053429604,0.0033631648
2459897.8318641996,-0.0018978119,0.0033641586
2459897.833253072,0.0035037994,0.0033643427
2459897.834641945,0.0011708736,0.0033613974
2459897.8360308176,-0.002644956,0.0033619746
2459897.83741969,-0.001555264,0.003360354
2459897.838808563,-0.0030583143,0.003363285
2459897.8401974356,-0.003985107,0.0033638068
2459897.841586308,-0.00562191,0.0033577713
2459897.8429751806,0.0017960072,0.0033615602
2459897.8443640536,6.532669e-05,0.003363276
2459897.845752926,-0.0019133687,0.0033602482
2459897.8471417986,0.0035618544,0.0033611385
2459897.848530671,0.0017571449,0.0033627064
2459897.849919544,0.0043296814,0.003369067
2459897.8513084166,-0.0012068748,0.0033622468
2459897.852697289,0.0023126602,0.0033645541
2459897.854086162,0.0017924309,0.0033660044
2459897.8554750346,6.1035156e-05,0.0033601958
2459897.856863907,0.0030107498,0.0033607176
2459897.8582527796,0.0023652315,0.0033622761
2459897.8596416526,0.001724124,0.0033613546
2459897.861030525,0.0006644726,0.0033596144
2459897.8624193976,-0.0058187842,0.0033601266
2459897.8638082705,0.0006417036,0.0033597979
2459897.8651971426,0.0040034056,0.0033632969
2459897.8665860156,-0.0016661882,0.0033569257
2459897.867974888,-0.007714629,0.0033559268
2459897.8693637606,-0.0053468347,0.003357918
2459897.8707526335,-0.0071365833,0.0033581045
2459897.872141506,0.0058897734,0.0033626119
2459897.8735303786,0.0012346506,0.0033611595
2459897.874919251,0.0018311739,0.0033622289
2459897.8763081236,-0.00035887957,0.0033597986
2459897.877696996,-0.004902005,0.0033583392
2459897.879085869,-0.0033617616,0.0033609055
2459897.8804747416,-2.783537e-05,0.0033603008
2459897.881863614,4.720688e-05,0.0033572586
2459897.8832524866,-0.004968643,0.0033565767
2459897.884641359,-0.00081938505,0.0033564216
2459897.886030232,-0.0031475425,0.0033598908
2459897.8874191046,-0.0013759732,0.0033575587
2459897.888807977,-0.0010772943,0.0033619022
2459897.8901968496,-0.00067418814,0.0033582025
2459897.891585722,-0.004529476,0.0033550644
2459897.892974595,0.0013234615,0.003359761
2459897.894363467,-0.00043284893,0.0033587941
2459897.89575234,-0.00424242,0.003358095
2459897.8971412126,0.0016765594,0.003356706
2459897.898530085,0.0040519238,0.0033568623
2459897.8999189576,0.00749588,0.003360178
2459897.90130783,0.0017341375,0.0033578551
2459897.902696703,-0.000785172,0.0033544973
2459897.9040855756,0.0012483597,0.0033574977
2459897.905474448,-0.0009809732,0.0033541548
2459897.9068633206,0.0059996843,0.0033610575
2459897.908252193,0.0026072264,0.0033581345
2459897.9096410656,-0.003697753,0.0033562013
2459897.911029938,-0.0043268204,0.0033526598
2459897.9124188107,0.00038945675,0.0033584416
2459897.913807683,-0.005387664,0.003352572
2459897.915196556,0.0003222227,0.0033535159
2459897.916585428,0.0035427809,0.0033562165
2459897.917974301,0.0019872189,0.0033550838
2459897.9193631737,-0.003428638,0.0033555562
2459897.920752046,-0.00047928095,0.0033549534
2459897.9221409187,-0.005913794,0.0033575983
2459897.923529791,0.0013885498,0.0033556984
2459897.9249186637,0.0032941103,0.0033551496
2459897.926307536,0.004731655,0.003357744
2459897.9276964087,0.005044818,0.0033564472
2459897.929085281,0.0062476397,0.0033564644
2459897.9304741537,0.0013662577,0.0033546286
2459897.931863026,-0.000461936,0.0033528616
2459897.933251899,-0.0017382503,0.0033504697
2459897.9346407717,6.771088e-05,0.003356344
2459897.936029644,-0.005960703,0.0033497892
2459897.9374185167,-0.0021374822,0.0033505524
2459897.9388073892,-0.0034493208,0.0033558256
2459897.9401962617,-0.003787756,0.003349437
2459897.9415851342,0.0036513805,0.0033553208
2459897.9429740068,-0.0012993217,0.0033534863
2459897.9443628793,-0.003263533,0.003349964
2459897.945751752,-0.0027005672,0.0033550363
2459897.9471406243,-0.0049512982,0.003349534
2459897.948529497,0.0019897223,0.003351984
2459897.9499183693,0.0014886856,0.0033541336
2459897.951307242,-0.0035978556,0.0033491168
2459897.9526961143,0.0024044514,0.0033512777
2459897.954084987,0.003930092,0.0033509587
2459897.9554738593,0.0016341209,0.0033499298
2459897.956862732,-0.0019946694,0.0033463829
2459897.9582516043,-0.0012162328,0.0033483955
2459897.959640477,-0.0050364733,0.003345896
2459897.9610293494,0.0025970936,0.0033477508
2459897.962418222,0.0014672279,0.0033498195
2459897.9638070944,0.004984975,0.0033531792
2459897.965195967,0.002878189,0.003348446
2459897.9665848394,-0.00034749508,0.0033473244
2459897.967973712,-0.0006775856,0.0033471521
2459897.9693625844,-0.0044844747,0.0033467012
2459897.970751457,3.8146973e-05,0.003348217
2459897.9721403294,0.0013046265,0.0033464618
2459897.973529202,0.0034878254,0.003348648
2459897.9749180744,-0.0009512305,0.0033477528
2459897.9763069465,-0.0019520521,0.0033448027
2459897.9776958195,0.001280427,0.0033467405
2459897.979084692,-0.0031504035,0.003344185
2459897.980473564,-9.1671944e-05,0.0033451922
2459897.981862437,-0.0045128465,0.003340977
2459897.983251309,2.861023e-06,0.0033454013
2459897.9846401815,0.0030441284,0.003346847
2459897.986029054,0.0031300783,0.0033493487
2459897.9874179265,0.002287507,0.0033450183
2459897.988806799,0.0020729303,0.0033469733
2459897.9901956716,0.00022768974,0.0033449105
2459897.991584544,-0.0039772987,0.0033401668
2459897.9929734166,0.00027692318,0.0033447724
2459897.994362289,-0.00041770935,0.0033453912
2459897.995751161,0.0009622574,0.003344544
2459897.9971400336,-0.0026859045,0.0033427782
2459897.998528906,0.0027757883,0.0033438746
2459897.9999177787,0.0027450323,0.003343697
2459898.001306651,0.0034657717,0.0033437507
2459898.0026955237,0.00076031685,0.003344322
2459898.004084396,-0.0055223107,0.0033401027
2459898.0054732687,-0.006320119,0.003339198
2459898.006862141,0.0009120703,0.0033440932
2459898.0082510132,0.0010126829,0.0033414932
2459898.0096398857,-0.00036644936,0.0033390748
2459898.0110287583,-0.00091451406,0.0033416452
2459898.0124176308,-0.00030976534,0.0033405824
2459898.0138065033,0.0014029741,0.0033402005
2459898.015195376,-0.0010969639,0.0033396422
2459898.0165842483,0.005594969,0.0033422865
2459898.0179731203,0.0022671223,0.0033390976
2459898.019361993,-0.005230725,0.0033402254
2459898.0207508653,-0.002821207,0.00333559
2459898.022139738,-0.001891017,0.0033400664
2459898.0235286104,0.00040769577,0.0033395817
2459898.024917483,-0.00022983551,0.0033384403
2459898.0263063554,-0.00303334,0.00334022
2459898.0276952274,0.00041544437,0.0033404324
2459898.0290841,-0.0021284223,0.0033375996
2459898.0304729724,-0.0023331642,0.0033355188
2459898.031861845,-0.0012302995,0.003338367
2459898.0332507174,-0.001904726,0.00333912
2459898.0346395895,0.0004850626,0.0033413842
2459898.036028462,0.00020563602,0.0033381123
2459898.0374173345,-0.001698792,0.0033375658
2459898.038806207,-0.004879892,0.0033355583
2459898.040195079,0.0008277893,0.0033401558
2459898.0415839516,0.0006530285,0.0033386596
2459898.042972824,-0.002120614,0.003335427
2459898.0443616966,0.0015617609,0.0033391232
2459898.045750569,-0.005368352,0.0033373823
2459898.047139441,0.003512621,0.0033412785
2459898.0485283136,0.0010937452,0.0033387255
2459898.049917186,0.0023895502,0.0033365844
2459898.0513060587,-0.00449872,0.0033330382
2459898.052694931,0.00033807755,0.0033399013
2459898.054083803,-0.0030418634,0.003336656
2459898.0554726757,-0.0017074943,0.0033357693
2459898.056861548,0.00070273876,0.00333496
2459898.0582504203,-0.00095641613,0.0033355686
2459898.059639293,0.0007158518,0.0033398487
2459898.0610281653,-0.0037441254,0.0033347404
2459898.0624170373,-0.0024548173,0.0033370962
2459898.06380591,0.004295826,0.0033442404
2459898.0651947823,-0.0014941096,0.0033364887
2459898.066583655,0.003094554,0.0033384764
2459898.0679725274,-7.778406e-05,0.0033408566
2459898.0693613994,-0.0003630519,0.0033373074
2459898.070750272,0.0019081831,0.0033361919
2459898.072139144,0.001419425,0.0033363756
2459898.0735280165,-0.005561471,0.003338203
2459898.074916889,-0.0066035986,0.0033357919
2459898.0763057615,0.0018490553,0.0033350317
2459898.0776946335,0.002660036,0.0033385896
2459898.079083506,0.001329422,0.0033357546
2459898.0804723785,0.0059177876,0.0033382762
2459898.0818612506,0.002531886,0.003335628
2459898.083250123,0.0034332275,0.003336088
2459898.0846389956,-0.0040771365,0.00333135
2459898.0860278676,-0.0046105385,0.0033322342
2459898.08741674,0.0016891956,0.003334728
2459898.0888056126,7.104874e-05,0.0033314435
2459898.0901944847,-0.0039031506,0.0033324703
2459898.091583357,-0.0011779666,0.0033331176
2459898.0929722297,0.0035967827,0.0033373989
2459898.0943611017,0.0019234419,0.0033343667
2459898.0957499743,-0.008659244,0.0033335837
2459898.0971388468,0.0020737648,0.003334574
2459898.098527719,-0.0019311905,0.0033308829
2459898.0999165913,-0.00040596724,0.0033327271
2459898.1013054634,0.0020285845,0.0033334044
2459898.102694336,-0.0045343637,0.0033289483
2459898.104083208,-0.004391432,0.003329628
2459898.1054720804,0.0059731007,0.0033358382
2459898.106860953,-0.002516687,0.003332694
2459898.108249825,-0.0015718341,0.0033319385
2459898.1096386975,0.0017243624,0.0033331865
2459898.11102757,-0.0014097095,0.0033317192
2459898.112416442,-0.006311953,0.003326579
2459898.1138053145,0.0027176142,0.0033310195
2459898.115194187,-0.0019872189,0.003331056
2459898.116583059,0.0063539743,0.003331827
2459898.1179719316,-0.004403889,0.0033270316
2459898.1193608036,-0.007856727,0.0033252134
2459898.120749676,0.0029450655,0.0033328275
2459898.122138548,-0.00014686584,0.0033300421
2459898.1235274207,-0.0021232367,0.0033318987
2459898.124916293,0.0029069185,0.0033319779
2459898.1263051652,0.00097453594,0.0033271895
2459898.1276940377,0.0050296783,0.0033321565
2459898.12908291,-0.00018876791,0.0033281033
2459898.1304717823,-0.0012296438,0.0033309832
2459898.1318606543,0.0021412373,0.0033306568
2459898.133249527,-0.0052428246,0.0033269897
2459898.134638399,0.0029703379,0.003330353
2459898.1360272714,-0.0011903048,0.0033280433
2459898.1374161434,-0.00025177002,0.0033272076
2459898.138805016,0.0015060902,0.003327961
2459898.140193888,0.002345562,0.0033281837
2459898.1415827605,0.000621438,0.0033290847
2459898.1429716325,-0.00028800964,0.0033311807
2459898.144360505,0.0028789043,0.0033278828
2459898.145749377,0.0018581152,0.0033272922
2459898.1471382496,-0.00079268217,0.003325957
2459898.148527122,-0.0029850602,0.0033236179
2459898.149915994,-0.0008998513,0.0033275208
2459898.1513048667,-0.0064561963,0.0033243897
2459898.1526937387,0.0024741888,0.0033282796
2459898.154082611,-0.00344038,0.0033247783
2459898.1554714832,0.0012767315,0.0033259788
2459898.1568603553,0.0023276806,0.0033265199
2459898.158249228,0.00018334389,0.0033263047
2459898.1596381,-0.0023939013,0.0033258148
2459898.1610269723,-0.0030058622,0.003325203
2459898.1624158444,0.00620389,0.0033274144
2459898.163804717,0.00031459332,0.0033256626
2459898.165193589,0.00011217594,0.00332543
2459898.1665824614,-0.0012449622,0.0033277161
2459898.1679713335,-0.004086137,0.0033203796
2459898.1693602055,0.00023031235,0.0033230202
2459898.170749078,-0.005813539,0.0033239552
2459898.17213795,-0.00806278,0.0033240397
2459898.1735268226,-0.004716277,0.0033237857
2459898.1749156946,-0.006007254,0.0033242097
2459898.176304567,-0.0022088885,0.0033232686
2459898.177693439,-0.0037178993,0.0033241177
2459898.179082311,0.0022222996,0.0033276023
2459898.1804711837,-0.0030190349,0.003323306
2459898.181860056,-0.0038008094,0.0033248102
2459898.1832489283,0.0031030178,0.0033279094
2459898.1846378003,0.0030368567,0.0033277813
2459898.186026673,0.0006902218,0.00332561
2459898.187415545,0.0031853914,0.0033267203
2459898.188804417,0.006538868,0.003327551
2459898.190193289,0.0018765926,0.0033252796
2459898.1915821615,-0.0049618483,0.0033220781
2459898.192971034,-0.0086349845,0.003318888
2459898.194359906,-0.0020136237,0.0033269662
2459898.195748778,0.0006965399,0.0033240465
2459898.19713765,0.00027370453,0.0033228726
2459898.1985265226,-6.92606e-05,0.0033215024
2459898.1999153947,0.0030977726,0.0033265094
2459898.201304267,0.002268076,0.00332495
2459898.202693139,-0.0011276603,0.0033232279
2459898.2040820112,0.0046093464,0.0033298784
2459898.2054708838,0.002015829,0.0033250777
2459898.206859756,0.0017386675,0.0033281092
2459898.208248628,-0.005228162,0.003318515
2459898.2096375,-0.0016396642,0.00332157
2459898.2110263724,-0.004511595,0.0033210865
2459898.2124152444,0.0027064085,0.003324536
2459898.213804117,0.0019962788,0.0033243585
2459898.215192989,-0.00086557865,0.0033204
2459898.216581861,-0.00044125319,0.0033237282
2459898.2179707335,-0.0017256737,0.0033228789
2459898.2193596056,0.0009974241,0.0033236875
2459898.2207484776,0.0017464161,0.003322923
2459898.2221373497,-0.0072928667,0.0033172886
2459898.223526222,-0.0007508397,0.003319792
2459898.224915094,-0.001283288,0.0033236397
2459898.2263039663,-0.0031351447,0.0033210958
2459898.2276928388,0.004977584,0.003326678
2459898.229081711,0.0027201176,0.0033233745
2459898.230470583,-0.001270175,0.0033198316
2459898.231859455,-0.0017818809,0.003321228
2459898.2332483274,-0.0022303462,0.0033203731
2459898.2346371994,-0.004417658,0.0033177293
2459898.2360260715,0.0012850761,0.0033229499
2459898.237414944,0.0029277802,0.003322397
2459898.238803816,-0.0020050406,0.0033200355
2459898.240192688,-0.0040330887,0.003318676
2459898.24158156,0.00093865395,0.0033221124
2459898.242970432,0.0017644167,0.0033237727
2459898.2443593047,-0.0006605387,0.0033224623
2459898.2457481767,0.0018869638,0.0033238353
2459898.2471370487,-0.0013047457,0.003319563
2459898.248525921,-0.001255095,0.003321576
2459898.2499147933,0.0018635988,0.0033234684
2459898.2513036653,0.0051646233,0.0033233361
2459898.2526925374,0.00274086,0.0033216684
2459898.2540814094,-0.0012712479,0.003322791
2459898.2554702815,-0.00060367584,0.003325395
2459898.256859154,0.0077836514,0.003324251
2459898.258248026,-0.0010303855,0.0033189103
2459898.259636898,0.0021049976,0.003321422
2459898.26102577,0.0050194263,0.003321999
2459898.262414642,0.00039112568,0.0033193568
2459898.263803514,-0.0054772496,0.0033178716
2459898.2651923867,0.0031307936,0.0033228495
2459898.2665812587,-0.0009920597,0.003321381
2459898.267970131,-0.0023967028,0.0033198455
2459898.269359003,0.0009828806,0.0033188553
2459898.270747875,-0.0020157099,0.0033224444
2459898.2721367474,-0.00105232,0.0033211894
2459898.273525619,0.0055907965,0.0033224286
2459898.2749144915,-0.0041052103,0.0033209694
2459898.2763033635,0.0014615059,0.003326678
2459898.2776922355,0.0012280941,0.0033166418
2459898.2790811076,0.00082302094,0.0033198972
2459898.2804699796,-0.00084245205,0.0033183945
2459898.281858852,0.0025231838,0.0033213652
2459898.2832477237,0.00038409233,0.0033183154
2459898.284636596,-0.0033985376,0.0033187491
2459898.2860254683,4.5657158e-05,0.0033228267
2459898.2874143403,-0.002898097,0.0033159289
2459898.2888032123,0.0008343458,0.0033207557
2459898.2901920844,0.0011569262,0.0033185827
2459898.2915809564,0.0038580894,0.003318678
2459898.2929698285,0.0017141104,0.0033208046
2459898.294358701,0.0052890778,0.0033199983
2459898.2957475726,-0.0020425916,0.0033174888
2459898.297136445,0.0060532093,0.003322154
2459898.298525317,-0.0076869726,0.003311877
2459898.299914189,-0.00020128489,0.0033189717
2459898.301303061,0.0032026768,0.0033202153
2459898.3026919332,-0.00026130676,0.0033188283
2459898.3040808053,-0.0019646287,0.0033166457
2459898.3054696773,-0.004998803,0.003316551
2459898.3068585494,-0.0009810328,0.0033192097
2459898.3082474214,0.0009557009,0.0033178795
2459898.3096362934,0.001183033,0.0033179445
2459898.3110251655,-0.0002888441,0.0033170178
2459898.3124140375,0.003046751,0.0033193207
2459898.3138029096,0.0016561747,0.0033184732
2459898.3151917816,0.003329277,0.00332196
2459898.3165806537,0.0012255907,0.0033217855
2459898.3179695257,0.0025304556,0.0033176173
2459898.3193583977,0.0012216568,0.003318676
2459898.3207472702,0.0017317533,0.0033182348
2459898.322136142,0.00024747849,0.0033171712
2459898.3235250143,0.006395817,0.0033201359
2459898.324913886,0.004728794,0.0033193044
2459898.3263027584,0.001031518,0.003318464
2459898.32769163,-0.0015507936,0.003315945
2459898.3290805025,0.00012779236,0.0033174334
2459898.3304693745,-0.002198279,0.0033180597
2459898.331858246,-0.004947722,0.0033158318
2459898.3332471186,-0.0012796521,0.0033131212
2459898.33463599,0.0044100285,0.0033182981
2459898.3360248627,0.007672429,0.0033233955
2459898.3374137343,0.0070991516,0.0033174884
2459898.3388026063,0.004128456,0.0033175235
2459898.340191479,-0.0016456246,0.0033146506
2459898.3415803504,0.00095653534,0.0033191529
2459898.3429692225,-0.0020733476,0.003314087
2459898.3443580945,0.0017266273,0.0033158723
2459898.3457469665,0.0014058352,0.0033161582
2459898.3471358386,-0.0019850135,0.0033176907
2459898.3485247106,0.0029096603,0.0033195568
2459898.3499135827,0.00045001507,0.003317274
2459898.3513024547,-0.0019921064,0.0033148269
2459898.3526913268,0.0013946295,0.0033180944
2459898.354080199,-0.00616467,0.0033164222
2459898.355469071,-0.0003336668,0.0033153957
2459898.3568579424,-0.0029188395,0.0033134487
2459898.358246815,0.000110030174,0.0033157074
2459898.3596356865,-0.000697732,0.0033165228
2459898.3610245585,-0.0015352964,0.0033146995
2459898.3624134306,-0.004642546,0.0033110653
2459898.3638023026,0.00041365623,0.003316382
2459898.3651911747,0.0014159679,0.003317023
2459898.3665800467,-0.0014128685,0.003313247
2459898.3679689188,-0.00701648,0.0033093677
2459898.3693577903,-6.4969063e-06,0.0033138972
2459898.370746663,0.0023829937,0.003315237
2459898.372135535,-0.0019317865,0.003314321
2459898.3735244065,0.0038198233,0.0033173007
2459898.3749132785,-0.0056943893,0.0033117412
2459898.3763021505,0.00018405914,0.003312265
2459898.3776910226,0.0035797358,0.0033166867
2459898.3790798946,-0.004261017,0.0033122236
2459898.3804687667,-0.0015468597,0.0033137607
2459898.3818576382,0.0017155409,0.0033153538
2459898.3832465103,-0.0021195412,0.0033158576
2459898.3846353823,-0.00034439564,0.0033125093
2459898.3860242544,0.00061643124,0.0033136557
2459898.3874131264,0.0030555725,0.003315569
2459898.388801998,0.007591963,0.003320505
2459898.39019087,-0.002137661,0.0033129419
2459898.391579742,0.0028663874,0.0033160553
2459898.392968614,-0.00014448166,0.0033130404
2459898.394357486,0.0010792017,0.0033115686
2459898.395746358,0.00493443,0.0033162741
2459898.3971352302,0.003235817,0.00331352
2459898.398524102,0.0009820461,0.0033118564
2459898.399912974,0.005356908,0.0033157174
2459898.401301846,0.0040416718,0.0033142979
2459898.402690718,0.0010838509,0.0033149226
2459898.40407959,-0.00022494793,0.0033155573
2459898.4054684616,-0.00016653538,0.00331564
2459898.4068573336,-0.004101038,0.003312382
2459898.4082462057,0.00427258,0.0033143694
2459898.4096350777,0.006968379,0.003315515
2459898.4110239493,0.004603505,0.0033141437
2459898.4124128213,-0.0004966855,0.0033137011
2459898.413801693,-0.005000174,0.0033124061
2459898.415190565,-0.0018946528,0.0033135759
2459898.416579437,9.1671944e-05,0.0033148632
2459898.417968309,-0.00016885996,0.0033150816
2459898.419357181,0.0058088303,0.003313789
2459898.4207460526,-0.0032401085,0.00331168
2459898.4221349247,-7.4863434e-05,0.003312553
2459898.4235237967,0.0036569834,0.0033169328
2459898.4249126688,0.0023978949,0.003315544
2459898.426301541,5.1498413e-05,0.003312971
2459898.4276904124,6.234646e-05,0.003310903
2459898.4290792844,0.00055503845,0.0033133903
2459898.430468156,-8.523464e-05,0.0033136827
2459898.431857028,0.003874898,0.0033131933
2459898.4332459,0.0056792498,0.0033181054
2459898.434634772,-0.003372848,0.0033105395
2459898.4360236437,0.0026714802,0.0033125463
2459898.4374125157,-0.001909256,0.0033109724
2459898.438801388,-0.0019084215,0.0033125614
2459898.4401902594,0.0021137,0.0033141144
2459898.4415791314,-0.002114892,0.0033119929
2459898.442968003,2.9921532e-05,0.0033122413
2459898.444356875,0.0015717745,0.003315208
2459898.445745747,-0.000780344,0.0033125288
2459898.447134619,-0.003152907,0.0033091244
2459898.4485234907,0.0010049343,0.0033115018
2459898.4499123627,-0.0052552223,0.0033070988
2459898.451301235,0.0029304028,0.0033139188
2459898.4526901064,-0.0039898753,0.0033065116
2459898.4540789784,0.0023424625,0.003315238
2459898.45546785,0.00010240078,0.003313517
2459898.456856722,-0.0010662079,0.0033109633
2459898.458245594,0.0021967888,0.0033104287
2459898.4596344656,0.0010544062,0.0033144448
2459898.4610233377,-0.0017598867,0.0033111942
2459898.4624122093,-0.0023323298,0.0033113796
2459898.4638010813,-0.0005184412,0.0033126704
2459898.4651899533,0.0056215525,0.0033171624
2459898.466578825,-0.00038188696,0.003313391
2459898.467967697,0.0041674376,0.0033139235
2459898.4693565685,0.0005880594,0.003314751
2459898.4707454406,-0.0052557588,0.00330705
2459898.4721343126,0.0010174513,0.0033114238
2459898.473523184,0.002302885,0.0033156876
2459898.4749120562,-0.00191015,0.0033080613
2459898.476300928,-0.004434705,0.0033108303
2459898.4776898,-0.0020141006,0.0033107093
2459898.4790786714,-0.0017020702,0.0033100576
2459898.4804675435,-0.00084131956,0.0033094161
2459898.4818564155,-0.0034956336,0.0033086077
2459898.483245287,-0.007335067,0.0033065388
2459898.484634159,-0.0052506924,0.0033085102
2459898.4860230307,-0.0021021366,0.0033097016
2459898.4874119028,-0.0010810494,0.003307743
2459898.4888007743,0.0015958548,0.0033122113
2459898.4901896464,0.0012733936,0.0033124576
2459898.491578518,0.0024434328,0.0033102627
2459898.49296739,-0.0002645254,0.0033097924
2459898.4943562616,0.0033823252,0.0033126073
2459898.4957451336,0.00019538403,0.0033074694
2459898.497134005,0.001183629,0.0033077186
2459898.498522877,-0.004300773,0.0033051209
2459898.499911749,0.00068724155,0.0033110955
2459898.501300621,0.003563404,0.0033114285
2459898.502689493,0.0035243034,0.003311989
2459898.5040783645,-0.00030994415,0.0033115125
2459898.5054672365,-0.00039190054,0.0033071428
2459898.506856108,-7.092953e-05,0.0033071248
2459898.5082449797,-0.003068149,0.0033058398
2459898.5096338517,-0.0019144416,0.0033079772
2459898.5110227233,-0.001599431,0.003306431
2459898.5124115953,-0.0045226812,0.0033042624
2459898.513800467,-0.0022473931,0.0033049348
2459898.515189339,-0.0016202331,0.003305261
2459898.5165782105,-0.0010143518,0.0033058485
2459898.5179670826,-0.003048718,0.0033075488
2459898.519355954,-0.0031197667,0.0033065313
2459898.5207448257,0.002530694,0.0033084734
2459898.5221336978,-0.002898097,0.0033086129
2459898.5235225693,-0.0014517307,0.003308433
2459898.5249114414,-0.0017350316,0.0033108762
2459898.526300313,0.0036447048,0.0033120816
2459898.527689185,0.001119256,0.0033108445
2459898.5290780566,0.004396081,0.0033115174
2459898.530466928,-0.004962325,0.0033064343
2459898.5318558,-0.0035310388,0.0033078815
2459898.5332446718,-0.00026464462,0.0033091672
2459898.534633544,0.001735568,0.0033104892
2459898.5360224154,0.0023941994,0.0033100361
2459898.537411287,-0.0007367134,0.003309005
2459898.538800159,-0.0039441586,0.0033068273
2459898.5401890306,-0.0020903945,0.003304985
2459898.541577902,-0.0033277273,0.003309015
2459898.542966774,-0.0011445284,0.003309733
2459898.544355646,0.0025663376,0.0033116215
2459898.545744518,-0.0036067963,0.003304309
2459898.5471333894,0.0004709959,0.0033097933
2459898.548522261,-0.0061078668,0.0033090308
2459898.549911133,-0.0050467253,0.0033064052
2459898.5513000046,-0.008879304,0.0033062417
2459898.552688876,0.001434207,0.0033089023
2459898.554077748,-0.0011318326,0.0033079528
2459898.55546662,-0.001807332,0.003310026
2459898.556855492,0.005718231,0.003312104
2459898.5582443634,0.0042039156,0.0033117263
2459898.559633235,0.0056096315,0.0033113877
2459898.5610221066,0.00081539154,0.0033117393
2459898.5624109786,0.0014767647,0.003308964
2459898.56379985,-0.0004606843,0.0033079006
2459898.5651887218,-0.002473414,0.003309879
2459898.566577594,-0.0017661452,0.003307939
2459898.5679664654,-0.0034843087,0.0033055726
2459898.569355337,0.002210021,0.0033122655
2459898.5707442085,-0.00028043985,0.0033117323
2459898.5721330806,0.00012719631,0.0033113095
2459898.573521952,0.004122615,0.003310446
2459898.5749108237,-0.0017840862,0.0033078678
2459898.5762996958,-0.0029276013,0.0033063157
2459898.5776885673,-0.0040756464,0.0033062482
2459898.579077439,0.0011241436,0.00330861
2459898.5804663105,-0.0042999983,0.0033072
2459898.5818551825,0.00019359589,0.0033100804
2459898.583244054,-0.0020561814,0.0033104909
2459898.5846329257,-5.865097e-05,0.0033096331
2459898.5860217977,-0.00049728155,0.003308324
2459898.5874106693,-0.0012255907,0.0033083784
2459898.588799541,-0.00065898895,0.0033080152
2459898.5901884125,0.00483799,0.0033121107
2459898.591577284,0.00018882751,0.0033090615
2459898.5929661556,-0.00042682886,0.0033097651
2459898.5943550277,0.0021425486,0.0033108185
2459898.5957438992,0.0034265518,0.0033139626
2459898.597132771,-0.005679965,0.0033048047
2459898.598521643,0.0014657974,0.0033077707
2459898.599910514,-0.0047896504,0.0033057968
2459898.601299386,0.0017303228,0.0033103423
2459898.6026882576,0.0024837255,0.0033078887
2459898.604077129,-0.00088763237,0.0033064822
2459898.6054660007,0.003906846,0.0033109721
2459898.606854873,-0.00028413534,0.0033107873
2459898.6082437444,-0.004511893,0.003306437
2459898.609632616,0.003237486,0.003312244
2459898.6110214875,-0.0024999976,0.0033054359
2459898.612410359,0.005066037,0.0033099425
2459898.6137992307,0.0018744469,0.0033094103
2459898.6151881022,0.0001835823,0.0033097833
2459898.6165769743,0.0045473576,0.0033094352
2459898.617965846,0.0038369894,0.0033095742
2459898.6193547174,0.001347661,0.003311361
2459898.620743589,0.0006901026,0.0033089735
2459898.6221324606,0.000118494034,0.003308316
2459898.6235213326,-0.00089913607,0.0033063772
2459898.6249102037,0.0026903152,0.0033095423
2459898.626299076,0.003125906,0.0033106306
2459898.6276879474,0.0018841028,0.0033104573
2459898.629076819,0.00015866756,0.0033057337
2459898.6304656905,0.0019254684,0.0033108562
2459898.631854562,0.0039652586,0.0033098704
2459898.6332434337,0.0073332787,0.0033094196
2459898.6346323052,-0.0031160116,0.0033057628
2459898.636021177,-0.0030447245,0.003304052
2459898.6374100484,-0.0015543699,0.003305374
2459898.6387989204,0.00286901,0.0033092806
2459898.640187792,0.0031961203,0.0033116376
2459898.6415766636,-0.00095665455,0.0033077693
2459898.642965535,-0.0004364252,0.0033062268
2459898.6443544067,0.007036209,0.003310254
2459898.6457432783,0.0022245646,0.0033084361
2459898.64713215,-0.0014755726,0.003304256
2459898.6485210215,-0.00097054243,0.0033072778
2459898.649909893,-9.864569e-05,0.0033058359
2459898.6512987646,-0.0039594173,0.0033051663
2459898.652687636,0.0067396164,0.0033097833
2459898.654076508,-0.0013658404,0.0033062913
2459898.6554653794,0.0017043352,0.0033059656
2459898.656854251,0.0077455044,0.0033127468
2459898.6582431225,-0.0013834834,0.0033078515
2459898.659631994,-0.0010352731,0.0033057174
2459898.6610208657,0.004066229,0.0033089935
2459898.6624097377,-0.0014731288,0.0033072815
2459898.663798609,0.0012019873,0.0033086583
2459898.665187481,0.0017112494,0.0033087193
2459898.666576352,0.0050424337,0.0033088946
2459898.6679652235,-0.0021845102,0.0033091044
2459898.669354095,0.0015953779,0.0033092974
2459898.6707429667,-0.00045973063,0.003305688
2459898.6721318387,-0.0012389421,0.003307487
2459898.67352071,-0.0035216808,0.0033065449
2459898.6749095814,0.00038540363,0.0033053614
2459898.676298453,-0.0030785203,0.0033102809
2459898.6776873246,-0.002561152,0.0033062175
2459898.679076196,0.0049926043,0.003307132
2459898.6804650677,0.002136469,0.0033063479
2459898.6818539393,-0.0011342168,0.003306633
2459898.683242811,0.001606226,0.0033098003
2459898.6846316825,0.00010943413,0.0033053425
2459898.686020554,-0.0012221336,0.003305087
2459898.6874094256,0.0022826195,0.0033058967
2459898.688798297,-0.005126357,0.0033035013
2459898.690187169,0.0010037422,0.0033062354
2459898.69157604,-0.0014785528,0.003304324
2459898.692964912,-0.0013038516,0.003303551
2459898.6943537835,-0.0011909008,0.0033074983
2459898.6957426546,-0.003916383,0.0033027034
2459898.697131526,0.00473094,0.0033106774
2459898.698520398,-0.0030624866,0.0033064908
2459898.6999092693,-0.0037487745,0.0033045406
2459898.701298141,0.0007879734,0.0033058182
2459898.7026870125,-0.0038544536,0.003304179
2459898.704075884,0.004927516,0.003305694
2459898.7054647557,-0.010926783,0.003301927
2459898.706853627,0.0035668612,0.0033136846
2459898.7082424983,0.003980398,0.0033088194
2459898.70963137,0.0008856058,0.0033059025
2459898.7110202415,0.0031945705,0.0033066845
2459898.712409113,0.008905172,0.0033094906
2459898.7137979846,0.0036791563,0.0033087018
2459898.715186856,0.0011250973,0.0033087041
2459898.716575728,-0.0011704564,0.00330384
2459898.717964599,0.0006868839,0.0033030594
2459898.7193534705,0.0009725094,0.0033046794
2459898.720742342,-0.002340138,0.003302762
2459898.7221312136,0.0011203289,0.003304227
2459898.723520085,-0.0022813082,0.0033041604
2459898.724908957,0.0026080608,0.003304943
2459898.7262978284,0.00018763542,0.003305276
2459898.7276866995,-0.0018796325,0.0033017232
2459898.729075571,0.0018132925,0.0033079109
2459898.7304644426,-0.005104661,0.0033020119
2459898.731853314,-0.0029542446,0.0033021984
2459898.7332421853,0.0009059906,0.0033066154
2459898.734631057,-0.0023013353,0.0033042682
2459898.7360199285,0.005569577,0.0033076971
2459898.7374088,-0.0016115904,0.0033053828
2459898.7387976716,-0.0017499328,0.003302361
2459898.7401865427,-0.0032565594,0.0033055563
2459898.7415754143,-0.0015693903,0.0033036012
2459898.742964286,-0.004569769,0.003299679
2459898.7443531575,0.00091838837,0.0033015907
2459898.745742029,0.005436063,0.003303987
2459898.7471309,-0.0007427335,0.0033019204
2459898.7485197717,-0.0016419291,0.0033030033
2459898.7499086433,0.0017615557,0.0033062112
2459898.751297515,-0.0042640567,0.0033015832
2459898.752686386,0.0028960705,0.003305283
2459898.7540752576,-0.0037307143,0.0033015802
2459898.7554641287,0.0010296106,0.003303515
2459898.7568530003,0.0021338463,0.0033066515
2459898.758241872,0.0045642853,0.0033071677
2459898.7596307434,-0.00055617094,0.0033028624
2459898.761019615,0.004274726,0.0033050003
2459898.762408486,-0.00078624487,0.0033008074
2459898.7637973577,0.0010610819,0.0033040415
2459898.765186229,0.0064679384,0.003306147
2459898.7665751004,0.0022848845,0.0033023448
2459898.767963972,0.00080919266,0.0033029243
2459898.7693528435,0.0033308268,0.003306038
2459898.770741715,0.0011037588,0.003301541
2459898.772130586,-0.001748085,0.0033037006
2459898.773519458,0.0010576248,0.003301619
2459898.774908329,-0.0003862977,0.0033021031
2459898.7762972005,0.0031805038,0.0033062692
2459898.777686072,0.0019989014,0.0033051537
2459898.779074943,0.0030841827,0.0033050647
2459898.7804638147,0.0033336878,0.0033034056
2459898.7818526863,0.0007377863,0.0033034147
2459898.783241558,0.004968047,0.0033062978
2459898.784630429,-0.0059022307,0.0033013786
2459898.7860193006,-0.001406312,0.0033013108
2459898.7874081717,0.000992775,0.0033028151
2459898.7887970433,0.005239725,0.0033056035
2459898.790185915,-0.00050365925,0.0033003527
2459898.791574786,0.004802704,0.0033073507
2459898.7929636575,0.0006672144,0.0033023101
2459898.7943525286,-0.0029384494,0.0033037057
2459898.7957414,-7.480383e-05,0.0033015346
2459898.7971302713,0.0023498535,0.0033036002
2459898.798519143,0.0037624836,0.0033050114
2459898.7999080145,-0.0005326867,0.0033027988
2459898.8012968856,0.00080537796,0.003304605
2459898.802685757,0.008561969,0.0033081884
2459898.8040746283,0.0011663437,0.0033040221
2459898.8054635,0.00072336197,0.0033046568
2459898.8068523714,-0.00060749054,0.0033012019
2459898.8082412425,0.0072460175,0.0033070196
2459898.809630114,0.0018932819,0.0033023958
2459898.811018985,-0.0019965768,0.0033020016
2459898.812407857,0.00049197674,0.0033036035
2459898.813796728,-0.00069850683,0.0033025832
2459898.8151855995,0.0014783144,0.0033055206
2459898.8165744706,-0.0068095326,0.0032989301
2459898.817963342,0.0060896873,0.0033053379
2459898.8193522133,-0.0018728375,0.0033006214
2459898.820741085,-0.0008407831,0.0033055537
2459898.8221299564,0.002163291,0.00330457
2459898.8235188276,0.0018832684,0.0033037525
2459898.824907699,-0.00029605627,0.0033012049
2459898.8262965702,-0.0010579824,0.003299246
2459898.827685442,-0.002634704,0.0033026906
2459898.829074313,0.003414154,0.0033042468
2459898.8304631845,0.0035187006,0.0033030864
2459898.831852056,0.00021660328,0.0033040547
2459898.833240927,0.0004005432,0.0033022338
2459898.8346297983,-0.0026815534,0.0033009034
2459898.83601867,0.002892375,0.0033075265
2459898.837407541,-0.005656123,0.003300426
2459898.8387964126,0.0018718243,0.0033020994
2459898.8401852837,0.0018860102,0.0033015942
2459898.8415741553,-0.00028651953,0.0033034587
2459898.8429630264,-0.0014438033,0.0033009874
2459898.844351898,-0.0055737495,0.0033012866
2459898.845740769,-0.000859499,0.0033033502
2459898.8471296406,-0.0035161972,0.00329932
2459898.8485185117,-0.0012859106,0.0033007741
2459898.849907383,0.00052523613,0.0032999667
2459898.8512962544,-0.005420089,0.0032997692
2459898.8526851255,0.0017957687,0.0033051264
2459898.854073997,-0.0067434907,0.0032970132
2459898.855462868,0.00044679642,0.0033012612
2459898.85685174,0.0025297403,0.003306174
2459898.858240611,0.0063716173,0.0033051616
2459898.859629482,-0.0035154223,0.0032990915
2459898.861018353,0.0012607574,0.0033000596
2459898.8624072247,0.0076067448,0.0033052366
2459898.8637960963,-0.0029147863,0.003301485
2459898.8651849674,0.0047078133,0.0033036743
2459898.8665738385,-0.0016399622,0.0033007697
2459898.86796271,-0.0011819601,0.0033011443
2459898.869351581,0.008598566,0.003304398
2459898.8707404523,-0.001283884,0.0033017204
2459898.872129324,0.003774047,0.0033029641
2459898.873518195,0.001585722,0.0033025367
2459898.874907066,0.0043919086,0.003305733
2459898.8762959377,-0.0010479689,0.0032995578
2459898.877684809,0.0028477907,0.0033014754
2459898.8790736804,0.0029671192,0.003304205
2459898.8804625515,0.00093984604,0.0033042124
2459898.8818514226,0.0014097691,0.0033014722
2459898.8832402937,0.004527092,0.0033019183
2459898.8846291653,-0.0065404177,0.0032971648
2459898.8860180364,-0.0005851984,0.0032984253
2459898.887406908,0.0006272793,0.0032984256
2459898.888795779,-0.0016504526,0.0033011301
2459898.89018465,0.0013563633,0.0033024407
2459898.891573522,-0.0050227046,0.0033008729
2459898.892962393,-0.0058656335,0.0032981103
2459898.894351264,-0.0068309307,0.003297097
2459898.8957401356,-0.0044102073,0.003298741
2459898.8971290067,0.0017797947,0.0032991339
2459898.898517878,-0.009375274,0.003295506
2459898.899906749,-0.0037631392,0.0032963092
2459898.9012956205,-0.002607286,0.0033010005
2459898.9026844916,-0.005868435,0.0032968149
2459898.9040733627,0.002674222,0.0033019383
2459898.9054622343,-0.0043910146,0.0032951217
2459898.9068511054,-0.0027737021,0.0032973022
2459898.9082399765,-0.0070093274,0.0032994214
2459898.9096288476,-0.003276229,0.0032992275
2459898.911017719,-0.0017257929,0.0032987124
2459898.91240659,0.00040352345,0.0033008351
2459898.9137954614,-0.0031871796,0.0033010342
2459898.9151843325,-0.0017126203,0.0032987269
2459898.9165732036,-0.002541542,0.0032987334
2459898.917962075,0.0006663799,0.0033014521
2459898.9193509463,-0.0043717623,0.0033001478
2459898.9207398174,-0.0012091398,0.0032964249
2459898.9221286885,-0.008557081,0.003296041
2459898.92351756,-0.0017960668,0.003300757
2459898.9249064308,0.0027934313,0.0032978647
2459898.9262953023,-0.004395783,0.003297122
2459898.9276841735,0.0038907528,0.0033000018
2459898.9290730446,-0.005951941,0.00329648
2459898.930461916,-0.0023303032,0.0032985134
2459898.9318507873,-0.0017367005,0.003297488
2459898.9332396584,-0.0001513958,0.0032991923
2459898.9346285295,-0.0020029545,0.0032947592
2459898.9360174006,-0.0032320023,0.0032973536
2459898.937406272,-0.0032564998,0.0032999467
2459898.938795143,-0.002755344,0.003295972
2459898.9401840144,-0.0036232471,0.0032973941
2459898.9415728855,-0.0043799877,0.0032971557
2459898.9429617566,-0.004788637,0.003297192
2459898.9443506277,-0.004006803,0.0032972037
2459898.945739499,-0.005174339,0.0032956994
2459898.94712837,1.2993813e-05,0.0032976628
2459898.948517241,0.0011012554,0.003298931
2459898.9499061126,-0.0026913285,0.0032996503
2459898.9512949837,-0.005646467,0.0032956903
2459898.952683855,0.0042846203,0.0033010568
2459898.954072726,0.0007625818,0.0033026836
2459898.955461597,-0.0018390417,0.00329624
2459898.956850468,-0.0063747764,0.0032943732
2459898.9582393393,-0.002892375,0.0032956824
2459898.959628211,0.0016492605,0.0032989425
2459898.9610170815,-0.0016589761,0.0032953944
2459898.962405953,-0.00044637918,0.0032971592
2459898.963794824,-0.0012772679,0.0032979844
2459898.9651836953,-0.0017771125,0.003297254
2459898.9665725664,-0.007952452,0.0032930996
2459898.9679614375,-0.0025436878,0.0032962412
2459898.9693503086,-0.0046474934,0.0032976018
2459898.9707391798,-0.000101685524,0.003300441
2459898.972128051,-0.0035429,0.0032972062
2459898.973516922,-0.0025086403,0.0032958626
2459898.974905793,-0.008261144,0.003294103
2459898.976294664,-0.004207194,0.0032962656
2459898.9776835353,-0.0039187074,0.0032949785
2459898.9790724064,-0.0038189292,0.0032972877
2459898.9804612775,-0.0023510456,0.0032950104
2459898.981850149,0.0049738884,0.0033024591
2459898.9832390198,-0.004597783,0.0032976684
2459898.9846278913,-0.00020581484,0.0032992302
2459898.986016762,-0.007284224,0.0032977085
2459898.9874056336,-0.0050053,0.0032945706
2459898.988794504,-0.003409028,0.0032966323
2459898.9901833753,-0.003771305,0.0032958698
2459898.991572247,-0.00014263391,0.0032981127
2459898.9929611175,-0.0058469176,0.0032958959
2459898.994349989,-0.0047336817,0.0032945706
2459898.9957388598,-0.001788497,0.003296941
2459898.997127731,-0.0044998527,0.0032938053
2459898.998516602,0.0015363693,0.0032984826
2459898.999905473,-0.002981007,0.0032968184
2459899.0012943447,-0.006460905,0.0032939438
2459899.0026832153,-0.0070493817,0.0032937129
2459899.0040720864,-0.008924544,0.0032927357
2459899.0054609575,-0.006049812,0.0032941168
2459899.0068498286,-0.0013079643,0.0032992898
2459899.0082386998,-0.0013014078,0.0033006433
2459899.009627571,-0.00094515085,0.0032959133
2459899.011016442,-0.0016435385,0.0032980426
2459899.012405313,-0.007604778,0.0032920896
2459899.013794184,-0.0036422014,0.0032946412
2459899.0151830553,-0.0071983933,0.003298342
2459899.0165719264,-0.008815289,0.0032915592
2459899.017960797,-0.0010798573,0.0032959825
2459899.0193496686,-0.0007867217,0.0032936006
2459899.0207385393,-0.0037859678,0.0032911352
2459899.0221274104,-0.0075538754,0.0032949839
2459899.0235162815,-0.0028660297,0.0032956933
2459899.0249051526,-0.0050435066,0.0032920567
2459899.0262940237,-0.005899608,0.0032921904
2459899.027682895,-0.0024129748,0.0033001162
2459899.029071766,-0.0024346113,0.0032960393
2459899.0304606366,-0.0031702518,0.0032939708
2459899.0318495077,-0.008469045,0.0032947136
2459899.0332383793,0.0021363497,0.0033011965
2459899.03462725,-0.011736929,0.0032890541
2459899.036016121,-0.0010159016,0.0032945117
2459899.037404992,-0.005922854,0.0032894176
2459899.0387938633,-0.001483798,0.003297071
2459899.040182734,-0.00057047606,0.0032976067
2459899.041571605,-0.0019388199,0.0032966412
2459899.042960476,0.0015611649,0.00329781
2459899.0443493472,-0.0017368197,0.0032944523
2459899.0457382184,-0.0030160546,0.0032933096
2459899.0471270895,-0.0018880367,0.0032947727
2459899.0485159606,0.00039672852,0.0032973927
2459899.049904831,-0.006080091,0.0032909645
2459899.0512937023,-0.003488481,0.0032925461
2459899.0526825734,-0.0047210455,0.0032926782
2459899.0540714446,-9.119511e-05,0.0032966412
2459899.0554603157,-0.0055192113,0.003290172
2459899.0568491863,0.00066661835,0.0032947073
2459899.0582380574,-0.0020473003,0.0032926984
2459899.0596269285,-0.00698328,0.0032903235
2459899.0610157996,-0.0011792183,0.0032955513
2459899.0624046703,-0.0026753545,0.0032962414
2459899.0637935414,-0.001788199,0.0032918144
2459899.0651824125,-0.0030878186,0.0032949965
2459899.0665712836,-0.008964181,0.0032891757
2459899.0679601547,-0.003043592,0.0032933296
2459899.0693490254,-0.0010616779,0.003297699
2459899.0707378965,-0.003373742,0.0032971469
2459899.0721267676,-0.0026902556,0.003291793
2459899.0735156387,-0.0031811595,0.00329376
2459899.0749045094,-0.0048288703,0.0032928227
2459899.0762933805,-0.001722157,0.0032931042
2459899.0776822516,-0.007722497,0.003290591
2459899.079071122,-0.004328847,0.0032934549
2459899.0804599933,-0.002835691,0.0032958458
2459899.0818488644,-0.00422287,0.0032941238
2459899.0832377356,-0.0012398362,0.0032941417
2459899.084626606,-0.0027977824,0.0032944952
2459899.0860154773,-0.0020503998,0.0032939382
2459899.0874043484,-0.004761398,0.0032926407
2459899.088793219,-0.009237528,0.0032899533
2459899.09018209,0.0041178465,0.0032969143
2459899.0915709613,-0.008620203,0.0032877198
2459899.092959832,-0.0042113066,0.003291936
2459899.094348703,-0.0049415827,0.0032947864
2459899.095737574,-0.0019853115,0.0032929222
2459899.097126445,-0.0032369494,0.0032929108
2459899.098515316,-0.0015184283,0.0032924141
2459899.099904187,-0.0023143888,0.0032937839
2459899.1012930577,-0.0025502443,0.0032908665
2459899.102681929,-0.0007429719,0.0032950793
2459899.1040707994,-0.008353412,0.0032881033
2459899.1054596705,-4.4226646e-05,0.0032953452
2459899.1068485416,-0.004826665,0.0032939247
2459899.1082374128,-0.0016416907,0.0032949522
2459899.1096262834,0.00027441978,0.0032945022
2459899.1110151545,-0.0003915429,0.003293451
2459899.1124040256,-0.008863568,0.0032907245
2459899.1137928963,-0.0052139163,0.0032924423
2459899.1151817674,-0.004742563,0.00329658
2459899.116570638,-0.0009913445,0.003294153
2459899.117959509,-0.0041297674,0.0032930102
2459899.1193483802,0.00027787685,0.0032929084
2459899.120737251,-0.0018228889,0.0032935105
2459899.122126122,-0.0026406646,0.0032956812
2459899.1235149927,8.511543e-05,0.0032941438
2459899.1249038638,-0.0016847849,0.0032927985
2459899.1262927344,0.0016236305,0.0032940318
2459899.1276816055,-0.00097340345,0.003291977
2459899.129070476,-0.0033115149,0.0032887051
2459899.1304593473,-0.002473414,0.0032913187
2459899.1318482184,-0.0023453832,0.0032914772
2459899.133237089,-0.004984021,0.0032911154
2459899.13462596,0.00035762787,0.00329232
2459899.136014831,0.0053135157,0.0032993995
2459899.137403702,-0.0023018718,0.003291499
2459899.1387925725,0.00064599514,0.003294191
2459899.1401814437,0.0008877516,0.0032968004
2459899.1415703148,0.004201889,0.0032983373
2459899.1429591854,0.0025104284,0.0032955604
2459899.144348056,-0.0013920665,0.0032907256
2459899.145736927,-6.276369e-05,0.0032937885
2459899.147125798,0.0023493767,0.0032928297
2459899.148514669,0.0010509491,0.0032967469
2459899.1499035396,0.001144886,0.003295144
2459899.1512924107,-0.003721416,0.0032935848
2459899.1526812813,-0.0029464364,0.0032974891
2459899.1540701524,-0.0025902987,0.003291531
2459899.155459023,0.0015259981,0.0032936824
2459899.156847894,-0.00021082163,0.003293247
2459899.158236765,0.0022051334,0.0032957518
2459899.159625636,0.0038211346,0.0032948025
2459899.1610145066,0.0004466772,0.0032948516
2459899.1624033777,0.0039975643,0.0032953816
2459899.1637922483,0.00561285,0.0032959238
2459899.165181119,-0.0023475885,0.003293623
2459899.16656999,0.001090169,0.0032947042
2459899.1679588608,0.0011694431,0.003293577
2459899.169347732,0.00062048435,0.0032937701
2459899.1707366025,-0.00028073788,0.003293387
2459899.1721254736,-0.0012300014,0.0032935964
2459899.1735143443,-0.0011824965,0.0032922807
2459899.174903215,-2.0742416e-05,0.0032921792
2459899.176292086,-0.0013034344,0.0032979408
2459899.1776809567,-0.0030385852,0.0032916982
2459899.179069828,-0.0010939837,0.0032933326
2459899.1804586984,5.4836273e-05,0.0032952118
2459899.1818475695,0.0016767979,0.003294953
2459899.18323644,-0.0017971992,0.0032924972
2459899.184625311,-0.0012545586,0.0032907887
2459899.186014182,0.00037443638,0.0032987383
2459899.1874030526,-0.00029808283,0.0032935904
2459899.1887919237,0.001390934,0.0032950302
2459899.1901807943,0.0049928427,0.0032978987
2459899.191569665,0.00083458424,0.0032944363
2459899.1929585356,0.002324462,0.0032932968
2459899.1943474067,-0.0020655394,0.0032944337
2459899.1957362774,-0.0047392845,0.0032923778
2459899.197125148,0.0051748753,0.0032966672
2459899.198514019,0.0036689043,0.003297104
2459899.19990289,-0.0018631816,0.0032951806
2459899.201291761,0.0053782463,0.0032972305
2459899.2026806315,-0.00044435263,0.0032928907
2459899.204069502,-0.0014119744,0.003292236
2459899.2054583733,-0.00031721592,0.0032945997
2459899.206847244,0.009346008,0.0033016582
2459899.2082361146,-0.0041366816,0.0032908393
2459899.2096249852,0.0021686554,0.0032970237
2459899.2110138563,-0.0027650595,0.0032924525
2459899.212402727,0.004651308,0.0032961725
2459899.2137915976,0.0021429062,0.0032952735
2459899.2151804687,0.0005466938,0.0032929431
2459899.2165693394,0.007943392,0.0032971492
2459899.21795821,0.0015419722,0.003294629
2459899.2193470807,0.002733469,0.0032977082
2459899.220735952,-0.0011202693,0.0032952197
2459899.2221248224,-0.0031071901,0.0032919948
2459899.223513693,0.0012185574,0.0032939566
2459899.2249025637,0.009084344,0.003297046
2459899.226291435,0.0021384954,0.0032961143
2459899.2276803055,0.0052472353,0.0032959105
2459899.229069176,-0.0027742982,0.0032902171
2459899.2304580472,0.0003221035,0.0032918965
2459899.231846918,0.005594969,0.0032957946
2459899.2332357885,-0.00059616566,0.0032947897
2459899.234624659,-0.0015754104,0.0032921617
2459899.23601353,-0.0005184412,0.00329334
2459899.237402401,0.0030109882,0.0032923315
2459899.2387912716,0.00063574314,0.0032941187
2459899.240180142,-0.00041353703,0.0032926623
2459899.241569013,0.001594305,0.0032921408
2459899.242957884,9.274483e-05,0.0032929566
2459899.244346754,-0.0039398074,0.003290511
2459899.2457356253,-0.00016385317,0.003291986
2459899.247124496,0.0020080805,0.003292308
2459899.2485133666,0.004103303,0.003294736
2459899.2499022377,-0.0017405748,0.0032903845
2459899.251291108,-0.00083595514,0.0032931317
2459899.252679979,0.0007212162,0.0032906372
2459899.2540688496,0.0034345388,0.0032941075
2459899.2554577203,0.00022006035,0.00329185
2459899.256846591,0.0021671057,0.003294669
2459899.2582354615,-6.0796738e-05,0.003292336
2459899.2596243327,-0.0010172129,0.003292916
2459899.2610132033,0.002498746,0.0032947503
2459899.262402074,-0.003679812,0.0032918984
2459899.2637909446,0.002095461,0.003292459
2459899.2651798152,-0.0006490946,0.0032904884
2459899.266568686,-0.00091421604,0.0032914416
2459899.2679575565,0.0021464825,0.003295688
2459899.2693464276,-0.0023391843,0.003289955
2459899.270735298,0.0006620884,0.0032923429
2459899.272124169,-0.0013597012,0.0032902604
2459899.2735130396,0.002440691,0.0032935631
2459899.27490191,0.0038934946,0.0032936956
2459899.276290781,0.0025510788,0.0032909696
2459899.2776796515,0.007597089,0.0032932644
2459899.279068522,0.0014175177,0.003294278
2459899.280457393,0.005768299,0.003295688
2459899.2818462634,0.003319025,0.0032916695
2459899.283235134,0.0011787415,0.00329054
2459899.2846240047,0.0013107061,0.0032906441
2459899.2860128754,-0.004810512,0.0032866844
2459899.2874017465,-0.00047451258,0.003291256
2459899.2887906167,0.003083825,0.0032904893
2459899.290179488,-0.0033602715,0.0032885852
2459899.2915683584,0.0014079809,0.0032909052
2459899.292957229,-0.0014811158,0.003288298
2459899.2943460997,0.0042562485,0.0032972395
2459899.2957349704,7.748604e-05,0.003293051
2459899.297123841,-0.00029814243,0.0032902488
2459899.2985127117,-0.0010591745,0.0032892118
2459899.2999015823,0.0038393736,0.0032913892
2459899.301290453,0.0022292137,0.0032914055
2459899.3026793236,-0.00071787834,0.0032901147
2459899.3040681942,-0.0033969283,0.0032896933
2459899.305457065,-0.0053837895,0.003287485
2459899.3068459355,0.0015312433,0.0032912185
2459899.308234806,0.0017727613,0.0032901214
2459899.309623677,0.0027563572,0.0032909175
2459899.3110125475,0.0069901943,0.0032955885
2459899.312401418,0.0022956133,0.003291629
2459899.3137902888,-0.0026345253,0.0032891543
2459899.3151791594,0.0012567043,0.0032924286
2459899.31656803,0.0026896,0.003289589
2459899.3179569,0.0074573755,0.003293175
2459899.3193457713,-0.0034048557,0.0032877382
2459899.3207346415,-0.0048608184,0.0032848346
2459899.322123512,0.0048083067,0.0032922102
2459899.3235123833,0.0053007603,0.0032935261
2459899.3249012535,0.0013952255,0.0032896965
2459899.326290124,0.000101566315,0.0032896288
2459899.3276789947,0.0017510653,0.0032920814
2459899.3290678654,-0.0007557273,0.00329053
2459899.330456736,-0.00054359436,0.0032907082
2459899.3318456067,-0.0038377047,0.0032890337
2459899.3332344773,0.0013359785,0.003288809
2459899.334623348,-0.0035192966,0.0032905256
2459899.3360122186,0.003196478,0.0032922684
2459899.337401089,0.004921198,0.003290664
2459899.3387899594,-0.0041201115,0.0032879587
2459899.34017883,0.0010970831,0.0032918307
2459899.3415677007,0.0018024445,0.0032902353
2459899.3429565714,0.0007699728,0.0032896865
2459899.344345442,0.0032900572,0.003294174
2459899.3457343127,-0.0041160583,0.0032899452
2459899.3471231833,0.0015881062,0.0032904292
2459899.348512054,0.0015616417,0.0032909159
2459899.349900924,0.0034912825,0.0032919934
2459899.351289795,0.0026583672,0.0032917056
2459899.3526786654,0.002026081,0.003290354
2459899.354067536,0.0024192333,0.0032907522
2459899.3554564067,-0.00014615059,0.0032886774
2459899.356845277,-0.0005250573,0.0032879417
2459899.358234148,0.006579876,0.003291742
2459899.359623018,0.002363205,0.0032917366
2459899.361011889,0.002964735,0.0032901606
2459899.3624007595,-0.0035347342,0.0032872253
2459899.36378963,0.0010399818,0.0032886025
2459899.365178501,-0.007167697,0.0032854036
2459899.366567371,0.0011641979,0.0032919399
2459899.3679562416,0.007863522,0.0032923562
2459899.3693451122,0.00079119205,0.0032879298
2459899.370733983,0.0059883595,0.0032914388
2459899.372122853,-0.0005005002,0.0032884025
2459899.3735117237,0.003902793,0.0032912863
2459899.3749005944,0.0026233196,0.0032932097
2459899.376289465,0.0027996302,0.0032910113
2459899.3776783356,0.0058276653,0.0032893862
2459899.379067206,0.0011662245,0.0032908313
2459899.3804560765,0.0033664703,0.003287453
2459899.381844947,0.0011736155,0.0032872811
2459899.3832338178,-0.0066961646,0.0032834143
2459899.384622688,0.0015397072,0.0032896807
2459899.3860115586,-0.0050542355,0.0032838483
2459899.387400429,0.0021951199,0.0032883955
2459899.3887892994,-0.007320404,0.00328153
2459899.39017817,0.0012229681,0.0032877414
2459899.3915670407,0.0037636757,0.0032892
2459899.3929559113,-0.008307457,0.0032825975
2459899.3943447815,-0.003992915,0.0032850218
2459899.395733652,0.0010381937,0.0032881114
2459899.397122523,-0.0005790591,0.0032885806
2459899.398511393,0.0031920671,0.0032892416
2459899.3999002636,-0.0046215057,0.0032864008
2459899.4012891343,0.0010213852,0.0032886756
2459899.402678005,0.0036016703,0.0032895019
2459899.404066875,0.00044345856,0.0032868711
2459899.4054557458,-0.0051489472,0.003282414
2459899.4068446164,-0.0011127591,0.003285939
2459899.4082334866,0.00397861,0.003289377
2459899.409622357,0.004111767,0.0032902353
2459899.4110112274,-0.000111699104,0.0032860737
2459899.412400098,-0.0012391806,0.003287458
2459899.4137889687,-0.0024698973,0.0032840443
2459899.415177839,-0.0007147789,0.0032857575
2459899.4165667095,-0.001201272,0.0032888707
2459899.41795558,0.0016417503,0.0032876504
2459899.419344451,0.0053800344,0.003287701
2459899.420733321,0.00024914742,0.0032855398
2459899.4221221916,0.00031471252,0.0032858897
2459899.423511062,0.0034554005,0.0032921508
2459899.4248999325,-0.0033792257,0.0032861838
2459899.4262888026,-0.0025034547,0.003286687
2459899.4276776733,-0.00091040134,0.0032865827
2459899.429066544,0.0010226965,0.003285922
2459899.430455414,-0.0017369986,0.0032860693
2459899.4318442848,-0.0061629415,0.0032804785
2459899.433233155,0.005094409,0.0032896053
2459899.4346220256,0.0065624714,0.0032892653
2459899.4360108958,-0.0037680864,0.0032853635
2459899.4373997664,0.0036941767,0.0032901817
2459899.438788637,-6.568432e-05,0.0032866576
2459899.4401775072,-0.000109791756,0.0032867917
2459899.441566378,0.00052547455,0.0032872828
2459899.442955248,-0.0017307401,0.0032845465
2459899.4443441187,-0.0018988848,0.003282529
2459899.445732989,-0.008275688,0.0032803083
2459899.4471218595,0.0004376173,0.0032890933
2459899.4485107297,-0.00045973063,0.003284526
2459899.4498996004,0.0018000603,0.0032866101
2459899.451288471,0.0073776245,0.0032891948
2459899.452677341,0.0025054216,0.0032858101
2459899.454066212,0.0021220446,0.0032844201
2459899.455455082,-0.00039094687,0.0032855743
2459899.4568439526,0.0013016462,0.0032875745
2459899.458232823,0.002287984,0.0032883254
2459899.4596216935,0.0034227371,0.0032877144
2459899.4610105637,0.00029039383,0.003286389
2459899.4623994343,0.0044169426,0.0032884805
2459899.4637883045,-0.002210617,0.0032826944
2459899.4651771747,-0.0021631122,0.0032861144
2459899.4665660453,0.0066667795,0.0032924
2459899.4679549155,0.004942894,0.0032880565
2459899.469343786,-0.0003053546,0.003285979
2459899.470732657,0.0057133436,0.0032886036
2459899.472121527,0.0026667118,0.003288129
2459899.4735103976,-0.0018422008,0.0032861673
2459899.474899268,-0.00021487474,0.0032882849
2459899.476288138,0.0057474375,0.0032879526
2459899.4776770086,0.009238243,0.0032887238
2459899.479065879,0.0051050186,0.0032874579
2459899.480454749,-0.0033052564,0.0032812585
2459899.4818436196,-0.002316177,0.0032804203
2459899.4832324903,0.001665473,0.0032868462
2459899.4846213604,0.00095665455,0.003286333
2459899.4860102306,0.0021486282,0.0032848401
2459899.4873991013,0.0055595636,0.0032868832
2459899.4887879714,0.0009771585,0.003286257
2459899.4901768416,0.0050251484,0.0032874737
2459899.4915657123,0.00068867207,0.003285346
2459899.4929545824,0.0055583715,0.003294981
2459899.494343453,0.0035777092,0.0032868665
2459899.4957323233,0.0012185574,0.0032875177
2459899.4971211934,-0.0013857484,0.0032836478
2459899.498510064,-0.0077823997,0.0032808082
2459899.4998989343,0.00028526783,0.0032887831
2459899.501287805,0.0014494658,0.0032847316
2459899.502676675,0.0008970499,0.0032834532
2459899.5040655453,0.0019676685,0.0032836632
2459899.505454416,0.0021139383,0.0032877086
2459899.506843286,-0.0026465654,0.0032816394
2459899.5082321563,0.0008430481,0.0032852879
2459899.5096210265,-0.0009018183,0.0032837754
2459899.511009897,0.0020384789,0.003286459
2459899.5123987673,-7.2956085e-05,0.003283467
2459899.513787638,0.0010546446,0.0032839645
2459899.515176508,0.005293846,0.0032869377
2459899.5165653783,0.0004041195,0.0032832732
2459899.517954249,-0.002468884,0.0032821747
2459899.519343119,0.0007340908,0.0032823733
2459899.5207319893,-0.00043523312,0.0032837838
2459899.5221208595,0.0008456707,0.0032836003
2459899.52350973,-0.006339729,0.0032800415
2459899.5248986003,0.00011527538,0.0032850415
2459899.5262874705,0.00014162064,0.0032817274
2459899.527676341,0.0016230345,0.0032822078
2459899.5290652113,0.0035403967,0.0032842655
2459899.5304540815,-0.0017849803,0.003285276
2459899.5318429517,0.0022150278,0.0032828
2459899.5332318223,-0.0011026859,0.0032798557
2459899.5346206925,-0.0019953847,0.003280244
2459899.5360095627,-0.0014411807,0.0032815845
2459899.5373984333,0.0025054216,0.0032831666
2459899.538787303,-0.0032874942,0.0032813207
2459899.5401761737,0.0023918152,0.0032862704
2459899.541565044,-0.003136456,0.0032818823
2459899.542953914,-0.00011485815,0.0032813062
2459899.544342784,0.0028859377,0.0032862872
2459899.545731655,0.0012713671,0.0032865577
2459899.547120525,0.00090777874,0.003281868
2459899.548509395,0.0041493177,0.0032867803
2459899.5498982654,0.0019596815,0.0032845067
2459899.5512871356,0.00019073486,0.0032831568
2459899.552676006,0.0006477833,0.0032826052
2459899.5540648764,-0.0043402314,0.003280194
2459899.5554537466,0.0028204918,0.0032843326
2459899.556842617,0.0026413202,0.0032836408
2459899.558231487,0.007300496,0.0032858287
2459899.5596203576,0.0030252934,0.0032859899
2459899.5610092278,0.00088369846,0.0032810427
2459899.562398098,0.0026198626,0.0032851684
2459899.563786968,0.00067317486,0.0032805202
2459899.5651758383,-0.0010200739,0.0032850062
2459899.566564709,-0.004270494,0.0032810206
2459899.567953579,0.0040044785,0.0032879964
2459899.5693424493,0.0035033226,0.003287702
2459899.5707313195,-0.000528574,0.0032829435
2459899.5721201897,-0.0021645427,0.0032794927
2459899.57350906,-0.0007277727,0.0032797463
2459899.57489793,-0.001905024,0.0032810715
2459899.5762868,-0.0042331815,0.003280365
2459899.5776756704,-0.00020480156,0.00328186
2459899.579064541,-0.00027620792,0.0032816934
2459899.580453411,-0.0052550435,0.0032825377
2459899.5818422814,-0.006613672,0.0032796043
2459899.5832311516,0.0013108253,0.0032840758
2459899.5846200217,0.0005122423,0.0032803095
2459899.586008892,0.002681017,0.003284049
2459899.587397762,0.003068924,0.0032852874
2459899.5887866323,-0.00013035536,0.003282462
2459899.5901755025,-0.006990969,0.0032795195
2459899.591564373,0.003244996,0.0032819314
2459899.592953243,0.0031579733,0.0032838234
2459899.5943421135,0.0019497871,0.0032845929
2459899.595730983,-0.0018997788,0.003279763
2459899.597119854,-0.0015588999,0.0032815065
2459899.598508724,0.0006996393,0.0032792208
2459899.599897594,0.0009562969,0.0032814576
2459899.6012864644,0.0008304119,0.0032801535
2459899.6026753346,0.0035705566,0.0032840315
2459899.6040642047,-0.0035651922,0.0032788152
2459899.605453075,0.0018806458,0.003282974
2459899.606841945,0.00020194054,0.003285711
2459899.6082308153,0.00028681755,0.0032815447
2459899.6096196854,0.0019842386,0.0032835784
2459899.6110085556,-0.002079308,0.0032772915
2459899.612397426,-0.003979981,0.0032787847
2459899.613786296,5.197525e-05,0.0032822348
2459899.615175166,-0.0015053749,0.0032809365
2459899.6165640363,0.0005220175,0.0032787984
2459899.6179529065,-0.006109357,0.0032805614
2459899.6193417767,0.00393486,0.0032841722
2459899.620730647,0.0009572506,0.003282918
2459899.622119517,-0.0042288303,0.0032796795
2459899.6235083872,0.0012112856,0.0032834418
2459899.6248972574,-0.0061639547,0.003277425
2459899.6262861276,0.0041445494,0.0032821558
2459899.6276749973,-0.004932046,0.0032781314
2459899.629063868,-0.00034201145,0.0032800818
2459899.630452738,0.0010732412,0.003279382
2459899.631841608,0.0007340908,0.0032818182
2459899.6332304785,0.0013977289,0.0032802057
2459899.634619348,0.0056313276,0.0032832816
2459899.6360082184,0.0012949705,0.0032805046
2459899.6373970886,0.00069117546,0.0032827235
2459899.6387859588,0.006190419,0.0032875221
2459899.640174829,-0.00088077784,0.003280538
2459899.641563699,0.0002821684,0.0032837302
2459899.6429525693,0.001775384,0.0032826527
2459899.6443414395,0.0042841434,0.0032835023
2459899.6457303097,-0.002426803,0.0032785647
2459899.6471191794,-0.0011379123,0.0032806934
2459899.6485080495,0.0005402565,0.0032817412
2459899.6498969197,-0.0034592748,0.0032799114
2459899.65128579,0.0008794069,0.0032811742
2459899.65267466,0.0006994009,0.0032807083
2459899.6540635303,0.0019142628,0.003279795
2459899.6554524004,0.0016750097,0.0032814865
2459899.65684127,-0.0015268922,0.003280514
2459899.6582301403,-0.005820155,0.003279082
2459899.6596190105,0.0014244318,0.0032794743
2459899.6610078807,-0.0046001673,0.0032782422
2459899.662396751,-0.004395008,0.0032801526
2459899.663785621,0.0036513805,0.003282826
2459899.6651744912,-0.0026233196,0.003276997
2459899.666563361,-0.0032271743,0.003279569
2459899.667952231,0.003493905,0.0032814662
2459899.6693411013,0.0031305552,0.0032794136
2459899.6707299715,-0.0029312372,0.0032797945
2459899.672118841,0.0006842613,0.003280518
2459899.6735077114,0.0006273985,0.0032796357
2459899.6748965816,0.0026068687,0.003284277
2459899.6762854517,0.0007338524,0.0032786895
2459899.677674322,0.0030195713,0.0032808783
2459899.6790631916,0.0025690794,0.0032795689
2459899.680452062,0.0008286238,0.003281972
2459899.681840932,0.0017944574,0.0032805547
2459899.683229802,-0.00165236,0.0032790026
2459899.6846186724,-0.0015970469,0.00327767
2459899.686007542,0.001987815,0.0032789274
2459899.6873964122,0.00071644783,0.0032822478
2459899.6887852824,0.002169609,0.0032808091
2459899.6901741526,-0.0005917549,0.0032818848
2459899.6915630223,0.0007530451,0.0032792145
2459899.6929518925,-0.0031966567,0.0032756904
2459899.6943407627,0.0055805445,0.0032802003
2459899.695729633,0.0028512478,0.0032839107
2459899.697118503,0.0045876503,0.0032816338
2459899.6985073728,0.0010974407,0.0032816958
2459899.699896243,0.00020956993,0.00327921
2459899.7012851126,-0.0011524558,0.0032799246
2459899.702673983,0.006474495,0.0032856509
2459899.704062853,-0.0032491684,0.0032771914
2459899.705451723,0.0032371283,0.0032791223
2459899.706840593,0.00019955635,0.0032757805
2459899.708229463,0.008259654,0.0032831226
2459899.7096183333,0.00238204,0.0032789342
2459899.711007203,0.00019037724,0.003278802
2459899.712396073,-0.00073617697,0.0032792892
2459899.713784943,-0.001429379,0.0032824206
2459899.715173813,-0.005007565,0.0032790147
2459899.716562683,0.0011529922,0.0032804369
2459899.7179515534,-0.0010347366,0.0032769355
2459899.719340423,0.0004981756,0.0032813125
2459899.7207292933,0.0043051243,0.0032820443
2459899.7221181635,0.004026413,0.0032786143
2459899.723507033,0.00011110306,0.0032799365
2459899.7248959034,0.001603961,0.00328063
2459899.726284773,-0.0016127229,0.003278647
2459899.7276736433,-0.0029415488,0.0032804424
2459899.7290625134,0.0036264658,0.0032779067
2459899.730451383,0.004319668,0.0032822185
2459899.7318402533,-0.00048977137,0.0032763064
2459899.733229123,0.0046833754,0.0032863126
2459899.7346179932,-0.0051797032,0.0032773858
2459899.736006863,-0.00087219477,0.0032796562
2459899.737395733,0.004945278,0.003282048
2459899.7387846033,0.0056784153,0.0032819733
2459899.740173473,0.00073087215,0.0032800392
2459899.741562343,-0.0039094687,0.0032758615
2459899.742951213,0.00261271,0.00328118
2459899.744340083,-0.0037729144,0.0032785868
2459899.7457289533,-0.0005300045,0.0032787921
2459899.747117823,-0.0011405349,0.0032791588
2459899.748506693,-0.0010569692,0.003277957
2459899.749895563,-0.0045007467,0.0032783146
2459899.751284433,-0.0032961369,0.003276264
2459899.752673303,0.002265215,0.0032799449
2459899.754062173,-0.00012344122,0.0032807703
2459899.7554510427,-0.00033402443,0.0032821419
2459899.756839913,-0.0007594824,0.0032787535
2459899.7582287826,-0.0008314252,0.0032805589
2459899.7596176527,0.0011447668,0.0032785586
2459899.761006523,-3.260374e-05,0.0032789486
2459899.7623953926,0.00067031384,0.0032801204
2459899.763784263,-9.858608e-05,0.0032796168
2459899.7651731325,0.004335165,0.0032846595
2459899.7665620027,-0.00095677376,0.0032788843
2459899.7679508724,-0.00091046095,0.0032839358
2459899.7693397426,0.0036985874,0.0032821589
2459899.7707286123,0.0036097765,0.0032810122
2459899.7721174825,0.0010612011,0.0032835137
2459899.773506352,-0.0025107265,0.0032772333
2459899.774895222,0.00039219856,0.0032780634
2459899.776284092,-0.0026383996,0.0032784736
2459899.777672962,-0.0009046793,0.0032768748
2459899.779061832,-0.002076149,0.0032777505
2459899.780450702,0.0026221275,0.003277859
2459899.781839572,-0.0021939874,0.003282062
2459899.7832284416,0.0013359785,0.0032771013
2459899.784617312,-0.0054987073,0.0032761374
2459899.7860061815,0.001674056,0.0032805412
2459899.787395051,0.0017898083,0.0032804948
2459899.7887839214,-0.0021257997,0.0032789027
2459899.790172791,0.0033468008,0.0032795887
2459899.7915616613,-0.0023534894,0.0032767167
2459899.792950531,-0.0025298595,0.0032811451
2459899.7943394007,-0.0016121864,0.0032785344
2459899.795728271,0.0022776127,0.003280845
2459899.7971171406,0.0017617941,0.0032782916
2459899.798506011,0.0040211678,0.0032806143
2459899.7998948805,0.00067818165,0.0032805162
2459899.8012837507,0.00101614,0.0032801444
2459899.8026726204,0.0044817924,0.0032813367
2459899.80406149,0.0043207407,0.0032806874
2459899.8054503603,0.0028324127,0.0032816678
2459899.80683923,0.00444746,0.0032805786
2459899.8082280997,5.865097e-05,0.003278335
2459899.80961697,-0.0020617247,0.0032790743
2459899.8110058396,-0.002805829,0.0032764496
2459899.81239471,-0.0008687973,0.003276759
2459899.8137835795,0.0008355379,0.0032777674
2459899.815172449,-0.00081795454,0.003277399
2459899.816561319,0.0019295216,0.0032809286
2459899.817950189,0.008995056,0.0032845675
2459899.819339059,-0.0010912418,0.0032780063
2459899.8207279285,-0.0016399026,0.00327649
2459899.8221167983,-0.00176543,0.003278242
2459899.8235056684,0.00021243095,0.0032795737
2459899.824894538,0.0011526346,0.003279586
2459899.826283408,0.0046237707,0.0032817274
2459899.827672278,-0.0019030571,0.0032773092
2459899.8290611478,0.003266096,0.0032817188
2459899.830450018,0.002793312,0.0032779123
2459899.8318388877,0.005124688,0.0032798937
2459899.8332277574,-0.008475363,0.0032740294
2459899.834616627,0.00464046,0.0032822262
2459899.836005497,0.0028569698,0.0032802504
2459899.837394367,0.0026074648,0.0032796562
2459899.8387832367,-0.00015610456,0.0032797754
2459899.8401721064,-0.004773259,0.0032758305
2459899.841560976,-0.0008457899,0.0032793344
2459899.8429498463,-0.0029950738,0.0032748117
2459899.844338716,-0.0020293593,0.003275771
2459899.8457275857,-0.00043982267,0.003279403
2459899.847116456,-0.002629757,0.0032766832
2459899.8485053256,-0.00053340197,0.0032782995
2459899.8498941953,0.0013201237,0.003279422
2459899.851283065,0.0036957264,0.0032811298
2459899.8526719348,-0.004026711,0.0032760403
2459899.8540608045,-0.00018388033,0.0032762995
2459899.8554496747,-0.0018180609,0.0032764473
2459899.8568385444,-0.007879734,0.0032741097
2459899.858227414,0.0021373034,0.003279591
2459899.859616284,0.00026798248,0.003279269
2459899.8610051535,-0.00322932,0.0032745106
2459899.8623940237,-0.0024092197,0.0032791826
2459899.8637828934,-0.0015583634,0.0032758925
2459899.865171763,0.002883792,0.003282354
2459899.866560633,0.0016345978,0.0032800825
2459899.8679495025,0.00013744831,0.0032786683
2459899.8693383727,0.008134365,0.0032831184
2459899.8707272424,0.0022107363,0.0032800524
2459899.872116112,8.714199e-05,0.0032759479
2459899.873504982,0.0020606518,0.0032797044
2459899.8748938516,0.007504821,0.003282198
2459899.8762827213,0.0014717579,0.0032792767
2459899.877671591,-0.0046227574,0.003276747
2459899.879060461,-0.0006992221,0.0032789058
2459899.880449331,-0.0027484298,0.0032786874
2459899.8818382006,0.0023988485,0.003280518
2459899.8832270703,-0.0055603385,0.0032755348
2459899.88461594,-0.0010327697,0.0032772159
2459899.8860048098,0.0003669262,0.0032773886
2459899.8873936795,-0.00051373243,0.0032784347
2459899.888782549,-0.003297031,0.0032761164
2459899.890171419,0.0013093948,0.0032788923
2459899.891560289,-0.00045865774,0.0032776115
2459899.8929491583,-0.0009763837,0.0032763185
2459899.8943380285,-0.0034674406,0.0032751535
2459899.8957268978,0.0043678284,0.0032796133
2459899.897115768,-0.003276825,0.0032732163
2459899.8985046376,0.00096058846,0.0032780657
2459899.8998935074,0.0004683733,0.0032778645
2459899.901282377,-0.00082057714,0.003278284
2459899.902671247,-0.0012660623,0.0032754121
2459899.9040601165,0.000505805,0.0032776226
2459899.905448986,-0.0039162636,0.0032775435
2459899.906837856,0.009997487,0.0032850134
2459899.9082267256,-0.0011547208,0.0032772864
2459899.9096155954,0.0048983097,0.0032795842
2459899.911004465,-0.003141582,0.0032792112
2459899.912393335,0.005128145,0.0032797044
2459899.9137822045,0.0009799004,0.0032827428
2459899.915171074,0.0058573484,0.0032804376
2459899.916559944,7.069111e-05,0.0032775751
2459899.9179488136,-0.0022252798,0.0032748554
2459899.9193376834,-0.0036326647,0.0032777751
2459899.920726553,-0.0048848987,0.0032748866
2459899.922115423,0.0021271706,0.0032804622
2459899.9235042925,-0.0010290742,0.0032760415
2459899.924893162,0.0022189617,0.0032808555
2459899.926282032,0.0029190779,0.0032794843
2459899.9276709016,0.0024894476,0.0032792161
2459899.9290597714,-0.0052574873,0.0032758994
2459899.930448641,0.0014863014,0.0032792208
2459899.931837511,-0.0016807318,0.00327868
2459899.9332263805,0.0027747154,0.003277087
2459899.93461525,-0.0019107461,0.00327738
2459899.93600412,0.0019314289,0.0032766454
2459899.937392989,-0.0042152405,0.0032758382
2459899.938781859,0.001973033,0.003278708
2459899.940170729,-0.0018106699,0.0032781723
2459899.9415595983,3.4451485e-05,0.003277261
2459899.942948468,0.00023150444,0.003283162
2459899.9443373377,-0.0045489073,0.0032743288
2459899.9457262075,0.0025001764,0.0032808192
2459899.947115077,-0.0021848679,0.0032785009
2459899.948503947,-0.0021989346,0.0032776752
2459899.949892816,-0.0015718341,0.0032793132
2459899.9512816863,0.002013564,0.0032785858
2459899.952670556,-0.0036437511,0.0032773963
2459899.9540594253,9.8228455e-05,0.0032799619
2459899.955448295,-0.0037876368,0.003275153
2459899.9568371647,-0.0013346672,0.0032785789
2459899.9582260344,-0.00040185452,0.0032805447
2459899.959614904,0.0021297932,0.0032807004
2459899.961003774,0.00052678585,0.003280213
2459899.9623926436,0.0015128851,0.00327945
2459899.963781513,-0.0042113066,0.0032741828
2459899.9651703825,-0.00011539459,0.0032797449
2459899.9665592522,0.0038084984,0.0032792191
2459899.967948122,-0.009650767,0.0032734664
2459899.969336991,-0.0026384592,0.0032756547
2459899.9707258614,0.0014597178,0.0032781067
2459899.972114731,-0.006235361,0.0032763793
2459899.9735036003,0.0004119873,0.003280321
2459899.97489247,-0.00057321787,0.0032790855
2459899.97628134,-0.0029304624,0.0032779116
2459899.9776702095,-0.0002914667,0.0032821756
2459899.9790590787,-0.0061083436,0.003277143
2459899.9804479484,0.00097608566,0.0032821337
2459899.981836818,0.0018471479,0.003279417
2459899.983225688,-0.0012038946,0.003275665
2459899.9846145576,-0.00078201294,0.0032763018
2459899.986003427,-0.0010404587,0.0032783253
2459899.9873922965,-0.0017451048,0.0032750247
2459899.9887811663,-0.0035629869,0.0032790147
2459899.990170036,-0.002923727,0.003278018
2459899.991558905,-0.0012670159,0.0032759765
2459899.992947775,-0.004518509,0.0032747956
2459899.9943366447,0.0018942356,0.0032842213
2459899.995725514,-0.0012476444,0.003275611
2459899.9971143836,-0.0018038154,0.003276584
2459899.9985032533,-0.0016515255,0.0032777574
2459899.999892123,-0.0030454993,0.0032772282
2459900.0012809923,-0.004981518,0.0032745604
2459900.002669862,-0.004076183,0.0032769442
2459900.0040587317,0.0024021864,0.0032801013
2459900.005447601,-0.0012227297,0.003278212
2459900.0068364707,-0.0023696423,0.0032764238
2459900.0082253404,0.00498116,0.0032852245
2459900.00961421,0.0014157295,0.0032784713
2459900.0110030794,0.0011518002,0.0032817635
2459900.012391949,-0.002590716,0.0032769751
2459900.0137808183,-0.0016109347,0.0032740333
2459900.015169688,0.0011121035,0.0032777316
2459900.0165585577,-0.004913211,0.0032743888
2459900.0179474275,0.005086899,0.0032801074
2459900.0193362967,0.00081527233,0.003279701
2459900.0207251664,-0.002078116,0.0032771954
2459900.022114036,-0.0012844801,0.0032809563
2459900.0235029054,-0.008601069,0.0032729118
2459900.024891775,0.0023163557,0.0032783812
2459900.026280645,0.004951358,0.003279478
2459900.027669514,-0.0027908683,0.0032825982
2459900.029058384,-0.0005238652,0.0032806175
2459900.030447253,-0.00077575445,0.0032767516
2459900.0318361227,-0.006692648,0.0032764624
2459900.033224992,0.0037474632,0.0032796043
2459900.0346138617,-0.0012987852,0.003276866
2459900.0360027314,-0.0022727847,0.0032772042
2459900.0373916007,-0.0027674437,0.0032767986
2459900.0387804704,0.007529855,0.0032812317
2459900.0401693396,0.0024645329,0.0032794063
2459900.0415582093,0.0005732775,0.0032819412
2459900.042947079,0.0010271072,0.0032772922
2459900.0443359483,-0.006541431,0.0032757884
2459900.045724818,-1.5318394e-05,0.0032778943
2459900.0471136873,-0.002162397,0.003278911
2459900.048502557,0.0018224716,0.0032767719
2459900.0498914267,0.00067305565,0.0032771064
2459900.051280296,0.0024160147,0.0032788652
2459900.0526691657,0.0016869307,0.0032789186
2459900.054058035,0.0036780834,0.0032795607
2459900.0554469046,0.0040671825,0.003279865
2459900.056835774,-0.0018220544,0.0032761379
2459900.0582246436,0.00533545,0.0032803316
2459900.059613513,0.002421856,0.003279503
2459900.0610023825,-0.0030799508,0.0032775844
2459900.062391252,-0.0031132698,0.0032741455
2459900.0637801215,0.004088998,0.0032794555
2459900.0651689908,0.0030852556,0.0032794583
2459900.0665578605,-0.0020964146,0.0032776291
2459900.06794673,0.002947688,0.0032808206
2459900.0693355994,-0.00075757504,0.00328119
2459900.070724469,-0.0018805265,0.003276274
2459900.0721133384,-0.0026751757,0.0032758177
2459900.0735022076,-3.683567e-05,0.003280579
2459900.0748910774,0.0023056269,0.0032797614
2459900.0762799466,-0.0009937286,0.0032794136
2459900.0776688163,-2.193451e-05,0.0032775942
2459900.0790576856,-0.00065362453,0.0032777297
2459900.0804465553,-0.0015751123,0.003277407
2459900.0818354245,-0.0021409988,0.0032782936
2459900.0832242942,-0.0051229,0.003275417
2459900.0846131635,0.0004402399,0.0032791062
2459900.086002033,0.0021090508,0.0032786252
2459900.0873909025,-0.002059102,0.003279592
2459900.0887797717,-0.0037529469,0.0032746738
2459900.0901686414,0.0060048103,0.0032844397
2459900.0915575107,0.0052064657,0.003280936
2459900.0929463804,-0.0006682277,0.0032802424
2459900.0943352496,0.0042915344,0.003281815
2459900.095724119,-0.0008266568,0.0032776596
2459900.0971129886,-0.0028938055,0.0032765064
2459900.098501858,0.000218153,0.0032784932
2459900.0998907275,0.0042870045,0.0032831025
2459900.101279597,0.0019907951,0.003281259
2459900.1026684665,0.0021344423,0.0032793994
2459900.1040573358,0.0041941404,0.003281016
2459900.105446205,0.0026419163,0.0032819335
2459900.1068350743,-0.0032292008,0.0032784522
2459900.108223944,-0.004400909,0.0032759919
2459900.109612813,0.002272129,0.0032800196
2459900.111001683,0.0025166273,0.0032781307
2459900.112390552,0.00437212,0.003280627
2459900.1137794214,-0.0013728142,0.0032783265
2459900.115168291,-0.005582273,0.0032749414
2459900.1165571604,-2.8133392e-05,0.0032770252
2459900.1179460296,-0.00350976,0.0032804061
2459900.119334899,-0.002825141,0.003277805
2459900.1207237686,-0.0025571585,0.0032760117
2459900.122112638,0.0015034676,0.0032786524
2459900.123501507,0.0018613338,0.0032788182
2459900.124890377,0.0012606382,0.0032812692
2459900.126279246,-0.0019812584,0.0032767272
2459900.1276681153,0.007213354,0.0032812746
2459900.129056985,2.8014183e-05,0.0032786066
2459900.1304458543,-0.0025309324,0.0032751062
2459900.131834724,-0.0031414628,0.0032772159
2459900.1332235932,0.0004105568,0.0032782927
2459900.1346124625,-0.0010602474,0.0032747313
2459900.1360013317,0.0009921789,0.003279666
2459900.137390201,-0.0029138923,0.0032781893
2459900.13877907,0.0015345812,0.00328032
2459900.14016794,0.004887104,0.0032807984
2459900.141556809,0.00085258484,0.0032784007
2459900.1429456784,0.00030457973,0.0032799353
2459900.144334548,0.0012148619,0.0032787137
2459900.1457234174,0.0013602972,0.0032807318
2459900.1471122866,-0.00068217516,0.0032811575
2459900.148501156,0.0014920235,0.0032782317
2459900.1498900256,-0.0044911504,0.0032737912
2459900.151278895,0.0034381151,0.0032792403
2459900.152667764,-0.0011307001,0.003276845
2459900.1540566334,0.00409317,0.0032807142
2459900.1554455026,0.003038168,0.0032801887
2459900.1568343723,0.0049409866,0.003278388
2459900.1582232416,0.0052689314,0.0032781954
2459900.159612111,0.00028383732,0.0032799947
2459900.16100098,0.0034695864,0.0032816113
2459900.1623898493,-0.0006328225,0.0032780373
2459900.163778719,0.004940033,0.0032813647
2459900.1651675883,-0.0023992062,0.003278254
2459900.1665564575,0.0034925938,0.0032799486
2459900.167945327,0.00296247,0.0032774757
2459900.169334196,-0.003129661,0.0032760752
2459900.1707230653,-0.0073590875,0.003274423
2459900.172111935,0.001019001,0.0032799721
2459900.1735008038,-0.0041371584,0.0032764701
2459900.1748896735,-0.008624017,0.0032747742
2459900.1762785427,-0.00080513954,0.0032767623
2459900.177667412,-0.0039761066,0.003275614
2459900.179056281,0.00036752224,0.00327707
2459900.1804451505,-0.0005656481,0.0032785193
2459900.1818340197,-0.0005854368,0.0032754976
2459900.183222889,0.0023360252,0.0032820296
2459900.1846117587,0.00184834,0.0032796105
2459900.186000628,-0.0025300384,0.0032740468
2459900.187389497,-0.00096035004,0.0032814033
2459900.1887783664,0.005550146,0.003279689
2459900.1901672357,0.0007724762,0.0032809656
2459900.191556105,-0.0015175939,0.0032775537
2459900.192944974,0.0016525984,0.0032783307
2459900.1943338434,-0.0040645003,0.003274233
2459900.195722713,0.00057566166,0.0032800157
2459900.197111582,-0.00037491322,0.0032766873
2459900.1985004516,0.002004385,0.003279582
2459900.1998893204,-0.002826333,0.0032782492
2459900.20127819,-0.0016086102,0.0032777956
2459900.202667059,-0.001101315,0.0032783602
2459900.2040559286,0.0018421412,0.0032780974
2459900.2054447974,-0.0037003756,0.0032791449
2459900.206833667,-0.0009301901,0.0032800043
2459900.2082225364,0.000349164,0.0032821018
2459900.2096114056,0.0034154654,0.0032792273
2459900.211000275,0.0015432835,0.003280828
2459900.212389144,0.0011383295,0.0032795107
2459900.2137780134,0.0034012794,0.0032825114
2459900.2151668826,-0.00229913,0.0032768606
2459900.216555752,0.0011326075,0.0032791113
2459900.217944621,0.0008522272,0.0032780543
2459900.2193334904,0.0030578375,0.0032816192
2459900.2207223596,0.0007392168,0.0032790618
2459900.222111229,0.00065791607,0.0032764869
2459900.223500098,-0.0023114681,0.0032765674
2459900.2248889674,-0.009447336,0.0032728093
2459900.2262778366,0.00090420246,0.0032777002
2459900.227666706,-0.0026645064,0.0032748645
2459900.229055575,0.0005337,0.0032801144
2459900.2304444443,-0.0024860501,0.0032784536
2459900.231833313,-0.0011134148,0.0032769449
2459900.233222183,0.004618764,0.0032827188
2459900.2346110516,-0.0021301508,0.0032767039
2459900.235999921,-0.002390623,0.003278978
2459900.23738879,0.0018401146,0.0032805009
2459900.2387776594,-0.0002670884,0.0032780748
2459900.2401665286,0.003753543,0.0032794639
2459900.241555398,-0.0018225312,0.0032777432
2459900.242944267,0.00030326843,0.0032768478
2459900.2443331364,0.0013921261,0.0032798615
2459900.2457220056,-0.002127409,0.0032759872
2459900.247110875,0.000682354,0.003276676
2459900.248499744,0.0029070377,0.0032807777
2459900.2498886134,-0.0011379123,0.00327616
2459900.251277482,0.002716422,0.003281457
2459900.2526663514,0.005117774,0.0032835598
2459900.2540552206,0.0043848753,0.0032814548
2459900.25544409,-0.00019860268,0.0032760254
2459900.256832959,0.0010935068,0.0032800944
2459900.2582218284,-0.0076812506,0.0032752457
2459900.2596106976,0.0025440454,0.0032787607
2459900.2609995664,0.00022888184,0.0032793412
2459900.2623884357,-0.003698051,0.0032774599
2459900.263777305,-0.00053459406,0.0032780343
2459900.265166174,-0.005897641,0.0032750815
2459900.2665550434,0.00024998188,0.0032757963
2459900.2679439127,0.003879428,0.003282359
2459900.2693327814,-0.0012640357,0.0032747032
2459900.2707216507,0.00032866,0.0032781148
2459900.27211052,-0.00021767616,0.003277126
2459900.273499389,-0.0032142997,0.0032764338
2459900.2748882584,-0.00041550398,0.0032792848
2459900.276277127,-0.002573669,0.003275487
2459900.2776659965,-0.00067800283,0.0032760825
2459900.2790548657,-0.0039306283,0.0032773174
2459900.280443735,0.003004551,0.0032806501
2459900.281832604,-0.0010070205,0.0032797828
2459900.283221473,-0.0026506782,0.0032779614
2459900.2846103422,-0.00036364794,0.0032775833
2459900.2859992115,-0.0073765516,0.0032755854
2459900.2873880807,0.00020670891,0.0032796548
2459900.2887769495,0.0039405823,0.003279524
2459900.2901658188,0.0007275343,0.0032766897
2459900.291554688,0.0054531097,0.0032795912
2459900.2929435573,-0.0025965571,0.0032768534
2459900.2943324265,0.00853765,0.003284029
2459900.2957212953,0.0006264448,0.0032753483
2459900.2971101645,0.0013024807,0.0032775053
2459900.298499034,-0.0025188327,0.0032775789
2459900.299887903,-0.00090551376,0.0032770978
2459900.301276772,-0.005660534,0.003274659
2459900.302665641,0.0019916296,0.0032772159
2459900.3040545103,0.0014389753,0.0032810366
2459900.305443379,-0.0012577772,0.0032782697
2459900.3068322483,0.0033237934,0.0032828287
2459900.3082211176,-0.004946351,0.0032761316
2459900.3096099864,0.0012917519,0.0032778846
2459900.3109988556,0.00122118,0.0032807784
2459900.312387725,-0.0045264363,0.0032743942
2459900.313776594,6.7949295e-05,0.003277865
2459900.315165463,0.0009996891,0.0032775549
2459900.316554332,0.001339078,0.0032798557
2459900.317943201,0.0004233122,0.0032781588
2459900.31933207,-0.00049448013,0.003277795
2459900.3207209394,0.00045585632,0.0032851216
2459900.322109808,-0.0044787526,0.0032749483
2459900.3234986775,0.0048205853,0.0032822448
2459900.3248875467,0.0015593767,0.003275681
2459900.326276416,-0.0026353002,0.0032774662
2459900.3276652847,-0.00046348572,0.0032767646
2459900.329054154,-0.0037030578,0.0032769262
2459900.330443023,-0.0007597804,0.0032831575
2459900.331831892,-0.0059717298,0.0032760778
2459900.333220761,0.00014567375,0.00328067
2459900.33460963,-0.0035598874,0.003272447
2459900.3359984993,-0.00089126825,0.0032759402
2459900.337387368,0.003581643,0.0032801726
2459900.3387762373,0.0017542839,0.0032787796
2459900.340165106,-0.0011352897,0.0032751975
2459900.3415539754,-0.00190413,0.003277319
2459900.342942844,-0.0018780828,0.0032768066
2459900.3443317134,9.357929e-05,0.0032768478
2459900.3457205826,-0.0065813065,0.0032745483
2459900.3471094514,-0.00076782703,0.0032781973
2459900.3484983207,-0.00036603212,0.0032782457
2459900.3498871895,-0.0029931664,0.003275806
2459900.3512760587,-0.0018456578,0.0032757279
2459900.3526649275,0.0039504766,0.003278392
2459900.3540537967,-0.005162716,0.003274779
2459900.355442666,-0.0026838183,0.003275131
2459900.3568315348,-0.00039803982,0.0032800513
2459900.358220404,-0.0018165112,0.0032746994
2459900.359609273,0.0002516508,0.0032794715
2459900.360998142,-0.0003848672,0.0032832017
2459900.362387011,-0.0017893314,0.0032747476
2459900.36377588,0.002537012,0.003276802
2459900.365164749,-0.0016829967,0.0032779917
2459900.366553618,0.003317237,0.0032789249
2459900.367942487,0.0028778315,0.0032787416
2459900.369331356,0.0010842085,0.0032765565
2459900.370720225,-0.0026518703,0.0032775858
2459900.372109094,-0.009546459,0.0032727818
2459900.373497963,0.0049910545,0.0032810902
2459900.3748868317,-0.003583312,0.0032763383
2459900.376275701,0.0006811619,0.0032860218
2459900.37766457,-0.0031705499,0.0032795703
2459900.379053439,0.00034880638,0.0032784415
2459900.3804423083,-0.0028415918,0.0032766375
2459900.381831177,-0.0029822588,0.003275271
2459900.383220046,0.0005122423,0.0032775518
2459900.384608915,0.0002411604,0.0032777372
2459900.385997784,-0.0015763044,0.0032791463
2459900.387386653,0.0026299953,0.003280314
2459900.388775522,0.0015895367,0.00327928
2459900.390164391,0.0046001673,0.0032804797
2459900.39155326,0.0010020733,0.0032780098
2459900.3929421287,-0.0016624331,0.0032760347
2459900.394330998,0.00087952614,0.003280091
2459900.3957198667,-0.003104508,0.003275089
2459900.3971087355,0.0009152889,0.0032824997
2459900.3984976048,0.0010890961,0.0032804583
2459900.399886474,0.0015302896,0.0032781383
2459900.401275343,-0.0021111965,0.0032762045
2459900.4026642116,0.0028090477,0.0032825489
2459900.4040530804,-0.0014504194,0.0032774552
2459900.4054419496,-0.0047519803,0.0032759109
2459900.4068308184,-0.0025425553,0.0032745465
2459900.4082196876,1.5258789e-05,0.0032801307
2459900.4096085564,-0.00056666136,0.003274341
2459900.410997425,-0.0031802654,0.003277475
2459900.4123862945,-0.005452931,0.0032760254
2459900.4137751632,-0.0043832064,0.0032760408
2459900.415164032,-0.0048975945,0.0032739788
2459900.416552901,-0.0031521916,0.0032768652
2459900.41794177,-0.00071036816,0.0032783486
2459900.4193306393,-0.0034512877,0.003277819
2459900.420719508,0.0031582117,0.003281066
2459900.422108377,0.0051699877,0.003282796
2459900.4234972456,0.003777504,0.0032810413
2459900.424886115,0.00016510487,0.0032784964
2459900.4262749837,0.0024547577,0.0032802178
2459900.4276638525,0.0029455423,0.0032776054
2459900.4290527212,0.0016129017,0.0032785947
2459900.4304415905,-0.0057882667,0.0032775335
2459900.4318304593,0.0036638975,0.0032796683
2459900.433219328,-0.0032070875,0.00327525
2459900.4346081973,-0.0005595684,0.0032766417
2459900.435997066,0.00024104118,0.0032794757
2459900.437385935,-0.007512927,0.0032740377
2459900.4387748037,-0.0068212748,0.003274191
2459900.440163673,0.0030318499,0.003282561
2459900.4415525417,-0.0006299615,0.0032783293
2459900.4429414105,-0.0017226338,0.003275195
2459900.4443302792,-0.0016254783,0.0032773707
2459900.445719148,-0.0042580366,0.0032772962
2459900.4471080173,-0.0017870069,0.0032804622
2459900.448496886,0.003046155,0.0032793398
2459900.449885755,-0.00085794926,0.0032747497
2459900.451274624,0.00051414967,0.003277472
2459900.452663493,-0.001154542,0.0032746508
2459900.4540523617,0.0006955862,0.0032804257
2459900.4554412304,0.0035158396,0.0032786054
2459900.456830099,0.0043900013,0.0032822744
2459900.458218968,-0.007913947,0.003277643
2459900.4596078373,-0.004086435,0.0032768052
2459900.460996706,0.00089645386,0.003278548
2459900.462385575,-0.005345106,0.0032758927
2459900.4637744436,0.0066159964,0.00328469
2459900.4651633124,-0.001726985,0.0032783358
2459900.4665521816,0.0019966364,0.0032797852
2459900.46794105,0.0020694733,0.0032799777
2459900.469329919,0.00081574917,0.0032806112
2459900.470718788,-0.006042123,0.003275686
2459900.4721076568,-0.0034934878,0.0032764275
2459900.4734965255,-0.0026415586,0.0032771153
2459900.4748853943,-0.00061297417,0.0032809952
2459900.4762742636,0.004130006,0.0032785248
2459900.4776631324,0.0004361868,0.0032758832
2459900.479052001,0.0039817095,0.0032786552
2459900.48044087,-0.0018399358,0.0032780436
2459900.4818297387,0.0011051893,0.003277129
2459900.4832186075,0.0008159876,0.0032794115
2459900.4846074763,-0.0031936169,0.0032772284
2459900.485996345,-0.0062787533,0.003274671
2459900.487385214,-0.0014498234,0.0032764636
2459900.488774083,-0.0048227906,0.0032775651
2459900.4901629514,0.001363039,0.003285011
2459900.4915518207,-0.0012200475,0.0032778967
2459900.492940689,0.0006519556,0.0032808313
2459900.494329558,0.0006465912,0.0032764806
2459900.495718427,-0.004907429,0.0032763528
2459900.497107296,-0.0030034184,0.0032740496
2459900.4984961646,0.0013610125,0.003278942
2459900.4998850334,0.004212022,0.0032794469
2459900.501273902,0.0022360086,0.0032818785
2459900.502662771,0.006288767,0.0032814324
2459900.5040516397,-0.0028150678,0.0032771302
2459900.5054405085,-0.0047740936,0.0032748368
2459900.5068293773,0.0019054413,0.00327909
2459900.508218246,-0.0035408735,0.0032785959
2459900.509607115,0.0008802414,0.003279618
2459900.5109959836,0.000182271,0.0032788743
2459900.5123848524,-0.00048804283,0.0032766166
2459900.513773721,0.0047727823,0.0032827253
2459900.5151625904,0.002703786,0.003279961
2459900.5165514587,0.0039328337,0.0032789204
2459900.5179403275,0.0022499561,0.0032811188
2459900.5193291963,-0.0019804835,0.0032828518
2459900.520718065,0.0043367147,0.0032821167
2459900.522106934,-0.0020987988,0.003277057
2459900.5234958027,-0.0016795993,0.0032775905
2459900.5248846714,0.0006457567,0.003277006
2459900.52627354,-0.0038839579,0.003281238
2459900.527662409,0.001876235,0.0032789214
2459900.529051278,0.0063170195,0.0032817214
2459900.5304401466,-2.1338463e-05,0.0032804564
2459900.5318290154,-0.0045491457,0.003275439
2459900.533217884,0.0009188652,0.003279695
2459900.534606753,0.0026254654,0.003279033
2459900.5359956217,0.00038182735,0.0032801868
2459900.5373844905,0.005167961,0.003282586
2459900.5387733593,0.0035533905,0.0032818238
2459900.540162228,-0.0018850565,0.0032778955
2459900.5415510964,-0.0030378103,0.0032796257
2459900.542939965,0.0024671555,0.0032829207
2459900.544328834,-0.0016511679,0.003276766
2459900.5457177027,-0.00062942505,0.003277983
2459900.5471065715,-0.0004184842,0.0032782804
2459900.5484954403,0.0024796724,0.0032774378
2459900.549884309,-0.0017514825,0.003276628
2459900.551273178,0.0056176186,0.0032840203
2459900.5526620466,-0.0011812449,0.0032776573
2459900.554050915,0.002625823,0.0032802122
2459900.5554397837,0.0011132956,0.0032789805
2459900.5568286525,-0.002281487,0.0032764983
2459900.5582175213,0.00053811073,0.0032818457
2459900.55960639,0.0027008057,0.0032815393
2459900.560995259,0.0042225122,0.0032828166
2459900.5623841276,0.0017063618,0.0032824362
2459900.563772996,0.0006611347,0.003278618
2459900.5651618647,-6.169081e-05,0.0032778622
2459900.5665507335,-0.004871607,0.0032765542
2459900.5679396023,-0.0005620122,0.0032797626
2459900.569328471,0.003996372,0.0032825188
2459900.5707173394,-0.002496183,0.0032806061
2459900.572106208,-0.0026503205,0.003279018
2459900.573495077,-0.0016177297,0.0032793009
2459900.5748839458,-0.00012409687,0.0032769642
2459900.5762728145,0.005210042,0.0032795796
2459900.5776616833,0.00014567375,0.003277756
2459900.5790505516,-0.00081145763,0.0032796357
2459900.5804394204,0.00061380863,0.0032785246
2459900.581828289,0.0012075901,0.0032776454
2459900.583217158,-0.0015503168,0.0032767286
2459900.5846060268,0.008751154,0.003284217
2459900.585994895,-0.0020316243,0.0032776934
2459900.587383764,0.00025475025,0.0032786683
2459900.588772632,-0.001154542,0.003277684
2459900.590161501,0.0012357235,0.0032783577
2459900.5915503697,0.0027725697,0.0032804222
2459900.5929392385,0.00233531,0.0032788655
2459900.5943281073,-0.00082188845,0.0032761774
2459900.5957169756,-0.0034974217,0.0032770871
2459900.5971058444,0.0036177635,0.0032795246
2459900.598494713,0.0019035339,0.0032789174
2459900.599883582,0.0028005838,0.0032768217
2459900.6012724503,0.0025119781,0.0032792434
2459900.602661319,-0.00076049566,0.003278682
2459900.604050188,0.0046420097,0.0032812345
2459900.605439056,0.0015999079,0.0032801793
2459900.606827925,5.722046e-06,0.0032807575
2459900.6082167937,-0.0034071803,0.0032751684
2459900.609605662,0.002503872,0.0032790327
2459900.610994531,1.0967255e-05,0.0032775765
2459900.6123833996,0.0031067133,0.0032812573
2459900.6137722684,0.0012345314,0.003280036
2459900.6151611367,-0.0006366372,0.0032800008
2459900.6165500055,-0.0039443374,0.0032753372
2459900.617938874,-0.0011311173,0.003276637
2459900.6193277426,7.4863434e-05,0.0032772727
2459900.6207166114,-0.0019135475,0.0032786648
2459900.6221054797,0.004514456,0.0032801726
2459900.6234943485,0.0020440817,0.0032800687
2459900.6248832173,-0.0011874437,0.0032770685
2459900.6262720856,-0.0026220083,0.0032770345
2459900.6276609544,-0.002550006,0.0032798103
2459900.629049823,0.003430009,0.003280057
2459900.6304386915,0.0006262064,0.0032771183
2459900.6318275603,0.00022113323,0.003280977
2459900.633216429,0.0041184425,0.00328287
2459900.6346052974,0.0067898035,0.0032798448
2459900.635994166,-0.0026500225,0.0032772175
2459900.6373830345,-0.00041037798,0.0032796345
2459900.6387719032,-0.0022830367,0.0032764361
2459900.6401607716,0.00065255165,0.0032788867
2459900.6415496403,0.0018405914,0.003278633
2459900.642938509,0.0031024218,0.0032829903
2459900.6443273774,0.0033961535,0.0032810336
2459900.645716246,-3.7252903e-05,0.0032793519
2459900.6471051145,0.0021357536,0.003279557
2459900.6484939833,0.0031843185,0.0032804164
2459900.6498828516,0.0011396408,0.003278921
2459900.6512717204,-0.000546813,0.0032774238
2459900.6526605887,0.00037932396,0.0032823188
2459900.6540494575,-0.00070756674,0.003275096
2459900.6554383263,0.0021270514,0.003278758
2459900.6568271946,0.001401186,0.003282709
2459900.6582160634,0.0030335188,0.0032794247
2459900.6596049317,0.0017366409,0.0032801619
2459900.6609938005,-0.0013860464,0.0032770592
2459900.662382669,-0.003979385,0.0032737444
2459900.663771537,0.0014916658,0.0032786652
2459900.665160406,0.007709384,0.0032820834
2459900.666549274,0.0027959347,0.0032779782
2459900.667938143,-0.0026775599,0.0032780098
2459900.6693270113,0.0010749102,0.0032781283
2459900.67071588,-0.0009797812,0.0032773337
2459900.6721047484,-0.0017680526,0.0032782934
2459900.673493617,-0.0012369156,0.0032798327
2459900.6748824855,-0.0024225116,0.0032780496
2459900.6762713543,-0.004378557,0.0032746205
2459900.6776602226,-0.0040697455,0.0032745844
2459900.6790490914,0.0042886734,0.0032821682
2459900.6804379597,-0.0005886555,0.0032779474
2459900.681826828,0.00048959255,0.0032783695
2459900.683215697,0.0001834631,0.0032801772
2459900.684604565,-0.00080925226,0.00327673
2459900.685993434,-0.003140092,0.0032777975
2459900.6873823022,-0.00071823597,0.0032760995
2459900.688771171,-0.0013396144,0.0032793272
2459900.6901600393,-0.00014263391,0.0032788548
2459900.6915489077,0.0026239157,0.0032782238
2459900.6929377764,0.0021728277,0.0032786669
2459900.6943266448,0.005952239,0.00328298
2459900.6957155135,-0.0035318732,0.0032747246
2459900.697104382,0.0046749115,0.00327964
2459900.69849325,0.0025764704,0.0032808445
2459900.699882119,0.0019773245,0.003278031
2459900.7012709873,-0.0019283295,0.0032771633
2459900.702659856,0.00094377995,0.0032784499
2459900.7040487244,0.0020498037,0.003280032
2459900.7054375927,-0.0031422973,0.0032749262
2459900.706826461,0.0050611496,0.0032804473
2459900.70821533,-0.0013278127,0.0032781062
2459900.7096041986,-0.0033771992,0.0032742738
2459900.710993067,-0.0017201304,0.003276378
2459900.712381935,0.0016716719,0.0032785437
2459900.7137708035,0.0006607771,0.0032785179
2459900.7151596723,-0.0023702383,0.0032780373
2459900.7165485406,-0.0011458993,0.0032775048
2459900.717937409,0.0018678904,0.003279279
2459900.7193262777,0.006025076,0.0032837272
2459900.720715146,0.001598835,0.00327975
2459900.7221040144,0.00057566166,0.0032833307
2459900.7234928827,0.003094554,0.0032791889
2459900.7248817515,-0.00031626225,0.003276808
2459900.72627062,8.4519386e-05,0.0032768422
2459900.727659488,-0.0040670037,0.003277892
2459900.729048357,-0.0010536313,0.0032788608
2459900.730437225,2.7298927e-05,0.0032834413
2459900.7318260935,2.3126602e-05,0.0032810594
2459900.733214962,-0.0011229515,0.0032780461
2459900.7346038306,-0.0026311874,0.0032773213
2459900.735992699,-0.0006901026,0.0032759118
2459900.7373815672,0.0013356209,0.0032777828
2459900.7387704356,-0.0015627146,0.0032762547
2459900.7401593043,-0.0053391457,0.003276456
2459900.7415481727,-0.0015422106,0.0032760242
2459900.742937041,-0.0010238886,0.0032781863
2459900.7443259098,0.0022717714,0.0032814294
2459900.745714778,-0.0024757981,0.0032752457
2459900.7471036464,-0.0030955076,0.0032757125
2459900.7484925147,-0.0010411143,0.0032799416
2459900.749881383,-0.0028682947,0.0032770645
2459900.751270252,-0.0025401115,0.0032789344
2459900.75265912,-0.0026925206,0.0032766561
2459900.7540479884,-0.0049291253,0.003277056
2459900.7554368568,0.00031399727,0.003279072
2459900.756825725,-0.0027595162,0.0032766915
2459900.7582145934,-0.0026635528,0.0032770582
2459900.759603462,4.3153763e-05,0.0032775963
2459900.7609923305,0.0033925772,0.0032796762
2459900.762381199,-0.0007635951,0.0032776322
2459900.763770067,-0.00016593933,0.0032780801
2459900.7651589355,0.0012602806,0.0032795614
2459900.766547804,-0.0033082366,0.0032774785
2459900.7679366725,-0.00015497208,0.003278708
2459900.769325541,0.0011054277,0.0032761085
2459900.770714409,0.0020838976,0.0032796445
2459900.7721032775,-0.0010102391,0.0032788236
2459900.773492146,0.0027682781,0.0032797721
2459900.774881014,-0.00045269728,0.0032812052
2459900.776269883,-0.002836883,0.0032757623
2459900.777658751,0.0009511709,0.003279403
2459900.7790476196,-0.004254639,0.0032790157
2459900.780436488,-0.0017853975,0.0032773064
2459900.781825356,-0.0036290288,0.003274859
2459900.7832142245,-0.00036752224,0.003281179
2459900.784603093,-0.0008690357,0.0032766685
2459900.785991961,0.0024206638,0.003278834
2459900.7873808295,-0.00040745735,0.0032769348
2459900.788769698,0.0030536652,0.0032817426
2459900.790158566,0.0008420944,0.0032794932
2459900.791547435,0.00041091442,0.0032796676
2459900.792936303,0.003585577,0.003278034
2459900.7943251715,0.000106573105,0.0032795898
2459900.79571404,-0.004024148,0.003275942
2459900.797102908,0.00015771389,0.003279586
2459900.7984917765,0.0014177561,0.0032789547
2459900.799880645,-0.0053485036,0.0032749614
2459900.801269513,-0.0011698008,0.0032796145
2459900.8026583814,0.0029549599,0.0032783002
2459900.8040472497,0.0023207664,0.0032792978
2459900.805436118,0.0005912781,0.0032795118
2459900.8068249864,-0.0025574565,0.0032781542
2459900.8082138547,-0.0010604858,0.0032763006
2459900.809602723,0.0066912174,0.0032811093
2459900.8109915913,0.0014671087,0.0032775644
2459900.8123804596,-0.0010430813,0.0032790755
2459900.813769328,0.005271554,0.0032789705
2459900.8151581963,-0.0014221668,0.0032773372
2459900.8165470646,0.009063363,0.0032856944
2459900.817935933,0.001283288,0.0032771826
2459900.819324801,0.000666976,0.0032829458
2459900.8207136695,0.00069761276,0.0032782769
2459900.822102538,9.179115e-06,0.0032776066
2459900.823491406,0.0060003996,0.0032831808
2459900.8248802745,0.0003466606,0.0032807563
2459900.826269143,0.0014039278,0.003279663
2459900.827658011,-0.002171278,0.0032755942
2459900.8290468794,-0.0012230873,0.003278688
2459900.8304357477,-0.0020997524,0.0032822895
2459900.8318246156,0.0013575554,0.0032788513
2459900.833213484,-0.0021899939,0.0032764112
2459900.834602352,0.00049710274,0.003279413
2459900.8359912205,0.001299262,0.0032792396
2459900.837380089,0.0024056435,0.003279317
2459900.838768957,-0.00012141466,0.003279647
2459900.8401578255,0.0004351139,0.0032818962
2459900.841546694,0.002898693,0.003279202
2459900.842935562,-0.0048342347,0.003275578
2459900.84432443,0.0026316643,0.00327761
2459900.845713299,0.0022975206,0.0032789255
2459900.847102167,-0.003855586,0.0032767004
2459900.848491035,-0.0013048053,0.003278049
2459900.8498799033,0.002064228,0.0032834325
2459900.8512687716,-0.00026494265,0.0032788715
2459900.85265764,-0.0003157854,0.0032768468
2459900.854046508,-0.0009869933,0.0032767789
2459900.8554353765,-0.0025740862,0.0032762792
2459900.856824245,-0.00081801414,0.0032795407
2459900.8582131127,-0.0044017434,0.0032739283
2459900.859601981,0.0006594658,0.0032778142
2459900.8609908493,0.008692503,0.003282492
2459900.8623797176,0.00045990944,0.0032790608
2459900.863768586,0.004134536,0.0032812832
2459900.8651574543,-0.0056527257,0.0032772818
2459900.866546322,-0.0024901628,0.0032757907
2459900.8679351904,-0.0017342567,0.0032739053
2459900.8693240588,-0.0024074316,0.0032777179
2459900.870712927,0.0016853809,0.0032771886
2459900.8721017954,7.56979e-05,0.0032805945
2459900.8734906632,-0.001254797,0.0032761572
2459900.8748795316,-0.0012224913,0.003278477
2459900.8762684,0.00012397766,0.0032788164
2459900.877657268,0.0010397434,0.0032773335
2459900.8790461365,0.00088334084,0.0032812608
2459900.8804350044,-0.0033479333,0.003275946
2459900.8818238727,-0.0028463006,0.003277187
2459900.883212741,-0.0030417442,0.0032791246
2459900.8846016093,-0.0012040734,0.0032778704
2459900.885990477,0.0040450096,0.0032816206
2459900.8873793455,6.41346e-05,0.0032806166
2459900.888768214,-0.0010457635,0.0032794839
2459900.8901570817,0.0061929226,0.003283583
2459900.89154595,0.0025860071,0.0032822657
2459900.8929348183,0.00072455406,0.0032790923
2459900.8943236866,-0.0051218867,0.0032751295
2459900.8957125545,-0.0020079017,0.0032764794
2459900.897101423,-6.401539e-05,0.0032813489
2459900.898490291,-0.003727436,0.003274745
2459900.8998791594,0.0014594793,0.0032803528
2459900.9012680273,-0.0028468966,0.0032768468
2459900.9026568956,0.0019432306,0.0032778692
2459900.904045764,-0.001545012,0.0032768648
2459900.9054346317,0.0012501478,0.0032799924
2459900.9068235,0.000666976,0.003280161
2459900.908212368,0.001481533,0.0032840536
2459900.909601236,0.0024096966,0.0032790871
2459900.9109901045,-0.0021125674,0.0032788222
2459900.912378973,-0.0024724603,0.0032801805
2459900.9137678407,0.00064229965,0.0032787677
2459900.915156709,-0.0024962425,0.0032786706
2459900.9165455773,-6.6161156e-05,0.0032775537
2459900.917934445,-0.00406909,0.0032759907
2459900.9193233135,-0.00050747395,0.0032822
2459900.920712182,-0.003170967,0.0032789896
2459900.9221010497,-0.00285846,0.0032759614
2459900.923489918,-0.005844474,0.0032755167
2459900.924878786,-0.0020923615,0.0032761213
2459900.926267654,-0.0011567473,0.0032771176
2459900.927656522,-0.0009783506,0.0032769244
2459900.9290453903,0.0042732954,0.0032803905
2459900.9304342587,0.004537463,0.0032803826
2459900.9318231265,-0.0035653114,0.0032780939
2459900.933211995,-0.0025413632,0.0032780403
2459900.934600863,-0.005369723,0.0032753034
2459900.935989731,-0.0012264252,0.0032773248
2459900.9373785993,5.9843063e-05,0.0032787477
2459900.938767467,-0.0017598271,0.0032773241
2459900.9401563355,-0.0043059587,0.003274452
2459900.9415452033,0.0006892681,0.0032798387
2459900.9429340716,0.0065749884,0.0032843035
2459900.94432294,-0.0024286509,0.0032750664
2459900.945711808,0.0010517836,0.0032800145
2459900.947100676,0.0012844801,0.0032784485
2459900.948489544,0.004516721,0.0032832935
2459900.9498784123,-0.00079607964,0.0032793577
2459900.95126728,-0.0012674332,0.0032781898
2459900.9526561485,-0.00060492754,0.0032813156
2459900.9540450163,0.0012793541,0.0032801956
2459900.9554338846,8.9883804e-05,0.003281125
2459900.9568227525,-0.001649797,0.0032768422
2459900.958211621,-0.0022005439,0.0032791207
2459900.9596004887,-0.0014817715,0.0032766832
2459900.960989357,-0.0024994612,0.003277017
2459900.962378225,-0.0014867187,0.0032787696
2459900.963767093,0.0050863028,0.0032811447
2459900.9651559615,0.0033574104,0.0032822376
2459900.9665448293,0.0025696754,0.0032793304
2459900.967933697,-0.0011334419,0.003278223
2459900.9693225655,0.0019789934,0.0032793635
2459900.9707114333,-0.0061045885,0.0032742338
2459900.972100301,0.0051566362,0.003281471
2459900.9734891695,-0.0075799227,0.0032718447
2459900.974878038,-0.0051164627,0.0032736335
2459900.9762669057,-0.0019783974,0.0032773605
2459900.977655774,0.001648426,0.003278126
2459900.979044642,0.0018413067,0.0032810215
2459900.9804335097,0.0067720413,0.0032822657
2459900.981822378,0.0053241253,0.0032832627
2459900.983211246,0.0042756796,0.003281901
2459900.984600114,-0.00015187263,0.0032773616
2459900.985988982,-0.00111866,0.003277604
2459900.9873778503,-0.0014982224,0.003278835
2459900.988766718,-0.006264746,0.0032756825
2459900.990155586,0.0009601116,0.0032789202
2459900.991544454,-0.0039827824,0.003275091
2459900.992933322,-0.0020296574,0.0032768573
2459900.99432219,-0.00689739,0.0032758957
2459900.9957110584,0.000120043755,0.00327738
2459900.997099926,0.0012372732,0.0032795416
2459900.998488794,0.0041974783,0.0032831978
2459900.9998776624,-0.0016248822,0.0032752939
2459901.0012665302,-0.002716899,0.003276776
2459901.0026553986,0.002705574,0.0032828026
2459901.0040442664,-0.0048996806,0.0032766126
2459901.0054331343,-6.3598156e-05,0.003279317
2459901.0068220026,-0.0036550164,0.003277263
2459901.0082108704,-0.0020375848,0.003277637
2459901.0095997383,0.0024392605,0.0032782126
2459901.0109886066,-0.0032410026,0.003276376
2459901.0123774745,-0.0037581325,0.0032782701
2459901.0137663423,0.0017840862,0.003279295
2459901.0151552106,0.002352953,0.0032821298
2459901.0165440785,0.0058317184,0.0032811558
2459901.0179329463,0.0010439157,0.0032785186
2459901.0193218146,-0.0011180639,0.0032765567
2459901.0207106825,-0.0011654496,0.003278089
2459901.0220995503,0.00031459332,0.0032781512
2459901.023488418,0.0005789995,0.0032791065
2459901.0248772865,-0.0007033944,0.0032780059
2459901.0262661544,0.00021219254,0.0032786191
2459901.027655022,0.002719283,0.0032797195
2459901.0290438905,0.0018199682,0.003279099
2459901.0304327584,-0.0016807318,0.0032780755
2459901.0318216262,-0.0011454821,0.0032794054
2459901.033210494,-0.0016465783,0.0032763598
2459901.0345993624,-0.0040972233,0.0032749202
2459901.0359882303,-0.00042158365,0.0032770531
2459901.037377098,-0.0006698966,0.0032761572
2459901.038765966,0.0011234283,0.003278097
2459901.040154834,0.0024377108,0.0032774843
2459901.041543702,0.0050694942,0.0032794452
2459901.04293257,-0.002875805,0.0032747276
2459901.044321438,-0.0014744997,0.003277309
2459901.0457103057,-0.0028278232,0.0032772028
2459901.047099174,-0.001162827,0.0032764473
2459901.048488042,0.00674057,0.0032804145
2459901.0498769097,0.0029802322,0.0032763933
2459901.0512657776,0.00561893,0.003282448
2459901.0526546454,0.0014324188,0.0032761197
2459901.0540435137,0.00036525726,0.0032776399
2459901.055432381,0.0028135777,0.0032818767
2459901.0568212494,-0.00019842386,0.003278734
2459901.0582101173,0.0030630827,0.003281338
2459901.059598985,0.0007596016,0.003278007
2459901.0609878534,-0.0028723478,0.0032779288
2459901.062376721,-0.00023537874,0.0032781549
2459901.063765589,-0.0012516379,0.0032779318
2459901.065154457,0.00036787987,0.0032785372
2459901.066543325,-0.000972569,0.0032770217
2459901.0679321927,-0.0035378933,0.0032736536
2459901.0693210606,-0.00036263466,0.0032791486
2459901.070709929,-0.0012828112,0.0032773886
2459901.0720987963,-0.0016665459,0.0032763719
2459901.0734876646,0.002266407,0.0032777477
2459901.0748765324,0.0030751228,0.0032801635
2459901.0762654003,-0.00175488,0.003276817
2459901.077654268,0.00048315525,0.0032787442
2459901.079043136,1.335144e-05,0.0032781314
2459901.080432004,0.00620687,0.0032823912
2459901.0818208717,0.0052757263,0.0032811328
2459901.0832097395,0.004041791,0.003279032
2459901.0845986074,0.006059766,0.00328266
2459901.0859874752,-0.0051738024,0.003276785
2459901.087376343,0.00688982,0.0032815184
2459901.0887652114,-0.0013383031,0.003278109
2459901.090154079,0.00071561337,0.0032796427
2459901.091542947,-0.00079476833,0.003277309
2459901.092931815,-0.00047695637,0.0032762203
2459901.094320683,-0.0024407506,0.003276073
2459901.0957095507,-0.0019993186,0.003279056
2459901.0970984185,0.00046920776,0.003279967
2459901.0984872864,0.006242752,0.0032848688
2459901.099876154,9.739399e-05,0.003277929
2459901.101265022,0.0046520233,0.0032814331
2459901.10265389,-0.0011953115,0.0032773113
2459901.104042758,0.00042295456,0.0032785777
2459901.1054316256,0.0027810335,0.003282548
2459901.1068204935,0.00093352795,0.003281629
2459901.1082093613,0.004595518,0.0032825733
2459901.109598229,0.0009803772,0.003280389
2459901.110987097,-0.00040340424,0.0032749209
2459901.112375965,0.006104827,0.0032794294
2459901.1137648327,-0.0021070838,0.003275472
2459901.1151537006,-0.0018875599,0.0032777546
2459901.1165425684,-0.00016361475,0.0032779842
2459901.1179314363,0.0007004738,0.0032805004
2459901.119320304,0.001950264,0.0032791216
2459901.120709172,-0.0025234222,0.0032762778
2459901.1220980394,-0.0033251643,0.003278728
2459901.1234869077,0.0028202534,0.0032801714
2459901.1248757755,0.0037406683,0.003282845
2459901.126264643,-0.00025987625,0.0032774038
2459901.1276535112,-0.002246499,0.0032759586
2459901.1290423786,0.0009949207,0.0032780892
2459901.1304312465,-0.00083476305,0.003278365
2459901.1318201143,0.0018006563,0.0032791938
2459901.133208982,0.002903819,0.003278821
2459901.13459785,-0.00046664476,0.0032802734
2459901.135986718,0.0073359013,0.0032826185
2459901.1373755857,-0.0013970137,0.0032765479
2459901.1387644536,-0.0007612705,0.0032765097
2459901.1401533214,0.00064122677,0.0032801402
2459901.141542189,-0.00047248602,0.0032767628
2459901.1429310567,0.0029292107,0.00327971
2459901.1443199245,-0.004019499,0.003274891
2459901.1457087924,0.0016796589,0.003280386
2459901.14709766,0.000805974,0.003277838
2459901.148486528,0.0035319328,0.0032789377
2459901.149875396,-1.8179417e-05,0.0032771851
2459901.1512642633,-0.0010849833,0.0032776906
2459901.152653131,-0.0043740273,0.0032757279
2459901.154041999,0.0070289373,0.003282912
2459901.155430867,-0.0002130866,0.00327753
2459901.1568197347,0.00028324127,0.0032797174
2459901.1582086026,0.002428174,0.0032806688
2459901.1595974704,0.0013318062,0.0032795952
2459901.160986338,0.004905224,0.0032804322
2459901.1623752057,-0.0012090206,0.0032792364
2459901.1637640735,0.001159668,0.0032791586
2459901.1651529414,-0.00774616,0.0032742377
2459901.166541809,-0.0040580034,0.0032826988
2459901.1679306766,0.0067002773,0.0032838674
2459901.1693195445,0.0016348362,0.0032812357
2459901.1707084123,0.0029273033,0.003282396
2459901.17209728,-0.0042490363,0.0032771803
2459901.1734861475,0.0033768415,0.0032805237
2459901.1748750154,0.0032422543,0.003280517
2459901.1762638832,0.0006483793,0.0032778026
2459901.177652751,-0.0007919073,0.0032762208
2459901.179041619,-0.007483661,0.00327728
2459901.1804304863,-0.0036803484,0.0032759581
2459901.181819354,-0.0008434653,0.0032770243
2459901.183208222,-0.0014443994,0.0032780515
2459901.18459709,0.0028742552,0.003281099
2459901.1859859573,-0.0027332306,0.003278918
2459901.187374825,0.003217578,0.0032778156
2459901.188763693,-0.001634419,0.00327712
2459901.1901525604,0.0027707815,0.003280915
2459901.191541428,0.0008575916,0.0032797225
2459901.192930296,0.0026704073,0.0032813626
2459901.194319164,-0.0048736334,0.003273389
2459901.1957080313,-0.002473712,0.003278841
2459901.197096899,-0.0012496114,0.0032791153
2459901.198485767,0.00058853626,0.0032763148
2459901.1998746344,0.0005573034,0.0032798974
2459901.2012635022,-0.0022836328,0.0032770932
2459901.20265237,0.0031641722,0.0032779877
2459901.2040412375,0.0022524595,0.0032804462
2459901.2054301053,-0.0012189746,0.0032757476
2459901.206818973,-0.0019689798,0.003275982
2459901.208207841,-9.1671944e-05,0.003276789
2459901.2095967084,-0.001219511,0.003277824
2459901.2109855763,-0.001524508,0.0032786834
2459901.2123744437,-0.00385046,0.0032759588
2459901.2137633115,0.0013262033,0.0032795314
2459901.215152179,0.004192114,0.0032829498
2459901.2165410467,-0.001308322,0.0032771747
2459901.2179299146,0.0068559647,0.0032855023
2459901.219318782,0.00040102005,0.0032800364
2459901.22070765,-0.0013801455,0.0032800229
2459901.2220965177,-0.0033943057,0.0032779092
2459901.223485385,0.004349351,0.0032802683
2459901.224874253,-0.0025173426,0.0032767833
2459901.226263121,-0.0028686523,0.0032766445
2459901.227651988,0.007350445,0.003281901
2459901.229040856,0.0015580654,0.0032791595
2459901.230429724,-0.004432678,0.0032753204
2459901.2318185912,0.0025895834,0.0032784333
2459901.233207459,-0.004005313,0.003276653
2459901.2345963265,-0.0009433031,0.0032788287
2459901.2359851943,0.0046463013,0.003279187
2459901.2373740617,-0.0011865497,0.003280139
2459901.2387629296,-0.0016080141,0.0032793325
2459901.240151797,-0.002931416,0.003281378
2459901.241540665,0.00026643276,0.0032767341
2459901.2429295327,0.003744483,0.0032811076
2459901.2443184,0.0002630949,0.0032823738
2459901.245707268,0.0008701086,0.0032809046
2459901.2470961353,-0.0039812922,0.0032756957
2459901.248485003,-0.00244236,0.0032778126
2459901.2498738705,-0.0004030466,0.0032806285
2459901.251262738,-0.003496766,0.0032784757
2459901.2526516058,0.0036940575,0.0032820215
2459901.254040473,-0.004843056,0.003272848
2459901.255429341,0.008813262,0.0032835256
2459901.2568182084,0.0038286448,0.0032802564
2459901.258207076,0.005928278,0.003282633
2459901.2595959436,-0.0026632547,0.0032774517
2459901.2609848115,0.0027401447,0.00328198
2459901.2623736793,0.0035020113,0.0032778054
2459901.2637625467,0.00016331673,0.0032814592
2459901.2651514146,0.0049242973,0.0032798739
2459901.266540282,0.0001437664,0.0032797402
2459901.2679291493,0.0014802217,0.0032783374
2459901.269318017,-0.0015140176,0.0032786336
2459901.2707068846,0.005132079,0.0032822143
2459901.2720957524,0.008380413,0.003283168
2459901.27348462,-0.0032112598,0.003273943
2459901.2748734877,0.0018401146,0.003281063
2459901.276262355,0.0007659197,0.0032814662
2459901.2776512224,0.00042021275,0.0032761982
2459901.2790400903,-0.002980411,0.003277957
2459901.2804289577,0.0017266273,0.0032795498
2459901.281817825,-0.00020325184,0.0032777633
2459901.283206693,0.0002104044,0.003278672
2459901.2845955607,0.0026295185,0.0032786534
2459901.285984428,0.00018465519,0.0032818343
2459901.2873732955,0.00073492527,0.0032803218
2459901.288762163,0.00019073486,0.0032790732
2459901.2901510308,0.004702449,0.0032782655
2459901.291539898,-0.0013734102,0.0032780992
2459901.292928766,-0.0064035654,0.003278316
2459901.2943176334,0.006317258,0.0032821535
2459901.2957065008,0.0013865232,0.0032799686
2459901.2970953686,0.003906846,0.003280925
2459901.298484236,-0.0070412755,0.0032743518
2459901.299873104,0.0034788847,0.0032788217
2459901.3012619712,0.0038746595,0.003280111
2459901.3026508386,-0.0015018582,0.0032793214
2459901.3040397065,-0.0010847449,0.0032776885
2459901.305428574,0.001516819,0.0032803335
2459901.3068174412,0.001270771,0.003279285
2459901.3082063086,0.0024249554,0.0032815859
2459901.3095951765,0.00022983551,0.0032782848
2459901.310984044,0.003997326,0.0032809563
2459901.3123729113,-0.0023041964,0.003275953
2459901.3137617786,-0.0018923283,0.0032796767
2459901.3151506465,0.0063740015,0.003281997
2459901.316539514,0.0028090477,0.003279564
2459901.3179283813,0.0048503876,0.0032814972
2459901.319317249,0.0030207634,0.0032802192
2459901.3207061165,0.0012797117,0.003279668
2459901.322094984,0.0020815134,0.003279051
2459901.3234838513,0.003460765,0.003279434
2459901.324872719,7.927418e-05,0.003279473
2459901.3262615865,0.0024915934,0.0032825377
2459901.327650454,-0.001488924,0.0032790983
2459901.3290393217,0.0033413172,0.0032779556
2459901.330428189,-0.00082188845,0.0032763632
2459901.3318170565,0.0005810261,0.003277962
2459901.333205924,0.0035014153,0.0032793598
2459901.3345947918,-0.00082314014,0.003277165
2459901.335983659,0.0007648468,0.0032750654
2459901.3373725265,0.00046420097,0.0032779013
2459901.338761394,-0.0029152632,0.003278364
2459901.3401502613,0.005198598,0.0032815342
2459901.341539129,0.000344038,0.003279966
2459901.3429279965,0.000110030174,0.0032796152
2459901.344316864,0.0047410727,0.0032801374
2459901.3457057313,0.0024391413,0.0032799079
2459901.3470945987,-0.0044052005,0.0032757192
2459901.3484834665,-5.632639e-05,0.0032792427
2459901.349872334,-0.0024545789,0.003275154
2459901.3512612013,0.0013805628,0.0032800927
2459901.3526500687,0.0016742945,0.0032784522
2459901.354038936,0.005852461,0.0032809372
2459901.3554278035,0.0036067963,0.003279452
2459901.3568166713,0.0051106215,0.003280696
2459901.3582055387,0.0019885302,0.0032820392
2459901.359594406,-0.0011970401,0.0032755672
2459901.3609832735,-0.0054301023,0.003275606
2459901.362372141,-0.0040591955,0.0032759644
2459901.3637610083,0.0010471344,0.0032785505
2459901.3651498756,-0.0025483966,0.0032741104
2459901.3665387435,-0.00031483173,0.0032794017
2459901.367927611,-0.0006851554,0.0032796124
2459901.3693164783,0.0054023266,0.0032817372
2459901.3707053456,9.9658966e-05,0.0032800974
2459901.372094213,-0.0030044317,0.0032770091
2459901.3734830804,-0.0011390448,0.0032796299
2459901.374871948,0.0017485619,0.0032814008
2459901.376260815,-0.00079488754,0.003276972
2459901.3776496826,-0.00045096874,0.003277364
2459901.37903855,-0.0006890893,0.0032789716
2459901.380427418,0.000698328,0.0032781542
2459901.381816285,-0.0039287806,0.0032755544
2459901.3832051526,0.00024104118,0.0032777865
2459901.38459402,-0.006318629,0.003277263
2459901.3859828874,-0.003996134,0.0032767444
2459901.3873717547,0.001718998,0.003281671
2459901.388760622,0.0037180185,0.0032801037
2459901.3901494895,-0.002772212,0.0032745753
2459901.391538357,-0.005253017,0.0032758494
2459901.3929272243,-0.002470553,0.003276468
2459901.3943160917,-0.0045509934,0.0032758163
2459901.395704959,-0.0012072921,0.0032783307
2459901.3970938264,-2.8669834e-05,0.0032787556
2459901.398482694,0.0009114742,0.0032770208
2459901.399871561,0.00045382977,0.0032835852
2459901.4012604286,-0.00068324804,0.003277505
2459901.402649296,0.0006438494,0.003279173
2459901.4040381634,-0.004303992,0.0032777581
2459901.4054270308,3.0636787e-05,0.003282118
2459901.406815898,0.0018918514,0.0032789174
2459901.4082047655,0.0009986162,0.0032782583
2459901.409593633,0.00017261505,0.0032787377
2459901.4109825003,0.0018244982,0.0032777302
2459901.4123713677,-0.0013851523,0.0032746796
2459901.413760235,0.00465858,0.003280677
2459901.4151491025,0.00025701523,0.0032765146
2459901.41653797,0.005610466,0.0032792636
2459901.417926837,-0.0015230775,0.0032822161
2459901.419315704,0.002421856,0.00328223
2459901.420704572,-0.0029907823,0.0032808639
2459901.4220934394,0.00015223026,0.0032782254
2459901.4234823063,0.0030640364,0.0032804976
2459901.424871174,-0.0018066764,0.0032803707
2459901.426260041,0.0002809763,0.0032824406
2459901.4276489085,0.0006079674,0.0032776864
2459901.429037776,0.0024557114,0.003279043
2459901.430426643,0.0034855604,0.0032809284
2459901.4318155106,0.0006672144,0.0032795311
2459901.433204378,0.0030913353,0.0032791344
2459901.4345932454,0.0007157326,0.0032799044
2459901.4359821123,0.000880003,0.0032791472
2459901.43737098,-0.0020591617,0.0032769663
2459901.438759847,0.0032066107,0.0032825577
2459901.4401487145,0.0018312931,0.0032792327
2459901.441537582,-0.00026482344,0.003278605
2459901.4429264492,-0.00016021729,0.0032787072
2459901.4443153166,0.0037891865,0.003280364
2459901.445704184,-0.0003851056,0.003282191
2459901.4470930514,-0.00047558546,0.0032788585
2459901.4484819183,-0.00073099136,0.0032818695
2459901.4498707857,-0.002334416,0.0032774955
2459901.451259653,0.0018326044,0.0032786534
2459901.4526485205,0.008613348,0.0032849184
2459901.454037388,0.00036883354,0.0032765698
2459901.455426255,0.00083756447,0.0032791246
2459901.456815122,0.0012491941,0.0032817158
2459901.4582039895,0.000998497,0.0032812455
2459901.459592857,-0.0010180473,0.0032765577
2459901.4609817243,-0.0040513873,0.0032769577
2459901.4623705917,0.0042973757,0.0032804904
2459901.463759459,-0.0020285249,0.0032779744
2459901.465148326,-0.0002797246,0.0032772466
2459901.4665371934,-0.0013468266,0.0032755835
2459901.467926061,-0.0009537935,0.0032758748
2459901.469314928,-0.0042470694,0.0032785344
2459901.470703795,-0.0034503937,0.0032785423
2459901.4720926625,-0.0019728541,0.0032774757
2459901.4734815294,-0.0023436546,0.0032781463
2459901.474870397,0.0011365414,0.0032785856
2459901.476259264,0.0038183928,0.0032822925
2459901.4776481315,-0.0016282797,0.003279537
2459901.479036999,-0.0031999946,0.0032773346
2459901.480425866,-0.0014755726,0.0032803346
2459901.4818147332,0.005816102,0.0032854348
2459901.4832036006,0.0019557476,0.0032783763
2459901.484592468,0.0027797222,0.003280945
2459901.485981335,0.0019333363,0.0032770531
2459901.4873702023,-0.004339695,0.0032773789
2459901.4887590697,0.0014923811,0.0032787044
2459901.4901479366,-0.0010553002,0.0032788585
2459901.491536804,-0.00042062998,0.0032786224
2459901.4929256714,-0.0004249215,0.0032795835
2459901.4943145383,-0.0077366233,0.0032731555
2459901.4957034057,0.0021448135,0.0032805447
2459901.497092273,0.0025976896,0.0032796473
2459901.4984811405,0.0052984953,0.00327946
2459901.4998700074,0.0014805794,0.0032770205
2459901.501258875,0.0062280893,0.0032832162
2459901.5026477417,-0.0008094311,0.0032745772
2459901.504036609,-0.005725622,0.0032742068
2459901.5054254765,0.00076007843,0.0032785062
2459901.5068143434,0.0008355379,0.0032799228
2459901.508203211,0.0014859438,0.00328023
2459901.509592078,-0.0015755296,0.0032754454
2459901.510980945,-0.0020720959,0.003280162
2459901.5123698125,0.0019402504,0.0032820518
2459901.51375868,0.0018401146,0.0032808618
2459901.515147547,0.0021305084,0.0032817947
2459901.516536414,-0.00019139051,0.003278549
2459901.5179252815,-0.0017336607,0.0032772028
2459901.5193141485,7.748604e-06,0.0032787246
2459901.520703016,0.00220716,0.0032817351
2459901.522091883,0.003715396,0.003280664
2459901.52348075,0.0020879507,0.0032787737
2459901.524869617,-0.0016182661,0.003279202
2459901.5262584845,-0.002052486,0.0032793889
2459901.527647352,-0.00086683035,0.0032767577
2459901.5290362188,-0.0013639927,0.0032795055
2459901.530425086,-0.00034350157,0.0032780028
2459901.531813953,0.005474806,0.0032832173
2459901.5332028205,0.007074237,0.0032817
2459901.5345916874,0.0006095171,0.0032798685
2459901.5359805548,-0.0020794868,0.003277799
2459901.5373694217,0.007493973,0.0032823598
2459901.538758289,0.004655719,0.0032817232
2459901.5401471565,0.0018262863,0.0032796636
2459901.5415360234,0.0009976625,0.0032783118
2459901.5429248908,0.0002270937,0.0032762592
2459901.5443137577,-0.0037413836,0.0032789283
2459901.545702625,-0.0019550323,0.00327695
2459901.547091492,0.0026152134,0.0032819128
2459901.5484803594,0.0027133226,0.0032799533
2459901.5498692263,0.002101183,0.003280107
2459901.551258093,0.0036982298,0.003278956
2459901.5526469606,-0.0022491217,0.0032771972
2459901.5540358275,0.004176736,0.0032810657
2459901.555424695,0.0015723705,0.0032804634
2459901.556813562,-0.0043337345,0.0032782191
2459901.558202429,0.0006533861,0.0032811968
2459901.5595912966,0.00048148632,0.0032791737
2459901.5609801635,-0.0012671351,0.0032803605
2459901.5623690304,0.00088202953,0.003278758
2459901.563757898,-0.0036468506,0.0032779686
2459901.5651467647,0.00022256374,0.0032776794
2459901.5665356317,0.0039362907,0.0032825342
2459901.567924499,-0.00015962124,0.00327686
2459901.569313366,0.0008866787,0.0032847552
2459901.5707022334,0.0029171705,0.003284855
2459901.5720911003,0.00017607212,0.0032801807
2459901.5734799677,0.004157424,0.0032812613
2459901.5748688346,0.0022972822,0.0032800043
2459901.5762577015,0.004508972,0.0032805472
2459901.577646569,-0.00078493357,0.0032778743
2459901.579035436,0.00043833256,0.0032810166
2459901.580424303,0.00032520294,0.0032798592
2459901.58181317,0.0013012886,0.003279284
2459901.583202037,0.0036256313,0.0032810483
2459901.5845909044,0.005568385,0.0032824234
2459901.5859797713,-0.0030543208,0.00327696
2459901.5873686387,-0.0009177923,0.0032789116
2459901.5887575056,0.0026524067,0.0032798026
2459901.5901463726,-0.0014497042,0.0032809894
2459901.59153524,0.0005444288,0.0032767423
2459901.592924107,0.0009703636,0.0032811381
2459901.5943129743,0.001709938,0.003279551
2459901.595701841,0.0071002245,0.0032817388
2459901.597090708,0.0004105568,0.0032764627
2459901.598479575,-0.0025536418,0.0032767644
2459901.5998684424,-0.0001770258,0.0032787146
2459901.6012573093,-0.006147802,0.0032738727
2459901.6026461762,-0.0033748746,0.0032772995
2459901.6040350436,-0.006204307,0.0032789155
2459901.6054239105,-0.0028929114,0.003275117
2459901.6068127775,0.0053169727,0.0032824539
2459901.6082016444,-0.0005159378,0.003280003
2459901.609590512,-0.0012019277,0.0032799658
2459901.6109793787,-0.002094388,0.0032743923
2459901.6123682456,-0.0042144656,0.003275478
2459901.613757113,0.005274415,0.003282534
2459901.61514598,-0.0024898648,0.0032756315
2459901.616534847,-0.0028601289,0.0032757397
2459901.6179237138,-0.0052362084,0.0032763032
2459901.619312581,-0.0027956963,0.0032760545
2459901.620701448,0.0007889271,0.0032801733
2459901.622090315,-0.0018212795,0.00327957
2459901.6234791824,-0.004230559,0.0032773074
2459901.6248680493,0.0062584877,0.00328145
2459901.626256916,0.0013381243,0.003279443
2459901.627645783,-0.0001668334,0.0032768745
2459901.6290346505,-0.00011360645,0.0032786322
2459901.6304235174,0.0020803213,0.0032802504
2459901.6318123844,0.00013291836,0.0032805707
2459901.6332012513,0.0028657913,0.0032848176
2459901.634590118,0.0026015043,0.0032799928
2459901.6359789856,0.00053966045,0.003278648
2459901.6373678525,-0.0005645752,0.0032794606
2459901.6387567194,0.0028948784,0.003278799
2459901.6401455863,-0.00021851063,0.0032777875
2459901.6415344533,0.0022771358,0.0032800357
2459901.64292332,0.004247427,0.003280522
2459901.6443121876,-0.00014972687,0.0032782815
2459901.6457010545,-0.0024046302,0.0032786215
2459901.6470899214,-0.0064656734,0.0032766154
2459901.6484787883,0.001624465,0.0032790974
2459901.6498676552,0.0034697056,0.003282793
2459901.6512565226,0.0005379915,0.0032753332
2459901.652645389,-0.0019052029,0.0032775179
2459901.6540342565,0.003995657,0.00328224
2459901.6554231234,0.0027583838,0.0032823212
2459901.6568119903,-0.0018110871,0.0032793132
2459901.658200857,-0.0068032146,0.0032762717
2459901.659589724,0.00038588047,0.0032787777
2459901.660978591,0.00023126602,0.0032804238
2459901.662367458,0.0029335022,0.0032789777
2459901.6637563254,-0.0008469224,0.003279223
2459901.665145192,-0.0006542206,0.003277655
2459901.666534059,0.0024065971,0.0032794278
2459901.667922926,0.0015399456,0.0032795887
2459901.669311793,-0.0013507009,0.0032785293
2459901.67070066,-0.005530536,0.0032765495
2459901.672089527,0.0009950399,0.0032782673
2459901.673478394,0.0040721893,0.0032798317
2459901.6748672607,0.0013866425,0.0032793153
2459901.6762561277,-0.002551198,0.003277504
2459901.677644995,-0.005686283,0.0032740773
2459901.6790338615,-0.001789093,0.0032775502
2459901.680422729,-0.0015916824,0.0032757167
2459901.6818115953,-0.0006470084,0.0032778366
2459901.6832004627,0.0022457838,0.003279705
2459901.684589329,0.0015010834,0.0032779146
2459901.6859781966,0.0027154684,0.0032794091
2459901.6873670635,-0.0061006546,0.0032763598
2459901.6887559304,0.0050706863,0.0032805367
2459901.6901447973,-0.006219685,0.0032758915
2459901.6915336642,0.00082302094,0.0032787696
2459901.692922531,-0.00017660856,0.0032789195
2459901.694311398,0.0051828623,0.0032847417
2459901.695700265,0.00031399727,0.0032784836
2459901.6970891315,-0.0017376542,0.0032765858
2459901.698477999,0.0015625954,0.003281206
2459901.6998668658,0.00090432167,0.0032793577
2459901.7012557327,-0.0037703514,0.0032808378
2459901.7026445996,-0.0009211302,0.0032774163
2459901.704033466,-0.0037917495,0.003277475
2459901.7054223334,0.004242182,0.003282415
2459901.7068112,0.005712509,0.0032832406
2459901.7082000673,-0.0052610636,0.0032735877
2459901.709588934,0.0010668039,0.0032789593
2459901.7109778007,0.002472639,0.0032793726
2459901.7123666676,-0.0009875894,0.0032782971
2459901.7137555345,0.0030993223,0.003278269
2459901.7151444014,0.00030207634,0.0032786145
2459901.7165332683,-0.0052649975,0.003275541
2459901.7179221353,0.0016895533,0.0032774436
2459901.719311002,0.004951,0.003280919
2459901.720699869,0.005692363,0.0032797377
2459901.722088736,0.00259614,0.0032798043
2459901.723477603,-0.0014389753,0.0032799144
2459901.72486647,-0.0038830638,0.003276731
2459901.7262553363,0.0027360916,0.0032800857
2459901.727644203,0.00097203255,0.0032796778
2459901.72903307,-0.00011283159,0.0032789009
2459901.730421937,-0.0039012432,0.0032782457
2459901.731810804,-0.0037454963,0.0032773272
2459901.733199671,-0.0005902052,0.0032774191
2459901.734588538,-0.00042814016,0.0032800736
2459901.7359774043,0.0035635233,0.0032803852
2459901.7373662717,0.0017883778,0.0032771854
2459901.738755138,0.005489111,0.0032834378
2459901.740144005,0.00023269653,0.003278821
2459901.741532872,0.0008211136,0.0032777293
2459901.742921739,0.005621195,0.0032842138
2459901.744310606,-0.0019218326,0.0032772971
2459901.7456994723,0.0011459589,0.0032786191
2459901.747088339,0.002980113,0.0032795526
2459901.748477206,-0.0023566484,0.0032804264
2459901.749866073,0.0035744905,0.0032797558
2459901.75125494,-0.0016152859,0.0032784513
2459901.752643807,0.0011225939,0.0032785109
2459901.754032674,-0.0008312464,0.0032780778
2459901.7554215402,-0.0027798414,0.0032773023
2459901.756810407,0.0013688803,0.0032803093
2459901.758199274,8.8214874e-05,0.0032800895
2459901.759588141,-0.0016704202,0.003277456
2459901.7609770074,-9.185076e-05,0.0032793554
2459901.7623658744,-0.0003555417,0.0032817016
2459901.7637547413,0.006935239,0.003281023
2459901.765143608,-0.0054178834,0.0032755213
2459901.7665324747,0.003174901,0.0032816508
2459901.7679213416,-0.0029214025,0.0032759516
2459901.7693102085,0.001821518,0.0032798885
2459901.770699075,0.0035043955,0.0032826683
2459901.772087942,-0.004781902,0.003276315
2459901.773476809,-0.0034737587,0.0032786892
2459901.7748656757,0.0012828112,0.003284539
2459901.7762545426,-0.0066258907,0.0032758364
2459901.777643409,-0.0025613308,0.0032774583
2459901.779032276,0.0004223585,0.0032797693
2459901.7804211425,0.00034940243,0.0032796247
2459901.7818100094,0.0004069805,0.0032812504
2459901.7831988763,-0.003226161,0.0032774524
2459901.784587743,0.0027178526,0.0032778548
2459901.78597661,-0.0039836764,0.0032763248
2459901.7873654766,0.003866315,0.0032809374
2459901.7887543435,-0.0016509295,0.003281651
2459901.79014321,0.0038249493,0.003283106
2459901.791532077,0.00017273426,0.0032808052
2459901.792920944,0.0013290644,0.0032803293
2459901.7943098103,-0.00342983,0.0032763781
2459901.795698677,-0.0017083883,0.0032788028
2459901.797087544,-0.0005761385,0.0032780292
2459901.798476411,-0.001845479,0.0032780413
2459901.7998652775,-0.0009627342,0.00328126
2459901.8012541444,-0.006979108,0.003275193
2459901.802643011,-0.0021771193,0.0032771295
2459901.804031878,-0.0019402504,0.0032785514
2459901.8054207447,-0.0047228932,0.0032775966
2459901.806809611,0.0008984804,0.003278966
2459901.808198478,-0.0019572973,0.003278118
2459901.8095873445,0.00010085106,0.0032786424
2459901.8109762114,0.0073001385,0.0032837752
2459901.812365078,0.0032572746,0.0032779714
2459901.813753945,0.0031548738,0.0032795188
2459901.8151428117,-0.0014932752,0.003278863
2459901.816531678,-0.0037667155,0.0032770364
2459901.817920545,-0.003408134,0.0032788026
2459901.8193094116,-0.0013591051,0.0032785365
2459901.8206982785,0.0033454895,0.0032820818
2459901.8220871454,0.0010694265,0.0032820525
2459901.823476012,-0.00056660175,0.0032757213
2459901.824864879,0.006325245,0.0032835477
2459901.8262537452,0.0027770996,0.0032786177
2459901.827642612,0.0020492077,0.003279216
2459901.8290314786,0.00072455406,0.0032774431
2459901.8304203455,0.004774809,0.0032782715
2459901.831809212,-0.00092977285,0.003278495
2459901.833198079,-0.0054323673,0.003277986
2459901.8345869454,-0.0003593564,0.003278751
2459901.8359758123,-0.002976954,0.0032762075
2459901.837364679,0.0028922558,0.0032809211
2459901.8387535457,0.008181214,0.0032839796
2459901.8401424126,-0.0028361678,0.0032763237
2459901.841531279,0.0031906366,0.003280181
2459901.842920146,-8.5532665e-05,0.0032779854
2459901.8443090124,0.0015580654,0.0032786955
2459901.8456978793,0.00062930584,0.003279443
2459901.847086746,-0.0031458735,0.0032763858
2459901.8484756127,0.0028150082,0.0032821465
2459901.849864479,0.0027441978,0.0032798722
2459901.8512533456,0.0048868656,0.003281566
2459901.8526422125,-0.0054653883,0.0032749712
2459901.854031079,-0.00037044287,0.0032776159
2459901.855419946,-0.0012847781,0.0032792161
2459901.8568088124,0.0009583235,0.0032802972
2459901.8581976793,0.0042169094,0.0032819672
2459901.8595865457,0.0039873123,0.003283492
2459901.8609754127,-0.001891911,0.0032761854
2459901.862364279,-0.0028082132,0.003277794
2459901.8637531456,0.0022704601,0.0032782885
2459901.8651420125,0.0024511814,0.0032791048
2459901.866530879,0.0061382055,0.0032781595
2459901.867919746,0.004808545,0.0032816157
2459901.8693086123,0.00078487396,0.0032766352
2459901.870697479,-0.00066012144,0.0032788946
2459901.8720863457,-0.0071448684,0.0032738247
2459901.873475212,0.0006145239,0.0032796608
2459901.874864079,-0.0007432699,0.0032774245
2459901.8762529455,0.0054106712,0.0032836397
2459901.8776418124,-0.0012750626,0.0032800257
2459901.879030679,0.005252242,0.0032829887
2459901.8804195453,0.001513958,0.0032818331
2459901.8818084123,-0.00036478043,0.0032784226
2459901.8831972787,0.0018469095,0.0032811007
2459901.884586145,0.0017447472,0.0032794646
2459901.8859750116,0.0011690855,0.003279848
2459901.8873638785,0.00078344345,0.0032795607
2459901.888752745,-0.0015169382,0.0032771342
2459901.890141612,-0.004152298,0.0032741101
2459901.8915304784,0.002180934,0.0032792012
2459901.892919345,0.0005720854,0.0032798147
2459901.8943082117,-0.0044095516,0.0032763365
2459901.895697078,-0.005091667,0.0032757255
2459901.8970859447,0.0004029274,0.003278811
2459901.898474811,-0.008825481,0.0032709397
2459901.899863678,-0.0016373992,0.0032773183
2459901.9012525445,0.0005158186,0.003280375
2459901.902641411,0.0025324821,0.0032794704
2459901.904030278,-0.00023078918,0.003278638
2459901.9054191443,-0.0055425167,0.0032784112
2459901.906808011,0.002972126,0.0032794916
2459901.908196877,-0.0011824965,0.0032754936
2459901.909585744,-8.6307526e-05,0.003281492
2459901.9109746106,-0.0059652925,0.003275152
2459901.912363477,-0.0035567284,0.0032777905
2459901.913752344,-0.00073987246,0.00328136
2459901.9151412104,-0.0009914637,0.0032796666
2459901.916530077,-0.0031252503,0.0032794636
2459901.9179189433,-0.0018141866,0.0032768666
2459901.9193078103,0.00083339214,0.0032803852
2459901.9206966767,0.009317517,0.003286025
2459901.922085543,-1.5556812e-05,0.0032778948
2459901.9234744096,0.0023880005,0.003281984
2459901.924863276,-0.0008497834,0.003277865
2459901.926252143,8.3208084e-05,0.0032800364
2459901.9276410094,0.0036540031,0.0032802732
2459901.929029876,-0.0013182759,0.0032775262
2459901.9304187424,-0.0019900203,0.0032793945
2459901.931807609,-0.003499806,0.0032765914
2459901.9331964757,-0.0047814846,0.0032765404
2459901.934585342,0.0025937557,0.0032810473
2459901.9359742086,-0.007246554,0.0032811307
2459901.937363075,-0.0013731122,0.0032828227
2459901.9387519415,0.00013363361,0.003279954
2459901.940140808,-0.0024633408,0.0032781053
2459901.941529675,0.00093722343,0.0032810415
2459901.9429185414,0.0015251637,0.003280459
2459901.944307408,0.0027507544,0.0032800415
2459901.9456962743,0.0009562969,0.003283412
2459901.9470851407,0.0041422844,0.0032810534
2459901.9484740077,-0.0027870536,0.0032764263
2459901.9498628736,0.0040382147,0.003279854
2459901.9512517406,-0.0024716854,0.0032823924
2459901.952640607,-0.006229222,0.0032772622
2459901.9540294735,0.0013329983,0.0032785677
2459901.95541834,0.0029634237,0.003281064
2459901.9568072064,-0.00046730042,0.0032805123
2459901.958196073,-0.0058833957,0.0032746987
2459901.9595849393,-0.0032565594,0.0032784056
2459901.9609738057,0.0042499304,0.0032826627
2459901.962362672,0.00203681,0.0032839216
2459901.963751539,-0.00070858,0.0032793588
2459901.9651404056,-0.003530383,0.003280282
2459901.966529272,-0.00014322996,0.0032808876
2459901.9679181385,4.0769577e-05,0.0032807484
2459901.969307005,0.00042200089,0.0032807263
2459901.9706958714,-0.0010018945,0.0032792059
2459901.972084738,0.0030124187,0.0032841773
2459901.9734736043,-0.0027492046,0.003281965
2459901.9748624708,-0.004731655,0.003277549
2459901.976251337,-0.0006926656,0.0032778308
2459901.9776402037,0.0006785393,0.0032796203
2459901.97902907,-0.00030595064,0.003279172
2459901.9804179366,-0.0005874634,0.0032789637
2459901.981806803,0.001365304,0.0032827107
2459901.9831956695,-0.00050777197,0.0032788687
2459901.984584536,0.00015819073,0.0032767795
2459901.9859734024,-0.0034104586,0.0032760515
2459901.987362269,-0.0022307634,0.0032779465
2459901.9887511353,-0.00015074015,0.0032784087
2459901.9901400018,-0.003143549,0.0032783055
2459901.991528868,-0.002998054,0.0032808508
2459901.9929177347,-0.0072108507,0.003275409
2459901.994306601,-0.0007286668,0.003278108
2459901.9956954676,0.001137495,0.003278194
2459901.997084334,0.0015574694,0.003281398
2459901.9984732005,-0.0090761185,0.0032746987
2459901.999862067,-0.00042772293,0.0032799877
2459902.0012509334,-0.00066256523,0.0032787116
2459902.0026398,-0.0014734268,0.0032801852
2459902.0040286663,0.0014863014,0.0032842078
2459902.0054175328,0.0013631582,0.0032796094
2459902.006806399,0.0037106276,0.003282939
2459902.0081952657,-0.0026702285,0.0032777905
2459902.009584132,-0.000100553036,0.0032782399
2459902.010972998,0.0013643503,0.0032807293
2459902.012361865,0.00024306774,0.0032769565
2459902.013750731,0.0017592907,0.0032804962
2459902.0151395975,0.00231421,0.0032787982
2459902.016528464,0.00010752678,0.003276621
2459902.0179173304,-0.0046823025,0.003276398
2459902.019306197,0.0001385212,0.0032787574
2459902.0206950633,0.0024392605,0.0032793605
2459902.0220839297,-0.0062716603,0.0032766073
2459902.0234727957,-0.0011848211,0.0032778261
2459902.0248616626,-0.00038719177,0.0032786415
2459902.0262505286,-0.0038182735,0.0032792888
2459902.027639395,0.0016040802,0.0032795584
2459902.0290282615,-0.0044934154,0.0032754778
2459902.030417128,-0.0008149743,0.0032797898
2459902.0318059945,-0.0010846853,0.0032780883
2459902.0331948604,0.004161477,0.003282081
2459902.0345837274,0.00085008144,0.00327767
2459902.0359725934,0.0021489859,0.0032826515
2459902.03736146,5.51939e-05,0.003278986
2459902.0387503263,-0.0008096099,0.0032794124
2459902.0401391927,-0.0006430745,0.0032792662
2459902.041528059,0.0019088984,0.0032798692
2459902.042916925,0.0036731958,0.003279955
2459902.0443057916,0.0010379553,0.0032796767
2459902.045694658,0.0006388426,0.0032795009
2459902.0470835245,-0.0014710426,0.0032780305
2459902.0484723905,0.0014845133,0.0032829384
2459902.049861257,0.0045826435,0.0032810925
2459902.0512501234,0.0060213804,0.0032805887
2459902.05263899,-0.0017213225,0.003279521
2459902.0540278563,0.0035893917,0.003279597
2459902.0554167223,-0.0022915602,0.0032789933
2459902.056805589,0.0024267435,0.0032793388
2459902.058194455,0.003898859,0.0032801314
2459902.0595833217,0.0006222725,0.0032819023
2459902.060972188,-0.0061558485,0.003277587
2459902.062361054,-0.0032388568,0.0032790045
2459902.0637499206,-0.0039623976,0.00327471
2459902.065138787,-0.0028512478,0.0032784077
2459902.0665276535,-0.0038241744,0.0032754971
2459902.0679165195,-0.003830254,0.003276328
2459902.069305386,-0.00042122602,0.0032759777
2459902.0706942524,0.0012824535,0.003277873
2459902.0720831184,0.0005004406,0.0032768438
2459902.073471985,-0.0029550195,0.0032781526
2459902.0748608513,-0.006716728,0.0032763723
2459902.0762497177,-0.00059849024,0.0032792522
2459902.0776385837,0.00038444996,0.0032797146
2459902.07902745,0.0041497946,0.0032816848
2459902.080416316,0.0018998384,0.0032804308
2459902.0818051826,-0.0023089647,0.0032797067
2459902.083194049,-0.002456069,0.0032779558
2459902.084582915,6.7949295e-05,0.003280003
2459902.0859717815,-0.001945734,0.0032798927
2459902.087360648,0.00093507767,0.0032846096
2459902.0887495144,0.003232479,0.003279242
2459902.0901383804,0.0034216642,0.003281844
2459902.091527247,-0.00092226267,0.0032814436
2459902.0929161133,0.0004709959,0.0032769516
2459902.0943049793,-0.0007432699,0.0032771316
2459902.095693846,0.0049927235,0.003278946
2459902.0970827118,-0.0035582185,0.0032780664
2459902.098471578,0.0019762516,0.0032779935
2459902.099860444,0.0009703636,0.0032783253
2459902.1012493107,-0.006686628,0.0032759353
2459902.102638177,0.0014122725,0.0032785523
2459902.104027043,0.0020257235,0.003278485
2459902.1054159096,0.0052280426,0.003284185
2459902.1068047755,0.0012136698,0.00327996
2459902.108193642,-0.0006932616,0.0032765733
2459902.1095825084,-0.0031825304,0.0032770948
2459902.1109713744,-0.0029928684,0.0032752068
2459902.112360241,-0.0023277402,0.0032787977
2459902.113749107,-0.0018978715,0.0032776846
2459902.1151379733,-0.0028541088,0.003281194
2459902.1165268393,-0.002533853,0.0032757253
2459902.117915706,-0.0020555258,0.0032778624
2459902.1193045718,0.0011762381,0.0032791297
2459902.120693438,-0.003211856,0.0032777528
2459902.1220823047,0.0008137226,0.003283207
2459902.1234711707,0.0024704933,0.003279291
2459902.124860037,0.0018179417,0.0032799626
2459902.126248903,-0.0026572943,0.003275909
2459902.1276377696,0.004308939,0.0032796145
2459902.1290266355,0.003876567,0.0032796715
2459902.130415502,0.0040967464,0.003281587
2459902.131804368,-2.1636486e-05,0.0032779064
2459902.1331932344,0.006641984,0.0032807486
2459902.134582101,-0.002362609,0.0032773511
2459902.135970967,-0.0017284155,0.003279912
2459902.1373598333,0.00581491,0.0032826348
2459902.1387486993,-0.0014858842,0.003277227
2459902.1401375653,5.2452087e-06,0.0032747083
2459902.141526432,0.0022361279,0.0032787041
2459902.1429152978,-0.0035512447,0.0032773751
2459902.1443041638,-0.005632341,0.0032762478
2459902.14569303,-0.0006415844,0.0032776291
2459902.1470818967,0.0016341209,0.0032774727
2459902.1484707627,-0.0020478964,0.0032778473
2459902.149859629,0.004681349,0.0032822797
2459902.151248495,0.0008838177,0.0032793153
2459902.152637361,0.0017120838,0.0032806792
2459902.1540262275,-0.0034217834,0.0032772152
2459902.1554150935,-0.0017242432,0.003279416
2459902.15680396,-0.0026971102,0.0032768694
2459902.158192826,0.00149858,0.0032786021
2459902.1595816924,0.0005004406,0.0032781044
2459902.1609705584,-0.0032167435,0.003278812
2459902.1623594244,-0.003107667,0.0032765272
2459902.1637482904,-0.0014871955,0.0032790946
2459902.165137157,0.00011205673,0.0032805589
2459902.1665260233,-0.00037765503,0.003280135
2459902.1679148893,0.0060139894,0.0032827887
2459902.1693037553,-0.00053685904,0.00328112
2459902.1706926213,-0.0010766387,0.0032795912
2459902.1720814877,-0.0026916862,0.0032759965
2459902.1734703537,-0.0007596016,0.003279126
2459902.17485922,-0.0041908026,0.0032750035
2459902.176248086,-0.0007445216,0.0032804525
2459902.177636952,0.002571702,0.0032808608
2459902.1790258186,-0.0029454827,0.003278908
2459902.1804146846,0.0008523464,0.0032812844
2459902.181803551,-0.001863718,0.0032775835
2459902.183192417,-0.0030911565,0.0032789449
2459902.184581283,-0.0027282834,0.0032787013
2459902.185970149,-0.0024875998,0.0032809523
2459902.1873590155,-0.0040198565,0.0032781526
2459902.1887478814,-0.0004593134,0.0032825153
2459902.1901367474,-0.0068482757,0.0032746443
2459902.191525614,1.5377998e-05,0.003282955
2459902.19291448,0.0020998716,0.00327905
2459902.194303346,-3.3676624e-05,0.0032814967
2459902.195692212,-0.00236243,0.0032765474
2459902.1970810783,-0.0066276193,0.0032738582
2459902.1984699443,0.0006021261,0.0032781898
2459902.1998588103,0.0011049509,0.003277724
2459902.2012476767,0.0018236637,0.0032801786
2459902.2026365427,0.0022289753,0.0032800324
2459902.2040254087,-2.8371811e-05,0.0032804154
2459902.2054142747,-0.0007286072,0.0032799137
2459902.206803141,-0.00019621849,0.003276834
2459902.208192007,0.0041189194,0.0032817456
2459902.209580873,-0.001412034,0.0032782091
2459902.2109697396,-0.0015875101,0.003279012
2459902.212358605,-0.0016169548,0.0032805875
2459902.2137474716,0.00310421,0.00327847
2459902.2151363376,0.0033130646,0.0032806606
2459902.2165252035,0.00011789799,0.0032798003
2459902.2179140695,-0.0021347404,0.003276504
2459902.219302936,0.0031689405,0.003280307
2459902.220691802,0.0035187006,0.0032818313
2459902.222080668,-0.00055128336,0.003278141
2459902.223469534,0.0044658184,0.0032821682
2459902.2248584,-0.002877295,0.0032773626
2459902.2262472664,-0.002742529,0.0032752063
2459902.2276361324,0.005155444,0.003281003
2459902.2290249984,0.0011948347,0.003280759
2459902.2304138644,0.0043166876,0.003280503
2459902.2318027304,0.000702858,0.0032794508
2459902.233191597,-0.0036595464,0.0032786366
2459902.2345804623,0.0003296137,0.0032787432
2459902.235969329,0.00019216537,0.0032787253
2459902.237358195,0.003926635,0.0032798129
2459902.2387470608,0.0057122707,0.0032822744
2459902.2401359268,0.0026694536,0.0032813183
2459902.2415247927,0.003371358,0.003280155
2459902.242913659,-0.0017158985,0.0032797197
2459902.2443025247,0.002634406,0.0032769947
2459902.245691391,0.0004838705,0.0032793097
2459902.247080257,0.0010749102,0.0032823877
2459902.248469123,-0.0036832094,0.0032778985
2459902.249857989,-1.04904175e-05,0.0032790266
2459902.251246855,-0.004411936,0.0032739593
2459902.252635721,-0.0011865497,0.0032822178
2459902.254024587,0.00121665,0.003278547
2459902.255413453,0.00048291683,0.0032776485
2459902.256802319,-0.0025234818,0.003278942
2459902.2581911855,-0.0023224354,0.0032759837
2459902.259580051,-0.005605161,0.0032766378
2459902.2609689175,-0.0023212433,0.0032781844
2459902.2623577835,0.0005578995,0.0032802788
2459902.2637466495,0.00014591217,0.003277538
2459902.2651355155,0.00026655197,0.0032793772
2459902.2665243815,-0.006181717,0.0032763036
2459902.2679132475,-0.0035772324,0.0032770133
2459902.2693021134,0.0049141645,0.0032788946
2459902.2706909794,0.0041388273,0.0032805249
2459902.2720798454,-0.0005977154,0.003279069
2459902.2734687114,-0.0017451048,0.0032800438
2459902.2748575774,0.0007504225,0.0032780315
2459902.2762464434,0.0016467571,0.0032800674
2459902.2776353094,0.0014380217,0.003278164
2459902.2790241754,-0.004132688,0.0032783682
2459902.2804130414,-0.001296103,0.0032781824
2459902.2818019073,0.00050127506,0.003280872
2459902.2831907733,-0.003674388,0.003278462
2459902.2845796393,-0.0004195571,0.0032794925
2459902.2859685053,-0.0022215843,0.00327861
2459902.2873573713,0.003922701,0.0032800194
2459902.2887462373,0.00154531,0.0032785363
2459902.2901351033,0.005007148,0.0032807884
2459902.2915239693,-0.00064367056,0.0032776485
2459902.2929128353,0.0032801628,0.0032837908
2459902.2943017012,0.0014965534,0.0032798573
2459902.295690567,0.0040905476,0.0032814248
2459902.297079433,-0.0028797984,0.0032773905
2459902.2984682987,-0.0032388568,0.0032787744
2459902.299857165,-0.0010252595,0.003279572
2459902.3012460307,0.0030059814,0.003279896
2459902.3026348967,0.0048229694,0.0032814676
2459902.3040237627,-0.0030753613,0.00327541
2459902.3054126287,0.000218153,0.0032825298
2459902.3068014947,0.001398325,0.0032775612
2459902.3081903607,-0.0034386516,0.0032804797
2459902.3095792267,0.0026974678,0.0032805952
2459902.3109680926,-0.003553331,0.0032761847
2459902.3123569586,0.002806425,0.003277379
2459902.313745824,-0.0033884048,0.003277128
2459902.31513469,-0.0044560432,0.0032759432
2459902.316523556,0.00568223,0.003282363
2459902.317912422,-0.0011626482,0.003280892
2459902.319301288,-0.0008459091,0.0032789474
2459902.320690154,0.0007688999,0.0032800313
2459902.32207902,-0.0013707876,0.0032811475
2459902.3234678856,-0.0001373291,0.0032765171
2459902.3248567516,0.00028264523,0.0032779349
2459902.3262456176,0.0028131008,0.003281854
2459902.3276344836,-0.0022068024,0.0032776194
2459902.3290233496,0.002116561,0.0032834546
2459902.3304122156,0.0008122921,0.0032788292
2459902.3318010815,-0.0021086335,0.0032786576
2459902.333189947,-0.0016973615,0.0032766887
2459902.334578813,0.0005069971,0.003280306
2459902.335967679,3.7789345e-05,0.0032771525
2459902.337356545,0.0011950731,0.0032789584
2459902.338745411,0.004776478,0.0032825014
2459902.3401342765,-0.0015085936,0.0032788222
2459902.3415231425,0.0033407211,0.003284071
2459902.3429120085,0.0018547773,0.003279774
2459902.3443008745,-0.0007202625,0.0032796585
2459902.34568974,0.0030772686,0.0032797672
2459902.347078606,-0.001832664,0.0032792175
2459902.348467472,0.0018074512,0.0032808362
2459902.349856338,-0.0002850294,0.003275572
2459902.351245204,0.000305295,0.003280501
2459902.3526340695,0.0029730797,0.0032785414
2459902.3540229355,0.0013532639,0.0032800876
2459902.355411801,-0.003583312,0.0032802955
2459902.356800667,-0.0041316748,0.0032761144
2459902.358189533,0.0029217005,0.0032785723
2459902.359578399,0.0017360449,0.0032791905
2459902.360967265,-0.0044508576,0.003279973
2459902.3623561305,-0.00234133,0.0032803041
2459902.3637449965,0.0015646219,0.0032790748
2459902.3651338625,-0.0011056066,0.003279161
2459902.366522728,-0.0052825212,0.0032759004
2459902.367911594,-0.001906991,0.0032770475
2459902.36930046,0.0039844513,0.0032821272
2459902.370689326,-0.0015791059,0.0032800895
2459902.3720781915,0.0012061596,0.0032790795
2459902.3734670575,0.0008132458,0.003280653
2459902.374855923,0.0027979612,0.003279564
2459902.376244789,0.00018846989,0.0032792
2459902.377633655,9.274483e-05,0.0032774431
2459902.3790225205,0.0022816658,0.0032781523
2459902.3804113865,0.0020377636,0.0032834965
2459902.3818002525,0.004114032,0.0032797996
2459902.3831891185,-0.00046038628,0.003279918
2459902.384577984,-0.0029717684,0.0032775719
2459902.38596685,-0.0049611926,0.0032756536
2459902.3873557155,-0.0028421879,0.0032772052
2459902.3887445815,-0.0022877455,0.0032786252
2459902.390133447,0.0054256916,0.0032840022
2459902.391522313,0.002944231,0.0032784946
2459902.392911179,-0.00048953295,0.0032815905
2459902.3943000445,-0.002345264,0.003277303
2459902.3956889105,0.0072864294,0.0032848152
2459902.397077776,0.0022565126,0.0032787686
2459902.398466642,-0.0010365844,0.0032775397
2459902.399855508,0.00058043003,0.0032804965
2459902.4012443735,0.0018086433,0.003282181
2459902.4026332395,-0.0010209084,0.0032800501
2459902.404022105,0.000942111,0.0032799833
2459902.405410971,-0.00010114908,0.0032794694
2459902.4067998365,-0.0047548413,0.0032756093
2459902.4081887025,0.0014398098,0.0032831635
2459902.409577568,0.0023798943,0.003280479
2459902.410966434,0.001761198,0.0032786827
2459902.4123553,-0.0006072521,0.0032784312
2459902.4137441656,-0.0041413903,0.0032772894
2459902.4151330316,-0.0021434426,0.0032782464
2459902.416521897,-0.0013235211,0.0032805637
2459902.417910763,-0.0019200444,0.0032763022
2459902.4192996286,0.0028113127,0.0032808527
2459902.4206884946,0.0022938251,0.0032804946
2459902.42207736,0.00032520294,0.0032793481
2459902.423466226,-0.0020895004,0.0032757705
2459902.424855092,9.679794e-05,0.003280806
2459902.4262439576,0.0027211905,0.003282994
2459902.4276328236,-0.00073611736,0.0032766445
2459902.429021689,-0.0035715103,0.0032772555
2459902.4304105546,-0.005261004,0.0032777914
2459902.4317994206,-0.001090169,0.003281067
2459902.433188286,-0.005287707,0.0032790985
2459902.434577152,0.0010596514,0.0032802925
2459902.4359660177,-0.003213048,0.0032777076
2459902.4373548836,-0.0013001561,0.0032782422
2459902.438743749,0.0072766542,0.0032795712
2459902.440132615,0.0004351139,0.0032785314
2459902.4415214807,0.00074470043,0.0032831086
2459902.4429103467,0.0021719933,0.0032791481
2459902.444299212,0.0022047758,0.0032822103
2459902.4456880777,-0.0013589263,0.0032788771
2459902.4470769437,-0.0031536222,0.003279161
2459902.448465809,0.0038235188,0.003279377
2459902.449854675,-0.000397861,0.0032795009
2459902.4512435407,-0.002815187,0.003279582
2459902.4526324063,2.7418137e-06,0.0032793398
2459902.4540212722,0.005620837,0.0032809104
2459902.455410138,0.00082707405,0.0032793442
2459902.4567990038,-0.0010455251,0.0032764832
2459902.4581878693,-0.0022351146,0.00327564
2459902.4595767353,0.0053676367,0.0032805863
2459902.460965601,-0.0029622316,0.00327599
2459902.4623544663,0.0013071299,0.0032785034
2459902.463743332,0.0046789646,0.0032815493
2459902.465132198,-0.0055080056,0.0032767912
2459902.4665210634,0.00052428246,0.003280767
2459902.467909929,-0.0015074015,0.0032784299
2459902.469298795,-0.00086790323,0.003279812
2459902.4706876604,0.00068569183,0.0032782855
2459902.4720765264,0.0027798414,0.003280421
2459902.473465392,5.1379204e-05,0.0032828758
2459902.4748542574,-0.00032615662,0.0032802403
2459902.4762431234,-5.6922436e-05,0.0032788494
2459902.477631989,0.00030219555,0.0032786971
2459902.4790208545,0.0025309324,0.0032802809
2459902.48040972,-0.0010656714,0.0032794299
2459902.481798586,0.0006811619,0.003275634
2459902.4831874515,-0.0026590228,0.0032783076
2459902.484576317,4.708767e-05,0.0032785654
2459902.4859651825,0.0043367147,0.0032829968
2459902.4873540485,0.006446719,0.003281128
2459902.488742914,0.0013949871,0.0032805034
2459902.4901317796,0.0012220144,0.0032787158
2459902.4915206456,0.0007144213,0.0032807854
2459902.492909511,-0.0038218498,0.0032804776
2459902.4942983766,-0.0014487505,0.0032758592
2459902.495687242,-0.00064247847,0.0032781046
2459902.497076108,-0.0031685233,0.0032751786
2459902.4984649736,-0.00071823597,0.003279584
2459902.499853839,-0.0013774037,0.0032786874
2459902.501242705,0.00042116642,0.0032776557
2459902.5026315707,-0.0061184764,0.003278549
2459902.504020436,-4.0590763e-05,0.0032787828
2459902.5054093017,0.002988577,0.0032800115
2459902.5067981672,0.0032945871,0.0032792946
2459902.5081870332,0.0018289089,0.0032795412
2459902.5095758988,0.0003631115,0.0032795928
2459902.5109647643,-0.00025349855,0.0032832355
2459902.51235363,-0.0051373243,0.0032764683
2459902.513742496,-0.0019915104,0.00327765
2459902.515131361,-0.00051546097,0.0032811153
2459902.516520227,0.00032424927,0.00327788
2459902.5179090924,0.0023841858,0.0032788706
2459902.519297958,0.0012459755,0.0032808029
2459902.520686824,0.0027537346,0.0032789658
2459902.522075689,0.00092697144,0.0032801332
2459902.523464555,7.4863434e-05,0.00327788
2459902.5248534204,0.0025502443,0.0032807835
2459902.526242286,-0.0075389743,0.0032761057
2459902.5276311515,0.0022149086,0.0032794704
2459902.529020017,0.0029344559,0.003280809
2459902.530408883,-0.0058202147,0.0032763674
2459902.531797748,0.0028766394,0.0032808876
2459902.533186614,0.0032806396,0.0032788701
2459902.5345754796,0.0019005537,0.0032814979
2459902.535964345,0.0034438372,0.0032800613
2459902.5373532106,-0.0022543073,0.0032775456
2459902.538742076,-0.004920244,0.0032805044
2459902.5401309417,-0.0023385882,0.0032795586
2459902.541519807,0.0028225183,0.003278316
2459902.542908673,0.0047205687,0.0032793542
2459902.544297538,-0.0011196733,0.0032754994
2459902.545686404,-0.00074505806,0.0032787384
2459902.5470752697,0.0025283098,0.0032801307
2459902.5484641353,-0.00072562695,0.003278039
2459902.549853001,-0.0024582744,0.003277671
2459902.5512418663,-0.00873518,0.003273463
2459902.552630732,0.005113244,0.0032829547
2459902.5540195974,-0.0034292936,0.0032783067
2459902.555408463,-0.00043809414,0.0032769842
2459902.5567973284,-0.0010243654,0.0032775905
2459902.558186194,-0.001198411,0.0032780715
2459902.5595750595,0.00054204464,0.0032816671
2459902.560963925,0.004538417,0.003281549
2459902.5623527905,0.0021662712,0.0032815177
2459902.563741656,-0.0023185015,0.0032793425
2459902.5651305215,-0.00028830767,0.0032809547
2459902.566519387,-0.0005238652,0.0032790576
2459902.5679082526,0.0011161566,0.0032835603
2459902.569297118,-0.00026667118,0.003280107
2459902.5706859836,0.0019248724,0.0032811512
2459902.5720748496,0.0019772053,0.0032823193
2459902.5734637147,0.0025675297,0.0032801842
2459902.57485258,-0.0006273389,0.0032786506
2459902.5762414457,0.00017881393,0.0032831484
2459902.5776303113,0.0009510517,0.0032809922
2459902.579019177,-0.0047908425,0.0032774203
2459902.5804080423,0.0022307634,0.0032807745
2459902.581796908,0.005438447,0.0032828122
2459902.5831857733,-0.002188146,0.0032787127
2459902.584574639,-0.001706183,0.0032801642
2459902.5859635044,-0.0021067858,0.0032786103
2459902.58735237,0.0017114878,0.0032804867
2459902.5887412354,-0.005233288,0.0032791246
2459902.590130101,-0.0020768046,0.003278539
2459902.591518966,-0.0031870008,0.0032767293
2459902.592907832,-0.004781902,0.0032752834
2459902.5942966975,0.0012602806,0.0032802136
2459902.5956855626,0.0026078224,0.0032782664
2459902.597074428,-0.003950417,0.003277907
2459902.5984632936,0.0050028563,0.0032822492
2459902.599852159,-0.0034655333,0.003279404
2459902.6012410247,-0.0035489202,0.0032763006
2459902.60262989,0.0025111437,0.0032779924
2459902.6040187557,0.00013613701,0.0032810252
2459902.6054076212,-0.001478672,0.003276697
2459902.606796487,0.0005825758,0.0032811207
2459902.608185352,0.007316351,0.0032821405
2459902.6095742173,-0.00020879507,0.0032821777
2459902.610963083,-0.0023563504,0.0032781502
2459902.6123519484,0.0043667555,0.003280229
2459902.613740814,-0.0060614944,0.003275549
2459902.6151296794,0.0051882267,0.0032805544
2459902.616518545,0.000289917,0.0032829857
2459902.61790741,0.0022240877,0.0032775633
2459902.6192962755,-0.0031814575,0.0032802534
2459902.620685141,0.0038523674,0.0032836713
2459902.6220740066,-0.0010416508,0.0032772357
2459902.6234628716,-0.0015022755,0.0032790457
2459902.624851737,-0.0010644794,0.0032800986
2459902.6262406027,0.0009884834,0.0032787735
2459902.627629468,0.006716132,0.0032835975
2459902.6290183337,-0.0015785098,0.00327694
2459902.6304071993,0.0014303923,0.0032778506
2459902.631796065,-0.0013152361,0.0032779025
2459902.63318493,0.005626917,0.0032834283
2459902.6345737954,-0.003350556,0.003279758
2459902.635962661,0.0010404587,0.0032767402
2459902.637351526,-0.008160293,0.0032739993
2459902.6387403915,0.0027991533,0.0032800008
2459902.640129257,-0.0068427324,0.0032767514
2459902.6415181225,-0.0066708922,0.0032746438
2459902.6429069876,0.0028387308,0.003282108
2459902.644295853,-0.0018267035,0.0032757148
2459902.6456847186,0.004536867,0.0032818357
2459902.647073584,-0.0013125539,0.003279235
2459902.6484624497,0.0017111301,0.0032782366
2459902.6498513147,-0.0004760027,0.0032776052
2459902.6512401802,-0.0027086735,0.003277221
2459902.652629046,0.000867486,0.003277406
2459902.654017911,0.0024622679,0.0032811672
2459902.6554067763,-0.0065336227,0.0032739018
2459902.656795642,-0.0008097291,0.0032812192
2459902.6581845074,-0.004915297,0.0032753057
2459902.6595733725,0.0051715374,0.0032828448
2459902.660962238,-0.0027554631,0.0032774117
2459902.662351103,-0.0055661798,0.0032771197
2459902.6637399686,0.002628684,0.0032808275
2459902.665128834,-0.0018677711,0.0032792229
2459902.6665176996,0.002988577,0.0032797232
2459902.6679065647,0.0053747892,0.0032807786
2459902.66929543,-0.0020814538,0.0032758203
2459902.6706842957,-0.00020235777,0.0032783397
2459902.6720731608,-0.0076422095,0.0032723942
2459902.6734620263,-0.0031840205,0.0032759563
2459902.6748508913,-0.0040507913,0.0032780366
2459902.676239757,-0.0007609129,0.0032828222
2459902.677628622,0.0042026043,0.0032795933
2459902.6790174874,-0.0019257665,0.0032805426
2459902.680406353,0.0020000935,0.003278883
2459902.681795218,-0.0020994544,0.003279056
2459902.6831840836,0.0016759634,0.0032822604
2459902.684572949,-0.0014865398,0.0032782413
2459902.685961814,-0.00053983927,0.0032830236
2459902.6873506797,-0.0017212033,0.003275645
2459902.688739545,0.0052042007,0.0032800115
2459902.6901284102,-0.004402697,0.00327596
2459902.6915172758,0.00487411,0.003281561
2459902.692906141,-0.0010121465,0.0032810734
2459902.6942950063,-0.004332423,0.0032775335
2459902.695683872,-0.0007071495,0.0032788846
2459902.697072737,-0.006877959,0.003275515
2459902.6984616024,0.002485156,0.0032802757
2459902.6998504675,0.0046532154,0.0032845922
2459902.701239333,0.0015510321,0.00327921
2459902.702628198,-0.005234897,0.0032765942
2459902.7040170636,0.0025675297,0.0032821968
2459902.7054059287,-0.009015679,0.0032734745
2459902.706794794,-0.0033048391,0.003277525
2459902.7081836592,0.00058054924,0.0032786564
2459902.7095725248,0.003944874,0.0032822115
2459902.71096139,-6.389618e-05,0.003279691
2459902.7123502553,0.00024914742,0.0032784056
2459902.7137391204,0.006162405,0.0032809922
2459902.715127986,0.0035351515,0.0032817703
2459902.716516851,0.00018012524,0.0032810075
2459902.7179057165,-0.00071549416,0.0032773616
2459902.7192945816,-0.0035024285,0.0032775812
2459902.720683447,0.0020439625,0.0032811766
2459902.7220723126,0.007395625,0.0032824348
2459902.7234611777,0.002562642,0.0032786229
2459902.7248500427,-0.00097578764,0.0032799228
2459902.7262389082,-8.1539154e-05,0.0032779223
2459902.7276277733,-0.0026891828,0.0032771407
2459902.7290166384,-0.0007508397,0.0032794578
2459902.730405504,-0.0020084977,0.0032784818
2459902.7317943694,0.002926588,0.0032807542
2459902.7331832345,8.070469e-05,0.0032776422
2459902.7345721,-0.00039756298,0.0032781793
2459902.735960965,0.005629182,0.0032821116
2459902.73734983,0.0033837557,0.0032788098
2459902.738738695,0.002145052,0.0032803148
2459902.7401275607,-0.0010790825,0.0032774825
2459902.7415164257,0.0012785196,0.003279869
2459902.7429052913,0.0035698414,0.0032813917
2459902.7442941563,0.0043592453,0.0032815721
2459902.745683022,0.0020543337,0.0032801232
2459902.747071887,-0.00077980757,0.0032801512
2459902.748460752,0.003234744,0.0032814483
2459902.7498496175,0.0034481287,0.0032808955
2459902.7512384825,-0.002198398,0.003278879
2459902.752627348,-0.0025627613,0.0032780694
2459902.754016213,-0.0049394965,0.0032765642
2459902.755405078,-0.006120324,0.0032765665
2459902.7567939437,-0.0008520484,0.003276766
2459902.7581828088,0.0013035536,0.0032788292
2459902.759571674,-0.001136601,0.00327788
2459902.760960539,0.004553199,0.003280397
2459902.7623494044,-0.000508368,0.0032808029
2459902.76373827,-0.003316164,0.003275912
2459902.765127135,0.0032498837,0.003280138
2459902.766516,0.0016666651,0.0032798327
2459902.767904865,-0.0034624934,0.0032772692
2459902.7692937306,-0.0019692779,0.003281333
2459902.7706825957,0.0036838055,0.0032816383
2459902.7720714607,-0.0023196936,0.0032756648
2459902.773460326,-0.0015669465,0.0032781747
2459902.7748491913,-0.0014595389,0.0032778508
2459902.7762380564,-0.001370132,0.0032763276
2459902.7776269214,0.00040781498,0.0032784764
2459902.779015787,0.00026094913,0.0032780883
2459902.780404652,-0.0009878874,0.003281541
2459902.781793517,-0.00038039684,0.0032789547
2459902.783182382,0.0005556345,0.0032806492
2459902.7845712476,0.0006543398,0.0032805519
2459902.7859601127,0.0037401915,0.0032841926
2459902.7873489778,0.0028870106,0.0032803055
2459902.7887378433,0.0018254519,0.0032812764
2459902.7901267083,-0.0018472672,0.0032799179
2459902.7915155734,-0.0033091903,0.0032805125
2459902.7929044385,-0.0033952594,0.0032781432
2459902.7942933035,0.0015888214,0.0032792818
2459902.795682169,0.0033439398,0.003281861
2459902.797071034,0.0007305145,0.0032768815
2459902.798459899,0.0027760267,0.0032833866
2459902.799848764,-0.00019526482,0.0032800345
2459902.8012376297,0.0010476112,0.0032793386
2459902.802626495,-0.0023617148,0.0032771423
2459902.80401536,0.002896309,0.0032809703
2459902.805404225,0.0022349358,0.0032813272
2459902.80679309,0.004607439,0.0032820152
2459902.8081819555,0.0008956194,0.0032800974
2459902.8095708205,-0.00028556585,0.0032787884
2459902.8109596856,-0.006682396,0.0032786867
2459902.8123485507,0.00014698505,0.0032785472
2459902.8137374157,0.00023281574,0.0032783719
2459902.8151262808,-0.001387775,0.0032788883
2459902.816515146,-0.0013394356,0.003276122
2459902.8179040113,0.0013916492,0.0032808904
2459902.8192928764,0.001239419,0.0032821146
2459902.8206817415,-0.0055717826,0.0032757104
2459902.8220706065,-0.0015345812,0.003277463
2459902.8234594716,0.0010789633,0.003280074
2459902.8248483366,-7.814169e-05,0.003280138
2459902.8262372017,-0.001129806,0.003278998
2459902.827626067,0.00054705143,0.0032795272
2459902.829014932,-0.0006060004,0.003278508
2459902.8304037973,-0.0016114712,0.0032800427
2459902.8317926624,0.0012009144,0.0032796247
2459902.8331815274,-0.00015211105,0.003280991
2459902.8345703925,0.0019563437,0.0032788832
2459902.8359592576,0.0010968447,0.0032799786
2459902.8373481226,-0.00067460537,0.0032782916
2459902.8387369877,-3.6537647e-05,0.003277964
2459902.8401258527,0.0013235807,0.0032788315
2459902.841514718,-0.003811121,0.0032790448
2459902.842903583,-0.00013673306,0.0032779924
2459902.844292448,0.0035420656,0.0032807381
2459902.8456813134,0.0004671812,0.0032831002
2459902.847070178,-0.000823915,0.0032772135
2459902.8484590435,0.0027022362,0.00327821
2459902.8498479086,0.0042415857,0.003282516
2459902.8512367737,0.002350688,0.0032797938
2459902.8526256387,-0.0047211647,0.0032795032
2459902.854014504,0.00075244904,0.0032791388
2459902.855403369,-0.0012973547,0.0032782413
2459902.8567922334,0.0018110275,0.0032834674
2459902.858181099,-0.005509913,0.003278727
2459902.859569964,-0.0021099448,0.0032777663
2459902.860958829,-6.6161156e-05,0.0032782396
2459902.862347694,0.001072526,0.003277863
2459902.863736559,0.0012396574,0.0032794813
2459902.865125424,-6.8068504e-05,0.0032795917
2459902.866514289,-0.0017305613,0.0032796548
2459902.8679031543,-0.0010188818,0.0032820762
2459902.8692920194,0.006537676,0.0032825114
2459902.870680884,0.00052011013,0.0032788753
2459902.8720697495,0.00199306,0.0032809703
2459902.873458614,0.0025110245,0.0032815915
2459902.874847479,0.0025100708,0.003281769
2459902.876236344,-0.0005476475,0.0032786282
2459902.8776252093,-0.0041056275,0.003280815
2459902.8790140743,-0.0024152398,0.003279576
2459902.8804029394,0.0009729862,0.003278959
2459902.8817918045,0.0014265776,0.0032822606
2459902.8831806695,-0.0015287399,0.0032780357
2459902.8845695346,-0.0044960976,0.0032737926
2459902.8859583996,-0.0016109943,0.0032764093
2459902.8873472647,-0.0028522015,0.0032761083
2459902.8887361293,-0.002289176,0.003275174
2459902.8901249943,0.0023276806,0.003280469
2459902.89151386,0.0005520582,0.0032785796
2459902.8929027244,-0.0045089126,0.003277078
2459902.8942915895,0.0036338568,0.0032828583
2459902.8956804546,0.0062271357,0.0032811607
2459902.8970693196,-1.513958e-05,0.00327896
2459902.8984581847,0.0029418468,0.003280099
2459902.8998470497,-0.00394094,0.0032778613
2459902.9012359143,0.010308385,0.0032857412
2459902.9026247794,-0.0044428706,0.003278038
2459902.9040136444,-0.0011690855,0.0032814571
2459902.9054025095,0.00053703785,0.003277658
2459902.9067913746,-0.0021116734,0.003280164
2459902.9081802396,0.0015132427,0.003283032
2459902.9095691047,-0.0042643547,0.0032783493
2459902.9109579693,0.0073223114,0.0032855417
2459902.9123468343,0.00016069412,0.0032777083
2459902.9137356994,-0.0039515495,0.0032770555
2459902.9151245644,0.0011903048,0.003278981
2459902.9165134295,-0.0010601878,0.0032783498
2459902.917902294,0.0062031746,0.0032828758
2459902.919291159,0.0011022091,0.0032786434
2459902.920680024,0.00030875206,0.003277582
2459902.9220688893,0.0003787279,0.003280188
2459902.9234577543,0.0011720657,0.0032814362
2459902.924846619,-0.00010704994,0.0032812797
2459902.926235484,-0.0011000037,0.00327751
2459902.927624349,-0.002364397,0.0032803642
2459902.929013214,0.0021609068,0.00328152
2459902.9304020787,-0.0023115873,0.003277478
2459902.9317909437,0.0026712418,0.0032825235
2459902.933179809,-0.0029225945,0.0032790175
2459902.934568674,-0.0049368143,0.0032769425
2459902.935957539,-0.003427744,0.0032804525
2459902.9373464035,-0.0019232631,0.003275499
2459902.9387352685,-0.00035399199,0.0032855277
2459902.940124133,-0.002289474,0.003279994
2459902.941512998,0.0065039396,0.0032837135
2459902.9429018633,0.0037062168,0.003281731
2459902.9442907283,0.0055891275,0.0032822986
2459902.9456795934,0.0013843775,0.0032815079
2459902.947068458,0.0037497282,0.0032799258
2459902.948457323,0.002671957,0.003279379
2459902.9498461876,-0.004577577,0.0032794108
2459902.9512350527,-0.00039327145,0.0032813556
2459902.9526239177,0.00087857246,0.0032807225
2459902.9540127823,-0.0049872994,0.0032747895
2459902.9554016474,-0.005164027,0.0032781984
2459902.9567905124,0.004632354,0.0032902772
2459902.9581793775,0.0029679537,0.0032814546
2459902.959568242,-0.0026735067,0.0032775246
2459902.960957107,-0.0026665926,0.003277978
2459902.9623459717,-0.0001693368,0.0032783158
2459902.963734837,-0.00096559525,0.003283482
2459902.9651237014,0.0003387928,0.0032817635
2459902.9665125664,-0.0015202761,0.003279295
2459902.9679014315,-0.003973305,0.0032768135
2459902.969290296,-0.0069583654,0.0032717634
2459902.970679161,-0.0030044913,0.0032775542
2459902.972068026,-0.0008662343,0.003281081
2459902.973456891,0.0037888288,0.003279332
2459902.974845756,0.003471613,0.0032786892
2459902.976234621,0.00027608871,0.0032839635
2459902.9776234855,-0.004133761,0.0032772925
2459902.9790123506,0.008208036,0.0032826227
2459902.9804012156,-0.0022915602,0.0032825342
2459902.98179008,0.004042864,0.0032811386
2459902.9831789453,0.0053765774,0.0032798375
2459902.98456781,-3.838539e-05,0.0032794056
2459902.985956675,-0.0038821697,0.0032783977
2459902.9873455395,0.0013967752,0.0032810061
2459902.9887344046,0.002879858,0.003281748
2459902.9901232696,-0.005685687,0.003279164
2459902.991512134,0.008800268,0.003282539
2459902.9929009993,0.00041282177,0.0032795912
2459902.994289864,-0.0015488863,0.00327946
2459902.995678729,0.0013432503,0.0032786776
2459902.9970675935,-0.0039984584,0.0032765323
2459902.9984564586,-0.0015785098,0.0032750557
2459902.999845323,-0.0032149553,0.003279605
2459903.0012341877,0.00029802322,0.003278423
2459903.002623053,-0.0036950707,0.00327968
2459903.0040119174,-0.0013232231,0.0032788892
2459903.0054007825,0.0007728338,0.003280637
2459903.006789647,0.0023320913,0.0032811188
2459903.008178512,-0.0047872066,0.0032732321
2459903.009567377,0.0012233257,0.0032817738
2459903.0109562417,0.003685832,0.0032811859
2459903.012345107,0.0033794641,0.003279919
2459903.0137339714,-0.0022044182,0.0032770855
2459903.015122836,0.00488472,0.003279597
2459903.016511701,-0.0060172677,0.0032734855
2459903.0179005656,-0.00079500675,0.0032775223
2459903.0192894307,-0.0009070635,0.003279362
2459903.0206782953,-0.004556179,0.0032762182
2459903.0220671603,-0.0042445064,0.003278886
2459903.023456025,-0.0011816621,0.0032800427
2459903.02484489,-0.0061632395,0.0032728047
2459903.0262337546,0.00029492378,0.003280084
2459903.027622619,-0.00035005808,0.003279418
2459903.0290114842,-0.0007901788,0.0032802878
2459903.030400349,0.0024374723,0.0032816916
2459903.031789214,0.0042408705,0.0032832348
2459903.0331780785,-0.0035751462,0.0032750638
2459903.0345669435,-0.0030879378,0.003277843
2459903.035955808,-1.3113022e-05,0.0032804606
2459903.0373446727,0.0011819601,0.0032792655
2459903.0387335373,0.0017031431,0.0032824492
2459903.0401224024,0.0029553175,0.003282696
2459903.0415112674,6.330013e-05,0.0032806809
2459903.042900132,0.0047574043,0.0032797062
2459903.0442889966,0.0069184303,0.0032846807
2459903.045677861,-0.0041571856,0.0032779325
2459903.0470667263,0.005167246,0.0032824555
2459903.048455591,-0.0011597276,0.0032787954
2459903.0498444554,0.0022608042,0.003280625
2459903.0512333205,0.0028835535,0.0032800953
2459903.052622185,9.10759e-05,0.003279563
2459903.05401105,0.0024260283,0.0032788143
2459903.0553999147,0.004463315,0.0032833668
2459903.0567887793,0.0033603907,0.003281242
2459903.058177644,0.0036147833,0.003281276
2459903.059566509,0.0029780865,0.0032836234
2459903.0609553736,-0.0012535453,0.0032772887
2459903.062344238,0.004794359,0.0032842506
2459903.063733103,0.0067082644,0.0032821954
2459903.065121968,-0.0049738884,0.0032785651
2459903.0665108324,0.0007814169,0.0032796005
2459903.067899697,-0.0024481416,0.0032799214
2459903.069288562,-0.00072050095,0.0032790282
2459903.0706774266,-0.0013606548,0.0032797249
2459903.0720662912,0.001758337,0.0032822785
2459903.0734551563,-0.0018165112,0.003280592
2459903.074844021,-0.0029588938,0.0032765896
2459903.0762328855,-0.004118979,0.0032748485
2459903.07762175,0.00019145012,0.0032809738
2459903.079010615,0.000536561,0.003279732
2459903.0803994797,0.0017921925,0.0032815472
2459903.0817883443,-0.0006213784,0.0032785893
2459903.083177209,-0.0012310743,0.003280072
2459903.0845660735,-0.00090408325,0.0032789053
2459903.0859549385,0.0041388273,0.0032843896
2459903.087343803,-0.00046741962,0.0032797654
2459903.0887326677,0.0024430752,0.0032806522
2459903.0901215323,0.0042085648,0.0032834217
2459903.0915103974,-0.00078231096,0.0032800862
2459903.092899262,-0.0042920113,0.0032809558
2459903.0942881266,0.0018265247,0.0032811933
2459903.095676991,-6.020069e-05,0.003279543
2459903.0970658557,-0.0022082925,0.0032783404
2459903.098454721,0.0003248453,0.003281877
2459903.099843585,-0.0021761656,0.0032773588
2459903.10123245,-0.0023152232,0.0032786592
2459903.1026213146,0.0031588078,0.003283046
2459903.104010179,-0.0013110638,0.003277715
2459903.1053990438,0.0019843578,0.0032796941
2459903.1067879084,0.0007328987,0.003281134
2459903.1081767734,0.0024303198,0.0032829428
2459903.1095656375,0.00027489662,0.003279259
2459903.1109545026,0.0005406141,0.0032803386
2459903.112343367,0.0014529228,0.00327925
2459903.113732232,-0.0013936162,0.003279481
2459903.1151210964,0.0013149977,0.003281245
2459903.116509961,0.005407691,0.0032824655
2459903.117898826,0.0009828806,0.003282594
2459903.11928769,0.0039464235,0.0032793577
2459903.120676555,-0.002323985,0.0032783411
2459903.1220654193,0.0038229227,0.0032810639
2459903.1234542844,0.0042746067,0.003281223
2459903.124843149,0.0024354458,0.0032812916
2459903.1262320136,-0.0002542138,0.0032813635
2459903.127620878,0.0012859106,0.003280894
2459903.1290097428,0.00033962727,0.003280935
2459903.1303986073,0.00087428093,0.003278393
2459903.131787472,-0.002450049,0.0032785188
2459903.1331763365,-0.0034300685,0.0032788906
2459903.134565201,-0.002341926,0.0032764066
2459903.1359540657,0.0038679838,0.0032793316
2459903.137342931,-0.0009916425,0.0032802988
2459903.138731795,0.002101779,0.003281805
2459903.14012066,0.00046408176,0.003278987
2459903.141509524,-0.003122747,0.003275756
2459903.142898389,0.0035061836,0.003281402
2459903.1442872533,-6.633997e-05,0.003278839
2459903.145676118,0.0011487007,0.0032793009
2459903.147064983,0.0050644875,0.003281776
2459903.148453847,0.0009329319,0.0032806243
2459903.149842712,0.0014138222,0.0032787467
2459903.151231576,0.0054080486,0.0032806715
2459903.1526204413,0.0007724762,0.0032785898
2459903.1540093054,0.0048383474,0.0032805966
2459903.15539817,0.0014938116,0.0032803747
2459903.156787035,0.002495885,0.00327919
2459903.158175899,-0.0049016476,0.0032776531
2459903.1595647642,0.006746292,0.003287384
2459903.1609536284,0.0015093088,0.0032821314
2459903.162342493,0.0014611483,0.0032833552
2459903.1637313575,-0.0013999939,0.0032767183
2459903.165120222,-0.00032180548,0.0032763104
2459903.1665090867,-0.009922683,0.0032771053
2459903.1678979513,0.00045073032,0.0032802296
2459903.169286816,-0.003142476,0.0032757178
2459903.1706756805,-0.0035927892,0.003277123
2459903.172064545,-0.0018981099,0.0032769202
2459903.1734534097,-0.0017649531,0.0032763325
2459903.1748422743,0.00085914135,0.0032803696
2459903.1762311384,-0.0021346211,0.0032775423
2459903.177620003,0.0037699938,0.0032804315
2459903.179008868,-5.4955482e-05,0.0032830471
2459903.180397732,0.0008325577,0.0032791272
2459903.181786597,0.0037118196,0.0032806806
2459903.1831754614,0.0045529604,0.0032833267
2459903.184564326,-0.005000174,0.00328046
2459903.1859531906,-0.0017904639,0.0032794978
2459903.187342055,-0.007798195,0.003276582
2459903.1887309197,0.008069634,0.0032847181
2459903.190119784,0.00011301041,0.0032799742
2459903.1915086485,0.0034031868,0.0032812536
2459903.192897513,-0.0032045245,0.0032764005
2459903.1942863776,-0.0023154616,0.0032768995
2459903.195675242,5.030632e-05,0.0032785644
2459903.197064107,0.0030931234,0.003281775
2459903.198452971,-0.0068297386,0.0032738321
2459903.1998418355,0.003386736,0.0032827114
2459903.2012307,0.00072562695,0.0032787973
2459903.2026195647,0.0018494129,0.0032802008
2459903.2040084293,0.0042204857,0.0032833607
2459903.2053972934,-0.0012189746,0.0032784874
2459903.206786158,0.006250024,0.0032835316
2459903.2081750226,-0.0023738742,0.003277471
2459903.209563887,-0.0033943057,0.0032779672
2459903.210952752,-0.004376054,0.0032792047
2459903.212341616,0.0033831596,0.0032863866
2459903.2137304805,0.0005478859,0.0032778452
2459903.215119345,0.0015964508,0.0032784757
2459903.2165082097,0.007627964,0.0032822173
2459903.217897074,-0.0012599826,0.0032791223
2459903.2192859384,0.0047926903,0.0032832827
2459903.220674803,0.00024163723,0.0032786005
2459903.2220636676,0.0060554743,0.0032837717
2459903.223452532,-0.0010826588,0.0032792047
2459903.2248413963,0.0020577908,0.0032803435
2459903.226230261,-0.0035133958,0.0032783388
2459903.227619125,-0.0031237006,0.0032762848
2459903.2290079896,0.00089907646,0.0032815721
2459903.230396854,0.0040106773,0.0032802839
2459903.231785719,0.0031752586,0.0032800997
2459903.2331745834,-0.00021505356,0.0032788466
2459903.2345634475,-0.00058299303,0.0032812306
2459903.235952312,0.0059229136,0.0032827067
2459903.2373411763,0.003681779,0.003281019
2459903.238730041,-0.001156807,0.003278112
2459903.2401189054,0.0013126135,0.0032789465
2459903.24150777,0.0043826103,0.003282577
2459903.2428966346,0.001152277,0.0032779824
2459903.2442854987,-0.0075383782,0.003276322
2459903.2456743633,-0.00038838387,0.0032797987
2459903.2470632275,0.0006955862,0.0032782154
2459903.248452092,-0.0033519268,0.0032805018
2459903.249840956,-0.005851567,0.0032774245
2459903.251229821,-0.00027441978,0.0032835442
2459903.2526186854,-0.0019397736,0.0032796303
2459903.2540075495,0.0053579807,0.0032806785
2459903.255396414,-9.10759e-05,0.0032796904
2459903.2567852787,-0.0019575953,0.0032740082
2459903.2581741433,-0.000631392,0.0032759893
2459903.2595630074,-0.0011304021,0.0032792557
2459903.260951872,-0.0014725327,0.0032777353
2459903.262340736,0.0025298595,0.0032823882
2459903.2637296007,-0.0012843609,0.0032766212
2459903.2651184653,-0.0004143715,0.0032821484
2459903.2665073294,0.004093528,0.0032798627
2459903.267896194,0.0029854774,0.0032813263
2459903.269285058,-0.0048509836,0.0032772582
2459903.2706739227,0.0018676519,0.0032789442
2459903.272062787,0.0036244392,0.0032836844
2459903.2734516514,-0.0011706948,0.0032789437
2459903.274840516,0.00280869,0.0032818625
2459903.27622938,0.0052933693,0.0032816383
2459903.2776182448,-0.0029789805,0.0032770263
2459903.279007109,0.0022871494,0.0032837535
2459903.2803959735,0.0042083263,0.0032854467
2459903.2817848376,0.0021240711,0.0032775912
2459903.283173702,-0.006250322,0.003274876
2459903.2845625663,0.00021803379,0.0032797332
2459903.285951431,0.0019670725,0.003282243
2459903.2873402955,0.0034513474,0.0032802462
2459903.2887291596,-0.00086575747,0.0032786406
2459903.2901180238,0.0041440725,0.0032830054
2459903.2915068883,0.0007069111,0.003280264
2459903.2928957525,0.0012248755,0.00328056
2459903.294284617,0.00015687943,0.0032784613
2459903.295673481,-0.0015103221,0.0032769816
2459903.297062346,-0.001259625,0.0032812047
2459903.29845121,0.0044572353,0.0032810753
2459903.2998400745,0.0033056736,0.0032812147
2459903.3012289386,0.0014504194,0.0032814112
2459903.302617803,0.0026985407,0.0032821284
2459903.3040066673,0.00443244,0.0032828758
2459903.305395532,0.0033322573,0.0032798196
2459903.306784396,-0.0054055452,0.0032802967
2459903.30817326,-0.0011275411,0.0032821018
2459903.309562125,0.0014311075,0.0032809286
2459903.310950989,-0.0011247396,0.0032793945
2459903.3123398535,0.00032365322,0.0032804785
2459903.3137287176,0.0017160177,0.0032798997
2459903.315117582,-0.002857864,0.0032778652
2459903.3165064463,-0.0016021132,0.0032804396
2459903.317895311,0.0065819025,0.003281456
2459903.319284175,0.00015604496,0.003279815
2459903.320673039,0.0026922226,0.0032812154
2459903.322061904,0.0013746023,0.0032787265
2459903.323450768,-0.0005199313,0.0032782424
2459903.3248396325,0.0052911043,0.0032811088
2459903.3262284966,0.0068746805,0.003284453
2459903.3276173607,0.00467968,0.0032833922
2459903.3290062253,0.0060555935,0.0032822925
2459903.3303950895,-0.0016019344,0.003275381
2459903.331783954,-0.0021796227,0.003276973
2459903.333172818,-0.0034273863,0.0032768745
2459903.3345616823,-4.2140484e-05,0.0032822278
2459903.3359505464,0.0032856464,0.0032819323
2459903.337339411,-0.002984941,0.003279865
2459903.338728275,0.0013443232,0.003280945
2459903.3401171393,0.00044381618,0.0032787768
2459903.341506004,-0.0038009286,0.0032782853
2459903.342894868,-0.0013591647,0.003279815
2459903.3442837326,-0.004350662,0.0032779148
2459903.3456725967,-0.0014955997,0.0032796713
2459903.347061461,-0.002327919,0.0032779626
2459903.3484503254,-0.0016127825,0.0032772624
2459903.3498391896,0.00016748905,0.0032782494
2459903.3512280537,-0.002971232,0.0032785165
2459903.352616918,0.0017721653,0.0032811014
2459903.3540057824,0.0073986053,0.00328121
2459903.3553946465,0.0013297796,0.003283524
2459903.3567835107,-0.0044257045,0.003278244
2459903.358172375,-0.00050109625,0.0032805006
2459903.3595612394,-0.000895679,0.0032838366
2459903.3609501035,0.0030823946,0.003278882
2459903.3623389676,0.00085246563,0.0032810578
2459903.363727832,0.00033938885,0.0032788073
2459903.3651166963,-0.0016807318,0.0032781295
2459903.3665055605,-0.00018900633,0.0032786787
2459903.3678944246,-0.0012788177,0.0032790655
2459903.3692832887,0.0009535551,0.0032793856
2459903.3706721533,-0.0036235452,0.003277085
2459903.3720610174,0.0016881227,0.0032804317
2459903.3734498816,0.0036520958,0.00328274
2459903.3748387457,-0.0021111965,0.0032816562
2459903.3762276103,-0.0004582405,0.0032789686
2459903.3776164744,0.008466244,0.0032860658
2459903.3790053385,-0.00085765123,0.0032813996
2459903.3803942027,-0.00040513277,0.0032796003
2459903.381783067,0.0018286705,0.0032785647
2459903.3831719314,0.0052514076,0.0032825938
2459903.3845607955,-0.00033313036,0.0032800012
2459903.3859496596,-0.0034522414,0.0032773507
2459903.3873385238,0.003017664,0.0032821763
2459903.388727388,-0.0006662011,0.0032799894
2459903.599834721,0.0020530224,0.003277798
2459903.6012235847,-0.0052182674,0.0032753448
2459903.6026124484,0.00081300735,0.0032788608
2459903.6040013125,0.001060605,0.0032811435
2459903.605390176,0.0038192272,0.0032800238
2459903.6067790403,-0.00077492,0.003278265
2459903.608167904,-0.003918886,0.0032782804
2459903.609556768,-0.00027614832,0.0032798597
2459903.6109456317,0.0016589165,0.0032845219
2459903.6123344954,0.0009120703,0.0032805018
2459903.613723359,0.0025099516,0.0032808168
2459903.615112223,-0.0033189654,0.0032785016
2459903.6165010873,-0.0074177384,0.0032759842
2459903.617889951,-0.006603837,0.00327542
2459903.6192788146,0.0044727325,0.003282871
2459903.6206676783,0.00630486,0.0032833728
2459903.6220565424,-0.0008596182,0.0032788166
2459903.623445406,0.003707409,0.003282478
2459903.62483427,-0.0020515323,0.0032795505
2459903.626223134,0.0037505627,0.003283033
2459903.6276119975,-0.0018680096,0.0032783651
2459903.6290008617,0.0054506063,0.0032807253
2459903.6303897253,-0.0040129423,0.0032765355
2459903.631778589,-0.0041767955,0.0032762317
2459903.6331674526,-0.0009933114,0.003275707
2459903.634556317,-0.0017632842,0.0032807812
2459903.6359451804,0.0009493828,0.0032785272
2459903.637334044,-0.0005264282,0.003276213
2459903.638722908,-0.0016256571,0.003278922
2459903.640111772,-0.0041972995,0.0032771095
2459903.6415006355,-0.0077650547,0.0032755197
2459903.642889499,-0.005519688,0.0032789197
2459903.6442783633,0.00278306,0.0032802345
2459903.645667227,0.00401783,0.003281293
2459903.6470560906,-0.0040112734,0.003281453
2459903.648444955,-0.0024307966,0.0032773907
2459903.6498338184,-0.00089621544,0.0032806701
2459903.651222682,-0.0011414886,0.0032826695
2459903.6526115458,0.005404234,0.0032794056
2459903.65400041,-0.0018455386,0.0032779959
2459903.6553892735,0.0042117834,0.003280507
2459903.656778137,-0.0072216988,0.003273726
2459903.6581670013,0.0027390718,0.003277845
2459903.659555865,-0.0032100081,0.0032770738
2459903.6609447286,0.0051823854,0.0032835987
2459903.6623335923,0.0013926029,0.0032788892
2459903.663722456,0.0015338659,0.0032818601
2459903.6651113196,0.002812028,0.0032815149
2459903.6665001838,0.0026910305,0.0032814792
2459903.6678890474,-0.0035145283,0.0032767353
2459903.669277911,-0.0023476481,0.003280905
2459903.6706667747,0.0064942837,0.0032802955
2459903.6720556384,-0.0045036077,0.0032776045
2459903.6734445025,0.0034652948,0.0032816033
2459903.674833366,0.0010267496,0.0032800292
2459903.67622223,0.0022324324,0.0032809894
2459903.6776110935,0.0018252134,0.003279972
2459903.678999957,-0.009652674,0.0032749465
2459903.6803888213,-0.00474,0.0032774422
2459903.681777685,0.0050827265,0.0032818692
2459903.6831665486,-0.0032523274,0.0032755702
2459903.6845554123,0.003531456,0.0032822932
2459903.685944276,0.0014448166,0.0032789442
2459903.6873331396,0.0035742521,0.0032845566
2459903.6887220033,-0.0022889376,0.003277644
2459903.6901108674,-0.0027170777,0.0032796678
2459903.6914997306,-0.0027614236,0.0032792673
2459903.6928885947,0.004558325,0.0032811416
2459903.6942774584,0.0027923584,0.003280788
2459903.695666322,-0.0014470816,0.0032780915
2459903.6970551857,7.5101852e-06,0.0032792722
2459903.6984440493,0.0019361973,0.0032812653
2459903.699832913,0.0034769773,0.0032821628
2459903.7012217767,-0.0013687015,0.0032782126
2459903.7026106403,0.0010329485,0.003283197
2459903.703999504,0.0037236214,0.0032819211
2459903.705388368,-0.003440857,0.003277575
2459903.7067772313,0.00011944771,0.0032847165
2459903.7081660954,-0.00032174587,0.0032780303
2459903.7095549586,-0.0019860268,0.003280911
2459903.7109438227,-0.0010110736,0.0032792254
2459903.7123326864,-0.0013409257,0.0032778387
2459903.71372155,-0.00062304735,0.0032784091
2459903.7151104137,0.001496911,0.0032807274
2459903.7164992774,0.0025610924,0.0032802927
2459903.717888141,0.00041806698,0.0032790697
2459903.7192770047,0.00030517578,0.0032809114
2459903.7206658684,-0.00071036816,0.0032786052
2459903.722054732,-0.0017583966,0.0032776988
2459903.7234435957,-0.003262043,0.0032804501
2459903.7248324594,-0.0050796866,0.0032760196
2459903.726221323,0.00014042854,0.0032817395
2459903.7276101867,-0.0032876134,0.0032809481
2459903.7289990503,0.0023804903,0.0032793237
2459903.730387914,-0.0038214922,0.0032785332
2459903.7317767777,0.007372856,0.0032818604
2459903.7331656413,0.0018204451,0.003277903
2459903.734554505,0.001529336,0.003281632
2459903.7359433686,-0.00038963556,0.0032783728
2459903.7373322323,-0.0038194656,0.0032772187
2459903.7387210955,-0.0020596385,0.0032784222
2459903.7401099596,0.0052654743,0.0032815533
2459903.741498823,-0.0017677546,0.0032814476
2459903.7428876865,0.00078856945,0.0032812024
2459903.74427655,-0.0020836592,0.0032781828
2459903.745665414,-0.003099084,0.0032764191
2459903.7470542775,-0.00095385313,0.0032784007
2459903.748443141,-0.003802359,0.0032779314
2459903.749832005,0.00011277199,0.0032781826
2459903.7512208684,-0.004770577,0.0032782569
2459903.752609732,0.0052695274,0.0032829817
2459903.7539985958,-0.005230725,0.0032759223
2459903.755387459,0.0021556616,0.003282064
2459903.756776323,0.001414895,0.0032786874
2459903.7581651863,-0.0006645322,0.0032806958
2459903.75955405,0.00166893,0.0032791444
2459903.7609429136,0.004426241,0.0032821884
2459903.7623317773,-0.0029391646,0.003277178
2459903.763720641,-0.00060635805,0.0032796867
2459903.7651095046,0.0017384291,0.00328185
2459903.7664983682,-0.0008087754,0.003278546
2459903.7678872314,0.00014603138,0.003279714
2459903.769276095,-0.002079308,0.0032775719
2459903.7706649587,0.0015810728,0.003279256
2459903.7720538224,0.004564762,0.0032832827
2459903.7734426856,-0.0007600188,0.0032800916
2459903.7748315493,0.0036898851,0.0032823803
2459903.7762204134,-0.009814262,0.0032726561
2459903.7776092766,-0.0013558865,0.0032807218
2459903.7789981402,0.003959298,0.0032825875
2459903.780387004,0.0007941723,0.0032810762
2459903.7817758676,-0.003232956,0.0032782962
2459903.7831647308,0.003951788,0.0032832606
2459903.7845535944,0.004586458,0.0032802206
2459903.785942458,-0.0035060644,0.0032787456
2459903.7873313217,0.0018173456,0.0032791463
2459903.7887201854,0.0023970604,0.0032800385
2459903.7901090486,0.0077103376,0.0032844443
2459903.7914979123,-0.0035168529,0.0032765886
2459903.792886776,0.003431201,0.0032826448
2459903.7942756396,-0.0022913218,0.0032786166
2459903.795664503,0.0050542355,0.0032818182
2459903.7970533664,0.0010420084,0.003281936
2459903.79844223,-0.00092440844,0.003281325
2459903.801219957,0.0021820068,0.003279003
2459903.8026088206,-0.00085413456,0.0032801318
2459903.8039976843,-0.004242182,0.0032764794
2459903.8053865475,-0.0031484962,0.003275328
2459903.806775411,0.0029549599,0.0032821759
2459903.808164275,0.0067065954,0.0032823721
2459903.809553138,-0.00029367208,0.0032801146
2459903.8109420016,0.003491044,0.0032817665
2459903.8123308653,-0.0020402074,0.0032800755
2459903.813719729,-0.0033280253,0.0032772245
2459903.815108592,-0.0021260977,0.0032790902
2459903.816497456,0.0037603378,0.0032793628
2459903.8178863195,0.0043706894,0.0032834453
2459903.8192751827,4.9114227e-05,0.00327894
2459903.8206640463,-0.0047475696,0.0032772366
2459903.8220529095,0.0026599169,0.003280032
2459903.823441773,0.00064241886,0.0032802306
2459903.824830637,0.0007802248,0.0032796524
2459903.8262195005,-0.0046913624,0.003276668
2459903.8276083637,-0.001136303,0.0032803223
2459903.8289972274,-0.0021679997,0.0032778136
2459903.830386091,0.0041941404,0.0032808895
2459903.831774954,-0.005397439,0.003277336
2459903.833163818,-0.0030448437,0.0032780573
2459903.834552681,-0.00478369,0.003277339
2459903.8359415447,-0.0012978911,0.0032799847
2459903.837330408,-0.0022386312,0.0032757332
2459903.8387192716,0.005490899,0.0032817142
2459903.8401081352,0.0009951591,0.0032800678
2459903.8414969984,0.0014396906,0.0032783821
2459903.842885862,-0.002043128,0.003278038
2459903.8442747253,-0.0003733635,0.0032816106
2459903.845663589,-0.0006546974,0.0032765076
2459903.847052452,-0.002080679,0.003276406
2459903.848441316,-0.00087350607,0.003278431
2459903.8498301795,-0.0021894574,0.003277901
2459903.8512190427,-0.00035768747,0.0032782604
2459903.8526079063,-0.0012261271,0.0032801412
2459903.8539967695,-0.004118085,0.0032761823
2459903.855385633,0.0007443428,0.003280167
2459903.8567744964,0.0015156269,0.0032770266
2459903.85816336,4.5895576e-05,0.0032786706
2459903.8595522237,0.0028003454,0.0032793293
2459903.860941087,0.00022947788,0.0032846886
2459903.8623299506,-0.0030415058,0.0032766107
2459903.8637188138,0.0030949116,0.003278247
2459903.8651076774,0.0009976625,0.0032804164
2459903.8664965406,-0.0024832487,0.003278334
2459903.8678854043,-0.00048202276,0.0032809845
2459903.8692742675,-0.00035011768,0.0032774431
2459903.870663131,0.008433104,0.0032827994
2459903.8720519943,-0.004237294,0.0032789395
2459903.8734408575,0.0035245419,0.0032801353
2459903.874829721,-0.0014625788,0.003278916
2459903.8762185844,0.0028301477,0.0032834716
2459903.877607448,0.0013250113,0.003279514
2459903.878996311,-0.00038808584,0.003281855
2459903.880385175,0.0024350882,0.0032807055
2459903.8817740385,0.0016716719,0.0032807412
2459903.8831629017,-0.0021957755,0.003277652
2459903.884551765,0.0004402399,0.0032820252
2459903.8859406286,-0.00941056,0.0032745583
2459903.887329492,-0.0038603544,0.0032751798
2459903.888718355,0.0009057522,0.0032755772
2459903.8901072186,-0.0021197796,0.0032774326
2459903.8914960823,1.3828278e-05,0.0032773963
2459903.8928849455,-0.004600644,0.0032779884
2459903.8942738087,0.0013569593,0.0032788005
2459903.895662672,0.0013000965,0.0032763258
2459903.8970515355,0.0029222965,0.0032807935
2459903.8984403987,-0.000113129616,0.0032765816
2459903.8998292624,1.4424324e-05,0.0032758482
2459903.9012181256,-0.00068348646,0.0032772135
2459903.902606989,0.004104972,0.0032778739
2459903.9039958525,0.006677389,0.0032844392
2459903.9053847156,0.004757762,0.0032831344
2459903.9067735793,0.0016577244,0.0032820099
2459903.9081624425,0.001883626,0.0032805046
2459903.9095513057,-0.01070869,0.0032732235
2459903.910940169,-0.003644228,0.0032798604
2459903.9123290326,0.0032793283,0.003282576
2459903.913717896,0.0017842054,0.0032836343
2459903.9151067594,0.0024855137,0.00328223
2459903.9164956226,0.003452301,0.0032812343
2459903.917884486,0.0003272295,0.0032778769
2459903.9192733495,-0.0036985874,0.003277586
2459903.9206622127,-0.0023685098,0.0032796995
2459903.922051076,-0.004530132,0.0032765134
2459903.9234399395,-0.0027723312,0.0032774888
2459903.9248288027,-0.003499329,0.0032773514
2459903.926217666,-0.0030454993,0.0032778517
2459903.927606529,-0.005782008,0.003276161
2459903.9289953928,0.005186677,0.0032814525
2459903.930384256,0.001642108,0.0032811896
2459903.931773119,-0.0048207045,0.003276274
2459903.9331619823,0.0007376671,0.0032808005
2459903.934550846,0.0028908253,0.0032800853
2459903.935939709,-0.0027813315,0.0032784543
2459903.9373285724,0.0042868853,0.0032852774
2459903.938717436,-0.0024181008,0.0032783882
2459903.9401062992,-0.0032310486,0.0032791211
2459903.9414951624,0.0007406473,0.003280942
2459903.9428840256,0.002748847,0.0032809512
2459903.9442728893,-0.0019417405,0.0032800387
2459903.9456617525,0.003952861,0.0032848269
2459903.9470506157,-0.0038266778,0.003279028
2459903.948439479,-0.0018957257,0.0032791158
2459903.949828342,-0.0017396808,0.003279174
2459903.9512172057,0.0014603138,0.0032804767
2459903.952606069,0.003124714,0.0032802355
2459903.953994932,0.0018086433,0.0032845521
2459903.9553837953,0.0020149946,0.0032807717
2459903.9567726585,0.00069117546,0.0032777209
2459903.958161522,0.00058054924,0.0032797707
2459903.9595503854,-0.00081449747,0.0032799495
2459903.9609392486,-0.0020558834,0.0032781626
2459903.9623281118,-0.0027527213,0.003278317
2459903.963716975,0.0053356886,0.003284324
2459903.965105838,-0.0048276186,0.0032808252
2459903.966494702,-0.0010535717,0.0032804785
2459903.967883565,0.001881957,0.0032790129
2459903.969272428,-0.004408121,0.00327797
2459903.9706612914,0.0039582253,0.0032810403
2459903.9720501546,-0.00016343594,0.0032806303
2459903.973439018,-0.0040753484,0.003274507
2459903.974827881,0.0058119297,0.0032831389
2459903.976216744,0.0020112991,0.0032804385
2459903.977605608,-0.0011923909,0.0032778159
2459903.978994471,-0.0027955174,0.0032803193
2459903.980383334,0.0027176142,0.0032806986
2459903.9817721974,0.0032883883,0.0032803826
2459903.9831610606,-0.0012013316,0.003277692
2459903.984549924,0.0017251968,0.0032822588
2459903.985938787,-0.0010029674,0.003281201
2459903.9873276507,-0.0020115972,0.0032797698
2459903.9887165134,0.0011029243,0.0032815493
2459903.990105377,-0.0038669705,0.0032771497
2459903.99149424,0.0020112991,0.0032829132
2459903.9928831034,-0.00082433224,0.003281205
2459903.994271966,-0.00278157,0.0032799358
2459903.99566083,0.00015795231,0.0032784734
2459903.9970496926,-0.0025083423,0.0032789034
2459903.998438556,-0.0016930103,0.0032798364
2459903.9998274194,-0.00020158291,0.0032816057
2459904.0012162826,0.0002771616,0.0032802557
2459904.002605146,0.0012222528,0.0032817104
2459904.003994009,0.0008151531,0.0032798224
2459904.005382872,0.004183173,0.0032785812
2459904.0067717354,-0.0032163858,0.003277817
2459904.0081605986,0.00043082237,0.003280288
2459904.009549462,-0.0016689897,0.0032811656
2459904.010938325,8.666515e-05,0.003278819
2459904.012327188,0.0014669895,0.0032803614
2459904.0137160514,-0.0059452653,0.003275954
2459904.0151049145,-0.00019204617,0.0032778112
2459904.0164937777,-0.0032222867,0.0032774422
2459904.017882641,0.0030738115,0.0032805477
2459904.019271504,0.0035202503,0.0032818438
2459904.0206603673,-0.00073975325,0.0032788063
2459904.0220492305,0.0013738871,0.003282411
2459904.0234380937,-0.0048972964,0.003278031
2459904.024826957,0.00043010712,0.0032804632
2459904.0262158196,-0.0018126965,0.0032821705
2459904.0276046833,0.0018881559,0.0032805987
2459904.028993546,0.00017392635,0.0032771653
2459904.030382409,-0.0057510138,0.0032776538
2459904.0317712724,-0.0017054677,0.0032800876
2459904.0331601356,0.00020337105,0.003282272
2459904.034548999,-0.0049013495,0.0032760557
2459904.035937862,0.0016899109,0.00328117
2459904.037326725,-0.0034974217,0.0032802497
2459904.0387155884,-0.0009583235,0.0032789847
2459904.0401044516,0.0019003153,0.0032806792
2459904.041493315,-0.0024840236,0.003278999
2459904.0428821775,0.00022375584,0.0032785956
2459904.044271041,-0.0031523108,0.0032781307
2459904.045659904,0.000844717,0.0032791526
2459904.047048767,0.0031399727,0.0032804154
2459904.0484376303,-0.00072437525,0.0032807896
2459904.0498264935,-0.0036251545,0.003276695
2459904.0512153567,-0.0061540604,0.0032785758
2459904.05260422,-0.0010846853,0.0032774247
2459904.053993083,0.0075626373,0.0032891948
2459904.055381946,0.00082194805,0.003279222
2459904.056770809,0.00031244755,0.0032790902
2459904.058159672,0.0036697388,0.003281213
2459904.0595485354,-0.000880599,0.0032795863
2459904.060937398,0.0048457384,0.0032811104
2459904.0623262613,-0.0040116906,0.0032776813
2459904.0637151245,-0.0012826324,0.0032774452
2459904.0651039877,-0.0029105544,0.0032761395
2459904.066492851,-0.0016648173,0.0032792035
2459904.0678817136,0.00062823296,0.0032781595
2459904.069270577,0.0027436018,0.003281033
2459904.07065944,-0.0027495027,0.0032777283
2459904.072048303,-0.000428617,0.0032786964
2459904.0734371664,-0.0038761497,0.0032753479
2459904.074826029,-0.0015951395,0.003282415
2459904.0762148923,-0.0026009083,0.0032781204
2459904.0776037555,-0.0017415881,0.0032796327
2459904.0789926187,0.0043913126,0.0032819726
2459904.0803814814,-0.00077164173,0.0032773053
2459904.0817703446,-9.828806e-05,0.0032786948
2459904.083159208,-0.0031929612,0.0032763842
2459904.084548071,-0.0024809241,0.0032779488
2459904.085936934,0.0033612251,0.0032808601
2459904.087325797,-0.0046820045,0.0032736983
2459904.08871466,0.002481103,0.0032790806
2459904.0901035233,0.00015556812,0.0032799048
2459904.091492386,0.0024678707,0.0032828723
2459904.0928812493,-0.0024678707,0.0032798832
2459904.0942701125,0.0025280714,0.0032808986
2459904.0956589757,0.0008716583,0.0032788964
2459904.0970478384,-0.00085777044,0.0032787533
2459904.0984367016,0.0024915934,0.0032807502
2459904.0998255643,-0.00097203255,0.003278675
2459904.1012144275,-0.0005040169,0.0032775293
2459904.1026032907,-0.0019991994,0.0032791838
2459904.103992154,-0.0006684065,0.0032776743
2459904.105381017,0.002698779,0.0032802224
2459904.10676988,-0.0036034584,0.0032793062
2459904.108158743,0.0013267994,0.0032817798
2459904.1095476057,0.00092446804,0.0032808196
2459904.110936469,-0.00022727251,0.0032796937
2459904.1123253317,-0.0031297207,0.0032793763
2459904.113714195,-0.0016267896,0.0032781132
2459904.115103058,0.0024658442,0.0032798068
2459904.116491921,0.002735138,0.0032797537
2459904.117880784,0.0015518665,0.0032804331
2459904.119269647,0.004246354,0.0032802646
2459904.12065851,0.0027060509,0.0032835645
2459904.122047373,0.0018901825,0.0032837044
2459904.1234362363,-0.0007172823,0.0032792024
2459904.124825099,-0.00067204237,0.0032802087
2459904.126213962,0.0014728308,0.0032786038
2459904.1276028254,0.0023114681,0.0032812154
2459904.128991688,0.0015918016,0.0032820601
2459904.1303805513,-0.0010115504,0.0032781984
2459904.131769414,-0.0014901161,0.0032771912
2459904.1331582773,-0.0016534328,0.0032782662
2459904.13454714,0.0014848709,0.0032799928
2459904.135936003,-0.00067573786,0.0032797074
2459904.1373248664,-0.0027017593,0.0032783954
2459904.138713729,0.0030065775,0.003280475
2459904.1401025923,-0.00042784214,0.0032798387
2459904.141491455,0.0019136667,0.0032777274
2459904.142880318,-0.0030444264,0.0032791358
2459904.144269181,-0.0009589195,0.0032777623
2459904.145658044,-0.00046229362,0.0032794347
2459904.147046907,-0.0010963082,0.0032791288
2459904.14843577,-0.0012347698,0.003279809
2459904.149824633,-0.0019124746,0.0032762906
2459904.1512134955,0.0009353161,0.0032831132
2459904.1526023587,-0.00010317564,0.0032782583
2459904.1539912215,-0.0061921477,0.0032756834
2459904.1553800846,0.0027606487,0.0032828264
2459904.1567689474,-0.0003952384,0.0032787614
2459904.1581578106,-0.00018084049,0.0032823374
2459904.1595466738,-0.0065684915,0.0032760035
2459904.1609355365,-0.006022513,0.0032764466
2459904.1623243997,-0.003324926,0.003277996
2459904.1637132624,6.151199e-05,0.0032792543
2459904.165102125,-0.0009937882,0.0032787668
2459904.1664909883,-0.0034060478,0.0032773418
2459904.167879851,-4.285574e-05,0.003278549
2459904.1692687143,0.00040400028,0.003281623
2459904.170657577,0.0015951395,0.0032803675
2459904.17204644,-0.0027275681,0.0032762676
2459904.173435303,-0.00068730116,0.0032779912
2459904.174824166,-0.0016233921,0.003279183
2459904.176213029,-0.005014479,0.0032748205
2459904.1776018916,-0.0042942166,0.0032779186
2459904.1789907548,-0.003434062,0.0032776748
2459904.1803796175,-0.0025883317,0.0032781167
2459904.1817684807,-0.0014727116,0.003279763
2459904.1831573434,0.00074875355,0.003280085
2459904.184546206,-0.0025517344,0.0032802825
2459904.185935069,0.0057520866,0.0032869284
2459904.187323932,-0.005718291,0.0032765046
2459904.188712795,4.0650368e-05,0.0032805952
2459904.190101658,-0.000246346,0.0032775367
2459904.1914905207,0.00043725967,0.0032793407
2459904.1928793835,-0.0023568273,0.0032794345
2459904.1942682466,0.0018447638,0.0032809083
2459904.1956571094,-0.0014249682,0.0032782145
2459904.1970459726,-0.0023362637,0.0032795316
2459904.1984348353,-0.002077341,0.0032764028
2459904.199823698,-0.00088864565,0.0032808066
2459904.201212561,-0.0020220876,0.0032781197
2459904.202601424,-0.005182445,0.0032763206
2459904.2039902867,-0.0022111535,0.0032792012
2459904.2053791494,-0.0011988878,0.0032796043
2459904.2067680126,-0.0030850768,0.0032827056
2459904.2081568753,-0.00016921759,0.0032776694
2459904.209545738,-0.0051798224,0.003276038
2459904.2109346013,0.002516985,0.0032839756
2459904.212323464,-0.0012058616,0.0032793903
2459904.2137123267,-0.00093096495,0.0032795852
2459904.2151011894,-0.0024629831,0.003277411
2459904.2164900526,-0.00077432394,0.0032794804
2459904.2178789154,-5.5253506e-05,0.0032785959
2459904.219267778,-0.0012888908,0.003281078
2459904.220656641,-0.004542589,0.0032767986
2459904.222045504,0.0042624474,0.0032836655
2459904.2234343668,-0.0004810691,0.003279263
2459904.2248232295,-0.0031702518,0.0032770657
2459904.2262120927,-0.0012180805,0.0032791703
2459904.2276009554,0.0042515993,0.00328357
2459904.228989818,-0.00065147877,0.0032770913
2459904.230378681,-0.0028047562,0.0032775167
2459904.231767544,0.0005631447,0.0032807412
2459904.233156407,0.0013619661,0.003280706
2459904.2345452695,-0.00119555,0.003277574
2459904.2359341322,0.001991868,0.0032798755
2459904.237322995,0.0030459166,0.0032814674
2459904.238711858,-0.0045521855,0.0032738391
2459904.240100721,-0.0026759505,0.0032821926
2459904.2414895836,-0.004156053,0.003278158
2459904.2428784464,-0.00047653913,0.0032822124
2459904.244267309,0.0030981302,0.0032833577
2459904.2456561723,0.002464056,0.0032792848
2459904.247045035,-0.0012677312,0.0032766245
2459904.2484338977,-0.0029969811,0.0032791917
2459904.2498227605,-0.0022507906,0.0032768783
2459904.251211623,-0.0025350451,0.0032802878
2459904.252600486,-0.005096853,0.003276577
2459904.2539893487,-0.002103269,0.0032796655
2459904.255378212,-0.0023424625,0.003276407
2459904.2567670746,-0.0019298196,0.0032761223
2459904.2581559373,0.006149292,0.0032828224
2459904.2595448,0.0033285618,0.0032810913
2459904.2609336628,9.453297e-05,0.003282499
2459904.2623225255,-0.003465116,0.0032765302
2459904.263711388,0.0036548376,0.0032811176
2459904.2651002514,0.0005159378,0.003281066
2459904.2664891137,-0.0007659793,0.0032793388
2459904.267877977,-0.00034034252,0.0032811093
2459904.2692668396,0.0032634735,0.0032792392
2459904.2706557023,0.0053733587,0.0032818743
2459904.272044565,0.0033128262,0.003280643
2459904.273433428,-0.002778709,0.003280479
2459904.2748222905,0.0020165443,0.0032825011
2459904.2762111533,0.0033724308,0.003281777
2459904.277600016,-0.0014314055,0.0032779058
2459904.2789888787,-0.007196903,0.003276594
2459904.2803777414,0.00072419643,0.0032814187
2459904.281766604,0.004377842,0.0032853833
2459904.283155467,-0.001673758,0.0032811435
2459904.2845443296,0.0014315844,0.0032806084
2459904.2859331924,-0.0014336705,0.0032786801
2459904.2873220555,-0.000641942,0.0032784203
2459904.288710918,0.0022484064,0.0032801246
2459904.290099781,0.0016726255,0.0032796224
2459904.2914886433,-0.00021713972,0.0032792175
2459904.2928775065,0.0028951168,0.0032830103
2459904.2942663687,0.00070631504,0.0032791179
2459904.295655232,0.0040279627,0.0032812566
2459904.2970440947,-0.0048096776,0.003276893
2459904.298432957,-0.0028136969,0.0032785188
2459904.29982182,-0.0020493865,0.0032808215
2459904.3012106824,0.004689336,0.0032829267
2459904.3025995456,0.0010108948,0.0032824539
2459904.303988408,-0.0025726557,0.0032758377
2459904.3053772706,-0.0035201907,0.0032812445
2459904.3067661338,-0.0052879453,0.0032777216
2459904.308154996,-0.0036649108,0.003278747
2459904.3095438587,-0.0056121945,0.0032771146
2459904.3109327215,0.0022706985,0.0032825747
2459904.312321584,0.003513813,0.0032857864
2459904.313710447,0.0014743805,0.0032822296
2459904.3150993097,-0.0033769608,0.003276815
2459904.3164881724,0.0012015104,0.003279269
2459904.317877035,0.00192976,0.0032792916
2459904.319265898,-0.0004386902,0.003280904
2459904.3206547606,0.0045651197,0.0032830627
2459904.3220436233,0.0032287836,0.0032825067
2459904.3234324856,0.00038444996,0.003278193
2459904.3248213483,-0.0027546883,0.0032777642
2459904.326210211,-0.0009405017,0.0032797044
2459904.3275990738,0.0018339157,0.0032814709
2459904.3289879365,0.0011051893,0.003281429
2459904.330376799,0.0012197495,0.003281665
2459904.331765662,-0.0017821193,0.0032788836
2459904.333154524,-0.0026667714,0.003280579
2459904.3345433874,-0.0028678179,0.0032786124
2459904.3359322497,0.0053396225,0.0032848862
2459904.3373211124,0.0010068417,0.0032818555
2459904.338709975,0.00027370453,0.0032797137
2459904.340098838,-0.0075665712,0.0032780843
2459904.3414877006,-0.002382934,0.003279401
2459904.342876563,-0.0049731135,0.003277164
2459904.3442654256,0.00046777725,0.0032805966
2459904.3456542883,0.0041252375,0.0032830068
2459904.347043151,0.0052399635,0.0032853743
2459904.3484320138,-0.0046272874,0.0032772694
2459904.3498208765,-0.00097608566,0.003278317
2459904.351209739,-0.0047935247,0.0032804387
2459904.3525986015,-0.0018482804,0.00327783
2459904.353987464,0.0014672279,0.0032805617
2459904.355376327,-0.0049541593,0.0032780159
2459904.3567651897,-0.00025326014,0.0032818986
2459904.358154052,-0.0013718009,0.0032790382
2459904.3595429147,0.0034850836,0.0032831798
2459904.3609317774,0.0010493994,0.0032810816
2459904.36232064,0.0059479475,0.0032842604
2459904.363709503,0.001773715,0.0032819812
2459904.365098365,-0.00024569035,0.0032801656
2459904.366487228,-0.00059074163,0.0032823146
2459904.36787609,0.0011581182,0.003280871
2459904.369264953,-0.0010365844,0.0032779889
2459904.3706538156,-0.0031080842,0.003277523
2459904.3720426783,0.0072048903,0.003283186
2459904.373431541,-0.00268358,0.0032790336
2459904.3748204033,0.0026179552,0.0032815118
2459904.376209266,-0.00010472536,0.0032779607
2459904.3775981287,0.002004981,0.0032796199
2459904.3789869915,-0.0018371344,0.00327987
2459904.3803758537,-0.0021343231,0.0032787556
2459904.3817647165,-0.005295098,0.0032773346
2459904.383153579,-0.0017659664,0.0032778743
2459904.3845424415,-0.004017353,0.0032755125
2459904.385931304,-0.004090965,0.0032798233
2459904.3873201665,0.00044322014,0.003279162
2459904.388709029,-0.0010309815,0.0032807041
2459904.390097892,3.6358833e-05,0.0032803684
2459904.3914867546,-0.0014941096,0.0032778985
2459904.392875617,0.0018792152,0.003280549
2459904.3942644796,0.001846075,0.0032775474
2459904.3956533424,0.0019809008,0.0032827805
2459904.3970422046,-0.0037929416,0.0032779432
2459904.3984310674,0.0038238764,0.0032832841
2459904.3998199296,0.004288435,0.0032817163
2459904.4012087923,-0.0039527416,0.003277227
2459904.402597655,0.0013746023,0.0032793686
2459904.4039865173,-0.0027407408,0.0032775032
2459904.40537538,0.0069568157,0.003283969
2459904.4067642423,-0.0047478676,0.0032770499
2459904.408153105,-0.008840799,0.0032770145
2459904.409541968,-0.0023987293,0.003279805
2459904.41093083,-0.00038009882,0.003283208
2459904.412319693,0.001086235,0.00327929
2459904.413708555,0.0017123222,0.0032802776
2459904.415097418,0.00024938583,0.0032803463
2459904.4164862805,0.0008161068,0.0032789474
2459904.417875143,0.0025404692,0.0032794522
2459904.4192640055,0.00045728683,0.0032812322
2459904.4206528678,0.001584053,0.003280187
2459904.4220417305,0.0021232367,0.0032791253
2459904.4234305928,-0.0036283731,0.0032798003
2459904.4248194555,-0.0016872287,0.0032805617
2459904.4262083177,0.003440261,0.0032811405
2459904.4275971805,-0.0028922558,0.0032764385
2459904.4289860427,-0.0014994144,0.0032787211
2459904.4303749055,0.003184557,0.0032802192
2459904.4317637677,0.0012339354,0.0032815393
2459904.4331526305,0.0034219027,0.003280188
2459904.434541493,-0.004284382,0.0032765514
2459904.4359303555,0.002687335,0.003283992
2459904.437319218,-0.0018051863,0.0032825114
2459904.4387080804,-0.0029367805,0.003279895
2459904.440096943,0.00074756145,0.0032780748
2459904.4414858054,-0.00021886826,0.0032790983
2459904.442874668,0.0032533407,0.0032838688
2459904.4442635304,-0.00068831444,0.0032799323
2459904.445652393,-0.00395751,0.0032786755
2459904.4470412554,-6.133318e-05,0.003282448
2459904.4484301177,0.0025787354,0.003279996
2459904.4498189804,0.00114429,0.0032828245
2459904.4512078427,0.0024271011,0.0032816231
2459904.4525967054,-0.002418518,0.0032783926
2459904.4539855677,-0.0027266145,0.0032777728
2459904.4553744304,-0.002155006,0.0032788585
2459904.4567632927,0.003401637,0.003284542
2459904.458152155,-0.0032169223,0.0032764433
2459904.4595410177,0.004179597,0.0032823018
2459904.46092988,-0.0011310577,0.0032809295
2459904.4623187426,-0.0023531318,0.00327779
2459904.463707605,-0.004286766,0.0032786827
2459904.4650964676,-0.0025858283,0.0032815288
2459904.46648533,0.0010418892,0.0032802226
2459904.467874192,-0.0017188191,0.0032785041
2459904.469263055,0.002878666,0.0032839156
2459904.470651917,-0.0034683347,0.0032788136
2459904.47204078,-0.000908494,0.003279094
2459904.473429642,-0.00421679,0.003278206
2459904.4748185044,0.0034335852,0.0032799188
2459904.4762073667,0.00076007843,0.0032801016
2459904.4775962294,-0.00076526403,0.0032780787
2459904.478985092,-0.0024881363,0.0032810557
2459904.4803739544,0.00071024895,0.003280501
2459904.4817628167,-0.0009508133,0.0032778264
2459904.483151679,-0.003531456,0.0032767514
2459904.4845405417,0.002666831,0.0032807263
2459904.485929404,-0.0017002225,0.0032784368
2459904.487318266,0.000880599,0.0032809582
2459904.488707129,-0.0014332533,0.0032783835
2459904.490095991,0.0013757944,0.0032800434
2459904.4914848534,0.001722455,0.0032847482
2459904.4928737157,0.0013662577,0.0032824033
2459904.4942625784,0.0040102005,0.00328213
2459904.4956514407,-0.0037207007,0.0032783602
2459904.497040303,-0.0003131032,0.0032807393
2459904.4984291657,-0.0010102391,0.0032778073
2459904.499818028,0.0024422407,0.0032800105
2459904.50120689,0.004388094,0.0032819638
2459904.5025957525,-0.00148803,0.0032783996
2459904.503984615,0.0037584305,0.0032818427
2459904.5053734775,-0.0026144981,0.0032790548
2459904.5067623397,-0.0048903823,0.0032786492
2459904.508151202,-0.006431401,0.0032781388
2459904.5095400647,-0.0004953146,0.0032814594
2459904.510928927,-0.002854824,0.0032789058
2459904.5123177893,0.0024490356,0.0032814376
2459904.513706652,-0.00057673454,0.0032799756
2459904.5150955142,0.0044088364,0.003283265
2459904.5164843765,0.0025926828,0.0032829382
2459904.517873239,-0.0017372966,0.0032796948
2459904.519262101,-0.004026413,0.0032769754
2459904.5206509638,0.00059616566,0.0032801596
2459904.522039826,-0.0003631711,0.0032805467
2459904.5234286883,0.0014228821,0.0032810336
2459904.5248175506,0.008223772,0.0032869678
2459904.526206413,-0.0029041767,0.0032789786
2459904.527595275,-0.004975617,0.0032742997
2459904.528984138,0.0026904345,0.003282646
2459904.530373,-0.0017499924,0.003279708
2459904.5317618623,-2.515316e-05,0.0032780536
2459904.5331507246,0.0009378195,0.0032801093
2459904.534539587,-0.001519382,0.0032785712
2459904.5359284496,0.004000902,0.0032828122
2459904.537317312,-0.0042431355,0.0032780953
2459904.538706174,-0.0036669374,0.003278488
2459904.5400950364,-2.4855137e-05,0.003279064
2459904.5414838986,-0.002800405,0.00328102
2459904.542872761,0.0011136532,0.0032834255
2459904.544261623,-0.002306223,0.0032809433
2459904.545650486,7.009506e-05,0.003277618
2459904.5470393477,0.0036141872,0.0032806278
2459904.5484282104,0.0061392784,0.0032823253
2459904.5498170727,0.0015096664,0.0032821968
2459904.551205935,-0.0031012893,0.0032770974
2459904.552594797,0.002945304,0.003283402
2459904.5539836595,0.0006917715,0.0032829477
2459904.5553725217,-0.00142169,0.0032807335
2459904.556761384,-0.0012649298,0.003279378
2459904.5581502463,0.0015478134,0.0032798257
2459904.5595391085,-0.0039820075,0.003277511
2459904.560927971,-0.0019307733,0.0032772901
2459904.5623168335,-0.0032674074,0.0032786785
2459904.5637056953,-0.0030972958,0.0032780794
2459904.565094558,0.0030136108,0.0032804713
2459904.5664834203,0.005135417,0.00328346
2459904.5678722826,0.0022119284,0.0032785772
2459904.569261145,-0.001601398,0.0032816771
2459904.570650007,-0.0029545426,0.0032812506
2459904.5720388694,0.003784895,0.0032813156
2459904.5734277316,0.0025026798,0.0032808192
2459904.574816594,0.0060300827,0.0032811747
2459904.576205456,0.0069663525,0.0032845945
2459904.5775943184,0.0024180412,0.003280483
2459904.5789831807,0.0020854473,0.0032867983
2459904.580372043,-0.0006684661,0.0032777514
2459904.581760905,-0.0028949976,0.003276198
2459904.5831497675,-0.0009498,0.003279402
2459904.5845386297,0.00019419193,0.0032821125
2459904.585927492,-0.0020608306,0.0032771225
2459904.5873163543,-0.002192378,0.0032791682
2459904.5887052165,-0.0014019012,0.003278139
2459904.590094079,-0.0020746589,0.0032794026
2459904.5914829406,0.0002630949,0.0032822094
2459904.5928718033,0.001488328,0.003280505
2459904.5942606656,0.003684163,0.0032808373
2459904.5956495274,-0.0023275018,0.003277895
2459904.59703839,0.0039173365,0.003281639
2459904.598427252,0.0027182102,0.003280473
2459904.599816114,-0.004498005,0.0032773893
2459904.6012049764,-0.0021220446,0.0032814478
2459904.6025938387,-0.0002887845,0.0032804958
2459904.603982701,-0.0019350648,0.0032791514
2459904.605371563,0.0034111738,0.0032836988
2459904.6067604255,-0.001580894,0.0032806224
2459904.6081492878,-0.004871309,0.0032768534
2459904.60953815,0.0016639233,0.0032789449
2459904.610927012,-0.002096951,0.0032799472
2459904.612315874,0.0031154156,0.0032806806
2459904.6137047363,0.0038590431,0.003284899
2459904.6150935986,-0.0014542341,0.003277202
2459904.616482461,0.004711628,0.0032813193
2459904.617871323,0.0004733801,0.0032787237
2459904.6192601854,0.0012110472,0.0032807433
2459904.620649047,-0.002984345,0.0032786042
2459904.6220379095,-9.292364e-05,0.0032821298
2459904.6234267717,0.0009846687,0.0032806569
2459904.624815634,-0.0001604557,0.0032776857
2459904.6262044962,0.0027570724,0.0032840776
2459904.6275933585,-0.004026115,0.0032776652
2459904.628982221,0.0022192001,0.0032851475
2459904.6303710826,-0.0031285286,0.003277775
2459904.631759945,-0.0028468966,0.0032804096
2459904.633148807,0.00035524368,0.0032798492
2459904.6345376694,0.0029056072,0.0032832555
2459904.635926531,0.007288456,0.0032847475
2459904.6373153934,-0.0018251538,0.0032778333
2459904.6387042557,0.003460765,0.0032789758
2459904.640093118,0.0012441874,0.0032801174
2459904.64148198,0.0013449192,0.0032796983
2459904.642870842,-0.0024361014,0.0032789526
2459904.6442597043,-0.0028119683,0.0032795703
2459904.6456485665,0.002061963,0.0032813658
2459904.647037429,-0.0030765533,0.0032784848
2459904.648426291,0.0036250353,0.003280617
2459904.649815153,0.00087463856,0.0032821065
2459904.651204015,-0.0012035966,0.0032777048
2459904.6525928774,0.001719594,0.0032828108
2459904.6539817397,0.00058948994,0.0032810108
2459904.6553706015,-0.00528872,0.0032741972
2459904.6567594637,0.0016722679,0.0032789
2459904.658148326,-0.0031907558,0.0032772536
2459904.659537188,-0.0015027523,0.0032801025
2459904.66092605,-0.00073421,0.0032791242
2459904.6623149123,0.00526011,0.0032813319
2459904.6637037746,0.00023794174,0.003283326
2459904.6650926364,-0.00091427565,0.003280698
2459904.6664814986,-0.0014184117,0.0032775826
2459904.6678703604,-0.0024135709,0.0032785293
2459904.6692592227,-0.0022935271,0.0032801821
2459904.670648085,-0.0028643012,0.0032807703
2459904.6720369468,0.0014015436,0.0032818846
2459904.673425809,0.0033689737,0.0032814057
2459904.6748146713,0.0008844137,0.0032828415
2459904.6762035335,-0.000826776,0.0032802627
2459904.6775923953,-0.004912138,0.0032783812
2459904.6789812576,0.0031923056,0.003282417
2459904.68037012,0.0038124323,0.0032825225
2459904.6817589817,0.0017054081,0.003282373
2459904.683147844,0.0013920069,0.0032817738
2459904.6845367057,-0.004943788,0.003275964
2459904.685925568,-0.00069612265,0.0032792462
2459904.68731443,0.0005027056,0.0032816608
2459904.688703292,-0.001050055,0.0032795363
2459904.6900921543,0.0071718693,0.003284969
2459904.691481016,0.002881527,0.003282839
2459904.6928698784,-0.0028403401,0.003279906
2459904.69425874,-0.00063312054,0.00328221
2459904.6956476024,0.0014193058,0.0032780634
2459904.6970364647,-0.00040143728,0.0032798632
2459904.6984253265,0.00033974648,0.0032798657
2459904.6998141888,-0.0028279424,0.0032781
2459904.7012030506,-0.005385399,0.003278369
2459904.702591913,-0.0018907785,0.00327903
2459904.7039807746,-0.0045399666,0.0032772738
2459904.705369637,0.0021060705,0.0032805628
2459904.706758499,-0.0012564063,0.0032769302
2459904.708147361,-0.005108297,0.0032752547
2459904.709536223,-0.0045596957,0.0032780052
2459904.710925085,0.0006735325,0.0032786685
2459904.7123139473,-0.0052903295,0.0032739118
2459904.713702809,-0.004799485,0.0032763046
2459904.7150916713,-0.0012535453,0.0032781705
2459904.716480533,-0.007186711,0.0032737583
2459904.7178693954,-0.001159668,0.0032792052
2459904.719258257,-0.0013722181,0.0032783458
2459904.7206471195,0.0012664795,0.003279306
2459904.7220359817,-0.003204167,0.0032770273
2459904.7234248435,-0.0029429197,0.0032787686
2459904.7248137053,-0.0014094114,0.00327913
2459904.7262025676,-0.0011761189,0.0032766093
2459904.7275914294,-0.0053241253,0.0032797183
2459904.7289802916,-0.004025042,0.003279641
2459904.7303691534,-0.0008826256,0.0032794287
2459904.731758015,-0.006090164,0.0032749677
2459904.7331468775,-0.0041464567,0.0032792434
2459904.7345357398,0.00065505505,0.0032759444
2459904.7359246016,-0.0015857816,0.0032780222
2459904.737313464,-0.002648592,0.0032799365
2459904.7387023256,-0.0030285716,0.0032767304
2459904.7400911874,-0.0019168258,0.0032772976
2459904.7414800497,-0.0048159957,0.0032786636
2459904.7428689115,-0.0046364665,0.0032764864
2459904.7442577737,-0.0022076964,0.003277722
2459904.7456466355,0.00026512146,0.0032785689
2459904.747035498,-0.010615408,0.0032708705
2459904.7484243596,-0.008564591,0.003275933
2459904.7498132214,-0.00533396,0.0032747115
2459904.751202083,-0.0020678043,0.0032760303
2459904.7525909455,-0.0025963187,0.003277183
2459904.7539798077,0.0016374588,0.0032832217
2459904.7553686695,-0.005226314,0.0032770669
2459904.7567575313,-0.0058392286,0.0032744596
2459904.758146393,-0.008842468,0.0032736515
2459904.7595352554,-0.0014039278,0.0032789302
2459904.760924117,-0.004802823,0.003278038
2459904.7623129794,-0.001698792,0.0032800187
2459904.7637018412,-0.00024974346,0.0032766797
2459904.765090703,0.0021145344,0.0032794764
2459904.7664795653,-0.009083152,0.0032768662
2459904.767868427,-0.0077722073,0.0032746154
2459904.769257289,-0.0038906336,0.0032762953
2459904.7706461507,-0.003278613,0.0032765453
2459904.772035013,-3.1650066e-05,0.0032773896
2459904.7734238748,0.0010625124,0.0032805435
2459904.7748127365,-0.0037315488,0.0032761875
2459904.776201599,-0.0037585497,0.0032761595
2459904.7775904606,-0.007098317,0.0032762135
2459904.7789793224,-0.005252838,0.0032791763
2459904.780368184,-0.0031456351,0.0032756159
2459904.7817570465,-0.001502037,0.0032780396
2459904.7831459083,-0.006890714,0.0032753763
2459904.78453477,-0.0071463585,0.0032776347
2459904.7859236323,-0.004107058,0.0032783085
2459904.787312494,-0.004863441,0.0032764112
2459904.788701356,-0.0068476796,0.0032750398
2459904.7900902177,-0.0010319948,0.0032832043
2459904.79147908,-0.005555272,0.0032765027
2459904.792867942,-0.0006571412,0.0032795141
2459904.7942568036,-0.007383287,0.003275405
2459904.7956456654,-0.005833745,0.0032801204
2459904.7970345276,0.0022788048,0.0032795887
2459904.7984233894,-0.0031155944,0.0032793034
2459904.7998122512,-0.006074071,0.003274603
2459904.801201113,-0.001206696,0.003279879
2459904.802589975,0.0014845133,0.0032816322
2459904.803978837,-0.00068730116,0.0032775865
2459904.805367699,-0.0073759556,0.0032752398
2459904.8067565607,-0.007820725,0.0032745795
2459904.8081454225,0.00084900856,0.0032795055
2459904.8095342843,-0.0028509498,0.0032784422
2459904.8109231465,-0.0021733046,0.0032782452
2459904.8123120083,-0.0069471,0.0032789195
2459904.81370087,-0.0031802058,0.0032771567
2459904.815089732,-0.0037555695,0.0032777179
2459904.8164785937,-0.00083619356,0.003282207
2459904.817867456,-0.0054350495,0.0032770166
2459904.819256318,-0.0051792264,0.0032746312
2459904.8206451796,-0.006843865,0.0032747923
2459904.8220340414,-0.0044935346,0.0032771318
2459904.823422903,-0.0056791306,0.0032773525
2459904.824811765,-0.00679183,0.0032756214
2459904.826200627,-0.0033320189,0.0032774282
2459904.8275894886,-0.004255116,0.0032783577
2459904.8289783504,-0.005304754,0.0032778333
2459904.8303672126,-0.0018613338,0.0032774238
2459904.8317560744,-0.0020830035,0.0032790909
2459904.8331449362,-0.0017754436,0.00328008
2459904.834533798,-0.0092071295,0.0032745914
2459904.83592266,-0.003144145,0.0032755432
2459904.8373115216,-0.009272158,0.0032732673
2459904.8387003834,0.001601696,0.0032799623
2459904.8400892452,-0.0018005371,0.0032792136
2459904.841478107,-0.0049562454,0.0032768524
2459904.842866969,-0.0038095713,0.0032765728
2459904.8442558306,-0.0046373606,0.003276295
2459904.845644693,-0.00518924,0.0032754296
2459904.847033554,-0.004535079,0.0032751616
2459904.8484224165,-0.002945304,0.003279518
2459904.8498112783,-0.0042635202,0.0032761663
2459904.85120014,-0.0059834123,0.0032748852
2459904.852589002,-0.0055585504,0.0032775772
2459904.8539778637,-0.0016704202,0.0032767376
2459904.8553667255,-0.009720743,0.0032708573
2459904.8567555873,-0.005825162,0.0032747388
2459904.858144449,-0.0033432841,0.0032772762
2459904.8595333104,0.00023293495,0.0032796445
2459904.8609221727,-0.0015161037,0.003277672
2459904.8623110345,-0.004131794,0.0032761644
2459904.8636998963,-0.0040834546,0.003278751
2459904.865088758,-0.0007467866,0.0032798909
2459904.8664776194,0.0010496378,0.0032802392
2459904.8678664817,-0.004763961,0.0032774277
2459904.869255343,-0.00082957745,0.003277908
2459904.8706442052,-0.0018815398,0.0032774184
2459904.872033067,0.0005611181,0.003278624
2459904.8734219284,0.0038497448,0.00328175
2459904.8748107906,-0.007053137,0.0032767167
2459904.876199652,-0.0058802366,0.0032749355
2459904.877588514,6.2704086e-05,0.00328078
2459904.8789773756,-0.0063000917,0.003276549
2459904.8803662374,-0.0016937256,0.0032793146
2459904.881755099,-0.004012823,0.0032758059
2459904.883143961,-0.0053161383,0.0032777037
2459904.8845328228,-0.0015944242,0.0032792415
2459904.8859216846,0.0034543276,0.0032799204
2459904.8873105464,-0.0024953485,0.0032774548
2459904.8886994077,-0.0006224513,0.0032804192
2459904.89008827,-0.002162993,0.0032779116
2459904.8914771313,0.0031920671,0.0032809675
2459904.892865993,-0.0072845817,0.0032750296
2459904.894254855,-0.0042286515,0.0032774978
2459904.8956437167,-0.0030387044,0.0032765276
2459904.8970325785,-0.005843103,0.0032755258
2459904.8984214403,-0.0035780668,0.003276745
2459904.899810302,-0.0064042807,0.003276435
2459904.9011991634,-0.0055941343,0.0032763614
2459904.902588025,0.00020432472,0.0032806047
2459904.903976887,-0.0027470589,0.003277956
2459904.905365749,-0.0018803477,0.0032757374
2459904.9067546106,-0.0063940287,0.0032794909
2459904.9081434724,-0.0054723024,0.0032772624
2459904.909532334,-0.0042502284,0.0032771742
2459904.9109211955,-0.0036782026,0.0032794485
2459904.9123100573,-0.005295098,0.0032763046
2459904.913698919,-0.005074024,0.0032770652
2459904.915087781,-0.003229618,0.0032763411
2459904.9164766427,-0.0030076504,0.00327678
2459904.917865504,-0.0049209595,0.00327674
2459904.919254366,-0.006541431,0.0032736184
2459904.9206432276,-0.0033923984,0.0032759698
2459904.9220320894,-0.00054603815,0.0032788594
2459904.923420951,-0.004954338,0.0032758522
2459904.9248098126,-0.0018390417,0.0032796776
2459904.9261986744,-0.00058460236,0.0032791095
2459904.927587536,-0.002268672,0.0032780578
2459904.928976398,-0.0026956797,0.0032827314
2459904.9303652593,-0.00024807453,0.003278375
2459904.931754121,0.00060915947,0.0032779686
2459904.933142983,-0.00027930737,0.0032791204
2459904.9345318447,-0.010062337,0.003273635
2459904.9359207065,-0.0072934628,0.0032739493
2459904.937309568,-0.0022927523,0.0032787884
2459904.9386984296,-0.00046932697,0.0032798096
2459904.940087291,-0.0022146106,0.003278656
2459904.9414761527,-0.0014210939,0.0032790701
2459904.9428650145,-0.0076977015,0.0032772496
2459904.9442538763,-0.0017610192,0.0032791672
2459904.945642738,0.0043281317,0.0032824741
2459904.9470315995,0.00042009354,0.0032797344
2459904.9484204613,0.00082838535,0.0032805451
2459904.9498093226,0.0032877922,0.0032824313
2459904.9511981844,-0.0047466755,0.003278818
2459904.952587046,0.001791358,0.003281027
2459904.9539759075,-0.0019810796,0.0032783644
2459904.9553647693,-0.004050851,0.0032792008
2459904.956753631,0.0010718107,0.0032835784
2459904.958142493,-0.00035309792,0.0032790012
2459904.9595313543,-0.0033103228,0.0032794294
2459904.960920216,-0.002312839,0.003282095
2459904.9623090774,0.001552105,0.0032790285
2459904.963697939,-0.0015855432,0.0032789921
2459904.9650868005,0.0002901554,0.0032808967
2459904.9664756623,0.00084269047,0.0032814294
2459904.967864524,0.0005322695,0.0032776846
2459904.9692533854,-0.00095260143,0.0032781232
2459904.9706422472,-0.0033854246,0.003278663
2459904.9720311086,-0.0025176406,0.0032785165
2459904.9734199704,0.0041526556,0.0032804322
2459904.974808832,-0.004581034,0.0032816385
2459904.9761976935,0.0014271736,0.0032811703
2459904.9775865553,-0.0024102926,0.0032772988
2459904.978975417,0.0024867058,0.0032805735
2459904.9803642784,0.0028709173,0.003282299
2459904.98175314,0.0019870996,0.0032820432
2459904.9831420016,-0.0051670074,0.0032766103
2459904.9845308634,-0.0028627515,0.003278449
2459904.9859197247,0.0030891895,0.003281351
2459904.9873085865,-0.0042514205,0.0032783633
2459904.988697448,-0.0053080916,0.0032776217
2459904.9900863096,-0.00038450956,0.0032809635
2459904.991475171,0.0058469772,0.0032844527
2459904.9928640327,-0.0062203407,0.0032821873
2459904.994252894,-0.00073486567,0.0032779707
2459904.995641756,0.001198411,0.0032816464
2459904.997030617,0.002798915,0.0032835708
2459904.998419479,0.004229784,0.0032805502
2459904.999808341,-0.0044940114,0.003277788
2459905.001197202,-0.0050697923,0.0032772166
2459905.002586064,-0.0010171533,0.0032764543
2459905.0039749253,-0.0007376075,0.0032797195
2459905.005363787,0.005024433,0.0032866306
2459905.0067526484,0.0023566484,0.0032836471
2459905.00814151,0.0016664267,0.0032793996
2459905.0095303715,-0.0023888946,0.003283489
2459905.010919233,0.0015128851,0.003278061
2459905.0123080947,-0.0031337738,0.0032768361
2459905.013696956,-0.0064394474,0.003278185
2459905.015085818,0.005939722,0.003284119
2459905.016474679,-0.0003014803,0.0032783756
2459905.017863541,-0.0007214546,0.003278049
2459905.0192524022,-0.00058716536,0.0032788578
2459905.020641264,-0.0023527145,0.0032786208
2459905.0220301254,0.001090169,0.0032823833
2459905.0234189867,0.0011104345,0.003281337
2459905.0248078485,0.0015112162,0.003282059
2459905.02619671,-0.004495442,0.0032827228
2459905.0275855716,-0.0024835467,0.003281238
2459905.028974433,-0.0010598302,0.0032849617
2459905.0303632948,0.0026800632,0.0032821745
2459905.031752156,-0.0031719208,0.0032781127
2459905.0331410174,-0.00010764599,0.0032822036
2459905.034529879,-0.0025373697,0.0032791223
2459905.0359187406,-0.0030492544,0.0032776813
2459905.0373076024,-0.0026239157,0.0032777817
2459905.0386964637,0.0016175508,0.003278247
2459905.040085325,0.002886176,0.0032845307
2459905.041474187,0.0005700588,0.0032804513
2459905.042863048,0.0032351017,0.003278637
2459905.0442519095,0.00025105476,0.0032793605
2459905.045640771,-0.0023328662,0.003280876
2459905.0470296326,-0.004425168,0.003280216
2459905.048418494,0.0013613701,0.0032819782
2459905.0498073557,-0.0020222068,0.0032805477
2459905.051196217,-0.0001449585,0.003279186
2459905.0525850784,-0.00011652708,0.0032817768
2459905.05397394,0.0072180033,0.0032837074
2459905.0553628015,-0.004149854,0.003278819
2459905.056751663,0.0055658817,0.0032841256
2459905.058140524,-0.0050602555,0.0032779083
2459905.059529386,0.001955986,0.0032810178
2459905.0609182473,-0.0029056668,0.00327687
2459905.0623071087,-0.0018392801,0.0032815486
2459905.0636959705,-0.0012114644,0.0032789744
2459905.065084832,-0.0021089315,0.0032815603
2459905.066473693,0.0002168417,0.0032805996
2459905.0678625545,-0.0010995269,0.003280055
2459905.0692514163,-0.0046405196,0.0032796036
2459905.0706402776,-0.0019370317,0.0032800063
2459905.072029139,0.0027893782,0.003281451
2459905.0734180007,-0.00053191185,0.0032781882
2459905.074806862,0.0039474964,0.0032814883
2459905.0761957234,-3.5643578e-05,0.0032813973
2459905.0775845847,-0.00094127655,0.003280225
2459905.078973446,0.0038655996,0.0032825721
2459905.0803623074,-0.000890553,0.003279926
2459905.081751169,0.0036127567,0.0032831223
2459905.0831400305,0.004594803,0.003283896
2459905.084528892,-0.003604412,0.0032785083
2459905.085917753,-0.0071148276,0.0032769535
2459905.0873066145,0.0032820702,0.003281853
2459905.0886954763,-0.005891919,0.0032773349
2459905.0900843376,0.0020685196,0.0032802422
2459905.091473199,-0.0031302571,0.0032824348
2459905.0928620603,0.001865387,0.003278448
2459905.0942509216,0.00064635277,0.0032792331
2459905.0956397834,0.0010046959,0.0032808962
2459905.0970286448,0.0009037256,0.0032799137
2459905.098417506,-0.0030686855,0.0032814483
2459905.0998063674,0.0010985136,0.003279333
2459905.1011952288,0.0074357986,0.00328424
2459905.10258409,0.0033580065,0.0032831402
2459905.1039729514,-0.0073300004,0.003276614
2459905.105361813,-0.0013639927,0.0032788767
2459905.1067506745,-0.0014613271,0.0032803412
2459905.108139536,0.002195835,0.0032810052
2459905.109528397,0.0043575764,0.0032828734
2459905.1109172585,0.001633048,0.003282823
2459905.11230612,0.00299263,0.003281838
2459905.113694981,0.0042859316,0.0032831226
2459905.115083843,0.00277555,0.0032806725
2459905.116472704,-0.003102243,0.0032782773
2459905.1178615657,-0.0035129786,0.0032769144
2459905.1192504265,-0.0004105568,0.0032792082
2459905.1206392883,0.0028738976,0.0032849505
2459905.1220281497,-0.0007340312,0.003278937
2459905.123417011,-0.006414056,0.0032774727
2459905.1248058723,0.0008075237,0.0032792252
2459905.1261947337,0.0022416115,0.003282529
2459905.127583595,0.0033074617,0.003283188
2459905.1289724563,0.0005233288,0.0032805863
2459905.1303613177,-0.0021915436,0.0032815533
2459905.131750179,0.0020583868,0.0032822185
2459905.1331390403,-0.0034609437,0.003279912
2459905.1345279017,0.0014797449,0.003279756
2459905.135916763,0.0016516447,0.0032832017
2459905.1373056243,-0.00012463331,0.0032827852
2459905.1386944856,-0.006944835,0.003276702
2459905.140083347,0.0011993647,0.003279819
2459905.1414722083,-0.00077319145,0.0032798208
2459905.1428610696,0.0001809597,0.0032794261
2459905.144249931,0.0002539158,0.003282513
2459905.1456387923,0.008322239,0.003285834
2459905.1470276536,-0.0038574338,0.0032787959
2459905.148416515,0.002553463,0.0032813232
2459905.1498053763,0.0007747412,0.003280366
2459905.1511942376,-0.002460599,0.0032789658
2459905.152583099,0.0030219555,0.0032805402
2459905.1539719603,0.00023019314,0.0032780047
2459905.1553608216,-0.0018171072,0.003280198
2459905.156749683,-0.0015435815,0.0032797349
2459905.1581385443,-7.480383e-05,0.0032810122
2459905.1595274056,-0.0051011443,0.0032757798
2459905.1609162665,5.173683e-05,0.0032816068
2459905.1623051283,0.0013207197,0.0032843703
2459905.163693989,-0.0028629303,0.003282193
2459905.1650828505,-0.0005851388,0.0032795481
2459905.166471712,0.00081694126,0.0032790515
2459905.167860573,0.00047671795,0.0032812585
2459905.1692494345,-0.0005366206,0.0032829389
2459905.170638296,-0.00063836575,0.003286281
2459905.172027157,-0.004355192,0.0032793407
2459905.1734160185,0.0024758577,0.0032810157
2459905.17480488,0.002910614,0.0032815812
2459905.1761937407,-0.0021361113,0.0032807693
2459905.177582602,0.002446413,0.0032829654
2459905.1789714633,-0.0009787679,0.0032806026
2459905.1803603247,0.0013735294,0.0032803416
2459905.181749186,0.0016139746,0.0032803796
2459905.1831380473,0.0002310276,0.003281449
2459905.1845269087,0.0018229485,0.00328259
2459905.1859157695,-0.0019809604,0.0032796438
2459905.187304631,0.0010883808,0.0032808268
2459905.188693492,-0.005494058,0.0032761204
2459905.1900823535,-0.0029993057,0.0032783013
2459905.191471215,0.004932523,0.0032815542
2459905.1928600757,9.727478e-05,0.0032819603
2459905.1942489375,-0.005103767,0.0032754936
2459905.1956377984,0.00024747849,0.0032808005
2459905.1970266597,-0.0013088584,0.0032799635
2459905.198415521,-0.0006864667,0.0032806909
2459905.1998043824,0.0034623146,0.0032789921
2459905.2011932437,0.003870368,0.0032819137
2459905.2025821046,-0.0015941858,0.0032789556
2459905.203970966,-0.0003631711,0.003277944
2459905.2053598273,0.0034579039,0.0032809
2459905.2067486886,3.5762787e-05,0.0032822217
2459905.2081375495,-0.0021371245,0.0032803316
2459905.209526411,0.005523443,0.0032840848
2459905.210915272,0.00084626675,0.0032796385
2459905.212304133,0.0007966757,0.003279903
2459905.2136929943,-0.0019723773,0.0032796871
2459905.2150818557,-0.00021415949,0.003280488
2459905.216470717,-0.007558942,0.0032766399
2459905.217859578,0.0046560764,0.0032815416
2459905.219248439,-0.006003678,0.0032762159
2459905.2206373005,0.00091826916,0.0032809526
2459905.222026162,-0.0024369955,0.0032784638
2459905.2234150227,-0.006219685,0.003276737
2459905.224803884,0.00475502,0.0032806974
2459905.2261927454,-0.0018818378,0.0032803935
2459905.2275816062,-0.005929053,0.0032759942
2459905.2289704676,-0.0025436282,0.0032808275
2459905.2303593284,-0.0017335415,0.0032796736
2459905.23174819,-0.0030969977,0.003279364
2459905.233137051,-0.0014111996,0.0032808227
2459905.2345259124,0.004078746,0.003280897
2459905.235914774,-0.0020177364,0.0032790292
2459905.2373036346,-0.0003697276,0.0032802515
2459905.238692496,0.002626419,0.0032814408
2459905.240081357,-0.0024968386,0.003278445
2459905.241470218,-0.0017781258,0.0032795977
2459905.2428590795,0.0031238794,0.0032825507
2459905.2442479404,-0.0026567578,0.0032802804
2459905.2456368017,-0.004426062,0.0032787372
2459905.2470256626,-0.0022995472,0.0032786494
2459905.248414524,0.00015759468,0.0032834143
2459905.249803385,0.0015983582,0.0032787777
2459905.251192246,-0.001542449,0.0032785987
2459905.2525811074,-0.0010462403,0.0032808934
2459905.2539699683,-0.0036824346,0.0032817575
2459905.2553588296,0.0032507181,0.0032807658
2459905.256747691,-0.00037676096,0.0032821822
2459905.258136552,0.0019530058,0.003281198
2459905.259525413,0.0013144016,0.0032789
2459905.260914274,0.0047625303,0.0032836308
2459905.2623031354,-0.00034177303,0.0032810534
2459905.2636919967,-0.0018702149,0.0032789682
2459905.2650808576,0.0007663965,0.0032804024
2459905.266469719,-0.0005902052,0.003278004
2459905.2678585798,-0.0019093752,0.0032798937
2459905.269247441,0.0015637875,0.003281966
2459905.270636302,-0.002646625,0.0032796934
2459905.2720251633,0.0046708584,0.003282915
2459905.273414024,0.0019812584,0.0032827687
2459905.2748028855,0.0018918514,0.0032803477
2459905.2761917464,-0.0018122196,0.003280524
2459905.2775806077,-0.0022174716,0.0032820466
2459905.2789694685,-0.004633546,0.0032791672
2459905.28035833,-0.0017722845,0.0032774177
2459905.2817471907,-0.004052758,0.003279057
2459905.283136052,0.0026745796,0.0032825049
2459905.284524913,0.003443718,0.003284254
2459905.2859137743,-0.007298708,0.003277576
2459905.2873026356,0.0017504692,0.0032826553
2459905.2886914965,0.0036312342,0.0032817165
2459905.2900803573,-0.0030795336,0.0032785162
2459905.2914692187,-0.0012554526,0.003278086
2459905.2928580795,-0.002702415,0.0032776264
2459905.2942469404,-0.006988704,0.0032759432
2459905.2956358017,0.00079643726,0.003281227
2459905.297024663,0.002753973,0.0032804622
2459905.298413524,-0.0034795403,0.0032790825
2459905.2998023853,0.0024783611,0.0032818161
2459905.301191246,0.0018633604,0.003283891
2459905.302580107,0.001306057,0.003279592
2459905.303968968,-0.0014417768,0.003279905
2459905.305357829,-0.0028717518,0.0032795756
2459905.3067466905,0.0033493042,0.0032820704
2459905.3081355514,0.0029278994,0.0032813733
2459905.3095244123,-0.0024644732,0.003280479
2459905.3109132736,-0.005306959,0.0032770943
2459905.3123021345,-0.0036137104,0.0032803735
2459905.3136909953,-0.0030991435,0.0032791533
2459905.3150798567,-0.0027754903,0.0032806592
2459905.3164687175,0.000705719,0.0032859293
2459905.3178575784,-0.00401628,0.0032791588
2459905.3192464397,-0.0022050738,0.0032773856
2459905.3206353006,0.005834222,0.0032873983
2459905.322024162,0.00040137768,0.0032835684
2459905.323413023,-3.504753e-05,0.0032820397
2459905.3248018837,0.0041946173,0.003280447
2459905.3261907445,-0.0020306706,0.0032768182
2459905.327579606,-0.0014828444,0.0032798687
2459905.3289684667,0.0009725094,0.0032800443
2459905.330357328,0.0033450127,0.0032842658
2459905.331746189,-0.0015399456,0.003277582
2459905.33313505,-0.003151536,0.0032797637
2459905.334523911,-0.000931859,0.003281252
2459905.335912772,0.0053890944,0.0032850672
2459905.337301633,-0.0068128705,0.0032763835
2459905.338690494,-0.0022079945,0.0032796778
2459905.340079355,0.00013887882,0.0032810532
2459905.341468216,-0.000207901,0.003278986
2459905.342857077,-0.00034731627,0.0032813612
2459905.344245938,-0.001263082,0.0032785046
2459905.345634799,-0.0045484304,0.0032789756
2459905.34702366,-0.0034127831,0.0032805938
2459905.3484125207,-0.0016620755,0.003281185
2459905.349801382,0.0031678677,0.003278326
2459905.351190243,-0.0059280396,0.0032760168
2459905.352579104,0.0031324625,0.0032804492
2459905.3539679646,-0.0027216673,0.003280501
2459905.3553568255,0.00054836273,0.0032816445
2459905.356745687,-0.0023490787,0.0032790499
2459905.3581345477,-0.0050582886,0.0032771225
2459905.3595234086,0.0028243065,0.0032820783
2459905.36091227,-0.003018558,0.003279278
2459905.362301131,0.006284952,0.003284337
2459905.3636899916,-0.005262196,0.003276592
2459905.3650788525,0.0013972521,0.003281524
2459905.3664677134,-0.0007273555,0.0032809635
2459905.3678565742,0.0017877817,0.0032841947
2459905.3692454356,-0.0022681355,0.003279174
2459905.3706342964,-0.0044002533,0.003278498
2459905.3720231573,-0.005055189,0.0032755965
2459905.373412018,0.003426075,0.0032815344
2459905.374800879,-0.0021241307,0.0032799088
2459905.37618974,-0.0025918484,0.0032787353
2459905.377578601,-0.00089001656,0.0032808858
2459905.378967462,-0.0019714832,0.0032792732
2459905.380356323,0.00434947,0.003286262
2459905.381745184,-0.0057121515,0.0032784303
2459905.3831340447,-0.0022116303,0.0032810015
2459905.3845229056,-0.008771062,0.003277186
2459905.3859117664,0.0012974739,0.0032826015
2459905.3873006273,-0.004391074,0.0032786827
2459905.3886894886,0.0020502806,0.0032815721
2459905.390078349,0.0051670074,0.0032809188
2459905.3914672104,0.0015177727,0.0032817083
2459905.3928560712,0.0051516294,0.0032840231
2459905.394244932,0.0007042885,0.0032809605
2459905.395633793,0.0014406443,0.0032803556
2459905.397022654,7.104874e-05,0.0032794243
2459905.3984115147,-0.001483202,0.0032821917
2459905.3998003756,0.0081294775,0.003284656
2459905.4011892364,0.00041425228,0.0032804962
2459905.402578098,0.0002348423,0.0032822066
2459905.403966958,-0.005529344,0.0032770943
2459905.4053558195,0.0009953976,0.0032797782
2459905.40674468,0.0020508766,0.0032825214
2459905.4081335412,-0.0016285181,0.0032806296
2459905.4095224016,-0.00140661,0.0032810029
2459905.410911263,0.0007606745,0.0032798874
2459905.4123001234,-0.0019791126,0.0032781952
2459905.4136889847,-0.00050735474,0.0032807563
2459905.4150778456,0.0027935505,0.0032815055
2459905.4164667064,-0.0028679967,0.0032828462
2459905.4178555673,-0.0007069707,0.003282019
2459905.419244428,-0.0005030632,0.003279178
2459905.420633289,-0.0004233718,0.0032813489
2459905.42202215,-0.0013666749,0.0032798022
2459905.4234110108,-0.0042997003,0.0032766832
2459905.4247998716,-0.0004068017,0.003280238
2459905.4261887325,0.00016915798,0.0032779626
2459905.4275775934,0.0037345886,0.0032820292
2459905.4289664538,-0.0028998256,0.0032783824
2459905.430355315,0.0011404753,0.0032825852
2459905.4317441755,5.173683e-05,0.003281282
2459905.433133037,0.00070798397,0.0032826732
2459905.4345218977,0.002808094,0.0032819416
2459905.435910758,-0.0027144551,0.003281836
2459905.437299619,-0.0013591647,0.0032777367
2459905.43868848,-0.004223585,0.00327987
2459905.4400773407,0.0038628578,0.003282639
2459905.4414662016,0.00013589859,0.0032804047
2459905.4428550624,-0.004714012,0.0032775865
2459905.4442439233,-0.002631247,0.003278317
2459905.445632784,-0.0014308095,0.0032798685
2459905.447021645,-0.0044694543,0.0032812934
2459905.448410506,0.0012735128,0.0032800045
2459905.4497993668,-0.0013765097,0.0032788552
2459905.451188227,0.00083065033,0.0032804233
2459905.452577088,0.0019726753,0.0032782785
2459905.453965949,0.0012481213,0.0032850336
2459905.4553548098,0.0035967827,0.0032857752
2459905.4567436706,0.004180789,0.0032844723
2459905.4581325315,0.0007586479,0.003281388
2459905.4595213924,0.001670599,0.0032820448
2459905.4609102528,0.0026316643,0.003284176
2459905.4622991136,0.00021719933,0.0032803838
2459905.4636879745,-0.0054231286,0.003278251
2459905.4650768354,0.0023378134,0.0032832827
2459905.466465696,-0.0059927106,0.003278148
2459905.467854557,-0.001729548,0.0032783458
2459905.469243418,-0.0010828376,0.0032791311
2459905.4706322784,-0.0014992952,0.0032797605
2459905.472021139,0.0038657188,0.0032815977
2459905.47341,-0.005087912,0.003275604
2459905.474798861,0.0026693344,0.0032828853
2459905.4761877214,0.0013118982,0.0032787372
2459905.477576582,0.00019001961,0.0032782452
2459905.478965443,0.0008444786,0.0032839077
2459905.480354304,0.0035362244,0.003281252
2459905.481743165,-8.702278e-05,0.0032804096
2459905.483132025,0.0011349916,0.0032823577
2459905.484520886,0.0020387173,0.0032817197
2459905.485909747,0.0028032064,0.003282987
2459905.487298608,-0.0026829243,0.003279496
2459905.4886874687,0.00045490265,0.003279916
2459905.490076329,0.0016490221,0.0032804408
2459905.49146519,-0.00033068657,0.0032818352
2459905.492854051,0.0057359934,0.0032893927
2459905.494242911,0.0044761896,0.0032827912
2459905.495631772,-0.0027468204,0.0032778727
2459905.497020633,-0.0019184947,0.003282052
2459905.498409494,-0.00031542778,0.0032816357
2459905.499798354,0.002121687,0.003283237
2459905.501187215,0.004504323,0.003281297
2459905.502576076,0.002045393,0.0032809612
2459905.5039649364,-0.0039120913,0.0032802566
2459905.505353797,0.004233122,0.003281453
2459905.506742658,0.0020881891,0.003283968
2459905.5081315185,0.0045182705,0.0032812683
2459905.5095203794,-0.0014889836,0.0032794797
2459905.51090924,-0.0027164817,0.003278291
2459905.5122981006,-0.0016416311,0.0032793237
2459905.5136869615,-0.0016192794,0.0032787337
2459905.5150758224,-0.0017908812,0.0032795595
2459905.5164646828,0.0007278919,0.0032799444
2459905.5178535436,-0.0007606745,0.0032791924
2459905.5192424045,0.0036832094,0.0032814352
2459905.5206312654,0.0040353537,0.0032833968
2459905.5220201258,0.0006854534,0.0032826902
2459905.5234089866,0.0014402866,0.003280908
2459905.524797847,-0.005417168,0.0032770652
2459905.526186708,-0.0050049424,0.0032783016
2459905.5275755683,-0.0003836751,0.0032801086
2459905.528964429,0.00010120869,0.0032797814
2459905.53035329,-0.0014828444,0.0032796073
2459905.5317421504,-0.0037454963,0.0032811523
2459905.5331310113,-0.00078231096,0.0032813651
2459905.5345198717,0.0022286177,0.0032809186
2459905.5359087326,-0.0026208758,0.0032802299
2459905.537297593,0.0006482601,0.0032798816
2459905.538686454,-0.0009806752,0.0032822224
2459905.540075314,0.00054585934,0.0032824383
2459905.541464175,-0.006990671,0.0032756536
2459905.542853036,0.0006239414,0.0032789486
2459905.5442418964,-0.005507529,0.0032795616
2459905.545630757,-0.000697732,0.0032786936
2459905.5470196176,-0.006325543,0.0032775963
2459905.5484084785,0.0018150806,0.0032806117
2459905.549797339,2.8848648e-05,0.0032801854
2459905.5511861998,-0.0037699938,0.0032765174
2459905.5525750606,0.0010818243,0.0032804233
2459905.553963921,-0.0019949675,0.0032786378
2459905.555352782,-0.008414626,0.0032756436
2459905.5567416423,0.0017398596,0.0032817237
2459905.558130503,-0.0026570559,0.0032794003
2459905.5595193636,0.0007661581,0.0032804233
2459905.5609082244,0.0014944077,0.0032817663
2459905.562297085,0.00013530254,0.0032843899
2459905.5636859457,-0.00037753582,0.003280267
2459905.565074806,0.0005056858,0.0032804215
2459905.5664636665,-0.0022386312,0.0032794022
2459905.5678525274,-0.0058857203,0.0032772915
2459905.569241388,-0.0013227463,0.0032782634
2459905.5706302486,-0.00432986,0.003278124
2459905.572019109,0.007068634,0.0032870548
2459905.57340797,-0.0022199154,0.003281116
2459905.5747968303,0.0028902292,0.0032831114
2459905.576185691,-0.00038546324,0.0032807167
2459905.5775745516,-0.00026786327,0.0032797148
2459905.578963412,0.0012620687,0.003281657
2459905.580352273,0.008349419,0.003284801
2459905.5817411332,0.000911355,0.0032813873
2459905.583129994,0.0019749403,0.003285276
2459905.5845188545,0.0006053448,0.0032827498
2459905.585907715,-0.00040209293,0.0032790701
2459905.587296576,0.0024738312,0.00328284
2459905.588685436,0.0010459423,0.0032810178
2459905.590074297,-0.0034947395,0.003276738
2459905.5914631574,-0.0016378164,0.0032798247
2459905.592852018,-0.0019168258,0.0032781216
2459905.5942408787,-0.0075048804,0.0032761763
2459905.595629739,-0.006501317,0.0032768985
2459905.5970186,0.0026942492,0.0032807614
2459905.5984074604,-0.0020652413,0.0032773288
2459905.599796321,2.861023e-05,0.0032824485
2459905.601185181,-0.006518066,0.0032777681
2459905.602574042,0.0027261972,0.0032825945
2459905.6039629024,-0.002519071,0.0032797721
2459905.6053517633,0.0008519888,0.0032820958
2459905.6067406237,-0.004034817,0.0032780985
2459905.608129484,-0.00093621016,0.003278395
2459905.609518345,0.00041031837,0.0032803714
2459905.6109072054,-0.004106045,0.0032794976
2459905.612296066,0.00072801113,0.0032821414
2459905.613684926,0.0009932518,0.0032828727
2459905.615073787,-0.0017035604,0.0032784287
2459905.6164626474,0.0004990101,0.003280036
2459905.617851508,-0.0011072159,0.00327836
2459905.6192403687,-0.00085026026,0.003280064
2459905.620629229,-0.002590537,0.003278395
2459905.6220180895,5.054474e-05,0.0032790839
2459905.62340695,0.0044636726,0.0032799784
2459905.624795811,0.0005134344,0.00328277
2459905.626184671,0.0028008223,0.003281874
2459905.6275735316,-0.00038945675,0.003281456
2459905.6289623925,-0.0032054186,0.0032821323
2459905.630351253,0.008416057,0.0032874895
2459905.6317401133,-0.0018163323,0.0032793635
2459905.6331289737,-0.003897965,0.0032787544
2459905.634517834,0.0014095306,0.0032798757
2459905.6359066945,0.0033398867,0.003281498
2459905.6372955553,0.002921462,0.003281216
2459905.6386844157,0.0017478466,0.003283645
2459905.640073276,-0.0004643798,0.003280976
2459905.641462137,-0.00013524294,0.0032823088
2459905.642850997,-0.0009907484,0.003278842
2459905.644239858,0.00059080124,0.00328062
2459905.645628718,-0.0015048385,0.0032794096
2459905.6470175786,-0.0026826859,0.0032829964
2459905.6484064395,-0.0028198361,0.003281923
2459905.6497952994,-0.0012709498,0.003278519
2459905.6511841603,-0.006317377,0.0032776662
2459905.6525730207,0.0001193285,0.0032804287
2459905.653961881,-0.00022357702,0.0032797782
2459905.6553507415,0.003042817,0.003281204
2459905.656739602,0.00023329258,0.003284007
2459905.6581284627,-0.0021086335,0.0032799323
2459905.6595173227,-0.0033895373,0.0032758936
2459905.6609061835,0.0023169518,0.0032824269
2459905.662295044,0.0019749403,0.003280988
2459905.6636839043,-0.00032383204,0.0032809123
2459905.6650727647,0.00081288815,0.0032825617
2459905.666461625,-5.9127808e-05,0.003279502
2459905.6678504855,0.0047291517,0.003283134
2459905.669239346,-0.00022000074,0.0032807642
2459905.670628207,-0.0021343231,0.0032804117
2459905.6720170667,0.0039494038,0.0032832676
2459905.6734059276,-0.0012094378,0.0032785852
2459905.6747947875,-0.0014671683,0.003279513
2459905.6761836484,0.0017783642,0.0032790066
2459905.677572509,0.002501011,0.0032819228
2459905.678961369,-0.00049960613,0.003281166
2459905.6803502296,-0.005053997,0.003276389
2459905.68173909,-0.000680387,0.0032784047
2459905.6831279504,0.00045490265,0.0032821498
2459905.684516811,-0.0023458004,0.00327667
2459905.685905671,0.0020871162,0.0032827281
2459905.6872945316,0.0013411045,0.0032777146
2459905.688683392,4.053116e-06,0.0032819964
2459905.6900722524,-0.0035763383,0.0032812532
2459905.691461113,-0.00321728,0.003281182
2459905.692849973,0.005237341,0.0032834539
2459905.6942388336,-0.0016509295,0.0032781279
2459905.695627694,-0.0030744672,0.0032840522
2459905.6970165544,0.0018823147,0.0032818394
2459905.698405415,-0.00032776594,0.0032793735
2459905.699794275,0.0011757612,0.0032791744
2459905.7011831356,-0.0012785196,0.0032794485
2459905.702571996,0.00033986568,0.0032803551
2459905.7039608564,0.00021648407,0.0032799924
2459905.705349717,0.0029785633,0.0032851873
2459905.706738577,0.0011473894,0.0032838332
2459905.7081274376,0.005417824,0.003280935
2459905.709516298,-0.0009191632,0.0032803684
2459905.7109051584,-0.0022024512,0.0032805216
2459905.713682879,-0.0030239224,0.0032800548
2459905.7150717396,-0.005394697,0.0032794515
2459905.7164605996,0.0052490234,0.003282129
2459905.7178494604,0.0007622242,0.0032827344
2459905.7192383204,0.002699852,0.003282407
2459905.7206271808,0.0026421547,0.0032822096
2459905.7220160416,0.0001693964,0.003281223
2459905.7234049016,-0.00085806847,0.0032829465
2459905.724793762,0.0030275583,0.0032823475
2459905.7261826224,0.0013468266,0.0032819603
2459905.727571483,-0.002804637,0.003279058
2459905.728960343,-0.0033664107,0.003276303
2459905.7303492036,-0.00020301342,0.0032819083
2459905.7317380635,-0.0041381717,0.0032788087
2459905.733126924,-0.0057187676,0.0032760554
2459905.7345157843,-0.004578769,0.0032775498
2459905.7359046447,-0.0044284463,0.0032779223
2459905.737293505,0.0016337633,0.0032793996
2459905.7386823655,0.005731821,0.0032819218
2459905.740071226,0.004098296,0.003285085
2459905.741460086,0.0030993223,0.0032801458
2459905.7428489462,0.0011544228,0.0032804997
2459905.7442378066,0.0024510622,0.0032818136
2459905.745626667,-0.0030941367,0.0032821917
2459905.7470155274,0.0031987429,0.003282641
2459905.7484043874,0.0036722422,0.0032838406
2459905.749793248,0.003858447,0.003285018
2459905.751182108,-0.0013770461,0.0032816404
2459905.7525709686,0.0023719072,0.0032836082
2459905.753959829,-0.0060373545,0.0032756552
2459905.755348689,0.003418684,0.003281026
2459905.7567375493,0.0022872686,0.003283163
2459905.7581264097,0.00037264824,0.0032866157
2459905.75951527,-0.00020956993,0.00327941
2459905.76090413,0.006670594,0.003283854
2459905.7622929905,-0.002298057,0.003277163
2459905.763681851,-0.0069696903,0.0032785542
2459905.7650707113,0.0011751652,0.0032800953
2459905.7664595717,0.005769253,0.0032819724
2459905.7678484316,0.0023264885,0.0032827135
2459905.769237292,0.0004388094,0.0032788613
2459905.7706261524,-0.0008780956,0.0032784767
2459905.772015013,-0.0010565519,0.003280906
2459905.7734038727,-0.0022096634,0.003279235
2459905.774792733,0.006947398,0.0032836327
2459905.7761815935,0.0018635988,0.0032796806
2459905.7775704535,-0.0017720461,0.0032803458
2459905.778959314,0.0031591654,0.0032832606
2459905.7803481743,0.0016405582,0.0032800473
2459905.7817370347,0.0004938841,0.0032804026
2459905.7831258946,0.005613208,0.0032806324
2459905.784514755,0.0015261173,0.003280385
2459905.7859036154,-0.0013870001,0.003280683
2459905.7872924753,-0.0012734532,0.0032823768
2459905.7886813357,-0.0057531595,0.0032745628
2459905.7900701957,0.00657773,0.0032834148
2459905.791459056,-0.00022494793,0.0032808539
2459905.7928479165,-0.0011877418,0.0032794399
2459905.7942367764,0.008116841,0.0032847857
2459905.795625637,-0.0010067225,0.0032812105
2459905.797014497,0.0014970303,0.003279974
2459905.798403357,-0.0017080903,0.003280234
2459905.7997922176,0.0007573366,0.0032825356
2459905.801181078,0.0029399395,0.0032825945
2459905.802569938,0.0027415752,0.0032813125
2459905.8039587983,0.0004069805,0.0032822245
2459905.805347658,-0.0029159784,0.003280742
2459905.8067365186,-0.0032008886,0.0032800355
2459905.808125379,0.004754424,0.003281201
2459905.809514239,-0.0008404255,0.0032840795
2459905.8109030994,-0.0031043887,0.0032762727
2459905.8122919593,0.0069237947,0.0032831095
2459905.8136808197,-0.0006160736,0.0032797488
2459905.8150696796,-0.0012636781,0.0032802115
2459905.81645854,-0.00056934357,0.0032801258
2459905.8178474004,0.00025427341,0.0032805242
2459905.8192362604,0.0064554214,0.0032806853
2459905.820625121,0.004420519,0.0032835072
2459905.8220139807,-0.00061804056,0.003282247
2459905.823402841,0.0011584759,0.0032821957
2459905.824791701,0.0010927916,0.00328041
2459905.8261805614,0.0044875145,0.0032812469
2459905.8275694214,0.0009303093,0.0032804632
2459905.828958282,-0.0012695193,0.0032799004
2459905.830347142,0.0019812584,0.0032812536
2459905.831736002,0.0011945963,0.0032833857
2459905.833124862,-0.0015956163,0.0032783044
2459905.8345137225,-0.0019987226,0.0032805523
2459905.8359025824,-0.003177464,0.003278517
2459905.837291443,0.003327608,0.0032848327
2459905.8386803027,-0.0050618052,0.003275719
2459905.840069163,-0.0065538883,0.0032779777
2459905.841458023,-0.0063572526,0.0032780508
2459905.8428468835,-8.1300735e-05,0.003280683
2459905.8442357434,-0.0015580058,0.0032795884
2459905.845624604,-0.0024578571,0.0032789938
2459905.8470134637,0.002080679,0.0032788515
2459905.848402324,-0.0045809746,0.0032772166
2459905.849791184,0.0026447773,0.003281568
2459905.851180044,0.006447315,0.0032843049
2459905.8525689044,-0.005884707,0.0032769847
2459905.8539577643,-0.001298964,0.0032797488
2459905.8553466247,0.0027781725,0.003279763
2459905.8567354847,0.0022066832,0.003279524
2459905.858124345,-0.0006173253,0.003283213
2459905.859513205,0.0034434795,0.0032840366
2459905.860902065,-0.00066667795,0.0032798208
2459905.8622909253,-0.0028576255,0.003275562
2459905.8636797853,0.0023223162,0.003283301
2459905.8650686457,7.4744225e-05,0.0032810436
2459905.8664575056,-0.0037071109,0.003281565
2459905.8678463656,-0.004638016,0.0032784475
2459905.8692352255,0.002417326,0.003282852
2459905.870624086,0.007827878,0.003284938
2459905.8720129463,0.0034468174,0.0032830832
2459905.873401806,-0.002239287,0.0032799235
2459905.874790666,0.00033056736,0.0032781502
2459905.876179526,0.0013703108,0.0032800578
2459905.8775683865,0.0021650791,0.0032807293
2459905.8789572464,0.0014550686,0.003280911
2459905.8803461064,0.0010106564,0.003280754
2459905.8817349668,0.0035959482,0.0032831468
2459905.8831238267,-0.0019931793,0.003280521
2459905.8845126866,-0.00032502413,0.003279332
2459905.885901547,0.0028034449,0.0032836823
2459905.887290407,-0.0008121133,0.0032801835
2459905.888679267,0.0030978918,0.0032813677
2459905.8900681273,0.0041640997,0.003282859
2459905.8914569872,0.002654314,0.0032843356
2459905.892845847,-0.0020353794,0.003279492
2459905.8942347076,0.0016400814,0.0032831195
2459905.8956235675,-0.00032621622,0.00327943
2459905.8970124274,-0.0033554435,0.0032793225
2459905.8984012874,-0.0016317368,0.0032788797
2459905.8997901473,0.00022864342,0.0032821891
2459905.9011790073,-0.0034438968,0.0032816876
2459905.9025678677,0.0029765368,0.0032831274
2459905.9039567276,0.0014140606,0.0032806257
2459905.9053455875,-0.0008972287,0.0032830597
2459905.906734448,-0.0016787052,0.003279627
2459905.908123308,0.0037795305,0.0032821451
2459905.909512168,0.002939701,0.0032811603
2459905.9109010277,-0.0023599267,0.0032827316
2459905.912289888,-0.0030448437,0.0032819696
2459905.913678748,0.00049734116,0.003280968
2459905.915067608,-0.0012054443,0.0032766382
2459905.916456468,-0.002558887,0.0032793481
2459905.917845328,-0.0017254949,0.0032798431
2459905.9192341883,0.0017240047,0.0032830646
2459905.920623048,-0.0022432208,0.0032796767
2459905.922011908,0.00070488453,0.0032801367
2459905.923400768,0.0017367601,0.00328425
2459905.924789628,-0.00067561865,0.0032792618
2459905.9261784884,-0.0013415813,0.0032796636
2459905.927567348,0.0009810925,0.0032809167
2459905.9289562083,0.0010334253,0.0032862772
2459905.930345068,-0.003984809,0.0032781847
2459905.931733928,-0.00031000376,0.0032800662
2459905.933122788,-0.0014587045,0.003280682
2459905.934511648,0.003939748,0.003286024
2459905.9359005084,0.00233984,0.0032820483
2459905.937289368,0.0018173456,0.0032850704
2459905.9386782283,-0.00037562847,0.0032836187
2459905.940067088,0.0005874634,0.0032795777
2459905.941455948,-0.0045235753,0.003277541
2459905.942844808,0.004525423,0.0032826709
2459905.944233668,0.0019000769,0.0032800534
2459905.945622528,-0.00011277199,0.0032790448
2459905.947011388,-0.0016109347,0.003280669
2459905.948400248,-0.0010431409,0.0032827344
2459905.949789108,0.0015739202,0.0032828192
2459905.9511779677,0.0038210154,0.003282047
2459905.9525668276,0.00041103363,0.003279443
2459905.953955688,0.0009152889,0.0032786543
2459905.9553445475,0.00048935413,0.0032803582
2459905.956733408,0.00280869,0.0032804299
2459905.958122268,-0.0010169148,0.0032788822
2459905.959511128,0.00030386448,0.0032814979
2459905.9608999877,0.0016111135,0.003282188
2459905.9622888477,-0.0012156963,0.0032788727
2459905.9636777076,0.0037127733,0.0032813512
2459905.9650665675,0.0019563437,0.0032797938
2459905.9664554275,0.0048029423,0.0032823137
2459905.9678442874,0.00081181526,0.0032807947
2459905.9692331473,-0.0027104616,0.0032775428
2459905.9706220073,-0.002592206,0.0032784033
2459905.972010867,0.0023652315,0.0032842988
2459905.973399727,0.0011757612,0.0032806562
2459905.974788587,0.005490899,0.0032816897
2459905.976177447,-0.001957357,0.0032783984
2459905.977566307,0.0016710758,0.0032803218
2459905.978955167,-0.0026147962,0.0032825016
2459905.980344027,-0.0010309219,0.003284976
2459905.9817328868,-0.0042117834,0.0032807614
2459905.9831217467,-0.003606677,0.0032771672
2459905.984510606,-0.003446281,0.003278186
2459905.9858994666,-0.000649631,0.0032806492
2459905.9872883265,0.0022263527,0.0032834213
2459905.988677186,0.006013155,0.003284995
2459905.990066046,0.00035262108,0.003280463
2459905.991454906,-0.0031933188,0.0032773863
2459905.9928437658,0.002482295,0.0032809826
2459905.9942326257,-0.0066079497,0.0032785682
2459905.9956214856,0.0032799244,0.003282399
2459905.9970103456,0.0036575794,0.0032816555
2459905.9983992055,0.006017685,0.003284586
2459905.9997880654,-0.0015170574,0.003280063
2459906.001176925,8.022785e-05,0.0032809847
2459906.0025657853,0.0050741434,0.0032842057
2459906.003954645,0.0006841421,0.0032821023
2459906.0053435047,0.0048015118,0.0032812841
2459906.0067323647,0.003088832,0.003281827
2459906.0081212246,0.0062066317,0.0032867792
2459906.0095100845,0.0018372536,0.0032814902
2459906.0108989445,0.0042077303,0.0032823335
2459906.0122878044,0.00038349628,0.0032801726
2459906.013676664,-0.00023889542,0.0032813577
2459906.015065524,-0.005395055,0.0032826317
2459906.0164543837,-0.0022839904,0.00327909
2459906.0178432437,-0.0012663603,0.0032796315
2459906.0192321036,0.0039641857,0.0032821712
2459906.020620963,-0.0013840795,0.0032816806
2459906.022009823,0.0019904375,0.0032793505
2459906.023398683,0.000106573105,0.00327932
2459906.024787543,0.0011385679,0.0032807428
2459906.0261764023,-1.335144e-05,0.0032789998
2459906.0275652623,-0.00019872189,0.0032777726
2459906.028954122,0.0048205853,0.0032825298
2459906.030342982,-0.0015169978,0.0032788308
2459906.031731842,0.0022591352,0.0032836134
2459906.0331207016,-0.0050216913,0.0032801314
2459906.0345095615,0.0027240515,0.0032822245
2459906.0358984214,0.0010432005,0.0032786904
2459906.0372872814,-0.002719164,0.003278659
2459906.038676141,0.00236094,0.0032836527
2459906.0400650008,0.007991552,0.0032841866
2459906.0414538607,0.0023608208,0.003279551
2459906.0428427206,0.00065886974,0.0032817947
2459906.0442315806,-0.0035048723,0.003280648
2459906.04562044,-0.005089879,0.003280933
2459906.0470093,0.0015366077,0.0032843505
2459906.0483981594,0.0036985874,0.0032808168
2459906.0497870194,-0.00021594763,0.003278703
2459906.0511758793,0.0023715496,0.0032841002
2459906.0525647392,-0.00022906065,0.0032799907
2459906.053953599,0.0032571554,0.0032825174
2459906.0553424587,-0.0032699704,0.0032812506
2459906.0567313186,0.0011357069,0.003277963
2459906.058120178,0.0010379553,0.0032819314
2459906.059509038,0.00039863586,0.0032805388
2459906.060897898,0.0007456541,0.003282109
2459906.0622867574,0.0009442568,0.0032801763
2459906.0636756173,0.0006933212,0.0032790492
2459906.0650644773,0.0017240047,0.0032798771
2459906.066453337,-0.0003632307,0.003279471
2459906.0678421967,-0.0028101802,0.0032808885
2459906.0692310566,-0.0012511015,0.003280774
2459906.070619916,0.007192731,0.0032842518
2459906.072008776,0.0021306276,0.0032807481
2459906.073397636,-0.0007415414,0.0032792476
2459906.0747864954,0.006804228,0.0032830874
2459906.0761753554,-0.0018381476,0.0032804776
2459906.077564215,-0.00594759,0.0032762908
2459906.0789530748,0.0018349886,0.00328243
2459906.080341934,-0.0022701025,0.003279591
2459906.081730794,-0.002486229,0.0032805232
2459906.083119654,0.0010931492,0.0032770336
2459906.0845085136,-0.0076111555,0.0032770194
2459906.0858973735,-0.00063198805,0.0032800625
2459906.087286233,0.0003156662,0.0032792673
2459906.088675093,-0.0032187104,0.0032772205
2459906.0900639524,-0.0016778111,0.003281602
2459906.0914528123,-0.0020121932,0.0032811977
2459906.092841672,-0.00094628334,0.0032804953
2459906.0942305317,-0.0004362464,0.0032806844
2459906.0956193916,0.0034834146,0.0032828995
2459906.097008251,0.005104542,0.0032833333
2459906.098397111,-0.0012251139,0.0032785228
2459906.0997859705,-0.0017209053,0.0032798818
2459906.1011748305,0.000385046,0.0032804133
2459906.10256369,-0.00018382072,0.003281609
2459906.10395255,0.0003849268,0.0032802015
2459906.10534141,0.0036001205,0.0032821405
2459906.1067302693,0.0025178194,0.0032809838
2459906.108119129,-0.0020148754,0.003279401
2459906.1095079887,-0.0005028844,0.0032824124
2459906.110896848,0.0054442883,0.003283678
2459906.112285708,-7.742643e-05,0.003280741
2459906.1136745675,-0.0019969344,0.0032778522
2459906.1150634275,-0.000341475,0.003280424
2459906.116452287,-0.0030976534,0.0032786822
2459906.117841147,0.00095665455,0.0032799754
2459906.1192300064,0.005883217,0.0032828704
2459906.1206188663,0.0024389029,0.0032820771
2459906.1220077258,-0.0061913133,0.00327651
2459906.1233965857,-0.00054740906,0.0032782077
2459906.124785445,0.001322031,0.003280431
2459906.1261743046,0.0018918514,0.0032800285
2459906.1275631646,0.0019465685,0.0032800746
2459906.128952024,0.0054980516,0.003280682
2459906.130340884,-0.0027391315,0.0032829077
2459906.1317297434,-0.0015375614,0.0032826052
2459906.133118603,-0.0040645003,0.0032789742
2459906.134507463,0.0054121017,0.0032819388
2459906.1358963223,-0.00039201975,0.0032793537
2459906.1372851823,-0.004032254,0.0032772154
2459906.1386740417,-0.0012919903,0.0032811807
2459906.140062901,-0.002471447,0.0032821132
2459906.141451761,0.0034167767,0.0032854965
2459906.1428406206,0.000697732,0.0032800746
2459906.14422948,0.0037375689,0.0032819805
2459906.14561834,0.0006351471,0.003280933
2459906.1470071995,0.0018613338,0.0032812187
2459906.148396059,0.0014493465,0.0032822855
2459906.149784919,0.0019646883,0.0032802399
2459906.1511737783,-0.004603088,0.003279281
2459906.1525626383,0.0043724775,0.0032809407
2459906.1539514977,0.003713131,0.0032832946
2459906.155340357,-0.006632924,0.003276947
2459906.1567292167,-0.0012276769,0.003277663
2459906.1581180766,-0.0045096874,0.0032764461
2459906.159506936,0.0034766197,0.0032830092
2459906.1608957956,-0.0001925826,0.0032837952
2459906.1622846555,-0.0037383437,0.0032800601
2459906.163673515,0.0016688108,0.0032806124
2459906.1650623744,0.0010899305,0.0032808385
2459906.166451234,0.0023889542,0.0032827388
2459906.167840094,-0.0030157566,0.0032809845
2459906.1692289533,0.006090045,0.003282449
2459906.170617813,-0.004723251,0.0032778336
2459906.1720066727,-0.0016613007,0.0032783295
2459906.173395532,-0.0021409988,0.0032809258
2459906.1747843917,0.0061836243,0.0032847596
2459906.176173251,-0.0042358637,0.0032786927
2459906.177562111,-0.00748837,0.0032775637
2459906.1789509705,-0.004093051,0.003277659
2459906.18033983,-0.00047773123,0.0032789344
2459906.1817286895,-0.0007789135,0.003280786
2459906.183117549,-0.00054836273,0.0032776133
2459906.184506409,-0.0018185973,0.0032799975
2459906.1858952683,-0.003608942,0.003279542
2459906.187284128,0.0019983053,0.0032802997
2459906.1886729873,-0.0055104494,0.0032776531
2459906.1900618467,0.0016196966,0.0032821628
2459906.1914507067,-0.0022856593,0.0032793519
2459906.192839566,0.0010159016,0.0032779255
2459906.1942284256,0.0062254667,0.003285882
2459906.195617285,0.0019060373,0.0032821677
2459906.1970061446,-0.00063705444,0.0032797768
2459906.198395004,-0.00032556057,0.0032832194
2459906.199783864,-0.00033307076,0.0032812855
2459906.2011727234,0.0013875961,0.0032810932
2459906.202561583,0.0034075975,0.003280556
2459906.2039504424,-0.002017796,0.0032808157
2459906.205339302,-0.004390478,0.0032782808
2459906.2067281613,0.0018199682,0.003281178
2459906.208117021,-0.0016682744,0.0032806704
2459906.2095058807,-0.0030863285,0.0032777723
2459906.21089474,-0.0028108954,0.0032808818
2459906.2122835997,0.0029541254,0.0032820292
2459906.213672459,0.0033352375,0.0032804657
2459906.2150613186,-0.0015794635,0.0032797628
2459906.216450178,0.0030443668,0.0032818236
2459906.2178390375,0.0065312386,0.003283786
2459906.219227897,0.00076436996,0.0032806182
2459906.2206167565,-0.0018078685,0.0032812748
2459906.222005616,-2.5391579e-05,0.003280981
2459906.223394476,-0.00359869,0.0032769828
2459906.224783335,0.0066429377,0.0032834294
2459906.226172195,-0.0006707907,0.0032807633
2459906.227561054,-0.004827082,0.0032759265
2459906.2289499138,0.0039020777,0.003281954
2459906.2303387728,9.6440315e-05,0.0032796813
2459906.2317276327,-0.0023761988,0.003277212
2459906.233116492,-0.0039823055,0.003276414
2459906.2345053516,0.0040102005,0.0032817686
2459906.235894211,-0.00046789646,0.003279766
2459906.2372830706,0.003970623,0.0032844988
2459906.23867193,0.0010684729,0.0032778087
2459906.2400607895,0.001429677,0.003281596
2459906.241449649,0.00014340878,0.0032815784
2459906.2428385084,-0.0021113753,0.003278625
2459906.244227368,-0.0024833083,0.003279591
2459906.2456162274,0.0050034523,0.0032823973
2459906.247005087,-0.0017531514,0.0032777349
2459906.2483939463,0.0021480322,0.003282263
2459906.249782806,-0.00656265,0.0032756783
2459906.2511716653,-0.0031563044,0.0032804387
2459906.2525605243,0.0024776459,0.0032825784
2459906.253949384,0.0028383732,0.0032818252
2459906.2553382437,0.00295043,0.003282155
2459906.2567271027,0.0028113127,0.0032858555
2459906.2581159626,0.0019245148,0.003283869
2459906.2595048216,-0.0037853718,0.0032782494
2459906.260893681,0.0035229921,0.0032777179
2459906.2622825406,0.0021084547,0.0032810343
2459906.2636714,0.002816558,0.0032831146
2459906.2650602595,0.0015839338,0.0032806026
2459906.266449119,0.0039955378,0.0032829603
2459906.2678379784,0.0023202896,0.0032818415
2459906.269226838,0.0055211782,0.003285419
2459906.2706156974,-0.00061011314,0.0032817845
2459906.2720045564,0.0005699396,0.0032788664
2459906.273393416,-0.004645169,0.003278038
2459906.274782276,0.0056102276,0.0032829242
2459906.276171135,-0.003946483,0.0032747702
2459906.2775599943,-0.0018904805,0.0032769104
2459906.2789488537,0.00011396408,0.0032840935
2459906.280337713,-0.000826776,0.003280837
2459906.281726572,0.0015414953,0.003282248
2459906.2831154317,-0.0012623668,0.0032800562
2459906.284504291,-0.002063036,0.003281039
2459906.2858931506,0.00041747093,0.0032806525
2459906.28728201,-0.0014571548,0.0032795293
2459906.2886708695,0.0041172504,0.0032854371
2459906.290059729,0.000978589,0.0032829857
2459906.291448588,0.006276369,0.003284526
2459906.2928374475,0.004574418,0.0032831985
2459906.294226307,-0.0011520386,0.0032796147
2459906.2956151664,0.0010883808,0.0032815435
2459906.297004026,0.0061928034,0.0032834823
2459906.298392885,0.0048832893,0.0032838597
2459906.2997817444,-0.0023804903,0.003279753
2459906.301170604,0.0010743141,0.0032852204
2459906.3025594633,-0.0027117133,0.0032773588
2459906.3039483223,-0.0056435466,0.0032807947
2459906.305337182,-0.0012204647,0.003277078
2459906.3067260412,-0.0032200813,0.003278203
2459906.3081149007,-0.0040633082,0.0032798597
2459906.30950376,-5.6922436e-05,0.0032806615
2459906.310892619,-0.0001693368,0.0032815277
2459906.3122814787,0.0023372173,0.0032802464
2459906.313670338,3.528595e-05,0.003278958
2459906.3150591976,0.0005168915,0.0032836206
2459906.3164480566,0.0038630962,0.003281333
2459906.317836916,0.0023995638,0.0032791789
2459906.3192257755,0.0030014515,0.003281054
2459906.3206146345,0.0017023087,0.003280537
2459906.322003494,0.006367445,0.0032843025
2459906.3233923535,-0.0053590536,0.0032751546
2459906.3247812125,0.0047694445,0.0032838394
2459906.326170072,-0.0043017864,0.0032771411
2459906.3275589314,0.0019196272,0.0032821347
2459906.328947791,-0.004024446,0.0032756478
2459906.33033665,0.0001386404,0.0032793607
2459906.3317255094,0.0033336878,0.0032808848
2459906.3331143684,0.003513217,0.0032830574
2459906.334503228,0.00069499016,0.003279434
2459906.3358920873,-0.0013595223,0.003279648
2459906.3372809463,0.0016297102,0.0032816103
2459906.338669806,-0.0005623102,0.0032799381
2459906.3400586653,0.0059741735,0.0032855012
2459906.3414475243,-0.0004723668,0.0032820445
2459906.3428363837,0.0014920235,0.0032807458
2459906.344225243,0.0057561398,0.0032843975
2459906.345614102,-0.0011435747,0.0032795782
2459906.3470029617,0.00376153,0.003284313
2459906.3483918207,0.007935286,0.0032857005
2459906.34978068,-0.002099812,0.003281608
2459906.3511695396,-0.0016369224,0.003279474
2459906.3525583986,-0.00052559376,0.0032783274
2459906.353947258,0.00222373,0.0032823896
2459906.355336117,-0.0004119277,0.003280275
2459906.3567249766,-0.004912257,0.0032778417
2459906.3581138356,0.0009166002,0.00328073
2459906.359502695,0.00036752224,0.0032825333
2459906.3608915545,0.0018618107,0.0032841922
2459906.3622804135,0.00024855137,0.0032799596
2459906.363669273,0.0021260977,0.0032813612
2459906.365058132,0.0056426525,0.0032851829
2459906.3664469915,-0.0001527071,0.0032792345
2459906.3678358505,0.0009826422,0.0032832874
2459906.36922471,-0.0018948913,0.0032810052
2459906.3706135694,-0.0016497374,0.0032784946
2459906.3720024284,0.004224062,0.0032845757
2459906.373391288,-0.0035054684,0.0032774808
2459906.374780147,0.0006837845,0.0032801565
2459906.376169006,-0.00029605627,0.0032786154
2459906.3775578653,0.0016621351,0.0032822755
2459906.3789467243,-0.0004646182,0.0032825165
2459906.380335584,-0.0016096234,0.003278185
2459906.381724443,-0.001772821,0.0032821845
2459906.3831133023,0.0017459393,0.0032835356
2459906.3845021613,-0.003605783,0.0032790115
2459906.3858910208,-0.0069511533,0.0032778445
2459906.38727988,0.004428625,0.0032840641
2459906.3886687392,0.0028338432,0.0032842776
2459906.3900575982,0.003671527,0.0032792056
2459906.3914464577,-0.00087684393,0.0032793854
2459906.3928353167,0.0026539564,0.0032822292
2459906.3942241757,-0.0031369328,0.0032765483
2459906.395613035,0.0023503304,0.0032830688
2459906.397001894,-0.0032392144,0.0032793616
2459906.3983907537,0.00075376034,0.0032814036
2459906.3997796127,0.0025097132,0.0032827405
2459906.4011684717,-0.0025185943,0.0032780168
2459906.402557331,-0.0019503236,0.0032804583
2459906.40394619,-0.0013130903,0.0032813335
2459906.4053350496,-0.00084382296,0.0032801658
2459906.4067239086,-0.0013337135,0.0032809817
2459906.408112768,9.88245e-05,0.0032853202
2459906.409501627,0.0017319918,0.003282686
2459906.410890486,0.0027537346,0.003286185
2459906.412279345,0.004271269,0.0032835747
2459906.4136682046,0.0023696423,0.0032826194
2459906.4150570636,0.0033723116,0.0032827512
2459906.416445923,0.001897335,0.0032811346
2459906.417834782,0.001773715,0.0032807365
2459906.419223641,-0.00033825636,0.0032809079
2459906.4206125005,0.0013445616,0.0032841403
2459906.4220013595,-0.0019567013,0.0032809793
2459906.4233902185,-0.0025817752,0.0032800648
2459906.424779078,0.006332755,0.003286534
2459906.426167937,-0.0015347004,0.0032805838
2459906.427556796,0.0032266378,0.0032850949
2459906.428945655,-0.00091701746,0.0032794566
2459906.4303345145,0.0027405024,0.0032813868
2459906.4317233735,0.0018056631,0.003282345
2459906.4331122325,0.0031713247,0.0032820795
2459906.434501092,0.0034862757,0.0032823004
2459906.435889951,-0.003585875,0.0032801097
2459906.43727881,0.0018002987,0.0032822615
2459906.438667669,0.0041128397,0.0032822583
2459906.4400565284,0.0021237135,0.0032826932
2459906.4414453874,0.00081562996,0.0032808264
2459906.4428342464,0.002804637,0.0032828061
2459906.4442231054,0.003417492,0.0032858755
2459906.445611965,0.0013272762,0.003280278
2459906.447000824,-0.0010711551,0.0032818005
2459906.448389683,0.006130576,0.0032788727
2459906.4497785424,0.0013186932,0.0032819198
2459906.451167401,0.0063203573,0.0032840252
2459906.4525562604,0.0007882118,0.0032817572
2459906.4539451194,-0.000837028,0.0032806073
2459906.4553339784,0.007340312,0.0032846802
2459906.456722838,-0.0014485717,0.0032790115
2459906.458111697,-0.0009098649,0.0032801852
2459906.459500556,-0.0026581883,0.0032809386
2459906.460889415,0.00027692318,0.0032848164
2459906.462278274,-0.0051834583,0.0032778461
2459906.463667133,-0.0025244951,0.003280278
2459906.4650559924,-0.0011737347,0.0032815791
2459906.4664448514,0.002046585,0.0032809014
2459906.4678337104,-0.0003591776,0.003278853
2459906.4692225694,0.0055115223,0.0032828734
2459906.4706114284,0.001835227,0.0032804841
2459906.4720002874,0.0028465986,0.0032837985
2459906.4733891464,0.00094914436,0.00328211
2459906.474778006,0.004070401,0.0032837314
2459906.4761668644,-0.002496183,0.0032799998
2459906.477555724,-0.0027932525,0.0032790364
2459906.478944583,-0.0005979538,0.0032794476
2459906.480333442,0.0044710636,0.0032830806
2459906.481722301,-0.003170669,0.0032796992
2459906.48311116,0.0025845766,0.003280654
2459906.484500019,0.0010253191,0.0032811319
2459906.485888878,-0.0022389889,0.0032804073
2459906.4872777374,0.0032992363,0.0032834995
2459906.4886665964,0.0036860704,0.0032819407
2459906.4900554554,0.001627326,0.0032811873
2459906.4914443144,0.00094103813,0.00327971
2459906.4928331734,0.0005276203,0.0032816993
2459906.4942220324,0.0012578964,0.0032819642
2459906.4956108914,0.004215002,0.0032840313
2459906.4969997504,0.0010926723,0.0032827188
2459906.4983886094,0.0013279915,0.0032790196
2459906.4997774684,0.001722455,0.0032840401
2459906.5011663274,-0.0017217398,0.00328149
2459906.5025551864,0.0022981167,0.0032829067
2459906.5039440454,-0.00048977137,0.0032814643
2459906.5053329044,0.0039036274,0.0032844448
2459906.5067217634,0.0033655167,0.0032815374
2459906.5081106224,-0.0010935664,0.0032822925
2459906.5094994814,-0.0010683537,0.0032787083
2459906.5108883404,0.00036752224,0.0032836574
2459906.5122771994,0.0083988905,0.0032872714
2459906.5136660584,-0.0033949614,0.0032823978
2459906.5150549174,-0.002475202,0.00327932
2459906.5164437764,0.0011098385,0.0032797698
2459906.5178326354,0.0047209263,0.0032810285
2459906.5192214944,-0.00095802546,0.0032786287
2459906.5206103534,0.003294468,0.0032850446
2459906.5219992124,-0.00017607212,0.0032793682
2459906.5233880715,-0.0019844174,0.0032798308
2459906.5247769305,0.004300475,0.0032856008
2459906.5261657895,-0.0012931824,0.003278864
2459906.5275546485,0.0030562878,0.003280803
2459906.5289435075,0.0030118227,0.003284676
2459906.5303323665,-0.0051296353,0.0032781775
2459906.531721225,0.0008534193,0.0032828033
2459906.5331100845,-0.0037917495,0.0032792871
2459906.534498943,-0.0037611127,0.0032773137
2459906.535887802,0.00027501583,0.003278951
2459906.537276661,-0.0003912449,0.003281307
2459906.53866552,-0.0017766356,0.0032814003
2459906.540054379,-0.00066161156,0.0032785882
2459906.541443238,-0.0055113435,0.003278421
2459906.542832097,-0.00012129545,0.0032799195
2459906.5442209556,0.00244236,0.0032834194
2459906.545609815,-0.0002631545,0.0032800923
2459906.5469986736,0.0006842613,0.003281954
2459906.5483875326,-0.0018431544,0.0032781984
2459906.5497763916,-0.0016644001,0.0032801605
2459906.5511652506,0.00447464,0.0032826427
2459906.5525541096,0.0073093176,0.0032856092
2459906.553942968,-0.0015137792,0.003280372
2459906.555331827,0.0045048,0.0032816886
2459906.556720686,-0.00063991547,0.003281185
2459906.558109545,-0.00053066015,0.0032809281
2459906.559498404,0.0006276369,0.0032830755
2459906.560887263,4.9114227e-05,0.0032820224
2459906.562276122,0.001221776,0.003282389
2459906.5636649807,-0.0010607839,0.0032815842
2459906.5650538397,0.0055172443,0.0032847964
2459906.5664426987,-0.0017643571,0.0032811714
2459906.5678315577,0.0045872927,0.0032860509
2459906.5692204162,-0.00024867058,0.003277614
2459906.5706092753,0.0040198565,0.0032862271
2459906.5719981343,0.0015010834,0.0032840816
2459906.5733869933,0.004350543,0.0032846853
2459906.5747758523,-0.0012559295,0.0032801535
2459906.576164711,-0.00037533045,0.003278734
2459906.57755357,1.6212463e-05,0.003281864
2459906.5789424283,0.0016131401,0.0032823868
2459906.5803312873,-0.0013443828,0.0032814094
2459906.5817201464,-3.9875507e-05,0.0032856057
2459906.5831090054,-0.0022636652,0.0032804187
2459906.5844978644,2.5510788e-05,0.0032820145
2459906.585886723,0.0064600706,0.003283987
2459906.587275582,0.004834056,0.0032871785
2459906.588664441,-0.00012409687,0.0032823726
2459906.5900532994,0.0002578497,0.0032820916
2459906.5914421584,0.00035965443,0.0032789519
2459906.5928310174,-0.0033019185,0.0032815456
2459906.5942198765,-0.0020669103,0.0032790678
2459906.595608735,-0.0061743855,0.0032791037
2459906.596997594,0.003531456,0.0032848266
2459906.5983864525,-0.000428617,0.0032819463
2459906.5997753115,0.00084483624,0.0032829167
2459906.6011641705,0.0034569502,0.0032830131
2459906.602553029,0.00077939034,0.0032812136
2459906.603941888,-0.0011792183,0.0032825915
2459906.605330747,-0.004632592,0.0032802594
2459906.606719606,-6.818771e-05,0.0032820532
2459906.6081084646,0.0025519133,0.0032828355
2459906.6094973236,0.00040650368,0.0032822432
2459906.610886182,0.00062441826,0.003279657
2459906.612275041,-0.0054914355,0.0032844539
2459906.6136638997,9.3102455e-05,0.0032894462
2459906.6150527587,-0.0017179847,0.0032779828
2459906.6164416177,-0.0026398897,0.0032819058
2459906.6178304763,0.0012049675,0.0032816047
2459906.6192193353,-0.00052559376,0.0032815014
2459906.620608194,0.0022417307,0.003285059
2459906.621997053,0.0006597042,0.0032798909
2459906.6233859113,0.0056757927,0.003285058
2459906.6247747703,-0.00087320805,0.003279019
2459906.6261636293,-0.0014075041,0.0032822413
2459906.627552488,0.002461791,0.0032846525
2459906.628941347,0.0008609295,0.0032858846
2459906.6303302054,-0.0010656118,0.0032833775
2459906.6317190644,0.0016014576,0.0032844555
2459906.633107923,0.0019468069,0.00328313
2459906.634496782,0.0013033152,0.0032843675
2459906.6358856405,0.0014799833,0.0032819896
2459906.6372744995,0.0045562983,0.0032846082
2459906.6386633585,0.00035643578,0.0032802345
2459906.640052217,-0.0042108893,0.0032781863
2459906.641441076,-0.00035965443,0.003281352
2459906.6428299346,-0.002444446,0.003281286
2459906.6442187936,-0.001208365,0.0032833721
2459906.645607652,0.00037789345,0.0032860236
2459906.6469965107,0.0012507439,0.0032818788
2459906.6483853697,-0.0009497404,0.0032850173
2459906.649774228,0.0011966228,0.0032804178
2459906.651163087,0.0038546324,0.003283389
2459906.6525519458,0.008693576,0.0032843405
2459906.653940805,0.004681468,0.0032836334
2459906.6553296633,-0.00018769503,0.0032800091
2459906.6567185223,0.0039680004,0.003281846
2459906.658107381,-0.00063431263,0.0032830536
2459906.65949624,0.0035544634,0.0032836918
2459906.6608850984,-0.0035976768,0.0032791344
2459906.662273957,0.002208352,0.0032819337
2459906.663662816,-0.0012443066,0.0032804245
2459906.6650516745,0.004169345,0.0032826033
2459906.6664405335,0.0,0.0032783428
2459906.667829392,-0.003321886,0.0032808546
2459906.6692182506,0.0012475252,0.0032805596
2459906.6706071096,0.0029230118,0.0032866476
2459906.671995968,0.0012228489,0.003281621
2459906.673384827,0.00057935715,0.0032786133
2459906.6747736856,-0.003303349,0.003281008
2459906.6761625446,-0.004711807,0.0032769442
2459906.677551403,0.0028941631,0.003287169
2459906.6789402617,-6.574392e-05,0.003284215
2459906.6803291207,0.0030882359,0.0032808883
2459906.6817179793,-0.0024316907,0.0032805349
2459906.683106838,-0.0026569963,0.003279784
2459906.6844956963,0.002045989,0.0032825891
2459906.6858845553,-0.003915727,0.003280202
2459906.687273414,0.0047051907,0.0032830264
2459906.688662273,0.006061077,0.003284749
2459906.6900511314,-0.00067311525,0.0032828632
2459906.69143999,-0.001773119,0.00328009
2459906.692828849,1.9073486e-06,0.0032827258
2459906.6942177075,0.00047528744,0.00328234
2459906.695606566,1.66893e-06,0.0032824147
2459906.6969954246,-0.0016275644,0.0032800804
2459906.6983842836,-0.00044041872,0.0032831943
2459906.699773142,0.0041689873,0.0032829167
2459906.7011620007,0.0001835823,0.0032797232
2459906.7025508597,0.0023876429,0.0032821065
2459906.703939718,0.0048513412,0.0032820676
2459906.7053285767,0.000121831894,0.0032818948
2459906.7067174353,0.00305295,0.0032840918
2459906.7081062943,-4.0769577e-05,0.0032812543
2459906.709495153,0.0024383068,0.0032819712
2459906.7108840114,0.0007237196,0.0032816243
2459906.7122728704,0.005931258,0.0032818615
2459906.7136617284,-0.004770279,0.003278598
2459906.7150505874,-0.000628531,0.0032800324
2459906.716439446,0.00087344646,0.003281694
2459906.7178283045,0.0033092499,0.0032805116
2459906.719217163,0.0030815601,0.0032849456
2459906.720606022,0.0067220926,0.0032840546
2459906.7219948806,0.004316807,0.0032817512
2459906.723383739,-0.0016165376,0.0032824487
2459906.7247725977,-0.0009650588,0.0032815228
2459906.726161456,-0.002953887,0.0032814704
2459906.727550315,0.0052597523,0.003283471
2459906.7289391737,0.00024318695,0.003282179
2459906.7303280323,-0.00052565336,0.0032829596
2459906.731716891,0.005862713,0.003284336
2459906.7331057494,-0.00065368414,0.003281854
2459906.7344946084,0.003893137,0.0032843547
2459906.7358834664,0.00023937225,0.0032796774
2459906.7372723254,-0.0022250414,0.0032798862
2459906.738661184,0.0014189482,0.003281589
2459906.7400500425,0.00069856644,0.0032813728
2459906.741438901,-0.00064736605,0.003281844
2459906.7428277596,0.0020626783,0.0032834916
2459906.7442166186,0.0025627613,0.0032843582
2459906.7456054767,0.00016629696,0.0032857915
2459906.7469943357,-0.00028276443,0.0032814548
2459906.748383194,0.0015256405,0.0032825004
2459906.7497720527,0.003440857,0.0032832888
2459906.7511609113,-0.002113402,0.0032813728
2459906.75254977,0.0009204149,0.0032843137
2459906.7539386284,0.0037158728,0.0032852609
2459906.755327487,-0.00097066164,0.003280945
2459906.7567163454,-0.0020821095,0.003286699
2459906.758105204,0.0051596165,0.0032834562
2459906.7594940625,-0.0009816289,0.0032822844
2459906.760882921,0.0036865473,0.0032838793
2459906.7622717796,-0.0076181293,0.0032748007
2459906.7636606386,-0.0042526126,0.0032797828
2459906.7650494967,0.0026080608,0.0032832245
2459906.7664383557,-0.0020937324,0.0032796066
2459906.7678272137,-0.00022089481,0.0032826555
2459906.7692160727,-0.0015965104,0.0032791714
2459906.770604931,-0.00075113773,0.0032808725
2459906.77199379,-0.005744338,0.0032778103
2459906.773382648,-0.0040295124,0.0032802003
2459906.774771507,0.0016220808,0.0032821407
2459906.7761603654,-0.0019146204,0.0032801419
2459906.7775492235,0.0032513142,0.0032808234
2459906.7789380825,0.0017374754,0.0032851675
2459906.7803269406,0.0021190643,0.00328247
2459906.7817157996,-0.000102460384,0.0032808487
2459906.7831046577,0.00056886673,0.0032818066
2459906.784493516,-0.005479932,0.0032776531
2459906.785882375,0.000579834,0.0032864464
2459906.7872712333,-0.00097084045,0.0032810115
2459906.788660092,-0.001529038,0.0032820564
2459906.7900489504,-0.0035514832,0.0032811747
2459906.791437809,-0.0011557341,0.0032839312
2459906.7928266674,0.00015175343,0.0032817456
2459906.794215526,-0.0031799078,0.003281841
2459906.7956043845,0.0017712116,0.0032843235
2459906.796993243,-0.0050085783,0.0032786427
2459906.7983821016,0.0047290325,0.0032836688
2459906.79977096,-0.0032675862,0.0032792932
2459906.8011598187,0.0012556314,0.0032838767
2459906.8025486767,0.002060771,0.003285448
2459906.8039375353,0.0005568266,0.0032819512
2459906.805326394,-0.002538681,0.003276984
2459906.8067152523,0.0014394522,0.0032821384
2459906.808104111,0.0026262999,0.0032815645
2459906.8094929694,0.005249381,0.0032854106
2459906.810881828,-0.0035622716,0.0032811596
2459906.812270686,-0.0044696927,0.003276996
2459906.8136595446,0.00046920776,0.0032839584
2459906.815048403,-0.0035246015,0.0032836937
2459906.8164372616,0.00019228458,0.0032833926
2459906.81782612,0.0054243803,0.0032861528
2459906.8192149787,-0.001385808,0.0032824555
2459906.8206038373,-0.0023655295,0.003279284
2459906.8219926953,0.0003556013,0.0032831861
2459906.823381554,-0.0018786788,0.003280364
2459906.8247704124,0.0032767057,0.0032842979
2459906.826159271,0.0014542341,0.0032838688
2459906.8275481295,-0.0005835295,0.0032810178
2459906.8289369876,-0.0056987405,0.0032790296
2459906.830325846,0.00020051003,0.0032815796
2459906.8317147046,0.0013412237,0.0032818587
2459906.833103563,0.00233078,0.003282748
2459906.8344924212,-0.0025942326,0.0032788794
2459906.83588128,0.0003029108,0.003282395
2459906.8372701383,0.00067436695,0.0032839207
2459906.838658997,0.0010609627,0.0032832648
2459906.8400478554,-0.0023471713,0.0032800923
2459906.8414367135,0.0007278919,0.0032816273
2459906.842825572,-0.0020643473,0.0032835966
2459906.8442144305,0.00517869,0.0032846832
2459906.845603289,0.0025589466,0.0032884567
2459906.846992147,0.004145026,0.0032855764
2459906.8483810057,-0.004719019,0.0032800091
2459906.849769864,0.007219672,0.0032843375
2459906.8511587223,-0.003890276,0.003279591
2459906.852547581,0.0005207062,0.0032835677
2459906.8539364394,0.004360676,0.0032849468
2459906.855325298,-0.0008736849,0.003285386
2459906.856714156,0.0019743443,0.0032805146
2459906.8581030145,-0.005285561,0.0032813402
2459906.859491873,-0.0021625757,0.0032804054
2459906.860880731,0.0018595457,0.0032823554
2459906.8622695897,-0.00035136938,0.003281045
2459906.8636584477,-9.536743e-06,0.0032827852
2459906.8650473063,0.0015550852,0.003284878
2459906.866436165,-0.002853036,0.003281449
2459906.8678250234,0.00052535534,0.0032839826
2459906.8692138814,-0.0029155612,0.0032793193
2459906.87060274,-0.0003670454,0.0032820466
2459906.8719915985,0.0019264221,0.0032863822
2459906.8733804566,-0.0005090833,0.0032825854
2459906.874769315,-0.0003874302,0.003280644
2459906.876158173,-0.00011211634,0.0032798196
2459906.8775470317,-0.00841862,0.0032784725
2459906.87893589,-0.002075553,0.0032802925
2459906.8803247483,-0.005056083,0.0032828841
2459906.881713607,-0.003888905,0.0032821693
2459906.883102465,0.005228281,0.0032837158
2459906.8844913235,0.002372384,0.0032856818
2459906.8858801816,-0.000114142895,0.0032831288
2459906.88726904,0.0012792349,0.0032831347
2459906.888657898,0.0027252436,0.003281144
2459906.8900467567,0.0027103424,0.0032844583
2459906.8914356153,0.0007702112,0.0032832539
2459906.8928244733,0.003071189,0.0032844448
2459906.894213332,0.0021935701,0.0032860842
2459906.89560219,-0.0051300526,0.003278702
2459906.8969910485,-0.0035365224,0.0032779397
2459906.8983799065,0.0025894642,0.0032835696
2459906.899768765,0.0005455017,0.0032822862
2459906.901157623,0.0030665398,0.0032843896
2459906.9025464817,-0.0023947358,0.0032831284
2459906.9039353402,-0.003899634,0.0032819859
2459906.9053241983,0.001352191,0.003284843
2459906.906713057,0.00014317036,0.0032854744
2459906.908101915,-0.00024336576,0.0032836047
2459906.9094907735,0.00096559525,0.0032834236
2459906.9108796315,-0.003507793,0.0032823423
2459906.9122684896,-0.0032860637,0.0032807433
2459906.913657348,0.007951379,0.0032887084
2459906.915046206,0.00013673306,0.0032837035
2459906.9164350647,-0.004932821,0.003277881
2459906.917823923,0.0024883747,0.0032806164
2459906.9192127814,0.0022443533,0.0032820106
2459906.9206016394,0.006488323,0.003284949
2459906.921990498,0.0064612627,0.003284503
2459906.923379356,0.00046229362,0.0032813314
2459906.924768214,0.00875175,0.0032879773
2459906.9261570727,0.0010246038,0.0032853053
2459906.9275459307,0.005300045,0.003286874
2459906.9289347893,-0.0010951161,0.0032813023
2459906.9303236473,-0.0008762479,0.003281595
2459906.931712506,-0.0029960275,0.0032834767
2459906.933101364,-0.0038090348,0.0032808091
2459906.934490222,-0.0010933876,0.003282001
2459906.9358790806,-0.006997049,0.003278624
2459906.9372679386,-0.004687369,0.0032802285
2459906.938656797,-0.0016933084,0.0032826809
2459906.9400456552,0.004372835,0.0032836157
2459906.9414345133,0.0015553236,0.0032858837
2459906.9428233714,0.0019943714,0.003288266
2459906.94421223,0.003668785,0.0032869952
2459906.945601088,0.00016880035,0.0032829393
2459906.9469899465,0.0029344559,0.0032864688
2459906.9483788046,-0.0017110705,0.0032833419
2459906.9497676627,-0.0047490597,0.0032814478
2459906.951156521,-0.0020838976,0.0032815842
2459906.9525453793,-0.00070917606,0.003281159
2459906.9539342374,0.0008198023,0.00328385
2459906.955323096,0.0011624098,0.0032821267
2459906.956711954,-0.0030468106,0.0032791984
2459906.958100812,0.0009710789,0.0032846504
2459906.95948967,-7.343292e-05,0.0032844397
2459906.9608785287,0.0016709566,0.003281022
2459906.9622673867,0.0017551184,0.00328432
2459906.963656245,-0.0042933226,0.003282269
2459906.965045103,-0.0012814403,0.0032818264
2459906.9664339614,0.002456665,0.003283689
2459906.9678228195,0.002933383,0.0032862592
2459906.9692116776,-0.00024569035,0.0032838092
2459906.970600536,-0.0015540123,0.0032807614
2459906.971989394,0.004814625,0.0032841437
2459906.9733782522,0.00029814243,0.0032828916
2459906.9747671103,0.0006198883,0.00328407
2459906.976155969,-0.000397861,0.0032831077
2459906.977544827,0.0003657341,0.0032829565
2459906.978933685,-0.0013979673,0.0032820033
2459906.980322543,0.0004440546,0.0032870106
2459906.981711401,0.0032726526,0.003283464
2459906.9831002597,-0.0021712184,0.0032822941
2459906.9844891177,-0.0009086132,0.0032816401
2459906.985877976,-0.0017057061,0.0032817067
2459906.987266834,0.0015848875,0.0032886507
2459906.988655692,-0.002111435,0.0032829093
2459906.9900445505,0.0064270496,0.003286118
2459906.9914334086,-0.0009300709,0.0032821388
2459906.9928222666,0.0026556253,0.0032853102
2459906.9942111247,0.0016101599,0.0032861156
2459906.995599983,-0.0061693788,0.003281746
2459906.996988841,0.00050771236,0.0032822876
2459906.998377699,-0.0034902692,0.0032813484
2459906.9997665575,0.0032315254,0.0032833396
2459907.0011554155,-0.0017549396,0.0032802473
2459907.0025442736,-0.001969099,0.0032830639
2459907.0039331317,0.00072813034,0.0032845482
2459907.00532199,0.0036824942,0.003286556
2459907.006710848,0.0016690493,0.003284577
2459907.008099706,0.00014662743,0.003282076
2459907.0094885645,0.0035077333,0.003287144
2459907.010877422,0.0022251606,0.0032878479
2459907.0122662806,0.00894618,0.0032867026
2459907.0136551387,-0.004011154,0.0032791072
2459907.0150439967,-0.0011585951,0.003281538
2459907.016432855,-0.00077581406,0.0032822653
2459907.017821713,0.0041621923,0.00328378
2459907.019210571,0.000949502,0.003283854
2459907.020599429,-0.0014988184,0.0032839773
2459907.021988287,0.006641388,0.0032905438
2459907.023377145,-0.0055717826,0.0032803805
2459907.0247660032,0.0033068657,0.0032839447
2459907.0261548613,0.0037864447,0.0032845105
2459907.0275437194,0.007937789,0.0032883314
2459907.0289325775,-0.00092691183,0.0032816515
2459907.0303214355,0.0060771704,0.0032856476
2459907.031710294,0.0020980835,0.0032862208
2459907.0330991517,0.0025247335,0.0032830779
2459907.03448801,0.005765319,0.0032869126
2459907.035876868,-0.0036553144,0.0032795079
2459907.037265726,1.2636185e-05,0.003284485
2459907.038654584,-0.00015586615,0.0032852679
2459907.040043442,-0.0033643842,0.0032813074
2459907.0414323006,0.006614208,0.0032863775
2459907.042821158,0.0016583204,0.0032858287
2459907.0442100163,0.0016646385,0.00328261
2459907.0455988743,0.0030117035,0.0032841195
2459907.0469877324,-0.0013602972,0.0032830478
2459907.0483765905,-0.0033189654,0.0032811512
2459907.0497654486,-0.0014180541,0.0032831137
2459907.0511543066,-0.0028876066,0.0032814657
2459907.0525431647,0.0026085377,0.0032844115
2459907.053932023,-0.0028211474,0.0032818136
2459907.055320881,0.0003695488,0.0032833621
2459907.056709739,0.0005540848,0.0032847167
2459907.058098597,-0.0056393743,0.0032791195
2459907.059487455,-0.0009801388,0.0032831912
2459907.0608763127,-0.004989028,0.0032812352
2459907.0622651707,-0.0070496798,0.0032793721
2459907.063654029,0.0013042688,0.0032850364
2459907.065042887,-0.00063210726,0.0032851715
2459907.066431745,-0.00040590763,0.0032831936
2459907.067820603,-0.0025303364,0.003282663
2459907.069209461,0.0001206398,0.0032832092
2459907.0705983187,0.0008665323,0.0032834928
2459907.0719871772,0.0027936697,0.0032878318
2459907.0733760353,0.0007530451,0.003282346
2459907.074764893,0.0012134314,0.0032833996
2459907.076153751,0.0024033785,0.0032840152
2459907.077542609,-0.0017713904,0.003284626
2459907.078931467,-0.0013813376,0.0032832734
2459907.0803203247,0.004042387,0.0032861966
2459907.081709183,-0.00032806396,0.003283864
2459907.083098041,0.00218153,0.0032851528
2459907.084486899,-0.00438565,0.003282032
2459907.085875757,-0.0014386773,0.003284535
2459907.087264615,-0.0015274286,0.003281616
2459907.088653473,-0.003475666,0.003280914
2459907.090042331,0.0022432804,0.0032855622
2459907.091431189,-0.0010306835,0.0032826527
2459907.092820047,-0.0031414628,0.003281794
2459907.094208905,-0.0007106066,0.0032842758
2459907.095597763,0.0043274164,0.0032830045
2459907.0969866207,-0.0022742152,0.0032830173
2459907.0983754788,0.002552271,0.0032850585
2459907.0997643364,0.0043759346,0.003287402
2459907.1011531944,0.0031641722,0.0032854816
2459907.1025420525,0.00023400784,0.003283905
2459907.1039309106,0.0002926588,0.0032847868
2459907.1053197687,0.0059689283,0.0032877428
2459907.1067086263,-0.001069963,0.0032814536
2459907.1080974843,-0.002342999,0.0032809144
2459907.1094863424,0.0036354065,0.0032840483
2459907.1108752005,-0.001316905,0.0032815253
2459907.112264058,-0.0018405318,0.0032834616
2459907.113652916,-0.0051430464,0.0032816953
2459907.115041774,-0.00633657,0.0032822827
2459907.116430632,0.0009878874,0.0032830744
2459907.11781949,-0.00034832954,0.0032843233
2459907.1192083475,-0.001403451,0.0032827358
2459907.1205972056,-0.0033179522,0.0032832965
2459907.1219860637,-0.0023505688,0.0032868607
2459907.1233749217,0.0028651953,0.0032836613
2459907.1247637793,-0.0015516877,0.0032865456
2459907.1261526374,0.001054883,0.0032811784
2459907.1275414955,-0.00015318394,0.0032859808
2459907.128930353,-0.0012470484,0.0032828983
2459907.130319211,0.005594015,0.0032869068
2459907.131708069,-0.0016240478,0.0032832955
2459907.133096927,0.004968047,0.0032863948
2459907.1344857845,0.0008896589,0.003282926
2459907.1358746425,0.0087429285,0.0032892912
2459907.1372635006,-0.0008971691,0.0032836143
2459907.138652358,0.00543499,0.0032854541
2459907.1400412163,-0.0015538931,0.0032823544
2459907.1414300743,-0.0025425553,0.0032819873
2459907.142818932,0.0010380745,0.0032831137
2459907.14420779,-0.0017331839,0.0032829181
2459907.1455966476,-7.176399e-05,0.0032840313
2459907.1469855057,-0.001889646,0.0032830597
2459907.148374364,0.0041496754,0.0032849412
2459907.1497632214,-0.00033956766,0.0032860772
2459907.1511520795,-9.059906e-06,0.00328469
2459907.152540937,0.0012706518,0.0032834332
2459907.153929795,0.0014805794,0.0032848741
2459907.1553186527,-0.0009576678,0.0032836867
2459907.156707511,-0.0027327538,0.0032808625
2459907.1580963684,-0.004030168,0.0032842439
2459907.1594852265,0.00054585934,0.003283167
2459907.160874084,-0.005055368,0.0032809048
2459907.162262942,0.0005403757,0.0032873307
2459907.1636518,0.0011799335,0.0032829477
2459907.165040658,0.0040949583,0.0032869622
2459907.1664295155,0.00551033,0.003287529
2459907.1678183735,0.0031007528,0.0032871107
2459907.1692072316,0.0011212826,0.00328213
2459907.170596089,0.00200212,0.0032848192
2459907.1719849473,0.00047922134,0.0032842138
2459907.173373805,-0.0073692203,0.003281901
2459907.1747626625,-0.0057281256,0.0032790012
2459907.1761515206,0.0025361776,0.0032846688
2459907.177540378,-0.0011396408,0.0032805556
2459907.1789292363,-0.004802525,0.0032823696
2459907.180318094,-0.003440261,0.0032808604
2459907.181706952,0.0019586086,0.0032851943
2459907.1830958095,0.00029349327,0.0032834965
2459907.1844846676,0.00012207031,0.003286514
2459907.185873525,-0.0028952956,0.00328529
2459907.187262383,0.0001257658,0.0032821526
2459907.1886512404,-0.0017687678,0.0032820818
2459907.1900400985,0.0014197826,0.0032863433
2459907.1914289566,0.0019898415,0.0032838779
2459907.192817814,-0.00041288137,0.0032833565
2459907.194206672,-0.0017653704,0.0032812408
2459907.1955955294,0.0061820745,0.0032864606
2459907.1969843875,0.002522111,0.0032845133
2459907.198373245,0.002938509,0.0032867363
2459907.199762103,-0.0050464272,0.0032799598
2459907.2011509608,-0.0016658306,0.003283677
2459907.2025398184,-0.0007122755,0.0032822827
2459907.2039286764,-0.0014978647,0.0032834942
2459907.205317534,0.00046432018,0.0032838287
2459907.206706392,-0.0022928119,0.0032807982
2459907.2080952497,-0.0008890629,0.0032834844
2459907.2094841073,0.00056147575,0.003283625
2459907.2108729654,-0.00089263916,0.0032833705
2459907.212261823,-0.0055248737,0.0032805623
2459907.2136506806,-0.0039568543,0.0032819957
2459907.215039538,-0.0035199523,0.0032809577
2459907.2164283963,0.0017877817,0.0032861438
2459907.217817254,-0.0056226254,0.0032826064
2459907.2192061115,0.004524946,0.0032880695
2459907.220594969,0.0017350912,0.00328527
2459907.221983827,-0.0023531318,0.003283174
2459907.223372685,0.0038850307,0.0032843347
2459907.2247615424,-0.001726687,0.003280378
2459907.2261504005,0.00045609474,0.0032822557
2459907.227539258,-0.002112329,0.0032820601
2459907.2289281157,-0.0032386184,0.0032815877
2459907.2303169733,-0.0080024,0.0032804012
2459907.2317058314,0.0014772415,0.003282347
2459907.233094689,-0.007283807,0.0032787968
2459907.2344835466,0.000672102,0.0032841437
2459907.235872404,0.0014538765,0.0032895731
2459907.237261262,0.0031694174,0.0032879272
2459907.23865012,-0.0011484027,0.0032815097
2459907.2400389775,-0.00065392256,0.003281666
2459907.241427835,0.008576751,0.0032872795
2459907.242816693,0.003401041,0.0032838825
2459907.2442055503,0.007603407,0.003286339
2459907.2455944084,0.0010384321,0.0032837733
2459907.246983266,0.0009380579,0.0032846336
2459907.2483721236,0.00026333332,0.0032858974
2459907.249760981,-0.005564928,0.003280888
2459907.251149839,0.0010130405,0.0032857407
2459907.252538697,-0.0037019253,0.003279404
2459907.2539275545,-0.0026792288,0.0032856176
2459907.255316412,-0.0027644634,0.0032840068
2459907.2567052697,-0.0029321313,0.003279836
2459907.2580941273,0.0034278631,0.0032844471
2459907.259482985,-0.0024847388,0.003281471
2459907.2608718425,-0.003469348,0.0032806348
2459907.2622607,-0.004542589,0.0032829226
2459907.263649558,-0.002861917,0.003282081
2459907.265038416,0.00012981892,0.003280888
2459907.2664272734,0.0018948317,0.003286576
2459907.267816131,0.0012755394,0.0032837552
2459907.2692049886,0.0048513412,0.0032867
2459907.270593846,0.0063319206,0.0032862453
2459907.271982704,0.0053070784,0.003286047
2459907.2733715614,-0.0010020733,0.0032839011
2459907.2747604195,0.0014104843,0.0032854595
2459907.2761492766,-0.0016689897,0.0032821682
2459907.2775381347,-0.004681647,0.0032775507
2459907.278926992,-0.0045803785,0.0032819312
2459907.28031585,0.0006028414,0.0032870877
2459907.281704707,-0.004854262,0.003280142
2459907.283093565,-0.0015193224,0.0032810715
2459907.2844824223,0.00083482265,0.0032843363
2459907.2858712804,-0.0026928186,0.0032803568
2459907.287260138,-0.0024955869,0.0032804636
2459907.2886489956,0.0022525787,0.0032872919
2459907.290037853,-0.009477615,0.0032778915
2459907.291426711,0.0014717579,0.0032832834
2459907.2928155684,-0.0011914968,0.0032802941
2459907.294204426,-0.0029469132,0.0032822103
2459907.2955932836,0.004733324,0.0032832674
2459907.296982141,-0.0022001863,0.0032818953
2459907.298370999,-0.0010189414,0.00328233
2459907.2997598564,-0.002149284,0.0032851698
2459907.301148714,-0.0002604723,0.0032820117
2459907.3025375716,0.005372286,0.0032881505
2459907.303926429,0.0028141737,0.0032826182
2459907.305315287,-0.0046593547,0.0032796755
2459907.3067041445,0.00362432,0.0032850332
2459907.3080930016,0.0012526512,0.0032864865
2459907.3094818597,-0.0010924935,0.0032799311
2459907.310870717,0.0034387112,0.0032874856
2459907.3122595744,0.004343033,0.0032837885
2459907.313648432,-0.002593875,0.0032814865
2459907.3150372896,0.00033700466,0.0032841032
2459907.3164261472,0.0013070107,0.0032842369
2459907.317815005,0.0023220778,0.0032821589
2459907.3192038625,7.045269e-05,0.0032819198
2459907.32059272,0.0020132065,0.0032858667
2459907.3219815777,-0.00095039606,0.0032815982
2459907.323370435,0.0022625923,0.0032826967
2459907.3247592924,-0.00035268068,0.0032828597
2459907.32614815,-0.0017825961,0.0032812352
2459907.3275370076,-0.0027202964,0.0032844786
2459907.3289258652,0.0015025139,0.0032849645
2459907.330314723,0.00584507,0.0032846115
2459907.3317035805,-0.00030189753,0.0032823095
2459907.3330924376,-0.002563119,0.0032797968
2459907.334481295,1.4543533e-05,0.0032832508
2459907.335870153,0.0015455484,0.0032830248
2459907.3372590104,-0.005779147,0.003278572
2459907.338647868,0.003908038,0.0032848818
2459907.3400367256,0.0085452795,0.0032869559
2459907.341425583,0.0071765184,0.0032894493
2459907.3428144404,0.000918746,0.0032827524
2459907.344203298,0.0037636757,0.0032844753
2459907.3455921556,-0.0012331009,0.0032841924
2459907.346981013,0.00028300285,0.0032802026
2459907.348369871,-0.0014988184,0.0032854264
2459907.349758728,0.0015852451,0.0032849226
2459907.3511475855,-0.00034177303,0.0032829314
2459907.352536443,0.0014140606,0.003285089
2459907.3539253008,0.0023753643,0.0032816278
2459907.355314158,-0.0034008026,0.0032819945
2459907.3567030155,0.0025103092,0.003284711
2459907.3580918727,0.005063057,0.0032896064
2459907.3594807303,-0.0018599033,0.003281749
2459907.360869588,0.0014511347,0.0032875948
2459907.3622584455,0.0025849342,0.0032845985
2459907.363647303,-0.0005013943,0.003283364
2459907.36503616,-0.00025331974,0.0032824
2459907.366425018,-9.3221664e-05,0.0032814739
2459907.3678138754,0.0028141737,0.00328339
2459907.3692027326,-0.0012837648,0.0032793419
2459907.37059159,-0.00021535158,0.003280508
2459907.371980448,-0.0005941391,0.0032849507
2459907.3733693054,0.0022553205,0.0032847542
2459907.3747581625,0.0013740063,0.0032817828
2459907.37614702,0.0006251335,0.0032851445
2459907.3775358773,0.00035655499,0.003282123
2459907.378924735,-0.0013683438,0.0032802674
2459907.3803135925,-0.0027834177,0.0032800883
2459907.3817024496,0.0011110306,0.003283382
2459907.3830913072,-0.005972445,0.0032805577
2459907.384480165,0.0015844107,0.003284959
2459907.3858690225,0.0015921593,0.0032853915
2459907.3872578796,0.00057566166,0.0032851184
2459907.388646737,0.004759431,0.0032865445
2459907.3900355943,0.002246976,0.0032845158
2459907.391424452,-0.00041288137,0.0032781546
2459907.3928133096,0.00091445446,0.003280233
2459907.3942021667,-0.0038975477,0.0032826627
2459907.3955910243,0.0017435551,0.0032828823
2459907.3969798815,-0.0098903775,0.0032791519
2459907.398368739,-0.005956292,0.0032791772
2459907.399757596,0.0011321306,0.0032825929
2459907.401146454,0.004903555,0.003286731
2459907.4025353114,0.00197196,0.003284538
2459907.4039241686,-0.001218617,0.003282263
2459907.405313026,-0.00064367056,0.0032791526
2459907.4067018833,-0.0011282563,0.0032846723
2459907.408090741,-0.0010879636,0.0032809004
2459907.409479598,0.0017843246,0.003281256
2459907.4108684557,-0.0008288622,0.0032816369
2459907.4122573133,0.0033032894,0.0032869373
2459907.4136461704,0.0037722588,0.003286516
2459907.415035028,0.0015654564,0.0032845747
2459907.416423885,-0.00035631657,0.003283549
2459907.4178127428,-0.00059336424,0.0032825775
2459907.4192016,-0.0011412501,0.0032818378
2459907.4205904575,-0.0006875396,0.0032815132
2459907.4219793146,-0.0001450777,0.0032849722
2459907.423368172,-0.003704369,0.0032809156
2459907.4247570294,-0.0009621978,0.0032821605
2459907.4261458865,0.000800848,0.003281797
2459907.427534744,-0.006765008,0.003279879
2459907.4289236013,-0.0034804344,0.0032771106
2459907.430312459,-0.00047069788,0.003283071
2459907.431701316,0.0010262728,0.0032826809
2459907.4330901736,0.00089383125,0.003280642
2459907.434479031,0.0014536381,0.003287607
2459907.435867888,-0.0024811625,0.0032786822
2459907.4372567455,0.003213644,0.003282185
2459907.4386456027,0.0027618408,0.0032828997
2459907.4400344603,0.0031278133,0.0032831975
2459907.4414233174,0.0030202866,0.0032833132
2459907.442812175,0.0039298534,0.0032840192
2459907.444201032,0.00085544586,0.003282179
2459907.4455898893,-0.0019232035,0.003281274
2459907.446978747,0.0061250925,0.0032856176
2459907.448367604,-0.0019443631,0.0032807426
2459907.4497564617,0.000572443,0.0032798082
2459907.451145319,9.9897385e-05,0.0032802543
2459907.452534176,-0.001235187,0.0032827468
2459907.453923033,-0.00086706877,0.003280433
2459907.4553118907,-0.00085294247,0.0032832054
2459907.4567007483,-0.00043690205,0.0032818567
2459907.4580896054,-0.0035769343,0.0032865189
2459907.4594784626,-0.0031306148,0.00328135
2459907.4608673197,-0.0088095665,0.0032749835
2459907.4622561773,-0.00044625998,0.0032799486
2459907.4636450345,-0.0011184216,0.0032835684
2459907.4650338916,-0.000295043,0.0032831102
2459907.466422749,-0.0005401373,0.003281286
2459907.4678116064,-0.00018024445,0.0032848082
2459907.469200464,0.00026118755,0.0032807481
2459907.470589321,0.004431367,0.0032838688
2459907.4719781782,0.0023418665,0.0032850378
2459907.4733670354,-5.286932e-05,0.0032826615
2459907.474755893,5.698204e-05,0.0032815586
2459907.47614475,-0.0038900971,0.0032806967
2459907.4775336073,0.0027310848,0.0032837964
2459907.478922465,-0.004008591,0.0032829512
2459907.4803113216,-0.0025402308,0.0032831589
2459907.481700179,-0.0006623268,0.0032827011
2459907.4830890363,0.0018670559,0.0032828485
2459907.4844778934,0.0007314682,0.0032827044
2459907.4858667506,-0.002664566,0.0032803672
2459907.487255608,0.0014457703,0.0032812322
2459907.4886444653,-0.0011044145,0.0032823405
2459907.4900333225,0.009177208,0.0032867917
2459907.49142218,0.00043427944,0.003279586
2459907.492811037,-0.0046445727,0.0032832436
2459907.4941998944,-0.0048685074,0.0032788985
2459907.4955887515,-8.583069e-05,0.0032807416
2459907.4969776087,0.0008456707,0.0032788788
2459907.4983664663,0.0037705898,0.0032863603
2459907.4997553234,0.0007092953,0.0032821512
2459907.5011441805,0.0033044815,0.0032829244
2459907.5025330377,0.0039373636,0.003281977
2459907.503921895,0.0006965399,0.0032828536
2459907.505310752,0.0006836653,0.0032814606
2459907.506699609,-0.004313946,0.0032794208
2459907.5080884667,0.006579995,0.003287076
2459907.509477324,-0.0010370612,0.003281211
2459907.510866181,-0.0034861565,0.0032802704
2459907.512255038,0.0011700392,0.0032793398
2459907.5136438953,0.0027127266,0.003287398
2459907.5150327524,0.0015289783,0.0032813875
2459907.5164216096,-5.9843063e-05,0.0032815037
2459907.5178104667,0.0027592182,0.0032860315
2459907.5191993243,0.0017453432,0.0032802706
2459907.5205881814,-0.0005213618,0.0032804399
2459907.5219770386,0.0019112825,0.0032822015
2459907.5233658957,-0.0040289164,0.00328046
2459907.524754753,0.0030246973,0.0032813735
2459907.52614361,-0.0015861392,0.0032809682
2459907.527532467,-0.0017700195,0.003278396
2459907.5289213243,0.0003579855,0.0032856332
2459907.5303101814,0.0026162863,0.00328122
2459907.5316990386,-0.003263712,0.00327998
2459907.5330878957,-0.0027856827,0.0032809356
2459907.534476753,-0.0010480285,0.003282985
2459907.5358656105,0.0030829906,0.0032820005
2459907.537254467,-0.00091058016,0.003280162
2459907.5386433247,-0.00094377995,0.0032812904
2459907.540032182,-0.0027547479,0.0032816017
2459907.5414210386,-0.0045940876,0.0032812366
2459907.542809896,0.0033705235,0.0032838783
2459907.544198753,-0.0016459823,0.0032808627
2459907.5455876105,0.00014412403,0.003281249
2459907.546976467,-0.0028058887,0.0032808834
2459907.5483653247,-0.0019612908,0.0032809342
2459907.5497541814,-0.0007351637,0.0032809912
2459907.5511430386,-0.0005159378,0.0032830727
2459907.552531896,-0.00049459934,0.0032813028
2459907.553920753,0.0038744211,0.0032831333
2459907.55530961,0.0015643835,0.0032827517
2459907.556698467,0.0015001297,0.0032804876
2459907.5580873243,-0.0025841594,0.0032801903
2459907.5594761814,0.00019061565,0.0032812543
2459907.5608650385,-0.0026483536,0.0032821046
2459907.5622538957,0.002934575,0.0032826718
2459907.563642753,-0.0038072467,0.003280988
2459907.56503161,0.0018571615,0.0032833505
2459907.566420467,0.0027703047,0.0032856711
2459907.5678093242,0.0016872883,0.0032825524
2459907.569198181,0.0021826029,0.003284899
2459907.5705870385,-1.9669533e-05,0.0032832436
2459907.5719758957,-0.0018553734,0.0032816671
2459907.5733647523,0.0044796467,0.0032838818
2459907.5747536095,0.002104044,0.0032814194
2459907.5761424666,-0.001192689,0.0032793465
2459907.577531324,0.0028104782,0.0032835517
2459907.578920181,0.0044665337,0.0032853931
2459907.580309038,-0.0009608269,0.0032791155
2459907.5816978947,-0.0029120445,0.0032792753
2459907.583086752,0.0011229515,0.003281378
2459907.584475609,-0.0027050376,0.0032804306
2459907.585864466,-0.0008903146,0.0032833612
2459907.5872533233,0.0020604134,0.003281113
2459907.5886421804,-0.000105023384,0.0032806324
2459907.5900310376,-0.0027086735,0.0032810979
2459907.5914198942,-0.00084769726,0.0032790178
2459907.5928087514,0.0013649464,0.0032833063
2459907.5941976085,-0.0007852316,0.003281694
2459907.5955864657,-0.0029666424,0.0032828485
2459907.596975323,-0.0023482442,0.0032832865
2459907.5983641795,0.0034005642,0.003285115
2459907.5997530366,0.0028172731,0.0032831738
2459907.601141894,-0.001670301,0.0032811633
2459907.602530751,-0.00027358532,0.0032803025
2459907.603919608,0.0046699047,0.0032841212
2459907.6053084647,-0.002291143,0.0032807097
2459907.606697322,-0.001031518,0.0032815756
2459907.608086179,-0.0031859875,0.0032811896
2459907.609475036,0.0018088818,0.0032852294
2459907.610863893,0.002126336,0.0032832804
2459907.61225275,-0.00066173077,0.0032817237
2459907.6136416066,-0.0002478361,0.0032803975
2459907.615030464,-0.0026034713,0.0032787
2459907.616419321,0.008017898,0.003288503
2459907.617808178,-0.0047522187,0.003279396
2459907.619197035,-0.0017110705,0.00328105
2459907.620585892,0.0033308268,0.0032814343
2459907.621974749,-0.006074548,0.0032794862
2459907.6233636057,0.0029256344,0.00328449
2459907.624752463,-0.00070506334,0.0032824052
2459907.62614132,-0.004838884,0.003280407
2459907.627530177,0.0042061806,0.0032854374
2459907.628919034,-0.0021585226,0.0032835917
2459907.630307891,-0.00026392937,0.0032846062
2459907.631696748,0.0068922043,0.0032841943
2459907.6330856048,-0.0012931228,0.0032859468
2459907.634474462,-0.0026028752,0.0032858283
2459907.635863319,0.0035276413,0.0032831053
2459907.6372521757,0.0017445087,0.003281755
2459907.638641033,-0.003879726,0.003279781
2459907.6400298895,-0.0018529892,0.0032801917
2459907.6414187467,0.0018280745,0.0032812238
2459907.6428076033,0.0007003546,0.0032824124
2459907.6441964605,0.00072836876,0.0032801528
2459907.6455853176,-0.00010997057,0.0032845356
2459907.6469741743,-0.0006095171,0.0032802161
2459907.6483630314,-0.0034448504,0.0032808534
2459907.649751888,-0.004143834,0.0032820865
2459907.6511407453,0.0036315918,0.0032817267
2459907.6525296024,-0.0010195374,0.00328016
2459907.653918459,0.0008201599,0.0032817142
2459907.655307316,0.0007047653,0.0032821966
2459907.656696173,0.002406478,0.0032797956
2459907.65808503,-0.001020968,0.003284092
2459907.6594738867,0.0020914078,0.003283269
2459907.660862744,0.0008518696,0.0032878232
2459907.6622516005,-0.0023437738,0.0032810764
2459907.6636404577,0.004279971,0.00328565
2459907.6650293143,-0.003493011,0.0032848904
2459907.6664181715,0.0023806095,0.003286152
2459907.6678070286,-0.0013269782,0.0032809952
2459907.6691958853,0.0015552044,0.0032836143
2459907.6705847424,-0.0025005937,0.0032791505
2459907.671973599,-0.0013053417,0.0032804515
2459907.6733624563,-0.006099701,0.0032783428
2459907.674751313,-0.0057362914,0.003279786
2459907.67614017,-0.0049435496,0.0032770447
2459907.6775290268,0.0017280579,0.0032831868
2459907.6789178834,-0.0005502105,0.0032798068
2459907.6803067406,0.0015536547,0.003283903
2459907.6816955972,0.0006117821,0.0032815028
2459907.6830844544,-0.0054165125,0.0032782347
2459907.684473311,-0.0023374557,0.0032821926
2459907.685862168,-0.0038535595,0.0032790732
2459907.687251025,0.0013003349,0.0032831584
2459907.6886398816,0.0018236637,0.0032808431
2459907.6900287387,-0.0032257438,0.0032795423
2459907.6914175954,0.0054807663,0.0032820594
2459907.6928064525,-0.0065858364,0.0032770669
2459907.694195309,-0.000111699104,0.0032839319
2459907.6955841663,0.0005851984,0.0032839293
2459907.696973023,0.00047671795,0.003282026
2459907.6983618797,-0.0037362576,0.0032806213
2459907.699750737,-0.00048351288,0.0032858702
2459907.7011395935,-0.006137669,0.003280614
2459907.7025284506,0.002992034,0.0032825842
2459907.7039173073,-0.004501343,0.0032803088
2459907.705306164,0.0038653612,0.0032837344
2459907.7066950207,-0.004055083,0.0032771428
2459907.708083878,-0.0046726465,0.0032777186
2459907.7094727345,-0.002102375,0.003280657
2459907.710861591,-0.00087469816,0.003279614
2459907.7122504483,-0.004730761,0.003279279
2459907.713639305,0.006317973,0.0032834555
2459907.715028162,0.0005452633,0.003280114
2459907.716417019,-0.0054231286,0.00327912
2459907.7178058755,0.0010325909,0.0032808082
2459907.719194732,0.0003938675,0.0032809547
2459907.7205835893,-0.0058975816,0.0032786534
2459907.721972446,0.00063693523,0.003282337
2459907.7233613026,-0.0015103221,0.0032801803
2459907.72475016,0.0045694113,0.0032846872
2459907.7261390164,-0.0003787279,0.0032804431
2459907.727527873,-0.004201889,0.0032785127
2459907.72891673,0.003591895,0.00328311
2459907.730305587,0.0019989014,0.003283455
2459907.7316944436,-0.0037519336,0.003281171
2459907.7330833003,-0.00318259,0.0032839666
2459907.734472157,-0.0029931664,0.0032808923
2459907.7358610136,-0.0017552972,0.0032809929
2459907.737249871,-0.0015839934,0.003279913
2459907.7386387275,0.0039224625,0.0032839016
2459907.740027584,-4.428625e-05,0.0032857575
2459907.741416441,0.0011229515,0.0032825985
2459907.742805298,-0.00028854609,0.0032795153
2459907.7441941546,0.00499475,0.003284097
2459907.7455830113,-0.004023373,0.0032791977
2459907.746971868,-0.0015392303,0.003280981
2459907.7483607247,-0.005067587,0.003279507
2459907.749749582,-0.003087759,0.0032815032
2459907.751138438,0.00017237663,0.003279387
2459907.752527295,0.0008224249,0.003279751
2459907.753916152,0.00016355515,0.0032827733
2459907.7553050085,0.0039139986,0.0032861535
2459907.756693865,-0.0061594844,0.0032771886
2459907.758082722,-0.0025487542,0.0032835205
2459907.759471579,-0.0030395985,0.0032779973
2459907.760860435,0.0033533573,0.0032837894
2459907.7622492923,-0.0022450686,0.0032811442
2459907.763638149,0.0002142191,0.003280268
2459907.7650270057,0.0020427704,0.003282177
2459907.7664158624,0.0040211678,0.0032840986
2459907.767804719,-0.0015951395,0.0032803274
2459907.7691935757,0.0026203394,0.003284335
2459907.7705824324,-0.0022504926,0.0032793686
2459907.7719712895,-0.004655063,0.0032802995
2459907.773360146,-0.0044465065,0.0032822066
2459907.774749003,-0.0033619404,0.0032783097
2459907.7761378596,0.00081169605,0.0032811458
2459907.7775267162,-0.0012897253,0.0032797218
2459907.778915573,0.0024924278,0.0032816487
2459907.7803044296,0.0005837679,0.003281743
2459907.7816932863,-0.0012375116,0.0032821868
2459907.783082143,-0.0032100081,0.0032831521
2459907.7844709996,0.0035575628,0.003283854
2459907.7858598563,0.0020742416,0.0032801365
2459907.787248713,-0.0044508576,0.0032778073
2459907.7886375696,0.0042654276,0.0032832772
2459907.7900264263,-0.0036116242,0.003281093
2459907.791415283,0.004698038,0.003281094
2459907.7928041397,0.0040056705,0.0032849594
2459907.7941929963,0.004732728,0.0032828413
2459907.795581853,0.008694053,0.0032862604
2459907.7969707097,0.0012444258,0.0032806026
2459907.7983595664,0.00073206425,0.0032809868
2459907.799748423,-0.0058522224,0.003276526
2459907.8011372797,0.0027772188,0.0032811712
2459907.8025261364,0.0012632608,0.0032791079
2459907.803914993,0.003779292,0.003283709
2459907.8053038497,-0.001979947,0.0032797933
2459907.8066927064,0.0027216673,0.0032842301
2459907.808081563,0.0020039082,0.0032817693
2459907.8094704193,-0.0047834516,0.0032805835
2459907.8108592764,-0.0043615103,0.0032801758
2459907.8122481327,0.0018913746,0.0032861507
2459907.8136369893,0.001691699,0.0032813898
2459907.815025846,-0.0018231869,0.003283362
2459907.8164147027,-0.0005493164,0.0032806452
2459907.8178035594,-0.00033086538,0.0032810103
2459907.819192416,0.00017499924,0.003282229
2459907.8205812727,0.0011621714,0.003279369
2459907.8219701294,0.003991723,0.0032811943
2459907.823358986,-0.0018543005,0.0032814739
2459907.8247478423,3.1232834e-05,0.003283006
2459907.826136699,-0.0019232631,0.0032794955
2459907.8275255556,-0.00078213215,0.003285827
2459907.8289144123,-0.00013786554,0.0032829144
2459907.830303269,0.0005172491,0.0032819174
2459907.8316921256,0.0041874647,0.0032837826
2459907.8330809823,-0.0037297606,0.003279034
2459907.8344698385,0.0014400482,0.0032812357
2459907.835858695,-0.0012362003,0.0032801374
2459907.837247552,-0.0010281801,0.0032791167
2459907.8386364086,0.0010038614,0.0032818203
2459907.8400252652,0.0015804768,0.0032800029
2459907.8414141214,-0.0022282004,0.0032811398
2459907.842802978,-0.0012595057,0.0032815812
2459907.844191835,0.0012447834,0.0032820392
2459907.8455806915,-0.0032626987,0.0032799083
2459907.8469695477,0.0034588575,0.0032849046
2459907.8483584044,0.009750724,0.003285743
2459907.849747261,0.0018826723,0.0032821978
2459907.8511361177,0.002716899,0.0032828883
2459907.8525249744,-0.00411433,0.0032784787
2459907.8539138306,-0.0007623434,0.0032805079
2459907.8553026873,1.66893e-05,0.0032837824
2459907.856691544,-0.0026199222,0.0032789519
2459907.8580804006,0.004519105,0.003283455
2459907.859469257,-0.0050043464,0.0032794154
2459907.8608581135,0.006863475,0.0032838034
2459907.86224697,-0.0065593123,0.0032775106
2459907.8636358264,-0.003715396,0.0032783994
2459907.865024683,-0.0013016462,0.003279041
2459907.8664135397,-0.006506026,0.00327792
2459907.8678023964,-0.006825328,0.0032788548
2459907.8691912526,0.0024814606,0.0032811228
2459907.8705801093,-0.004594028,0.0032796506
2459907.871968966,0.004178405,0.003284168
2459907.873357822,0.0032578707,0.0032823521
2459907.874746679,0.0025656223,0.0032852918
2459907.876135535,-0.0048156977,0.0032797412
2459907.8775243917,0.0006133318,0.0032804965
2459907.8789132484,-0.001249671,0.0032801144
2459907.8803021046,0.0009331703,0.0032828206
2459907.8816909613,-0.0008482337,0.0032780697
2459907.883079818,0.0037010908,0.003283047
2459907.884468674,-2.7477741e-05,0.0032813475
2459907.885857531,-0.0024815202,0.0032797626
2459907.8872463875,-0.0021194816,0.0032783588
2459907.8886352438,0.0009602308,0.0032809575
2459907.8900241004,-0.0030016303,0.00328145
2459907.891412957,-0.0022672415,0.003280786
2459907.8928018133,-0.0019295812,0.0032827486
2459907.89419067,-0.002492249,0.0032816422
2459907.895579526,0.00468719,0.003284432
2459907.896968383,-0.0038813353,0.0032776147
2459907.898357239,-0.0025945306,0.00328319
2459907.8997460958,-0.0041650534,0.0032796834
2459907.9011349524,0.00010347366,0.0032820052
2459907.9025238086,-0.0057687163,0.0032768375
2459907.9039126653,0.00023210049,0.003282046
2459907.9053015215,-0.00072300434,0.003280474
2459907.906690378,0.0038805008,0.003284368
2459907.9080792344,0.0021488667,0.003279245
2459907.909468091,-0.00038319826,0.003280032
2459907.9108569473,0.001888752,0.0032810986
2459907.912245804,-0.002443254,0.00328034
2459907.91363466,0.00013291836,0.0032816366
2459907.9150235164,-0.00046259165,0.0032813987
2459907.916412373,-0.0013716221,0.0032786226
2459907.9178012293,0.0026869774,0.003283822
2459907.919190086,0.0014362335,0.0032822841
2459907.920578942,-0.0018590689,0.0032788082
2459907.921967799,-0.0013946295,0.003281415
2459907.9233566555,-0.0039151907,0.0032803025
2459907.9247455117,-0.00031512976,0.003279272
2459907.926134368,-7.748604e-06,0.0032798904
2459907.9275232246,0.007091999,0.0032854206
2459907.928912081,-0.0022343397,0.0032789283
2459907.930300937,0.0011789799,0.0032802674
2459907.9316897937,0.002806425,0.0032811628
2459907.9330786504,0.0051078796,0.003285611
2459907.9344675066,6.2942505e-05,0.0032813302
2459907.935856363,-0.0027131438,0.0032802098
2459907.9372452195,-0.00327909,0.0032817097
2459907.9386340757,-0.0014363527,0.0032800678
2459907.940022932,0.004583001,0.0032813307
2459907.9414117886,0.0026724339,0.003283784
2459907.942800645,0.0025151968,0.0032853587
2459907.9441895015,0.00090920925,0.0032782538
2459907.9455783577,0.0032727718,0.0032830224
2459907.946967214,0.0066388845,0.0032836748
2459907.9483560706,0.0030400753,0.0032808427
2459907.9497449268,-0.0016282797,0.0032802033
2459907.951133783,0.0013459921,0.0032825267
2459907.952522639,0.0011335611,0.0032822103
2459907.953911496,0.0036456585,0.0032820753
2459907.9553003525,-0.0039084554,0.0032779428
2459907.9566892087,-0.0016955733,0.003279013
2459907.958078065,-0.00023329258,0.0032808036
2459907.959466921,0.00036275387,0.0032835593
2459907.960855778,-0.002895832,0.003276948
2459907.962244634,-0.0030495524,0.003278392
2459907.9636334903,0.00069224834,0.0032821835
2459907.965022347,0.0014901161,0.0032803714
2459907.966411203,-0.0036087632,0.0032818555
2459907.9678000594,0.0027543306,0.0032833314
2459907.9691889156,-7.31349e-05,0.003281753
2459907.9705777722,0.0033818483,0.0032837954
2459907.9719666285,-0.00054961443,0.003281498
2459907.9733554847,-0.002874732,0.0032782909
2459907.974744341,0.0052158833,0.003282016
2459907.9761331975,-0.0041617155,0.0032783763
2459907.9775220538,0.0010852814,0.003282866
2459907.97891091,0.0024026632,0.0032808539
2459907.980299766,-0.00558424,0.003276953
2459907.9816886224,0.0014313459,0.0032822306
2459907.983077479,-0.0011720061,0.0032798604
2459907.9844663353,0.0033006668,0.003281845
2459907.9858551915,0.0028873682,0.00328227
2459907.987244048,-0.00011819601,0.003280713
2459907.988632904,-0.0009242296,0.0032806448
2459907.9900217606,-0.002609551,0.0032790645
2459907.991410617,0.003504753,0.0032833612
2459907.992799473,0.00012111664,0.0032844623
2459907.994188329,0.003563881,0.0032837463
2459907.9955771854,0.00040006638,0.0032810355
2459907.996966042,-0.0010082126,0.003280065
2459907.9983548983,0.0052468777,0.0032830231
2459907.9997437545,0.0041036606,0.003283813
2459908.0011326107,0.0045814514,0.0032863691
2459908.002521467,0.0050753355,0.0032832245
2459908.003910323,-0.007668078,0.0032791388
2459908.0052991793,-0.0030062199,0.0032771924
2459908.0066880356,0.0046919584,0.003283913
2459908.0080768922,0.0020000935,0.0032827894
2459908.0094657484,0.00062549114,0.0032804299
2459908.0108546047,0.0018856525,0.0032845098
2459908.012243461,0.0039708614,0.003285151
2459908.013632317,-0.00017273426,0.003280814
2459908.0150211733,0.0044071674,0.0032834825
2459908.0164100295,-0.00040632486,0.003279931
2459908.0177988857,-0.006029427,0.0032792678
2459908.019187742,0.004070163,0.0032840245
2459908.020576598,-0.007207334,0.0032782617
2459908.0219654543,0.0040478706,0.0032805617
2459908.0233543105,0.000390172,0.0032779595
2459908.0247431668,-0.0036433935,0.0032770974
2459908.026132023,-0.0035651922,0.0032767095
2459908.027520879,-0.00032240152,0.0032786229
2459908.028909736,-0.0019584894,0.0032787714
2459908.0302985916,0.00121212,0.0032827163
2459908.0316874483,0.0013130903,0.0032839107
2459908.033076304,-0.0028049946,0.003279695
2459908.0344651607,-0.003936529,0.0032796564
2459908.0358540164,0.004765153,0.0032814918
2459908.0372428726,-0.0011003017,0.0032792876
2459908.038631729,0.0007916689,0.0032805942
2459908.040020585,-0.0015687346,0.00328112
2459908.0414094417,-0.003637731,0.0032778091
2459908.0427982975,-6.8962574e-05,0.0032820741
2459908.0441871537,-0.0027267337,0.0032786964
2459908.04557601,-0.00059968233,0.0032812904
2459908.046964866,0.0014606714,0.0032809565
2459908.0483537223,0.0054711103,0.003284935
2459908.0497425785,0.003588438,0.0032810685
2459908.0511314347,-0.0044210553,0.0032758897
2459908.052520291,-0.0011515617,0.0032799556
2459908.053909147,0.0028575659,0.0032843736
2459908.0552980034,0.003691554,0.0032840674
2459908.0566868596,-0.00283283,0.003279541
2459908.0580757153,0.0053277016,0.0032832045
2459908.0594645715,0.00077712536,0.0032813253
2459908.060853428,0.0036377907,0.0032834588
2459908.062242284,0.0014078617,0.003279896
2459908.06363114,-0.0029211044,0.003280266
2459908.0650199964,0.0044950247,0.0032817891
2459908.0664088526,0.001995802,0.0032816029
2459908.0677977083,-0.0019555688,0.0032815498
2459908.069186565,0.0026853085,0.003285071
2459908.0705754207,-0.004425764,0.0032767765
2459908.071964277,-0.0048929453,0.0032814092
2459908.073353133,0.0016220808,0.0032814217
2459908.0747419894,-0.0032542944,0.0032758042
2459908.0761308456,-0.004761994,0.003278847
2459908.0775197013,0.0044914484,0.003282505
2459908.0789085575,0.00079476833,0.003282785
2459908.0802974137,0.007971406,0.0032839908
2459908.08168627,-0.0035204887,0.0032812292
2459908.083075126,0.0007441044,0.0032797686
2459908.084463982,0.001159668,0.003282399
2459908.085852838,0.0024081469,0.003281353
2459908.0872416943,-0.000934422,0.0032808313
2459908.0886305505,0.003795147,0.0032855973
2459908.0900194063,0.008481741,0.0032863433
2459908.0914082625,-0.002765894,0.0032782985
2459908.0927971187,0.004025936,0.0032827742
2459908.094185975,-0.0043491125,0.0032784783
2459908.095574831,0.0001693964,0.003284097
2459908.096963687,0.005306244,0.0032819419
2459908.098352543,0.0049015284,0.003284417
2459908.0997413993,0.0066257715,0.0032849107
2459908.101130255,0.0029447079,0.003282819
2459908.1025191112,0.004582882,0.003285074
2459908.1039079675,0.0029131174,0.0032817174
2459908.1052968237,-0.0024635792,0.003279336
2459908.1066856794,0.009070635,0.003285066
2459908.1080745356,-0.00093871355,0.0032800487
2459908.1094633914,-0.004572928,0.003279434
2459908.1108522476,0.0029683113,0.003283192
2459908.112241104,-0.0022664666,0.0032777376
2459908.11362996,0.0028129816,0.0032792904
2459908.115018816,0.0020118952,0.0032830704
2459908.116407672,0.0025782585,0.0032817663
2459908.117796528,-0.0046393275,0.00327932
2459908.119185384,-0.003406167,0.0032797314
2459908.12057424,-0.0029206872,0.0032796497
2459908.121963096,-0.0032933354,0.0032794983
2459908.123351952,-0.00017142296,0.0032813216
2459908.1247408083,-0.0037495494,0.0032773954
2459908.126129664,-0.00010639429,0.0032815873
2459908.12751852,0.00049614906,0.0032818068
2459908.128907376,0.0034008026,0.0032835954
2459908.130296232,-0.0011645555,0.0032790627
2459908.1316850884,-0.004917562,0.0032779076
2459908.133073944,0.00024914742,0.0032809188
2459908.1344628003,0.008182645,0.0032892597
2459908.135851656,-0.0059129596,0.0032778447
2459908.1372405123,0.0021510124,0.003281713
2459908.138629368,-0.0024866462,0.0032768499
2459908.1400182243,0.0036679506,0.0032824485
2459908.1414070805,0.003115654,0.0032827884
2459908.142795936,0.00096964836,0.0032820785
2459908.1441847924,0.0014734268,0.0032825803
2459908.145573648,0.006023526,0.0032820995
2459908.1469625044,0.0011873245,0.0032801633
2459908.14835136,-0.0019485354,0.0032793842
2459908.1497402163,0.0028275251,0.0032822592
2459908.151129072,-0.005213022,0.0032761476
2459908.1525179283,-0.0040391684,0.003280718
2459908.153906784,0.0015544891,0.0032846585
2459908.15529564,0.0006477833,0.0032827372
2459908.1566844964,-0.0023218393,0.0032788338
2459908.158073352,0.005802989,0.0032831738
2459908.159462208,0.0038009882,0.003284159
2459908.160851064,0.005129099,0.0032854516
2459908.16223992,-0.0013529658,0.0032797272
2459908.1636287756,0.004122734,0.0032824308
2459908.165017632,0.006472945,0.0032862476
2459908.1664064876,0.0017790794,0.003282991
2459908.167795344,0.004027009,0.0032846876
2459908.1691842,-0.0054538846,0.003276654
2459908.1705730557,0.0004709959,0.0032822804
2459908.1719619115,0.0019971132,0.003281511
2459908.173350767,0.0019085407,0.0032814061
2459908.1747396234,0.0040442944,0.0032824927
2459908.176128479,-0.0006984472,0.0032812438
2459908.1775173354,-0.0026800632,0.003279796
2459908.178906191,-0.00304991,0.0032784361
2459908.180295047,0.0008505583,0.0032839286
2459908.181683903,0.0027873516,0.0032813
2459908.183072759,-0.0018422008,0.0032795942
2459908.184461615,0.0008019209,0.003281307
2459908.185850471,-0.0030004978,0.0032798538
2459908.1872393265,0.002818942,0.003284246
2459908.1886281827,0.003506422,0.0032804965
2459908.1900170385,-0.00205189,0.0032798748
2459908.1914058947,7.522106e-05,0.0032804713
2459908.1927947504,0.0006750822,0.0032832187
2459908.194183606,0.0015425682,0.0032801998
2459908.195572462,-0.0034773946,0.0032834436
2459908.196961318,-0.00017756224,0.003285154
2459908.198350174,0.0019181967,0.0032818334
2459908.1997390296,0.006673932,0.0032843708
2459908.201127886,0.0025845766,0.00328144
2459908.2025167416,-0.0012921691,0.0032806231
2459908.2039055973,-0.002720356,0.0032796795
2459908.205294453,-0.0008126497,0.0032802355
2459908.2066833093,-0.00018244982,0.0032825526
2459908.208072165,-0.0007427335,0.0032831556
2459908.209461021,0.0034971237,0.00328254
2459908.210849877,0.0074545145,0.0032835747
2459908.2122387327,-0.00039052963,0.003281422
2459908.2136275885,0.00040233135,0.003280366
2459908.215016444,-0.0032947063,0.00328
2459908.2164053,4.684925e-05,0.0032821493
2459908.2177941557,-0.0006274581,0.0032794147
2459908.219183012,-0.001349628,0.00328087
2459908.2205718677,0.0008432865,0.0032807144
2459908.2219607234,0.001718998,0.00328463
2459908.2233495796,-0.00075781345,0.0032809144
2459908.224738435,0.0016015768,0.0032798126
2459908.226127291,0.0027947426,0.0032840557
2459908.227516147,0.0006878376,0.0032826485
2459908.2289050026,-0.0025467277,0.0032767644
2459908.2302938583,0.00094521046,0.0032819558
2459908.231682714,-0.0015532374,0.0032797125
2459908.2330715703,0.005771637,0.0032840401
2459908.234460426,0.0020354986,0.0032832723
2459908.235849282,0.0007343292,0.0032795176
2459908.2372381375,0.0012543201,0.003283939
2459908.2386269933,0.0064911842,0.0032866034
2459908.240015849,0.0012179613,0.0032806385
2459908.2414047047,0.0038775206,0.003287122
2459908.242793561,0.0032519102,0.003283694
2459908.2441824167,0.0030937195,0.0032838816
2459908.2455712724,0.00280869,0.0032840474
2459908.246960128,-0.0015100241,0.0032812215
2459908.248348984,0.0017703772,0.0032838837
2459908.2497378397,-0.0061383843,0.0032773193
2459908.2511266954,-0.0005097389,0.0032808778
2459908.252515551,0.006025076,0.0032830054
2459908.253904407,-0.0010738373,0.0032786971
2459908.2552932627,0.0038485527,0.0032853857
2459908.2566821184,0.006745577,0.0032863277
2459908.258070974,4.1007996e-05,0.0032801097
2459908.25945983,-0.0013478994,0.0032834937
2459908.260848686,0.002399683,0.0032817663
2459908.2622375414,4.029274e-05,0.0032797423
2459908.263626397,-0.0032788515,0.0032796294
2459908.2650152533,0.00056636333,0.0032815915
2459908.2664041086,0.0024057627,0.003283245
2459908.267792965,0.0011650324,0.0032832238
2459908.26918182,0.0036255121,0.0032806755
2459908.2705706763,-0.0010480285,0.003281084
2459908.2719595316,-0.0009865165,0.0032799856
2459908.273348388,0.0023988485,0.0032837803
2459908.2747372435,-0.0042283535,0.0032786522
2459908.276126099,-0.0040119886,0.0032826154
2459908.277514955,0.0014330149,0.0032836865
2459908.2789038103,-0.0021508336,0.0032814795
2459908.280292666,0.002187848,0.003280987
2459908.281681522,-0.00024545193,0.0032797318
2459908.2830703775,0.0052428246,0.0032830273
2459908.2844592333,0.0004976988,0.0032805393
2459908.285848089,0.0021288395,0.00328152
2459908.287236945,0.0015883446,0.003286959
2459908.2886258005,-0.004117906,0.003279058
2459908.2900146563,0.0034623146,0.0032830222
2459908.291403512,-0.0048778653,0.0032807814
2459908.2927923677,-0.001126647,0.003281789
2459908.2941812235,-0.0024303794,0.0032795055
2459908.295570079,0.0016866922,0.0032808105
2459908.2969589345,-0.003228724,0.003278477
2459908.2983477903,0.0015084743,0.0032837414
2459908.299736646,-0.0033143759,0.0032802306
2459908.3011255017,-0.005580187,0.0032773498
2459908.3025143575,-0.0029631257,0.0032789872
2459908.303903213,0.0004836321,0.003278989
2459908.3052920685,0.0014494658,0.0032850285
2459908.3066809247,-0.0007264018,0.0032790466
2459908.30806978,-0.0029556155,0.003279317
2459908.3094586357,-0.0022002459,0.0032797768
2459908.3108474915,0.0036673546,0.0032838269
2459908.3122363472,0.002382636,0.0032835195
2459908.3136252025,0.0013375282,0.0032830015
2459908.3150140583,-0.0017307401,0.0032816783
2459908.316402914,-0.0033185482,0.003283353
2459908.3177917697,0.0026499033,0.003282001
2459908.3191806255,0.0029329062,0.003281019
2459908.320569481,0.004047632,0.003284265
2459908.3219583365,-0.0019750595,0.003278638
2459908.3233471923,0.0012643337,0.0032818937
2459908.324736048,-0.00076299906,0.003282026
2459908.3261249037,0.0013375282,0.0032813295
2459908.327513759,0.0049698353,0.0032835335
2459908.328902615,-0.0010930896,0.0032824052
2459908.3302914705,0.0030584335,0.003283881
2459908.331680326,-0.0011649132,0.0032810715
2459908.3330691815,0.008056998,0.0032868427
2459908.3344580373,-0.0025052428,0.0032807777
2459908.3358468926,0.00013673306,0.0032827936
2459908.3372357483,-0.0013974905,0.0032841787
2459908.338624604,0.0066770315,0.0032850767
2459908.34001346,0.00056803226,0.0032825575
2459908.341402315,0.0028492212,0.003284866
2459908.342791171,-0.0031999946,0.0032781016
2459908.3441800266,-0.0014600158,0.0032800566
2459908.345568882,0.0009047985,0.0032822487
2459908.3469577376,-0.0017275214,0.003279542
2459908.3483465933,-0.0007224083,0.0032789584
2459908.3497354486,0.0034548044,0.0032848993
2459908.3511243043,0.0054422617,0.0032819824
2459908.3525131596,-0.007549584,0.0032791283
2459908.3539020154,0.0012649298,0.0032823288
2459908.355290871,-0.0017422438,0.003280803
2459908.3566797264,-0.0019468665,0.003279848
2459908.358068582,0.0033107996,0.0032836786
2459908.359457438,0.0032789707,0.0032864737
2459908.360846293,-0.005632937,0.0032792545
2459908.362235149,0.0022449493,0.0032822874
2459908.3636240046,0.005636215,0.0032861542
2459908.36501286,-0.003882885,0.0032781786
2459908.3664017157,0.003429532,0.0032820236
2459908.367790571,-0.0011296272,0.0032830993
2459908.3691794267,-0.00030583143,0.0032827384
2459908.3705682824,0.0051380396,0.0032839016
2459908.3719571377,-0.0035072565,0.0032785926
2459908.3733459935,0.0005260706,0.0032795148
2459908.3747348487,0.0025228262,0.0032838013
2459908.3761237045,-0.0028108954,0.0032804743
2459908.3775125598,-0.0010055304,0.0032802837
2459908.3789014155,-0.0044810176,0.0032783907
2459908.380290271,0.00083088875,0.0032808962
2459908.3816791265,0.004173279,0.0032827095
2459908.383067982,-0.002145052,0.0032842204
2459908.3844568375,-0.0041872263,0.0032779418
2459908.385845693,0.008570313,0.0032892753
2459908.387234548,0.0013428926,0.0032808539
2459908.388623404,-0.0003902316,0.0032818387
2459908.3900122596,-0.002889812,0.0032790038
2459908.391401115,-0.0006918907,0.0032785514
2459908.3927899706,0.0032342672,0.003283834
2459908.394178826,-0.001237452,0.003280335
2459908.3955676816,0.0032559633,0.0032846604
2459908.396956537,-0.0021583438,0.0032832907
2459908.398345392,5.054474e-05,0.0032814594
2459908.3997342475,0.0024981499,0.003282637
2459908.401123103,2.7418137e-06,0.0032865559
2459908.402511959,0.0044773817,0.0032833011
2459908.4039008142,0.0010732412,0.0032811933
2459908.40528967,-0.0044687986,0.003282411
2459908.4066785253,0.002408266,0.0032798355
2459908.4080673805,0.0007170439,0.0032849025
2459908.409456236,-0.0021582842,0.003278379
2459908.4108450916,0.0017727613,0.003281422
2459908.4122339473,0.00490129,0.0032822797
2459908.4136228026,-0.002098024,0.0032799358
2459908.415011658,-0.0023636222,0.0032842462
2459908.416400513,-0.0003977418,0.0032807502
2459908.417789369,0.0011287928,0.0032816497
2459908.419178224,-0.0025150776,0.0032796387
2459908.42056708,0.005417943,0.0032839815
2459908.421955935,0.0013976097,0.003280984
2459908.4233447905,-0.0004975796,0.0032809991
2459908.424733646,-0.0015311241,0.0032799884
2459908.4261225015,0.0021396875,0.0032842115
2459908.427511357,0.003991127,0.0032843188
2459908.428900212,0.009536982,0.0032875126
2459908.430289068,0.0025820732,0.0032832054
2459908.431677923,-0.0020735264,0.0032783365
2459908.4330667784,0.0032293797,0.003284852
2459908.434455634,0.009207487,0.003285836
2459908.4358444894,0.0014913082,0.0032815975
2459908.4372333447,0.0022079945,0.0032830888
2459908.4386222,-1.4722347e-05,0.003281722
2459908.4400110557,-0.0005232692,0.0032787654
2459908.441399911,0.0034297705,0.003283904
2459908.442788766,-0.0030094981,0.003281122
2459908.444177622,0.0044220686,0.0032825996
2459908.4455664773,-0.0011010766,0.0032807675
2459908.4469553325,0.0014615059,0.0032795598
2459908.448344188,0.00075137615,0.0032835095
2459908.449733043,0.0008444786,0.0032826203
2459908.4511218984,0.0019482374,0.0032861382
2459908.452510754,-0.0012072921,0.0032814972
2459908.4538996094,0.0008714199,0.0032829237
2459908.4552884647,-0.002134204,0.0032824979
2459908.45667732,0.00078701973,0.0032806746
2459908.458066175,0.0024645329,0.003281245
2459908.459455031,-0.0014634728,0.0032824408
2459908.4608438862,0.002701044,0.0032833063
2459908.4622327415,0.0024362803,0.0032828024
2459908.463621597,0.002460122,0.0032826564
2459908.465010452,-0.003442824,0.0032773758
2459908.466399308,0.0032093525,0.0032813475
2459908.4677881626,0.0028526783,0.0032852737
2459908.4691770184,-0.0014253259,0.0032825433
2459908.4705658737,0.0034344196,0.0032814995
2459908.471954729,-0.005813837,0.0032787884
2459908.473343584,-0.0031131506,0.0032797968
2459908.4747324395,0.002825737,0.003284268
2459908.476121295,-0.0033970475,0.0032794683
2459908.47751015,0.0028464794,0.0032832888
2459908.478899006,-0.0022197962,0.0032803523
2459908.4802878606,-0.00077974796,0.0032811475
2459908.4816767164,-0.00360924,0.003280049
2459908.483065571,-0.0077188015,0.0032786317
2459908.484454427,-0.001337111,0.0032819489
2459908.485843282,-0.0045914054,0.0032778755
2459908.4872321375,0.0039105415,0.003283208
2459908.4886209927,-0.0015101433,0.0032825987
2459908.490009848,-0.002781868,0.0032779549
2459908.4913987033,0.00065100193,0.0032826983
2459908.4927875586,-0.0022522807,0.0032801002
2459908.494176414,0.008415341,0.0032859931
2459908.495565269,-0.0005235672,0.0032835316
2459908.4969541244,-0.00052678585,0.0032819756
2459908.4983429797,0.006026745,0.003284273
2459908.499731835,-0.0034173727,0.0032798534
2459908.5011206903,-0.004888594,0.0032770657
2459908.5025095455,0.0001077652,0.0032817412
2459908.503898401,0.0022478104,0.0032837614
2459908.505287256,0.0016927719,0.0032838783
2459908.5066761114,-0.00051116943,0.0032803419
2459908.5080649666,-0.000990808,0.0032802445
2459908.509453822,0.0027749538,0.0032820052
2459908.510842677,-0.00158602,0.0032800674
2459908.512231532,-0.0026535392,0.0032815859
2459908.5136203878,-0.0051693916,0.0032785514
2459908.5150092426,0.007507205,0.003286538
2459908.516398098,0.005918145,0.0032855216
2459908.5177869536,-0.0049080253,0.0032780308
2459908.5191758084,-9.6559525e-05,0.0032827118
2459908.5205646637,0.0038063526,0.0032817863
2459908.521953519,-0.0038328767,0.0032804187
2459908.5233423742,0.006221175,0.0032861214
2459908.5247312295,-0.003007114,0.00328058
2459908.526120085,0.0031523705,0.0032841924
2459908.5275089396,0.0048036575,0.0032843917
2459908.528897795,0.0011736155,0.003283717
2459908.53028665,-0.0015428066,0.0032807526
2459908.5316755055,-0.00013911724,0.0032792853
2459908.5330643607,0.0003080368,0.0032831654
2459908.534453216,0.00052940845,0.0032820676
2459908.5358420713,0.0019985437,0.0032857372
2459908.537230926,0.0022255182,0.0032821086
2459908.5386197814,-0.0004069805,0.0032780443
2459908.5400086367,-0.00030177832,0.0032799195
2459908.541397492,-0.0033185482,0.0032795307
2459908.542786347,-0.001676619,0.0032828217
2459908.544175202,-0.0009916425,0.0032770208
2459908.5455640573,-0.0006721616,0.0032802147
2459908.5469529126,-0.0006111264,0.003280897
2459908.548341768,0.00045335293,0.0032807123
2459908.549730623,0.00513196,0.0032826904
2459908.551119478,0.00243783,0.0032823393
2459908.552508333,0.00078547,0.0032829705
2459908.5538971885,0.0038967133,0.0032817617
2459908.555286044,0.00045788288,0.0032816296
2459908.5566748986,-0.0029062629,0.003277541
2459908.558063754,0.00030601025,0.0032823135
2459908.559452609,0.0029501915,0.003281343
2459908.5608414644,-0.004332423,0.0032789137
2459908.5622303197,0.0009893179,0.0032817922
2459908.5636191745,0.0036958456,0.0032815433
2459908.56500803,0.0039367676,0.0032839917
2459908.5663968846,0.00091969967,0.003282333
2459908.56778574,0.0023121834,0.003282574
2459908.569174595,0.0011657476,0.0032823025
2459908.57056345,-0.0033271313,0.0032808152
2459908.5719523053,0.0027931929,0.003281259
2459908.5733411605,0.0003732443,0.0032847426
2459908.574730016,-0.004236281,0.0032796203
2459908.5761188706,0.0006070137,0.003278263
2459908.577507726,-0.0008882284,0.0032822737
2459908.5788965807,0.005457163,0.0032827875
2459908.580285436,0.0026496649,0.003281289
2459908.5816742913,0.0016744137,0.0032821628
2459908.583063146,-0.0036181808,0.003277561
2459908.5844520014,0.008823514,0.0032888595
2459908.585840856,0.004197359,0.0032829382
2459908.5872297115,-0.0009448528,0.0032798855
2459908.5886185667,0.00433743,0.003282528
2459908.5900074216,0.0021599531,0.003281155
2459908.591396277,0.0091331005,0.0032854516
2459908.5927851317,-0.003037274,0.0032806667
2459908.594173987,-0.0048330426,0.003276807
2459908.595562842,-0.0010153055,0.003278306
2459908.596951697,0.00033652782,0.003283787
2459908.5983405523,0.0005298853,0.0032836378
2459908.599729407,-0.0010855794,0.0032809228
2459908.6011182624,-0.0048220158,0.0032795372
2459908.602507117,0.0024073124,0.0032819083
2459908.6038959725,-0.0054676533,0.0032781577
2459908.6052848273,0.005512476,0.0032873892
2459908.6066736826,-0.003671825,0.0032798036
2459908.6080625374,0.0032955408,0.0032831638
2459908.6094513927,-0.0038107634,0.0032775362
2459908.6108402475,-8.6426735e-05,0.0032789856
2459908.6122291028,0.0039480925,0.003284876
2459908.613617958,-0.0024291277,0.0032787002
2459908.615006813,-0.0059769154,0.003277178
2459908.616395668,0.004079342,0.0032830199
2459908.617784523,-0.004863262,0.003280011
2459908.6191733778,0.005031109,0.0032809156
2459908.620562233,0.0076322556,0.0032858003
2459908.621951088,-0.003671229,0.003279822
2459908.6233399427,0.0022614002,0.0032835018
2459908.624728798,-0.0013625026,0.0032815405
2459908.626117653,-0.0005841255,0.003280205
2459908.627506508,0.0029910803,0.0032826476
2459908.6288953633,0.0013359785,0.0032821787
2459908.630284218,-0.002414763,0.0032800098
2459908.631673073,-0.0013073683,0.0032807125
2459908.6330619277,0.0028520823,0.003284301
2459908.634450783,0.0034577847,0.0032807447
2459908.6358396383,0.008908391,0.0032865747
2459908.637228493,0.0010370016,0.003281271
2459908.638617348,-0.0034435987,0.0032797134
2459908.6400062027,0.00079119205,0.0032845614
2459908.641395058,-0.00044721365,0.003281245
2459908.642783913,-0.003205955,0.0032807733
2459908.644172768,-0.0025273561,0.003280884
2459908.645561623,-0.0034551024,0.0032793009
2459908.6469504777,-0.00077706575,0.0032837181
2459908.648339333,-0.0005759001,0.0032807784
2459908.649728188,0.00348413,0.0032814972
2459908.6511170426,-0.0005559921,0.0032829389
2459908.6525058975,-0.0008869767,0.0032824094
2459908.6538947527,0.0003387928,0.003279986
2459908.6552836075,0.000161767,0.0032804455
2459908.6566724624,-0.0033404827,0.003278897
2459908.6580613176,0.0052363873,0.003283055
2459908.6594501724,0.00055348873,0.003282062
2459908.6608390273,-0.0040696263,0.003282055
2459908.662227882,0.0035811663,0.003280746
2459908.6636167374,-0.00074863434,0.003279899
2459908.665005592,-0.0023358464,0.003280487
2459908.666394447,0.0003222227,0.0032816334
2459908.6677833023,0.0048804283,0.0032852422
2459908.669172157,-0.00049334764,0.00328122
2459908.670561012,0.00076794624,0.0032822476
2459908.6719498667,-0.0007509589,0.0032817048
2459908.673338722,-0.0011382103,0.003280111
2459908.674727577,-0.00014615059,0.0032821873
2459908.6761164316,-0.0018491149,0.0032799237
2459908.6775052864,0.0020329952,0.0032828327
2459908.678894141,0.0033123493,0.0032821046
2459908.6802829965,2.4557114e-05,0.003283427
2459908.6816718513,8.952618e-05,0.0032802948
2459908.683060706,-0.0007609129,0.0032806478
2459908.684449561,0.0022666454,0.0032814147
2459908.6858384158,0.0044454336,0.0032845954
2459908.6872272706,-0.00033187866,0.003281124
2459908.6886161254,-0.0019924045,0.00327864
2459908.6900049807,-0.0012165904,0.0032819482
2459908.6913938355,-0.0008262992,0.00328144
2459908.6927826903,-0.0005669594,0.0032804376
2459908.694171545,-0.0021424294,0.0032794017
2459908.6955604,0.005407572,0.003283704
2459908.6969492547,0.006404519,0.0032869147
2459908.6983381095,-0.0019723773,0.0032786003
2459908.699726965,-0.0060094595,0.0032768804
2459908.701115819,0.007167697,0.0032859463
2459908.7025046744,0.00018393993,0.0032831607
2459908.7038935293,0.007124305,0.0032829884
2459908.705282384,-0.0036498308,0.0032798797
2459908.706671239,0.002236843,0.003285154
2459908.7080600937,-0.0042818785,0.0032837368
2459908.7094489485,0.0039029121,0.0032831521
2459908.7108378033,0.0014699697,0.003288355
2459908.712226658,-0.0004413128,0.0032808627
2459908.713615513,-0.0005259514,0.003282239
2459908.7150043678,0.006358981,0.0032850201
2459908.7163932226,0.0022644997,0.0032792883
2459908.7177820774,-0.00066286325,0.0032830257
2459908.719170932,-0.0010784864,0.0032830725
2459908.720559787,-0.00044238567,0.0032806632
2459908.721948642,0.00276196,0.0032808508
2459908.7233374966,0.00040388107,0.0032808173
2459908.7247263514,-0.0010980368,0.003281753
2459908.7261152063,0.002910018,0.0032792022
2459908.727504061,0.004796028,0.003284617
2459908.728892916,0.0011885166,0.0032824578
2459908.7302817707,0.0001436472,0.003278847
2459908.7316706255,-0.0045235157,0.0032780096
2459908.7330594803,-0.0011355877,0.0032793055
2459908.734448335,0.001693368,0.0032812215
2459908.73583719,-0.001388073,0.003279848
2459908.7372260448,-0.0007135868,0.0032832967
2459908.738614899,0.0004850626,0.0032811381
2459908.7400037544,-0.005153775,0.003276761
2459908.741392609,-0.0006430745,0.003280203
2459908.7427814635,0.00057959557,0.0032797027
2459908.7441703184,-0.0015627742,0.0032789332
2459908.745559173,-0.006685972,0.003278601
2459908.746948028,-0.0047278404,0.0032775362
2459908.748336883,-0.0021502376,0.0032781227
2459908.7497257376,0.0057752132,0.0032830848
2459908.7511145924,0.0061688423,0.0032841086
2459908.7525034472,-0.00014138222,0.003280313
2459908.753892302,0.0020846128,0.0032816632
2459908.7552811564,0.0046602488,0.0032847694
2459908.756670011,0.0018423796,0.003281123
2459908.758058866,-0.0031684637,0.0032770352
2459908.759447721,-0.00030732155,0.0032792222
2459908.760836575,0.005679369,0.0032827498
2459908.76222543,3.20673e-05,0.0032818045
2459908.763614285,0.004804492,0.0032822865
2459908.7650031396,0.0009860992,0.0032854178
2459908.7663919944,-0.0035040975,0.0032809838
2459908.767780849,0.0008943081,0.003282675
2459908.7691697036,0.0023145676,0.0032815428
2459908.7705585584,0.0010755062,0.0032815356
2459908.771947413,0.0028662682,0.003281325
2459908.773336268,0.0036025047,0.0032830436
2459908.7747251224,0.0059990883,0.0032859382
2459908.776113977,-0.0036568046,0.0032761116
2459908.777502832,0.006978631,0.0032835389
2459908.778891687,-0.0048949122,0.003278279
2459908.780280541,-0.002492249,0.0032795458
2459908.781669396,-0.0027560592,0.0032778096
2459908.783058251,0.0029369593,0.0032817863
2459908.7844471056,0.00087857246,0.0032802369
2459908.78583596,-0.0022192597,0.0032792997
2459908.7872248148,-0.0014788508,0.0032794676
2459908.7886136696,-0.0017690659,0.0032780906
2459908.790002524,0.00029349327,0.0032805216
2459908.7913913787,0.001685977,0.0032795314
2459908.7927802335,0.0001257658,0.0032810618
2459908.794169088,0.001906395,0.0032810124
2459908.7955579427,-0.001645863,0.0032794299
2459908.7969467975,0.0032490492,0.0032811807
2459908.7983356523,0.0068467855,0.003285373
2459908.7997245067,0.0037276745,0.0032802694
2459908.8011133615,0.00078237057,0.0032802003
2459908.802502216,-0.0012200475,0.003279743
2459908.8038910707,-0.00022262335,0.0032826976
2459908.8052799255,-0.0018504262,0.0032797614
2459908.80666878,0.0015338659,0.0032789155
2459908.8080576346,-0.0025595427,0.0032792222
2459908.809446489,-0.0034379363,0.0032779134
2459908.810835344,0.0022138357,0.003283868
2459908.812224198,-0.005682707,0.0032773882
2459908.813613053,-0.0015068054,0.0032842224
2459908.8150019078,-0.001595974,0.003281314
2459908.816390762,0.0027581453,0.0032825656
2459908.817779617,0.00011014938,0.003282853
2459908.8191684713,-0.0021839142,0.0032809528
2459908.820557326,-0.0063219666,0.0032759272
2459908.8219461804,-0.005606532,0.003284156
2459908.8233350352,0.0020555258,0.0032847463
2459908.8247238896,-0.0013523698,0.0032808946
2459908.8261127444,0.00016272068,0.003283419
2459908.827501599,-0.0010822415,0.0032845307
2459908.8288904536,0.0041846037,0.0032836397
2459908.8302793084,0.0039286613,0.0032839426
2459908.8316681627,0.004890561,0.0032856264
2459908.8330570175,-0.00018674135,0.003281179
2459908.834445872,-0.0028611422,0.003280869
2459908.8358347267,-0.0028271675,0.0032797847
2459908.837223581,0.006435275,0.0032835356
2459908.8386124354,0.00046348572,0.0032807456
2459908.84000129,-0.0015641451,0.0032780124
2459908.8413901445,-0.006619334,0.0032776538
2459908.8427789994,-0.0036767125,0.0032787959
2459908.8441678537,0.0011379719,0.0032809793
2459908.8455567085,-0.0017459989,0.0032788776
2459908.846945563,0.0011726618,0.0032796008
2459908.848334417,0.0021035671,0.0032813873
2459908.849723272,-0.0016288757,0.0032801689
2459908.8511121264,-0.0015618801,0.0032803281
2459908.852500981,0.001162529,0.0032828518
2459908.8538898355,0.0075170994,0.0032856655
2459908.8552786903,0.001372695,0.003281201
2459908.8566675447,-0.0030555725,0.0032799502
2459908.858056399,0.0028282404,0.003282247
2459908.859445254,-2.5689602e-05,0.00327966
2459908.860834108,-0.0028851032,0.0032824043
2459908.862222963,-0.0036301017,0.0032791041
2459908.8636118174,-0.0014646649,0.0032800161
2459908.8650006717,-0.0018673539,0.0032787838
2459908.866389526,-0.0021433234,0.0032786592
2459908.867778381,0.001790762,0.0032843861
2459908.869167235,0.0013315678,0.003283961
2459908.8705560896,0.0010226965,0.0032811374
2459908.8719449444,0.00019109249,0.0032798033
2459908.8733337987,0.0009710789,0.0032824848
2459908.874722653,-0.0009676814,0.0032818778
2459908.8761115074,0.0010080338,0.0032818741
2459908.877500362,-0.0019658804,0.0032814136
2459908.8788892166,-0.00018316507,0.0032808755
2459908.880278071,0.0006917715,0.0032810278
2459908.8816669257,0.00091326237,0.0032804066
2459908.88305578,0.001357317,0.0032793859
2459908.8844446344,-0.0023708344,0.003282679
2459908.885833489,0.006391406,0.0032864583
2459908.8872223436,0.0024356842,0.0032831528
2459908.888611198,5.543232e-05,0.0032802294
2459908.8900000523,0.0006761551,0.0032817693
2459908.891388907,-0.0020070672,0.0032783323
2459908.8927777614,0.0014872551,0.0032824709
2459908.894166616,-0.00036799908,0.0032772738
2459908.89555547,0.0039280653,0.003282616
2459908.8969443245,0.00070774555,0.0032805828
2459908.898333179,0.0041903257,0.0032830832
2459908.8997220336,-0.0021827817,0.0032818785
2459908.901110888,0.004268408,0.0032817693
2459908.9024997423,-0.0008248091,0.0032811493
2459908.9038885967,-0.002554357,0.003278462
2459908.905277451,-0.0013379455,0.0032794394
2459908.906666306,0.004454851,0.0032845389
2459908.9080551597,-0.004643142,0.0032791542
2459908.9094440145,-1.8239021e-05,0.0032808606
2459908.910832869,-0.0008714199,0.0032784382
2459908.9122217232,-0.0028648376,0.0032784485
2459908.9136105776,-0.0032742023,0.003279401
2459908.914999432,3.695488e-05,0.0032784895
2459908.9163882863,0.0029063225,0.0032829682
2459908.9177771406,-0.0046020746,0.003277757
2459908.9191659954,-0.0008134246,0.0032810804
2459908.9205548493,0.00054228306,0.0032822138
2459908.921943704,-0.0020685792,0.0032786801
2459908.9233325585,-0.004634142,0.003283286
2459908.924721413,0.0037630796,0.0032849943
2459908.926110267,-0.005301833,0.003278115
2459908.9274991215,4.9471855e-05,0.003283096
2459908.928887976,0.0057759285,0.003284872
2459908.93027683,0.0056328773,0.0032859414
2459908.9316656846,0.0023003817,0.003284713
2459908.933054539,0.002292633,0.003278908
2459908.9344433933,0.004971266,0.0032835095
2459908.9358322476,-0.0015535951,0.0032823978
2459908.937221102,0.009105921,0.0032882302
2459908.9386099563,0.0044822693,0.0032836157
2459908.9399988106,0.0040357113,0.00328199
2459908.941387665,-0.00243932,0.0032775966
2459908.9427765193,-0.00092601776,0.0032831423
2459908.9441653737,0.004603982,0.0032832373
2459908.945554228,0.0036109686,0.0032835333
2459908.9469430824,0.0015850067,0.0032822352
2459908.9483319367,0.0005403757,0.0032790364
2459908.949720791,0.0018159151,0.0032859403
2459908.9511096454,-0.002012372,0.0032775123
2459908.9524985,-0.0040991902,0.0032781663
2459908.953887354,-0.000919044,0.0032781532
2459908.9552762085,0.0010951757,0.0032815607
2459908.956665063,-0.003774345,0.0032784152
2459908.958053917,-0.0015153289,0.0032809784
2459908.959442771,0.00029110909,0.003281651
2459908.9608316254,0.0045856237,0.0032836564
2459908.9622204797,-0.0039880276,0.003279683
2459908.963609334,0.00023305416,0.0032802594
2459908.9649981884,-0.00068217516,0.0032803407
2459908.966387043,-0.0015776753,0.003281538
2459908.967775897,0.00072038174,0.0032798937
2459908.969164751,-0.0017023683,0.0032830078
2459908.970553606,-0.0014831424,0.0032800082
2459908.9719424597,-0.003295064,0.0032783102
2459908.973331314,-0.0015169382,0.0032841656
2459908.9747201684,0.001534462,0.00328309
2459908.9761090227,0.00056767464,0.0032820029
2459908.977497877,-0.0036511421,0.0032815577
2459908.978886731,0.005172491,0.0032837333
2459908.9802755853,-0.0022261143,0.0032794587
2459908.9816644397,0.002243638,0.0032830136
2459908.983053294,0.0014513731,0.0032804736
2459908.984442148,-0.0026333332,0.0032802671
2459908.9858310022,0.0015351772,0.003281518
2459908.9872198566,-0.0018653274,0.003281116
2459908.988608711,-0.0046781898,0.0032800252
2459908.9899975653,-0.0059762,0.0032824848
2459908.991386419,0.008259654,0.0032855473
2459908.9927752735,0.00067794323,0.0032822178
2459908.994164128,-0.004872203,0.0032816653
2459908.995552982,0.0045158863,0.0032834753
2459908.9969418366,-0.00064480305,0.0032816408
2459908.9983306904,0.0017691851,0.0032796396
2459908.999719545,0.0039538145,0.003281922
2459909.001108399,-0.0033103228,0.0032791374
2459909.002497253,-0.0019792914,0.0032822522
2459909.0038861074,-0.0011166334,0.0032800313
2459909.0052749617,0.003751874,0.0032818746
2459909.006663816,-0.00036209822,0.0032838867
2459909.00805267,-0.005164504,0.0032792324
2459909.0094415243,0.00021481514,0.0032802594
2459909.010830378,0.002125144,0.003282061
2459909.0122192325,0.0006505251,0.0032829242
2459909.013608087,-0.004339874,0.0032773337
2459909.0149969407,-0.0014948249,0.0032782697
2459909.016385795,0.0047090054,0.0032819544
2459909.0177746494,0.0037420988,0.003282735
2459909.019163504,0.0028920174,0.0032840336
2459909.0205523577,0.0056049824,0.0032815037
2459909.021941212,-0.0037938356,0.0032785016
2459909.023330066,0.0040484667,0.0032864632
2459909.0247189202,0.0045142174,0.00328437
2459909.026107774,-0.0016303062,0.0032800145
2459909.0274966285,0.0011308193,0.0032783935
2459909.028885483,-0.00432539,0.0032777083
2459909.0302743367,-0.001126647,0.0032799803
2459909.031663191,-0.0046934485,0.0032800192
2459909.033052045,-0.0019385219,0.0032803887
2459909.0344408993,0.003839612,0.0032832245
2459909.035829753,-0.008268595,0.0032740766
2459909.0372186075,0.0011757612,0.0032804941
2459909.038607462,0.0019077063,0.003281701
2459909.0399963157,0.00072717667,0.0032811896
2459909.04138517,-0.004090905,0.0032797006
2459909.042774024,-0.0004736185,0.0032829717
2459909.0441628783,0.0014076233,0.0032816187
2459909.045551732,0.00092971325,0.0032831712
2459909.0469405865,0.007297516,0.0032848818
2459909.0483294404,-0.0012515187,0.0032801297
2459909.0497182948,-0.00043654442,0.0032827656
2459909.0511071486,-0.0002824664,0.0032805265
2459909.0524960025,0.0026398897,0.0032824052
2459909.053884857,0.0015670061,0.0032835053
2459909.0552737108,7.331371e-05,0.003282014
2459909.056662565,-0.0063744187,0.003277552
2459909.058051419,0.0028306246,0.003282722
2459909.0594402733,0.004574299,0.0032832117
2459909.060829127,0.002683878,0.0032828473
2459909.0622179816,0.0044714212,0.0032853528
2459909.0636068354,0.003566742,0.0032850415
2459909.0649956893,-0.0031766891,0.0032791696
2459909.0663845437,-0.0064219236,0.0032777414
2459909.0677733975,-0.0052674413,0.0032784701
2459909.069162252,0.002562046,0.0032831053
2459909.070551106,0.0023076534,0.0032849794
2459909.0719399597,-0.004394591,0.003279604
2459909.073328814,-0.00011861324,0.0032806676
2459909.074717668,0.0013222694,0.003286713
2459909.076106522,-0.00066256523,0.003281674
2459909.077495376,-0.0021071434,0.003280754
2459909.07888423,0.0046527386,0.0032826522
2459909.080273084,0.0025889874,0.0032823223
2459909.081661938,-0.0030369759,0.0032805006
2459909.083050792,-0.0025134087,0.0032803582
2459909.084439646,0.004987955,0.003284227
2459909.0858285003,-0.00050365925,0.0032783458
2459909.087217354,0.0025719404,0.0032828236
2459909.0886062086,0.0014467239,0.0032834236
2459909.0899950624,0.0029226542,0.0032834392
2459909.0913839163,0.009918332,0.0032856194
2459909.0927727707,0.0001282692,0.0032806327
2459909.0941616246,0.004236579,0.0032849174
2459909.0955504784,0.006607175,0.00328431
2459909.0969393323,0.0015871525,0.0032829535
2459909.0983281867,0.0053641796,0.0032847305
2459909.0997170405,-0.00010275841,0.0032801363
2459909.1011058944,-0.0017498136,0.0032796478
2459909.1024947483,0.0005275011,0.0032784287
2459909.103883602,-0.0008896589,0.0032803377
2459909.1052724565,0.0025047064,0.0032853389
2459909.1066613104,0.00081300735,0.0032814185
2459909.1080501643,-6.9618225e-05,0.0032825011
2459909.109439018,-0.00050348043,0.0032822771
2459909.1108278725,0.0006059408,0.0032790855
2459909.112216726,0.0013720989,0.0032822054
2459909.1136055803,0.00071907043,0.0032838094
2459909.114994434,0.00078594685,0.0032806722
2459909.116383288,-0.0027953982,0.0032802355
2459909.1177721424,0.0050832033,0.003283769
2459909.119160996,0.0035842657,0.0032833163
2459909.12054985,0.0022499561,0.0032809968
2459909.121938704,0.0030431747,0.0032848169
2459909.123327558,0.0026296377,0.003281609
2459909.124716412,0.00028276443,0.0032830965
2459909.1261052657,-0.00030070543,0.0032815253
2459909.12749412,-0.007198155,0.0032785586
2459909.1288829735,-0.00067037344,0.003280792
2459909.130271828,0.00036764145,0.003280892
2459909.1316606817,0.0027132034,0.0032792566
2459909.1330495356,0.0011495352,0.003282039
2459909.1344383894,0.00045859814,0.00328293
2459909.1358272433,-0.0013741851,0.0032817984
2459909.137216097,0.00045251846,0.0032805677
2459909.138604951,0.004834771,0.0032824846
2459909.139993805,0.0018718243,0.003284029
2459909.141382659,0.0030469894,0.0032828073
2459909.1427715127,-0.0017373562,0.0032835715
2459909.144160367,-0.0045076013,0.0032798734
2459909.1455492205,0.0002616644,0.0032820741
2459909.146938075,-0.00035327673,0.0032819954
2459909.1483269283,-0.0054579377,0.0032780122
2459909.1497157826,-0.0052012205,0.0032793751
2459909.151104636,0.0069601536,0.0032837384
2459909.1524934904,-0.0025106072,0.0032821174
2459909.153882344,0.0026310682,0.003282594
2459909.155271198,-0.0037873983,0.0032781335
2459909.156660052,-0.0020519495,0.0032794706
2459909.1580489054,0.0011934042,0.003282625
2459909.15943776,-0.0022383332,0.0032789411
2459909.160826613,0.002772212,0.0032837226
2459909.162215467,-0.008374572,0.0032766873
2459909.163604321,-0.00476861,0.0032785935
2459909.164993175,-0.0017747879,0.0032824033
2459909.1663820287,-0.0023314357,0.0032812515
2459909.1677708826,-0.0012553334,0.0032796608
2459909.1691597365,-0.0009833574,0.0032812182
2459909.1705485904,0.002248168,0.0032810776
2459909.1719374442,0.002327323,0.0032827388
2459909.173326298,-0.00052165985,0.003281932
2459909.174715152,0.00047779083,0.0032822967
2459909.176104006,-0.0005059242,0.0032819964
2459909.1774928593,-0.003797412,0.0032792573
2459909.1788817137,0.00039553642,0.0032791994
2459909.180270567,-0.0026037693,0.0032808946
2459909.181659421,0.0009974241,0.0032832962
2459909.183048275,-0.0021712184,0.0032800918
2459909.1844371287,-0.000916481,0.0032786264
2459909.185825982,-0.0019729137,0.0032808192
2459909.1872148365,0.0012328625,0.0032828734
2459909.1886036904,-0.0032779574,0.0032794715
2459909.189992544,-0.0063208938,0.0032776957
2459909.1913813977,0.004616976,0.0032806501
2459909.1927702515,0.00017952919,0.003280512
2459909.1941591054,-0.0025401711,0.0032804275
2459909.195547959,-0.001062274,0.0032813454
2459909.1969368127,-0.0043099523,0.0032765497
2459909.1983256666,0.00015616417,0.0032871047
2459909.1997145205,0.0025223494,0.0032830767
2459909.2011033744,0.002213478,0.00328351
2459909.202492228,0.0033442974,0.0032839184
2459909.2038810817,-0.00069355965,0.0032811465
2459909.2052699355,0.0004813671,0.0032796105
2459909.2066587894,0.002388358,0.0032818066
2459909.2080476433,-0.005679965,0.0032801433
2459909.2094364967,0.0029212236,0.0032822317
2459909.2108253506,-0.0021328926,0.0032822217
2459909.2122142045,0.0054893494,0.0032854096
2459909.213603058,-0.0018959045,0.003286144
2459909.214991912,0.0006623268,0.0032829926
2459909.2163807657,0.0008357763,0.0032804038
2459909.217769619,-0.003164053,0.0032817512
2459909.219158473,0.0032298565,0.0032835656
2459909.220547327,0.0016082525,0.0032835428
2459909.2219361803,0.0036398172,0.0032807845
2459909.223325034,0.0017590523,0.0032815754
2459909.224713888,0.0021060705,0.0032818627
2459909.226102742,-0.00028795004,0.0032798448
2459909.2274915953,0.0026774406,0.0032815346
2459909.228880449,-0.0018330812,0.0032797116
2459909.230269303,-0.00096184015,0.0032800548
2459909.2316581565,0.0012301207,0.0032826394
2459909.2330470104,-0.006687522,0.003276611
2459909.234435864,0.0017330647,0.0032826045
2459909.2358247177,0.0047852993,0.003284085
2459909.237213571,0.0008325577,0.0032809519
2459909.238602425,-0.0006560087,0.0032802115
2459909.239991279,-0.0034983754,0.0032781123
2459909.2413801323,0.003757,0.0032843982
2459909.242768986,0.0031101704,0.0032823335
2459909.2441578396,0.0026979446,0.0032841433
2459909.2455466934,-0.001555264,0.0032787065
2459909.2469355473,0.003264308,0.0032807125
2459909.2483244007,0.0012031794,0.0032800979
2459909.2497132546,-0.00372231,0.0032786757
2459909.251102108,0.0018066168,0.003282864
2459909.252490962,-0.0014362931,0.0032812667
2459909.2538798153,-0.005871892,0.0032814234
2459909.255268669,-0.00039559603,0.0032817493
2459909.2566575226,0.0050709248,0.0032844997
2459909.2580463765,-0.0034362078,0.0032835281
2459909.25943523,0.00021541119,0.0032813954
2459909.260824084,-0.00110811,0.0032827146
2459909.2622129377,-0.0021909475,0.0032805447
2459909.263601791,0.0032957792,0.0032821426
2459909.264990645,0.0025202036,0.0032812972
2459909.2663794984,-0.00033563375,0.003280609
2459909.267768352,0.00096058846,0.0032850238
2459909.2691572057,-0.006235659,0.0032789442
2459909.270546059,-0.0059432983,0.0032805933
2459909.271934913,-0.0007750392,0.0032803512
2459909.2733237664,-0.0048855543,0.003280446
2459909.2747126203,0.0034599304,0.0032826972
2459909.2761014737,-0.0064157844,0.0032786822
2459909.2774903276,0.0028992891,0.0032829307
2459909.278879181,0.00029790401,0.0032818587
2459909.2802680344,0.0014714003,0.003282233
2459909.281656888,-0.000587821,0.003280804
2459909.2830457417,-0.0043594837,0.0032812783
2459909.2844345956,-0.0029492974,0.003278833
2459909.285823449,-0.00087696314,0.0032794857
2459909.2872123024,-0.0045693517,0.003281086
2459909.288601156,-0.0026049614,0.0032803377
2459909.2899900097,0.00036251545,0.003280843
2459909.291378863,-0.0020873547,0.0032792618
2459909.292767717,-0.0059102774,0.0032757742
2459909.2941565705,0.0029925108,0.0032842376
2459909.295545424,0.007865667,0.0032884753
2459909.2969342778,-0.002572894,0.0032801009
2459909.298323131,0.0041285753,0.003283272
2459909.2997119846,0.0007982254,0.0032829298
2459909.301100838,0.0031208992,0.0032822143
2459909.302489692,-0.0031443238,0.0032838976
2459909.3038785458,-0.0012478232,0.0032786983
2459909.305267399,-0.00019460917,0.0032780927
2459909.3066562526,0.0058059692,0.003283862
2459909.308045106,0.0006150007,0.0032808655
2459909.30943396,-0.0065675974,0.003277462
2459909.310822813,0.007786989,0.00328718
2459909.3122116667,-0.0033185482,0.0032778906
2459909.31360052,0.002023697,0.0032841535
2459909.3149893736,0.0008047819,0.003280897
2459909.3163782274,-0.0036289096,0.0032778776
2459909.317767081,0.0015972853,0.0032839766
2459909.3191559343,0.006828785,0.003287597
2459909.3205447877,-0.005230069,0.0032793016
2459909.3219336416,-0.0032439232,0.0032800839
2459909.323322495,0.0019950867,0.003283695
2459909.3247113484,-0.0023019314,0.0032803551
2459909.326100202,-0.005011201,0.0032794294
2459909.327489055,-0.00012403727,0.0032836245
2459909.328877909,0.0020514727,0.0032821826
2459909.3302667625,-0.0011680126,0.0032809554
2459909.331655616,0.00017654896,0.0032805267
2459909.3330444694,-0.0005456805,0.0032790175
2459909.334433323,-0.0036495328,0.00327923
2459909.3358221767,0.0001758337,0.003283816
2459909.3372110296,-0.00086796284,0.0032791612
2459909.3385998835,-0.003355801,0.0032817316
2459909.339988737,0.003771782,0.0032850185
2459909.3413775903,-0.0036178231,0.0032792292
2459909.3427664437,-0.006521046,0.003277047
2459909.344155297,0.0013790131,0.003286695
2459909.3455441506,-0.00053179264,0.0032815293
2459909.346933004,0.0016356707,0.0032815584
2459909.348321858,-0.0010035634,0.0032808662
2459909.349710711,-0.003445983,0.0032822827
2459909.3510995647,-0.0009061694,0.0032793926
2459909.352488418,0.005419731,0.00328369
2459909.3538772715,-0.0012481213,0.0032807789
2459909.355266125,0.0020338297,0.003281179
2459909.3566549784,-0.0022675395,0.0032820338
2459909.358043832,-0.0018803477,0.0032824357
2459909.359432685,0.003283143,0.0032814085
2459909.3608215386,-0.0010443926,0.0032822522
2459909.362210392,-0.00040829182,0.0032808052
2459909.3635992454,0.00071287155,0.0032829926
2459909.364988099,-0.003320396,0.0032797682
2459909.3663769523,0.00072944164,0.0032803204
2459909.3677658057,-0.0035272837,0.0032816357
2459909.369154659,0.00049722195,0.003282789
2459909.3705435125,0.0028152466,0.0032833884
2459909.371932366,-0.0048781633,0.0032785763
2459909.3733212193,0.00058579445,0.003281259
2459909.3747100728,-0.00010931492,0.0032802697
2459909.376098926,0.0020295382,0.003283023
2459909.3774877796,-2.3841858e-06,0.0032824134
2459909.378876633,-0.0008838773,0.0032815766
2459909.3802654864,-0.004318118,0.003282577
2459909.38165434,-0.003967643,0.003277763
2459909.3830431933,-0.001853764,0.0032806303
2459909.3844320467,0.0007776022,0.0032818085
2459909.3858209,-0.0019990206,0.0032799602
2459909.387209753,0.00059628487,0.0032786482
2459909.3885986065,-0.0063700676,0.0032755653
2459909.3899874603,0.0009993315,0.0032792655
2459909.3913763133,0.0037618876,0.0032848055
2459909.3927651667,0.0035469532,0.003284968
2459909.39415402,0.0031267405,0.0032844816
2459909.3955428735,-0.0004993081,0.003282346
2459909.396931727,0.0017703772,0.0032804515
2459909.3983205804,0.0010840893,0.0032810816
2459909.399709434,0.0035026073,0.0032830935
2459909.4010982867,0.00097334385,0.003282914
2459909.40248714,0.0037810802,0.0032858287
2459909.4038759936,-0.003978133,0.003282452
2459909.405264847,-0.00013959408,0.0032799556
2459909.4066537,0.005689025,0.003286363
2459909.408042554,-0.001617074,0.0032820588
2459909.4094314068,-0.002554655,0.003281496
2459909.41082026,0.00085008144,0.0032795947
2459909.4122091136,-0.004578352,0.003279974
2459909.413597967,-0.0064039826,0.003280698
2459909.4149868204,8.499622e-05,0.0032790725
2459909.4163756734,-0.00064253807,0.0032826813
2459909.417764527,-0.00014030933,0.0032798003
2459909.41915338,0.0027605295,0.0032813393
2459909.4205422336,-0.000803113,0.0032817775
2459909.421931087,0.0011677742,0.0032847088
2459909.42331994,-0.00067156553,0.0032831705
2459909.4247087934,0.0024998188,0.0032806105
2459909.4260976464,0.00233531,0.0032800788
2459909.4274865,-0.0026246905,0.0032801135
2459909.428875353,-0.0037246943,0.0032803277
2459909.4302642066,-0.00089114904,0.0032818825
2459909.43165306,-0.006249249,0.0032813393
2459909.433041913,0.001078248,0.0032793134
2459909.4344307664,-0.0049664974,0.0032779973
2459909.4358196193,-0.0014172196,0.003281513
2459909.4372084728,0.00019025803,0.0032807363
2459909.438597326,-0.004098892,0.0032775437
2459909.4399861796,0.0009952784,0.0032826266
2459909.4413750325,-0.0015022755,0.0032824278
2459909.442763886,8.440018e-05,0.0032851333
2459909.4441527394,-0.0049224496,0.0032783628
2459909.4455415923,-0.006411314,0.0032782583
2459909.4469304457,0.00039112568,0.0032795023
2459909.4483192987,0.0011351109,0.003281957
2459909.449708152,0.000119805336,0.0032807777
2459909.4510970055,0.00049853325,0.0032808478
2459909.4524858585,0.0013177395,0.0032824678
2459909.453874712,-0.0005623102,0.0032793425
2459909.4552635653,-0.00014406443,0.003280022
2459909.4566524182,0.0027600527,0.0032811116
2459909.4580412717,0.0021543503,0.003285157
2459909.4594301246,-0.0007169843,0.0032816892
2459909.460818978,-0.0013870001,0.0032818709
2459909.4622078314,0.0034846067,0.0032826401
2459909.4635966844,0.00088584423,0.0032834143
2459909.464985538,-0.004059911,0.0032778103
2459909.4663743908,-0.0014596581,0.003280481
2459909.467763244,-0.0029215813,0.0032780801
2459909.469152097,0.004101157,0.0032837659
2459909.4705409505,-0.005193472,0.0032787072
2459909.4719298035,0.0021926165,0.0032822448
2459909.473318657,0.004537463,0.0032864579
2459909.47470751,-0.0025965571,0.0032803079
2459909.4760963633,0.0060676336,0.0032810075
2459909.477485216,0.004928112,0.0032817915
2459909.4788740696,-0.0009292364,0.0032770738
2459909.4802629226,0.00034224987,0.0032843165
2459909.481651776,-0.003984809,0.003276642
2459909.483040629,0.0026057959,0.0032809952
2459909.4844294824,0.0037121773,0.0032831084
2459909.485818336,-0.0045200586,0.0032761917
2459909.4872071887,-0.0056339502,0.003277303
2459909.4885960417,-0.00020176172,0.0032821952
2459909.489984895,-0.0045055747,0.0032787211
2459909.491373748,-0.0010747313,0.0032792874
2459909.492762601,-0.002435863,0.003279738
2459909.4941514544,-0.00487417,0.0032776585
2459909.495540308,0.0037448406,0.0032841167
2459909.496929161,-0.0021173954,0.0032785812
2459909.498318014,-0.0006209612,0.00328056
2459909.499706867,-0.006963074,0.003276947
2459909.50109572,-0.00597924,0.0032807975
2459909.502484573,-0.004076302,0.0032817724
2459909.5038734265,-0.0066246986,0.003279193
2459909.50526228,0.003395915,0.0032855484
2459909.506651133,-0.0046183467,0.003277617
2459909.508039986,0.002518177,0.003284309
2459909.5094288387,-6.991625e-05,0.003283355
2459909.510817692,0.0005007982,0.0032799367
2459909.512206545,-0.0053073764,0.0032794809
2459909.5135953985,-0.0031910539,0.0032794345
2459909.5149842515,-0.0013921261,0.0032794718
2459909.5163731044,-0.001236856,0.0032815083
2459909.517761958,-0.0044606924,0.0032760825
2459909.519150811,-0.0007942915,0.0032811663
2459909.5205396637,-0.0057365894,0.0032791658
2459909.5219285167,-0.00028920174,0.003281233
2459909.52331737,-0.00061523914,0.0032835058
2459909.524706223,0.00033164024,0.0032796594
2459909.526095076,-0.003627777,0.0032805402
2459909.5274839294,-0.0040206313,0.0032821794
2459909.5288727824,-0.0010071397,0.003281622
2459909.5302616353,-0.0052052736,0.0032785926
2459909.5316504883,0.0054810047,0.003284782
2459909.5330393417,-0.0011106133,0.0032848327
2459909.5344281946,0.0027685165,0.003283149
2459909.5358170476,0.0039527416,0.0032840504
2459909.537205901,-0.0029383302,0.0032797041
2459909.538594754,-0.0024600625,0.0032816806
2459909.539983607,0.0039055347,0.0032853126
2459909.54137246,0.002834916,0.0032830767
2459909.5427613133,-0.005554676,0.0032793605
2459909.544150166,0.0032912493,0.0032841037
2459909.545539019,-0.0002669096,0.0032825577
2459909.546927872,-0.0042477846,0.0032813149
2459909.548316725,-0.003581047,0.003278897
2459909.5497055785,-0.004061997,0.0032796164
2459909.5510944314,-0.0030908585,0.0032788904
2459909.5524832844,0.0026416779,0.003285527
2459909.5538721373,-0.007707715,0.0032762478
2459909.5552609903,0.0025283098,0.0032819253
2459909.556649843,0.005191803,0.00328471
2459909.5580386966,0.000197649,0.003283823
2459909.5594275496,0.00080502033,0.0032816876
2459909.5608164025,0.005480051,0.0032843256
2459909.5622052555,0.0017650127,0.0032805123
2459909.5635941084,0.002517581,0.0032814944
2459909.5649829614,0.0016514063,0.0032803784
2459909.5663718143,-0.002149582,0.0032800091
2459909.5677606673,-0.0016098022,0.0032808788
2459909.5691495207,-0.0059254766,0.003279895
2459909.5705383737,-0.0011457801,0.003280421
2459909.5719272266,-0.0012955666,0.0032804941
2459909.5733160796,0.0029774904,0.0032812147
2459909.5747049325,-0.007187009,0.0032776562
2459909.5760937855,-0.003847003,0.0032796478
2459909.5774826384,-0.00015932322,0.0032809004
2459909.5788714914,-0.0043030977,0.0032806615
2459909.5802603443,-0.001139164,0.0032816557
2459909.5816491973,-0.0070200562,0.0032778883
2459909.58303805,-0.0012599826,0.0032806073
2459909.584426903,-0.0056912303,0.0032816196
2459909.585815756,0.0012277365,0.0032822178
2459909.587204609,-0.0023063421,0.0032810979
2459909.588593462,0.0016860962,0.0032817456
2459909.589982315,0.0008378029,0.0032834562
2459909.5913711684,0.00472486,0.0032868923
2459909.592760021,-0.002214551,0.0032806958
2459909.5941488743,0.0029021502,0.0032843663
2459909.595537727,-0.002696395,0.0032812362
2459909.59692658,-0.0032560825,0.003280021
2459909.5983154327,-0.007322073,0.0032780915
2459909.5997042856,-0.003338635,0.0032794084
2459909.601093139,-0.0018019676,0.0032792627
2459909.6024819915,-0.004516721,0.0032841952
2459909.603870845,0.001401186,0.0032826343
2459909.6052596974,-0.00039815903,0.003281854
2459909.6066485504,-0.00015598536,0.0032805498
2459909.6080374033,0.0014790297,0.0032821533
2459909.6094262563,-0.0041151643,0.0032779404
2459909.610815109,-0.004256904,0.003281002
2459909.612203962,-0.0003232956,0.0032815626
2459909.613592815,-0.004750967,0.0032803665
2459909.614981668,-0.004244387,0.003279617
2459909.616370521,-0.0002682805,0.0032831533
2459909.6177593735,0.0013642311,0.0032800953
2459909.619148227,-0.0037363172,0.0032781996
2459909.6205370794,0.0054768324,0.0032844816
2459909.6219259324,-0.0046850443,0.003279443
2459909.6233147853,-0.0024952888,0.0032798352
2459909.6247036383,0.0032736063,0.0032850439
2459909.626092491,0.001034975,0.0032815733
2459909.627481344,-0.0032418966,0.0032794697
2459909.628870197,0.0019961596,0.003282032
2459909.6302590496,-0.0018579364,0.003280292
2459909.6316479025,0.0010147095,0.0032807654
2459909.6330367555,-0.0011902452,0.0032863414
2459909.6344256084,0.003082037,0.0032836432
2459909.6358144614,0.0021549463,0.0032837521
2459909.6372033143,-0.0013051033,0.003284832
2459909.6385921673,-0.0015742183,0.003281673
2459909.63998102,-0.00096690655,0.0032821423
2459909.6413698727,-0.0043406487,0.0032804762
2459909.6427587257,-0.0058279037,0.003277152
2459909.6441475786,0.0028643608,0.0032829642
2459909.6455364316,0.0005694628,0.003281818
2459909.646925284,-0.0027890801,0.0032816113
2459909.648314137,0.00051665306,0.0032829833
2459909.64970299,0.0005122423,0.0032828518
2459909.651091843,-0.0066678524,0.0032823798
2459909.6524806954,0.0039601326,0.0032845226
2459909.6538695483,0.0010750294,0.0032848534
2459909.6552584013,-0.0020994544,0.0032812941
2459909.6566472542,-0.002856791,0.0032812194
2459909.658036107,-0.0017307401,0.0032830494
2459909.6594249597,-0.0069004893,0.0032784415
2459909.6608138126,-0.0018689036,0.0032783214
2459909.662202665,-0.0031985044,0.0032778524
2459909.663591518,0.0036170483,0.0032822487
2459909.664980371,-0.0005208254,0.003281213
2459909.666369224,0.00019180775,0.003280259
2459909.667758077,0.0030910969,0.0032832923
2459909.6691469294,-0.003169179,0.0032798173
2459909.6705357824,-0.00034499168,0.0032819032
2459909.671924635,-0.0011746883,0.0032822194
2459909.673313488,0.0029736757,0.0032821705
2459909.6747023407,-0.0018374324,0.0032807004
2459909.6760911937,-0.0020596385,0.0032816618
2459909.677480046,-0.0044280887,0.0032792734
2459909.678868899,0.0055422783,0.003286619
2459909.680257752,-0.0030130744,0.0032777612
2459909.6816466046,-0.0012093782,0.0032806878
2459909.6830354575,-0.0024812818,0.0032792035
2459909.68442431,-0.0046491623,0.0032839584
2459909.685813163,-0.0032074451,0.0032798992
2459909.687202016,0.0021238327,0.0032815097
2459909.6885908684,-0.0011579394,0.0032798343
2459909.6899797213,-2.3841858e-06,0.0032858693
2459909.691368574,-0.0034722686,0.003280737
2459909.6927574268,-0.006232083,0.003277304
2459909.6941462797,0.004916668,0.0032830597
2459909.695535132,-0.0045110583,0.0032791377
2459909.696923985,-0.0055229664,0.003280475
2459909.6983128376,0.0018569231,0.003280961
2459909.6997016906,-0.0043228865,0.003278073
2459909.7010905435,-0.0014485717,0.0032806203
2459909.702479396,-0.00084108114,0.0032812841
2459909.703868249,0.00487864,0.0032872732
2459909.7052571015,0.005444765,0.0032837112
2459909.7066459544,-0.0026023984,0.0032840536
2459909.708034807,0.00077164173,0.0032793786
2459909.70942366,0.004063487,0.0032836103
2459909.7108125123,-0.004332483,0.003283467
2459909.7122013653,-0.0037516356,0.0032781635
2459909.7135902178,-0.0045160055,0.0032755695
2459909.7149790707,-0.0011432767,0.0032815798
2459909.716367923,-0.010944128,0.0032759216
2459909.717756776,-5.4121017e-05,0.0032796601
2459909.719145629,-0.0027329326,0.003278369
2459909.7205344816,-0.0009998679,0.0032801249
2459909.7219233345,-0.0005251169,0.003283909
2459909.723312187,0.0016305447,0.0032813132
2459909.72470104,-0.0014446974,0.0032792746
2459909.7260898924,0.00081062317,0.0032844741
2459909.7274787454,-0.0004556179,0.0032800238
2459909.728867598,0.0019677877,0.0032815032
2459909.7302564504,-0.0021948814,0.0032796133
2459909.7316453033,-0.0048109293,0.0032792364
2459909.733034156,-0.0021788478,0.0032818937
2459909.7344230087,0.0013717413,0.003279158
2459909.735811861,0.0026779175,0.0032848876
2459909.737200714,0.0042448044,0.0032816457
2459909.7385895667,0.0015010834,0.003285373
2459909.7399784196,-0.0033792257,0.0032814464
2459909.741367272,-0.0014321804,0.0032802965
2459909.7427561246,0.0070016384,0.0032877962
2459909.7441449775,-0.0007072687,0.003279572
2459909.74553383,0.0041036606,0.0032859503
2459909.746922683,-0.002147615,0.0032809153
2459909.7483115355,4.9471855e-05,0.0032817384
2459909.749700388,-0.0018472672,0.0032825095
2459909.751089241,0.0022603273,0.0032865456
2459909.7524780934,-0.0002361536,0.0032816837
2459909.7538669463,5.7816505e-05,0.00328146
2459909.755255799,0.0014438629,0.003283106
2459909.7566446513,4.5895576e-05,0.0032811468
2459909.758033504,0.0063170195,0.003284684
2459909.7594223567,0.0006213188,0.0032834364
2459909.7608112097,-0.0022147298,0.0032817756
2459909.762200062,-0.0036838055,0.0032820513
2459909.7635889146,0.0026814938,0.0032818718
2459909.764977767,0.0034143925,0.00328641
2459909.76636662,-0.0015115142,0.0032802448
2459909.7677554726,-0.0033006072,0.003281992
2459909.769144325,0.0018627644,0.003283675
2459909.7705331775,0.00057709217,0.0032826785
2459909.7719220305,-0.0011466146,0.0032816555
2459909.7733108834,-0.003407836,0.0032785377
2459909.774699736,9.775162e-06,0.003282156
2459909.7760885884,0.0027815104,0.0032852034
2459909.777477441,-0.00033944845,0.0032846734
2459909.778866294,-0.00424093,0.0032784056
2459909.7802551463,0.0038003922,0.0032861729
2459909.781643999,0.0014457703,0.0032836597
2459909.7830328518,-0.0023912191,0.0032791537
2459909.7844217042,2.0980835e-05,0.0032845174
2459909.7858105567,-0.0013331175,0.0032797426
2459909.787199409,-0.0046926737,0.0032781288
2459909.7885882617,0.004060626,0.0032838152
2459909.789977114,0.0021996498,0.0032820045
2459909.791365967,-0.0044651628,0.003278401
2459909.7927548196,-0.0041598678,0.0032786815
2459909.794143672,-0.002748251,0.0032815807
2459909.795532525,-0.003922522,0.003279006
2459909.7969213775,0.0004683733,0.003280008
2459909.79831023,-0.0011528134,0.0032772443
2459909.7996990825,-0.0020964742,0.003281457
2459909.8010879355,0.0015643835,0.003279222
2459909.8024767875,0.0044749975,0.003284467
2459909.8038656404,-0.0077487826,0.0032818788
2459909.805254493,0.0039886236,0.0032838213
2459909.8066433454,0.0014814138,0.003282776
2459909.8080321983,1.2040138e-05,0.0032816485
2459909.809421051,-0.0020885468,0.0032809582
2459909.8108099033,-0.003566742,0.0032811395
2459909.812198756,-0.0056545734,0.0032791016
2459909.8135876083,-0.0031297207,0.003277476
2459909.814976461,-0.00036799908,0.0032816986
2459909.8163653133,0.0027714968,0.003281769
2459909.817754166,-0.0033858418,0.0032821978
2459909.8191430187,-0.0029010177,0.0032782082
2459909.820531871,-0.005511403,0.0032779248
2459909.8219207237,-0.0010225773,0.003280065
2459909.823309576,-0.0024739504,0.0032776208
2459909.824698429,-0.0034757257,0.0032818394
2459909.8260872816,0.0017067194,0.0032811968
2459909.827476134,-0.00035339594,0.0032793807
2459909.8288649865,-0.0010803938,0.0032843957
2459909.830253839,-0.005105734,0.0032776203
2459909.8316426915,-0.0059612393,0.0032791656
2459909.833031544,0.00038945675,0.0032795707
2459909.8344203965,0.0018522739,0.0032829794
2459909.835809249,-0.0015301108,0.0032806944
2459909.837198102,0.0008627176,0.0032815388
2459909.838586954,-0.0032961965,0.003278199
2459909.839975807,-0.0034425259,0.0032789249
2459909.8413646594,-0.004731655,0.0032790042
2459909.842753512,0.0014309883,0.0032831165
2459909.8441423643,0.00054872036,0.0032820236
2459909.845531217,-0.0015538931,0.0032787102
2459909.8469200693,-0.0033288002,0.003278817
2459909.848308922,0.00058460236,0.0032847626
2459909.8496977743,0.004412055,0.0032854727
2459909.8510866268,0.00630939,0.0032851107
2459909.8524754792,-0.0018959045,0.0032798673
2459909.8538643317,-0.004088402,0.0032798315
2459909.855253184,0.0015245676,0.0032822308
2459909.856642037,-0.0032798052,0.0032798795
2459909.858030889,-0.0063717365,0.0032785796
2459909.859419742,-0.00045531988,0.0032793153
2459909.860808594,0.0016900301,0.0032830879
2459909.862197447,0.0035927296,0.0032823402
2459909.863586299,-0.0018549562,0.0032787416
2459909.864975152,0.00046288967,0.0032821298
2459909.866364004,0.004712343,0.0032856753
2459909.867752857,0.0002975464,0.003281729
2459909.8691417095,-0.00038832426,0.0032810715
2459909.8705305615,0.0026772022,0.0032822744
2459909.8719194145,-0.0034558177,0.0032805295
2459909.8733082665,-0.00088077784,0.003278965
2459909.8746971195,-0.0021140575,0.0032806783
2459909.8760859715,-0.001519084,0.0032796378
2459909.877474824,0.00069642067,0.0032820676
2459909.878863677,-0.00053066015,0.0032787654
2459909.880252529,0.0011646748,0.0032823114
2459909.881641382,-0.0027293563,0.0032811384
2459909.883030234,-0.0045104027,0.003278671
2459909.8844190864,-0.00056529045,0.0032810727
2459909.885807939,0.004588723,0.0032850816
2459909.8871967914,0.0048578978,0.0032853277
2459909.888585644,-0.0016363859,0.00328102
2459909.8899744963,0.0011006594,0.003281631
2459909.891363349,-0.0016435981,0.0032823086
2459909.8927522013,0.0015878677,0.003280229
2459909.894141054,0.007871389,0.0032863037
2459909.8955299063,-0.003255248,0.0032771865
2459909.8969187587,0.00038456917,0.0032814355
2459909.898307611,0.0020519495,0.0032825002
2459909.8996964637,-0.00032526255,0.0032805365
2459909.901085316,-0.000528574,0.0032807935
2459909.902474168,-0.0029503703,0.0032790564
2459909.9038630207,-0.0016156435,0.0032814036
2459909.905251873,-0.0014665723,0.0032823929
2459909.9066407257,-0.00085777044,0.0032838597
2459909.908029578,-0.0009767413,0.0032783537
2459909.9094184306,0.0011343956,0.0032819724
2459909.910807283,0.00224936,0.0032826718
2459909.9121961356,-0.004296899,0.003280258
2459909.913584988,0.0017106533,0.0032839845
2459909.91497384,0.0010823011,0.0032812094
2459909.9163626926,-0.0032160878,0.003280553
2459909.917751545,-0.0010550022,0.0032817714
2459909.9191403976,-0.0028522015,0.0032837174
2459909.92052925,-0.00035721064,0.0032807733
2459909.9219181025,-0.00012516975,0.0032808585
2459909.923306955,-0.0024282932,0.0032806294
2459909.924695807,-0.0064449906,0.0032778275
2459909.9260846595,0.0044560432,0.0032850108
2459909.927473512,-0.0026271343,0.0032813523
2459909.9288623645,0.00054347515,0.0032799798
2459909.930251217,0.004420519,0.0032818671
2459909.9316400695,-0.0054341555,0.0032806424
2459909.933028922,-0.002173245,0.0032800252
2459909.934417774,-0.00058454275,0.0032806406
2459909.9358066265,0.0013568401,0.0032831347
2459909.937195479,-0.00024312735,0.0032821568
2459909.9385843314,0.00076293945,0.0032820585
2459909.9399731834,-0.004344642,0.0032797817
2459909.941362036,0.0032219887,0.0032844439
2459909.9427508884,-0.00060778856,0.0032799877
2459909.944139741,-0.0012221336,0.003279792
2459909.9455285934,-0.0034698844,0.0032801258
2459909.9469174454,-0.0037002563,0.0032787493
2459909.948306298,-0.0019069314,0.0032799388
2459909.9496951504,0.0038819313,0.0032821167
2459909.951084003,0.00011444092,0.003283556
2459909.9524728553,0.0013823509,0.003281486
2459909.9538617074,-0.00094258785,0.003281901
2459909.95525056,-0.0018187761,0.0032798455
2459909.9566394123,0.0004608631,0.003280601
2459909.958028265,-0.008246958,0.0032777956
2459909.959417117,-0.0062425733,0.0032809833
2459909.9608059693,-0.0052969456,0.003277204
2459909.962194822,-0.003406942,0.0032794003
2459909.9635836743,0.004475713,0.0032838874
2459909.9649725268,-0.002129078,0.0032852723
2459909.966361379,0.0033448935,0.003284817
2459909.9677502313,0.0038170815,0.0032867163
2459909.9691390838,-0.0064430833,0.0032777782
2459909.9705279362,0.00070273876,0.0032821756
2459909.9719167883,0.0038808584,0.0032841691
2459909.9733056407,-0.004058063,0.0032808608
2459909.974694493,-0.0028059483,0.0032800755
2459909.9760833452,-0.0009794831,0.0032803088
2459909.9774721977,-0.004339874,0.0032806094
2459909.97886105,0.0031497478,0.0032843275
2459909.9802499027,0.0005197525,0.003283046
2459909.9816387547,-0.0045495033,0.0032792697
2459909.983027607,-0.0037469864,0.0032793519
2459909.9844164597,0.006074548,0.0032850788
2459909.985805312,-0.000641346,0.0032810145
2459909.987194164,0.0017410517,0.0032827598
2459909.9885830167,-0.002394259,0.0032823912
2459909.989971869,-0.0013731122,0.0032797079
2459909.991360721,-0.0016049147,0.0032820075
2459909.9927495737,-0.0028857589,0.0032791386
2459909.994138426,0.00013899803,0.0032816608
2459909.995527278,0.003544569,0.0032881517
2459909.9969161307,-0.00014287233,0.00328392
2459909.998304983,-0.00494802,0.0032803894
2459909.9996938356,-0.0018820763,0.003278555
2459910.0010826876,0.0028967857,0.003283082
2459910.00247154,0.00041401386,0.0032820913
2459910.003860392,-0.001139164,0.0032812832
2459910.0052492446,0.0026088953,0.0032833957
2459910.006638097,-0.0013409257,0.0032823246
2459910.008026949,0.0018719435,0.0032836183
2459910.0094158016,0.0005558729,0.0032809472
2459910.010804654,0.0010792017,0.0032824401
2459910.0121935066,-0.0014505386,0.003282284
2459910.0135823586,0.0056911707,0.003286812
2459910.014971211,-0.0018604994,0.0032802017
2459910.0163600636,-0.0027651787,0.0032799393
2459910.0177489156,0.002234459,0.0032842332
2459910.019137768,0.004952073,0.0032842995
2459910.02052662,-0.0062485933,0.0032817263
2459910.0219154726,-0.0010254383,0.0032807065
2459910.023304325,-0.0023078918,0.003283197
2459910.024693177,0.0018764734,0.0032822199
2459910.0260820296,0.0016071796,0.0032835212
2459910.027470882,-0.0050617456,0.0032833314
2459910.028859734,0.0024946928,0.003281252
2459910.0302485866,-0.0015331507,0.0032822755
2459910.031637439,0.002698183,0.0032837729
2459910.033026291,-0.0055451393,0.0032774517
2459910.0344151435,-0.002612412,0.003287166
2459910.0358039956,-7.498264e-05,0.0032829123
2459910.037192848,0.0008701086,0.003281942
2459910.0385817005,0.004199624,0.003286564
2459910.0399705525,0.0027463436,0.003285273
2459910.041359405,0.0017273426,0.0032849682
2459910.042748257,0.0021139383,0.0032826196
2459910.0441371095,0.0023488998,0.0032835712
2459910.0455259616,-0.0024986267,0.0032855552
2459910.046914814,0.0026563406,0.0032845938
2459910.0483036665,-0.003906846,0.0032845454
2459910.0496925185,0.00084626675,0.003288759
2459910.051081371,0.0005081892,0.003287582
